sample_index,wall_time_s,tcp_x_m,tcp_y_m,tcp_z_m,tcp_rx_rad,tcp_ry_rad,tcp_rz_rad,fx_n,fy_n,fz_n,tx_nm,ty_nm,tz_nm
1,1789437461.786362171,0.534158716465,-0.256736136472,0.558003648975,-2.49763059295,-1.8602827968,-0.022775353578,3.605181,8.82619,57.621893,2.17706,2.172653,0.065651
1,1789437461.791663408,0.534158716465,-0.256736136472,0.558003648975,-2.49763059295,-1.8602827968,-0.022775353578,3.554201,8.848359,57.465212,2.179921,2.166963,0.065769
1,1789437461.796709538,0.534158716465,-0.256736136472,0.558003648975,-2.49763059295,-1.8602827968,-0.022775353578,3.491271,8.833051,57.451155,2.181325,2.169329,0.069018
1,1789437461.801650763,0.534158716465,-0.256736136472,0.558003648975,-2.49763059295,-1.8602827968,-0.022775353578,3.49874,8.790541,57.614541,2.186794,2.170317,0.066625
1,1789437461.806434393,0.534158716465,-0.256736136472,0.558003648975,-2.49763059295,-1.8602827968,-0.022775353578,3.554041,8.796848,57.444449,2.181326,2.169235,0.070949
1,1789437461.811649323,0.534158716465,-0.256736136472,0.558003648975,-2.49763059295,-1.8602827968,-0.022775353578,3.599769,8.791928,57.306243,2.181767,2.170412,0.072012
1,1789437461.816507578,0.534158716465,-0.256736136472,0.558003648975,-2.49763059295,-1.8602827968,-0.022775353578,3.627364,8.805353,57.375741,2.180731,2.171616,0.068894
1,1789437461.821562290,0.534158716465,-0.256736136472,0.558003648975,-2.49763059295,-1.8602827968,-0.022775353578,3.635627,8.795387,57.561017,2.178864,2.171622,0.068472
1,1789437461.826812983,0.534158716465,-0.256736136472,0.558003648975,-2.49763059295,-1.8602827968,-0.022775353578,3.600972,8.802138,57.316799,2.180049,2.167421,0.072467
1,1789437461.833256721,0.534158716465,-0.256736136472,0.558003648975,-2.49763059295,-1.8602827968,-0.022775353578,3.536485,8.816177,57.420722,2.179213,2.167387,0.073388
1,1789437461.837894440,0.534158716465,-0.256736136472,0.558003648975,-2.49763059295,-1.8602827968,-0.022775353578,3.496245,8.835502,57.635019,2.182964,2.16496,0.067061
1,1789437461.844275713,0.534158716465,-0.256736136472,0.558003648975,-2.49763059295,-1.8602827968,-0.022775353578,3.526787,8.82708,57.406266,2.180132,2.166135,0.0698
1,1789437461.847573996,0.534158716465,-0.256736136472,0.558003648975,-2.49763059295,-1.8602827968,-0.022775353578,3.546904,8.780949,57.453251,2.182588,2.168133,0.070558
1,1789437461.852066755,0.534158716465,-0.256736136472,0.558003648975,-2.49763059295,-1.8602827968,-0.022775353578,3.645122,8.737102,57.550795,2.181068,2.172793,0.068288
1,1789437461.856987715,0.534158716465,-0.256736136472,0.558003648975,-2.49763059295,-1.8602827968,-0.022775353578,3.63713,8.792389,57.485311,2.183313,2.17085,0.067499
1,1789437461.861968040,0.534158716465,-0.256736136472,0.558003648975,-2.49763059295,-1.8602827968,-0.022775353578,3.602182,8.845173,57.333243,2.180407,2.173584,0.071513
1,1789437461.866588116,0.534158716465,-0.256736136472,0.558003648975,-2.49763059295,-1.8602827968,-0.022775353578,3.570182,8.864703,57.414976,2.178657,2.171528,0.069875
1,1789437461.871948242,0.534158716465,-0.256736136472,0.558003648975,-2.49763059295,-1.8602827968,-0.022775353578,3.483856,8.859384,57.536927,2.181608,2.167777,0.070032
1,1789437461.876609802,0.534158716465,-0.256736136472,0.558003648975,-2.49763059295,-1.8602827968,-0.022775353578,3.522757,8.830581,57.362134,2.182485,2.168231,0.071537
1,1789437461.881471395,0.534158716465,-0.256736136472,0.558003648975,-2.49763059295,-1.8602827968,-0.022775353578,3.516909,8.796532,57.467295,2.180419,2.164031,0.067039
1,1789437461.886382580,0.534158716465,-0.256736136472,0.558003648975,-2.49763059295,-1.8602827968,-0.022775353578,3.614235,8.770196,57.586248,2.178336,2.171063,0.066783
1,1789437461.891842127,0.534158716465,-0.256736136472,0.558003648975,-2.49763059295,-1.8602827968,-0.022775353578,3.646667,8.777421,57.42277,2.178743,2.167542,0.068966
1,1789437461.896488190,0.534158716465,-0.256736136472,0.558003648975,-2.49763059295,-1.8602827968,-0.022775353578,3.670649,8.793278,57.431436,2.178743,2.171202,0.068897
1,1789437461.901374817,0.534158716465,-0.256736136472,0.558003648975,-2.49763059295,-1.8602827968,-0.022775353578,3.595874,8.831789,57.419845,2.178816,2.169726,0.066968
1,1789437461.906355619,0.534158716465,-0.256736136472,0.558003648975,-2.49763059295,-1.8602827968,-0.022775353578,3.542186,8.825823,57.4845,2.179759,2.168564,0.066507
1,1789437461.911554337,0.534158716465,-0.256736136472,0.558003648975,-2.49763059295,-1.8602827968,-0.022775353578,3.433647,8.863069,57.514833,2.181463,2.165031,0.073466
1,1789437461.916421652,0.534158716465,-0.256736136472,0.558003648975,-2.49763059295,-1.8602827968,-0.022775353578,3.469872,8.83988,57.43352,2.1841,2.166846,0.069279
1,1789437461.921394110,0.534158716465,-0.256736136472,0.558003648975,-2.49763059295,-1.8602827968,-0.022775353578,3.570614,8.763327,57.552689,2.183757,2.171119,0.069099
1,1789437461.926687479,0.534158716465,-0.256736136472,0.558003648975,-2.49763059295,-1.8602827968,-0.022775353578,3.64771,8.730462,57.326737,2.184787,2.174557,0.074034
1,1789437461.931645155,0.534158716465,-0.256736136472,0.558003648975,-2.49763059295,-1.8602827968,-0.022775353578,3.649203,8.774201,57.390244,2.179318,2.171523,0.072487
1,1789437461.936594963,0.534158716465,-0.256736136472,0.558003648975,-2.49763059295,-1.8602827968,-0.022775353578,3.61222,8.780678,57.360723,2.181818,2.174015,0.071612
1,1789437461.941725492,0.534158716465,-0.256736136472,0.558003648975,-2.49763059295,-1.8602827968,-0.022775353578,3.634762,8.787138,57.429626,2.180302,2.172589,0.06785
1,1789437461.946542501,0.534158716465,-0.256736136472,0.558003648975,-2.49763059295,-1.8602827968,-0.022775353578,3.590075,8.828115,57.583954,2.180363,2.171514,0.064977
1,1789437461.953631163,0.534158716465,-0.256736136472,0.558003648975,-2.49763059295,-1.8602827968,-0.022775353578,3.578326,8.838183,57.415624,2.181251,2.169164,0.070143
1,1789437461.957870960,0.534158716465,-0.256736136472,0.558003648975,-2.49763059295,-1.8602827968,-0.022775353578,3.486334,8.873386,57.489598,2.179991,2.168078,0.069484
1,1789437461.963607788,0.534158716465,-0.256736136472,0.558003648975,-2.49763059295,-1.8602827968,-0.022775353578,3.48796,8.817514,57.6047,2.181301,2.169622,0.066122
1,1789437461.968297958,0.534158716465,-0.256736136472,0.558003648975,-2.49763059295,-1.8602827968,-0.022775353578,3.539929,8.776974,57.491158,2.183157,2.16866,0.071079
1,1789437461.972535849,0.534158716465,-0.256736136472,0.558003648975,-2.49763059295,-1.8602827968,-0.022775353578,3.581404,8.744443,57.29349,2.184254,2.167384,0.075699
1,1789437461.978517771,0.534158716465,-0.256736136472,0.558003648975,-2.49763059295,-1.8602827968,-0.022775353578,3.658474,8.744772,57.345898,2.180236,2.17117,0.074015
1,1789437461.982316971,0.534158716465,-0.256736136472,0.558003648975,-2.49763059295,-1.8602827968,-0.022775353578,3.664112,8.785308,57.53431,2.178886,2.169328,0.069076
1,1789437461.987487793,0.534158716465,-0.256736136472,0.558003648975,-2.49763059295,-1.8602827968,-0.022775353578,3.599159,8.851262,57.378787,2.178267,2.1661,0.070035
1,1789437461.992712975,0.534158716465,-0.256736136472,0.558003648975,-2.49763059295,-1.8602827968,-0.022775353578,3.512147,8.86571,57.495934,2.179441,2.168436,0.067655
1,1789437461.997412920,0.534158716465,-0.256736136472,0.558003648975,-2.49763059295,-1.8602827968,-0.022775353578,3.469639,8.852559,57.626186,2.180513,2.166837,0.067503
1,1789437462.002203465,0.534158716465,-0.256736136472,0.558003648975,-2.49763059295,-1.8602827968,-0.022775353578,3.493483,8.816345,57.480018,2.184145,2.167778,0.075599
1,1789437462.007245302,0.534158716465,-0.256736136472,0.558003648975,-2.49763059295,-1.8602827968,-0.022775353578,3.573439,8.732962,57.444226,2.184662,2.168339,0.071009
1,1789437462.011996508,0.534158716465,-0.256736136472,0.558003648975,-2.49763059295,-1.8602827968,-0.022775353578,3.660516,8.759811,57.584112,2.179942,2.172234,0.065588
1,1789437462.016960144,0.534158716465,-0.256736136472,0.558003648975,-2.49763059295,-1.8602827968,-0.022775353578,3.660617,8.791319,57.473313,2.179706,2.174946,0.066274
1,1789437462.021920681,0.534158716465,-0.256736136472,0.558003648975,-2.49763059295,-1.8602827968,-0.022775353578,3.611395,8.853257,57.303117,2.178628,2.170063,0.069658
1,1789437462.026724339,0.534158716465,-0.256736136472,0.558003648975,-2.49763059295,-1.8602827968,-0.022775353578,3.5392,8.864981,57.419429,2.177745,2.168354,0.072416
1,1789437462.031599045,0.534158716465,-0.256736136472,0.558003648975,-2.49763059295,-1.8602827968,-0.022775353578,3.468084,8.860671,57.570204,2.181992,2.165753,0.067207
1,1789437462.036562681,0.534158716465,-0.256736136472,0.558003648975,-2.49763059295,-1.8602827968,-0.022775353578,3.504751,8.807102,57.361747,2.182957,2.168132,0.071375
1,1789437462.041949987,0.534158716465,-0.256736136472,0.558003648975,-2.49763059295,-1.8602827968,-0.022775353578,3.557973,8.786236,57.412196,2.180108,2.167533,0.067995
1,1789437462.046831846,0.534158716465,-0.256736136472,0.558003648975,-2.49763059295,-1.8602827968,-0.022775353578,3.632699,8.760771,57.578221,2.181953,2.171374,0.067665
1,1789437462.051688433,0.534158716465,-0.256736136472,0.558003648975,-2.49763059295,-1.8602827968,-0.022775353578,3.674473,8.775581,57.422453,2.180265,2.170771,0.069132
1,1789437462.056542158,0.534158716465,-0.256736136472,0.558003648975,-2.49763059295,-1.8602827968,-0.022775353578,3.637283,8.839444,57.441445,2.176959,2.169494,0.06892
1,1789437462.061872244,0.534158716465,-0.256736136472,0.558003648975,-2.49763059295,-1.8602827968,-0.022775353578,3.559429,8.847629,57.484978,2.180211,2.169929,0.072947
1,1789437462.066752672,0.534158716465,-0.256736136472,0.558003648975,-2.49763059295,-1.8602827968,-0.022775353578,3.476904,8.862374,57.526848,2.182987,2.168666,0.069583
1,1789437462.071710348,0.534158716465,-0.256736136472,0.558003648975,-2.49763059295,-1.8602827968,-0.022775353578,3.482314,8.816723,57.416564,2.182577,2.167525,0.070589
1,1789437462.077083349,0.534158716465,-0.256736136472,0.558003648975,-2.49763059295,-1.8602827968,-0.022775353578,3.518571,8.773927,57.429962,2.184419,2.167665,0.073513
1,1789437462.081784725,0.534158716465,-0.256736136472,0.558003648975,-2.49763059295,-1.8602827968,-0.022775353578,3.573218,8.794384,57.506298,2.18155,2.168623,0.068768
1,1789437462.086612701,0.534158716465,-0.256736136472,0.558003648975,-2.49763059295,-1.8602827968,-0.022775353578,3.616411,8.76426,57.38203,2.181744,2.171909,0.073233
1,1789437462.092025518,0.534158716465,-0.256736136472,0.558003648975,-2.49763059295,-1.8602827968,-0.022775353578,3.628762,8.798958,57.442402,2.178637,2.170855,0.069882
1,1789437462.096827507,0.534158716465,-0.256736136472,0.558003648975,-2.49763059295,-1.8602827968,-0.022775353578,3.614304,8.806005,57.584797,2.179156,2.171,0.065625
1,1789437462.101706266,0.534158716465,-0.256736136472,0.558003648975,-2.49763059295,-1.8602827968,-0.022775353578,3.575079,8.846681,57.405247,2.179505,2.165553,0.069013
1,1789437462.106514692,0.534158716465,-0.256736136472,0.558003648975,-2.49763059295,-1.8602827968,-0.022775353578,3.497217,8.837917,57.478672,2.181418,2.168078,0.0686
1,1789437462.111823082,0.534158716465,-0.256736136472,0.558003648975,-2.49763059295,-1.8602827968,-0.022775353578,3.470535,8.819268,57.559584,2.180396,2.165416,0.066553
1,1789437462.116712809,0.534158716465,-0.256736136472,0.558003648975,-2.49763059295,-1.8602827968,-0.022775353578,3.515165,8.780962,57.500667,2.184283,2.172344,0.07157
1,1789437462.121497393,0.534158716465,-0.256736136472,0.558003648975,-2.49763059295,-1.8602827968,-0.022775353578,3.612452,8.787665,57.290528,2.179366,2.16663,0.073544
1,1789437462.126837969,0.534158716465,-0.256736136472,0.558003648975,-2.49763059295,-1.8602827968,-0.022775353578,3.678653,8.74742,57.412127,2.182206,2.173669,0.068914
1,1789437462.131831408,0.534158716465,-0.256736136472,0.558003648975,-2.49763059295,-1.8602827968,-0.022775353578,3.652246,8.788533,57.506084,2.179014,2.173319,0.063206
1,1789437462.136805058,0.534158716465,-0.256736136472,0.558003648975,-2.49763059295,-1.8602827968,-0.022775353578,3.560147,8.845592,57.408989,2.180498,2.171955,0.072157
1,1789437462.141691446,0.534158716465,-0.256736136472,0.558003648975,-2.49763059295,-1.8602827968,-0.022775353578,3.489856,8.876043,57.463065,2.181334,2.167984,0.070341
1,1789437462.146538019,0.534158716465,-0.256736136472,0.558003648975,-2.49763059295,-1.8602827968,-0.022775353578,3.540015,8.86116,57.362252,2.182824,2.168332,0.071472
1,1789437462.151501656,0.534158716465,-0.256736136472,0.558003648975,-2.49763059295,-1.8602827968,-0.022775353578,3.492525,8.872273,57.457411,2.181891,2.166846,0.066532
1,1789437462.156537056,0.534158716465,-0.256736136472,0.558003648975,-2.49763059295,-1.8602827968,-0.022775353578,3.458418,8.814694,57.643437,2.185516,2.172708,0.061315
1,1789437462.161654472,0.534158716465,-0.256736136472,0.558003648975,-2.49763059295,-1.8602827968,-0.022775353578,3.552278,8.815609,57.386158,2.179182,2.169267,0.069265
1,1789437462.167916775,0.534158716465,-0.256736136472,0.558003648975,-2.49763059295,-1.8602827968,-0.022775353578,3.607075,8.778212,57.406412,2.181427,2.167692,0.070376
1,1789437462.173101425,0.534158716465,-0.256736136472,0.558003648975,-2.49763059295,-1.8602827968,-0.022775353578,3.666638,8.749464,57.574777,2.179691,2.171746,0.065576
1,1789437462.178690195,0.534158716465,-0.256736136472,0.558003648975,-2.49763059295,-1.8602827968,-0.022775353578,3.647817,8.799864,57.4413,2.177979,2.172634,0.069382
1,1789437462.183515310,0.534158716465,-0.256736136472,0.558003648975,-2.49763059295,-1.8602827968,-0.022775353578,3.564894,8.82484,57.286981,2.181944,2.168209,0.071129
1,1789437462.187611818,0.534158716465,-0.256736136472,0.558003648975,-2.49763059295,-1.8602827968,-0.022775353578,3.500479,8.880644,57.424047,2.17819,2.167389,0.069123
1,1789437462.193551779,0.534158716465,-0.256736136472,0.558003648975,-2.49763059295,-1.8602827968,-0.022775353578,3.478144,8.848603,57.588435,2.183644,2.169589,0.067442
1,1789437462.198429108,0.534158716465,-0.256736136472,0.558003648975,-2.49763059295,-1.8602827968,-0.022775353578,3.52706,8.833485,57.388268,2.179633,2.166487,0.070209
1,1789437462.203005552,0.534158716465,-0.256736136472,0.558003648975,-2.49763059295,-1.8602827968,-0.022775353578,3.571814,8.744443,57.436053,2.185578,2.170189,0.07188
1,1789437462.208721161,0.534158716465,-0.256736136472,0.558003648975,-2.49763059295,-1.8602827968,-0.022775353578,3.596998,8.78596,57.542684,2.181629,2.169013,0.068335
1,1789437462.213169098,0.534158716465,-0.256736136472,0.558003648975,-2.49763059295,-1.8602827968,-0.022775353578,3.632551,8.74978,57.476773,2.182025,2.174126,0.07469
1,1789437462.218121767,0.534158716465,-0.256736136472,0.558003648975,-2.49763059295,-1.8602827968,-0.022775353578,3.635398,8.818788,57.397001,2.177454,2.168278,0.070237
1,1789437462.222912312,0.534158716465,-0.256736136472,0.558003648975,-2.49763059295,-1.8602827968,-0.022775353578,3.558817,8.850505,57.584397,2.176728,2.166126,0.064569
1,1789437462.227337360,0.534158716465,-0.256736136472,0.558003648975,-2.49763059295,-1.8602827968,-0.022775353578,3.4714,8.850338,57.544062,2.183378,2.170657,0.068951
1,1789437462.232414007,0.534158716465,-0.256736136472,0.558003648975,-2.49763059295,-1.8602827968,-0.022775353578,3.469819,8.828812,57.309092,2.181268,2.16834,0.073346
1,1789437462.237347841,0.534158716465,-0.256736136472,0.558003648975,-2.49763059295,-1.8602827968,-0.022775353578,3.544787,8.791285,57.380092,2.183786,2.164661,0.07092
1,1789437462.243118286,0.534158716465,-0.256736136472,0.558003648975,-2.49763059295,-1.8602827968,-0.022775353578,3.588598,8.732975,57.550639,2.184314,2.169662,0.067762
1,1789437462.246916771,0.534158716465,-0.256736136472,0.558003648975,-2.49763059295,-1.8602827968,-0.022775353578,3.662401,8.748163,57.440928,2.180654,2.176802,0.069855
1,1789437462.251696587,0.534158716465,-0.256736136472,0.558003648975,-2.49763059295,-1.8602827968,-0.022775353578,3.654983,8.828553,57.420628,2.177966,2.169483,0.06753
1,1789437462.256771803,0.534158716465,-0.256736136472,0.558003648975,-2.49763059295,-1.8602827968,-0.022775353578,3.568702,8.860394,57.498608,2.179841,2.169347,0.069574
1,1789437462.261998653,0.534158716465,-0.256736136472,0.558003648975,-2.49763059295,-1.8602827968,-0.022775353578,3.500605,8.886665,57.451519,2.178331,2.168479,0.068927
1,1789437462.266835690,0.534158716465,-0.256736136472,0.558003648975,-2.49763059295,-1.8602827968,-0.022775353578,3.496048,8.826159,57.462941,2.185679,2.167767,0.064362
1,1789437462.271835566,0.534158716465,-0.256736136472,0.558003648975,-2.49763059295,-1.8602827968,-0.022775353578,3.538854,8.798134,57.374067,2.176865,2.16484,0.06706
1,1789437462.277101278,0.534158716465,-0.256736136472,0.558003648975,-2.49763059295,-1.8602827968,-0.022775353578,3.582717,8.746931,57.512485,2.184983,2.173276,0.067464
1,1789437462.281663418,0.534158716465,-0.256736136472,0.558003648975,-2.49763059295,-1.8602827968,-0.022775353578,3.657482,8.75996,57.311088,2.179623,2.169542,0.069248
1,1789437462.286576271,0.534158716465,-0.256736136472,0.558003648975,-2.49763059295,-1.8602827968,-0.022775353578,3.620793,8.807155,57.433882,2.180139,2.172856,0.070547
1,1789437462.292064190,0.534158716465,-0.256736136472,0.558003648975,-2.49763059295,-1.8602827968,-0.022775353578,3.596797,8.794835,57.532951,2.182172,2.173607,0.068515
1,1789437462.296661139,0.534158716465,-0.256736136472,0.558003648975,-2.49763059295,-1.8602827968,-0.022775353578,3.533314,8.852392,57.36889,2.180036,2.16517,0.075537
1,1789437462.301551580,0.534158716465,-0.256736136472,0.558003648975,-2.49763059295,-1.8602827968,-0.022775353578,3.452705,8.827769,57.531674,2.186121,2.170353,0.073046
1,1789437462.306481361,0.534158716465,-0.256736136472,0.558003648975,-2.49763059295,-1.8602827968,-0.022775353578,3.493285,8.86696,57.56975,2.175617,2.162984,0.066679
1,1789437462.311728716,0.534158716465,-0.256736136472,0.558003648975,-2.49763059295,-1.8602827968,-0.022775353578,3.540633,8.750158,57.501969,2.186739,2.16959,0.072261
1,1789437462.316509247,0.534158716465,-0.256736136472,0.558003648975,-2.49763059295,-1.8602827968,-0.022775353578,3.596491,8.814121,57.368612,2.17581,2.165322,0.069607
1,1789437462.321835041,0.534158716465,-0.256736136472,0.558003648975,-2.49763059295,-1.8602827968,-0.022775353578,3.653743,8.725356,57.551567,2.183372,2.175919,0.06918
1,1789437462.326930285,0.534158716465,-0.256736136472,0.558003648975,-2.49763059295,-1.8602827968,-0.022775353578,3.641137,8.821735,57.437454,2.175577,2.167802,0.066237
1,1789437462.331864119,0.534158716465,-0.256736136472,0.558003648975,-2.49763059295,-1.8602827968,-0.022775353578,3.592687,8.827941,57.406085,2.18423,2.174,0.070556
1,1789437462.336906910,0.534158716465,-0.256736136472,0.558003648975,-2.49763059295,-1.8602827968,-0.022775353578,3.510188,8.899136,57.423825,2.175039,2.166595,0.068845
1,1789437462.341979980,0.534158716465,-0.256736136472,0.558003648975,-2.49763059295,-1.8602827968,-0.022775353578,3.468125,8.833215,57.653355,2.187179,2.167984,0.067153
1,1789437462.346621275,0.534158716465,-0.256736136472,0.558003648975,-2.49763059295,-1.8602827968,-0.022775353578,3.479791,8.883863,57.368447,2.175723,2.165662,0.069073
1,1789437462.351602316,0.534158716465,-0.256736136472,0.558003648975,-2.49763059295,-1.8602827968,-0.022775353578,3.587729,8.718309,57.517905,2.187544,2.171375,0.064831
1,1789437462.356550694,0.534158716465,-0.256736136472,0.558003648975,-2.49763059295,-1.8602827968,-0.022775353578,3.507836,8.808375,57.38373,2.183621,2.168777,0.073642
1,1789437462.361812830,0.534158716465,-0.256736136472,0.558003648975,-2.49763059295,-1.8602827968,-0.022775353578,3.617373,8.731847,57.43352,2.182938,2.170848,0.070441
1,1789437462.366485834,0.534158716465,-0.256736136472,0.558003648975,-2.49763059295,-1.8602827968,-0.022775353578,3.662901,8.756445,57.594315,2.182437,2.171433,0.06607
1,1789437462.371680737,0.534158716465,-0.256736136472,0.558003648975,-2.49763059295,-1.8602827968,-0.022775353578,3.616366,8.805591,57.426558,2.177845,2.170936,0.071663
1,1789437462.376808882,0.534158716465,-0.256736136472,0.558003648975,-2.49763059295,-1.8602827968,-0.022775353578,3.598676,8.830293,57.436325,2.177804,2.171663,0.071902
1,1789437462.381670237,0.534158716465,-0.256736136472,0.558003648975,-2.49763059295,-1.8602827968,-0.022775353578,3.528908,8.856905,57.620285,2.177905,2.165508,0.063559
1,1789437462.386857271,0.534158716465,-0.256736136472,0.558003648975,-2.49763059295,-1.8602827968,-0.022775353578,3.49588,8.829607,57.532606,2.183497,2.169775,0.067572
1,1789437462.392015457,0.534158716465,-0.256736136472,0.558003648975,-2.49763059295,-1.8602827968,-0.022775353578,3.506018,8.803239,57.307688,2.180918,2.164802,0.072201
1,1789437462.397039890,0.534158716465,-0.256736136472,0.558003648975,-2.49763059295,-1.8602827968,-0.022775353578,3.554162,8.784349,57.451447,2.182331,2.168522,0.069414
1,1789437462.401941061,0.534158716465,-0.256736136472,0.558003648975,-2.49763059295,-1.8602827968,-0.022775353578,3.640184,8.743138,57.523571,2.179919,2.17069,0.068479
1,1789437462.406743288,0.534158716465,-0.256736136472,0.558003648975,-2.49763059295,-1.8602827968,-0.022775353578,3.64329,8.77701,57.372906,2.17875,2.17202,0.07336
1,1789437462.411834955,0.534158716465,-0.256736136472,0.558003648975,-2.49763059295,-1.8602827968,-0.022775353578,3.63854,8.806222,57.442264,2.180393,2.170059,0.069646
1,1789437462.416631222,0.534158716465,-0.256736136472,0.558003648975,-2.49763059295,-1.8602827968,-0.022775353578,3.586327,8.842539,57.415016,2.179718,2.16843,0.069669
1,1789437462.421545267,0.534158716465,-0.256736136472,0.558003648975,-2.49763059295,-1.8602827968,-0.022775353578,3.520704,8.857374,57.494079,2.183111,2.169352,0.066543
1,1789437462.426719427,0.534158716465,-0.256736136472,0.558003648975,-2.49763059295,-1.8602827968,-0.022775353578,3.503542,8.858006,57.434394,2.179915,2.164952,0.06963
1,1789437462.431583405,0.534158716465,-0.256736136472,0.558003648975,-2.49763059295,-1.8602827968,-0.022775353578,3.519991,8.758105,57.215166,2.184055,2.168753,0.079264
1,1789437462.436624289,0.534158716465,-0.256736136472,0.558003648975,-2.49763059295,-1.8602827968,-0.022775353578,3.590588,8.783204,57.435932,2.179635,2.166954,0.071333
1,1789437462.441768885,0.534158716465,-0.256736136472,0.558003648975,-2.49763059295,-1.8602827968,-0.022775353578,3.629201,8.757817,57.379251,2.182217,2.171637,0.071424
1,1789437462.446788788,0.534158716465,-0.256736136472,0.558003648975,-2.49763059295,-1.8602827968,-0.022775353578,3.621856,8.802776,57.405569,2.179386,2.170637,0.070068
1,1789437462.451593161,0.534158716465,-0.256736136472,0.558003648975,-2.49763059295,-1.8602827968,-0.022775353578,3.606994,8.836905,57.541509,2.178907,2.17092,0.067558
1,1789437462.456528425,0.534158716465,-0.256736136472,0.558003648975,-2.49763059295,-1.8602827968,-0.022775353578,3.533209,8.850064,57.40331,2.181299,2.168164,0.067961
1,1789437462.461812258,0.534158716465,-0.256736136472,0.558003648975,-2.49763059295,-1.8602827968,-0.022775353578,3.507367,8.863745,57.465653,2.179733,2.168007,0.066058
1,1789437462.466793060,0.534158716465,-0.256736136472,0.558003648975,-2.49763059295,-1.8602827968,-0.022775353578,3.486806,8.812419,57.682853,2.185064,2.169657,0.062455
1,1789437462.471753120,0.534158716465,-0.256736136472,0.558003648975,-2.49763059295,-1.8602827968,-0.022775353578,3.537146,8.829458,57.412417,2.177915,2.167941,0.06797
1,1789437462.476828575,0.534158716465,-0.256736136472,0.558003648975,-2.49763059295,-1.8602827968,-0.022775353578,3.602526,8.743679,57.445116,2.184534,2.172623,0.072041
1,1789437462.481760740,0.534158716465,-0.256736136472,0.558003648975,-2.49763059295,-1.8602827968,-0.022775353578,3.650905,8.788242,57.520743,2.177384,2.172044,0.066589
1,1789437462.486621618,0.534158716465,-0.256736136472,0.558003648975,-2.49763059295,-1.8602827968,-0.022775353578,3.653433,8.785625,57.482336,2.180869,2.171064,0.065662
1,1789437462.491748095,0.534158716465,-0.256736136472,0.558003648975,-2.49763059295,-1.8602827968,-0.022775353578,3.598145,8.825277,57.286822,2.178659,2.169672,0.071262
1,1789437462.496691465,0.534158716465,-0.256736136472,0.558003648975,-2.49763059295,-1.8602827968,-0.022775353578,3.524315,8.845777,57.458756,2.178955,2.166724,0.067607
1,1789437462.501507759,0.534158716465,-0.256736136472,0.558003648975,-2.49763059295,-1.8602827968,-0.022775353578,3.461466,8.849542,57.535967,2.181103,2.165551,0.069195
1,1789437462.506579638,0.534158716465,-0.256736136472,0.558003648975,-2.49763059295,-1.8602827968,-0.022775353578,3.516292,8.804998,57.383297,2.181589,2.1686,0.073393
1,1789437462.511790037,0.534158716465,-0.256736136472,0.558003648975,-2.49763059295,-1.8602827968,-0.022775353578,3.582638,8.779346,57.453126,2.18215,2.167873,0.070491
1,1789437462.516697168,0.534158716465,-0.256736136472,0.558003648975,-2.49763059295,-1.8602827968,-0.022775353578,3.656385,8.751154,57.53374,2.180714,2.17177,0.069126
1,1789437462.521542549,0.534158716465,-0.256736136472,0.558003648975,-2.49763059295,-1.8602827968,-0.022775353578,3.642169,8.782934,57.430641,2.183403,2.169094,0.068104
1,1789437462.526912689,0.534158716465,-0.256736136472,0.558003648975,-2.49763059295,-1.8602827968,-0.022775353578,3.653525,8.804727,57.394275,2.178398,2.17121,0.06886
1,1789437462.531642914,0.534158716465,-0.256736136472,0.558003648975,-2.49763059295,-1.8602827968,-0.022775353578,3.523318,8.873228,57.551697,2.179906,2.167607,0.067489
1,1789437462.536687374,0.534158716465,-0.256736136472,0.558003648975,-2.49763059295,-1.8602827968,-0.022775353578,3.4393,8.872179,57.522948,2.18231,2.16636,0.072782
1,1789437462.541884899,0.534158716465,-0.256736136472,0.558003648975,-2.49763059295,-1.8602827968,-0.022775353578,3.488218,8.825734,57.321415,2.184059,2.16882,0.075365
1,1789437462.546861887,0.534158716465,-0.256736136472,0.558003648975,-2.49763059295,-1.8602827968,-0.022775353578,3.543113,8.77834,57.439326,2.183192,2.16898,0.067634
1,1789437462.551572084,0.534158716465,-0.256736136472,0.558003648975,-2.49763059295,-1.8602827968,-0.022775353578,3.651854,8.722382,57.469828,2.183939,2.171544,0.069993
1,1789437462.558093786,0.534158716465,-0.256736136472,0.558003648975,-2.49763059295,-1.8602827968,-0.022775353578,3.657815,8.800759,57.339405,2.179575,2.170709,0.075512
1,1789437462.563476801,0.534158716465,-0.256736136472,0.558003648975,-2.49763059295,-1.8602827968,-0.022775353578,3.642388,8.815453,57.456535,2.179309,2.169607,0.066731
1,1789437462.567903757,0.534158716465,-0.256736136472,0.558003648975,-2.49763059295,-1.8602827968,-0.022775353578,3.639349,8.77575,57.373923,2.181635,2.172649,0.074058
1,1789437462.573290825,0.534158716465,-0.256736136472,0.558003648975,-2.49763059295,-1.8602827968,-0.022775353578,3.603123,8.827662,57.42147,2.176767,2.169569,0.06807
1,1789437462.578765154,0.534158716465,-0.256736136472,0.558003648975,-2.49763059295,-1.8602827968,-0.022775353578,3.524386,8.842979,57.650787,2.180514,2.170584,0.065858
1,1789437462.583134174,0.534158716465,-0.256736136472,0.558003648975,-2.49763059295,-1.8602827968,-0.022775353578,3.474774,8.882666,57.461643,2.179902,2.166672,0.069238
1,1789437462.586916924,0.534158716465,-0.256736136472,0.558003648975,-2.49763059295,-1.8602827968,-0.022775353578,3.454668,8.828911,57.486256,2.18388,2.169026,0.073642
1,1789437462.592206478,0.534158716465,-0.256736136472,0.558003648975,-2.49763059295,-1.8602827968,-0.022775353578,3.545516,8.803965,57.398914,2.183109,2.165911,0.071144
1,1789437462.597009659,0.534158716465,-0.256736136472,0.558003648975,-2.49763059295,-1.8602827968,-0.022775353578,3.581241,8.778958,57.488262,2.184408,2.168822,0.069209
1,1789437462.601862192,0.534158716465,-0.256736136472,0.558003648975,-2.49763059295,-1.8602827968,-0.022775353578,3.641411,8.740112,57.417644,2.181146,2.173964,0.072577
1,1789437462.606871128,0.534158716465,-0.256736136472,0.558003648975,-2.49763059295,-1.8602827968,-0.022775353578,3.672919,8.818163,57.38018,2.179309,2.169286,0.065442
1,1789437462.611709595,0.534158716465,-0.256736136472,0.558003648975,-2.49763059295,-1.8602827968,-0.022775353578,3.615942,8.819131,57.558128,2.177195,2.171498,0.066451
1,1789437462.616576910,0.534158716465,-0.256736136472,0.558003648975,-2.49763059295,-1.8602827968,-0.022775353578,3.511457,8.874808,57.393825,2.180279,2.166192,0.073568
1,1789437462.621464491,0.534158716465,-0.256736136472,0.558003648975,-2.49763059295,-1.8602827968,-0.022775353578,3.465669,8.836034,57.481721,2.181759,2.167132,0.070465
1,1789437462.626590014,0.534158716465,-0.256736136472,0.558003648975,-2.49763059295,-1.8602827968,-0.022775353578,3.480758,8.82528,57.599695,2.180181,2.164972,0.068379
1,1789437462.631469488,0.534158716465,-0.256736136472,0.558003648975,-2.49763059295,-1.8602827968,-0.022775353578,3.550922,8.761155,57.442843,2.184717,2.169915,0.070113
1,1789437462.636489868,0.534158716465,-0.256736136472,0.558003648975,-2.49763059295,-1.8602827968,-0.022775353578,3.663674,8.740996,57.367031,2.179177,2.170535,0.069554
1,1789437462.641661406,0.534158716465,-0.256736136472,0.558003648975,-2.49763059295,-1.8602827968,-0.022775353578,3.669193,8.76411,57.558767,2.181312,2.173118,0.067327
1,1789437462.646568775,0.534158716465,-0.256736136472,0.558003648975,-2.49763059295,-1.8602827968,-0.022775353578,3.623708,8.864564,57.44797,2.180161,2.173441,0.067356
1,1789437462.651561022,0.534158716465,-0.256736136472,0.558003648975,-2.49763059295,-1.8602827968,-0.022775353578,3.548207,8.835269,57.377965,2.182224,2.170045,0.069926
1,1789437462.656494379,0.534158716465,-0.256736136472,0.558003648975,-2.49763059295,-1.8602827968,-0.022775353578,3.452994,8.885398,57.448673,2.180649,2.166404,0.072849
1,1789437462.661665201,0.534158716465,-0.256736136472,0.558003648975,-2.49763059295,-1.8602827968,-0.022775353578,3.446498,8.83767,57.557386,2.182487,2.169395,0.071497
1,1789437462.666596174,0.534158716465,-0.256736136472,0.558003648975,-2.49763059295,-1.8602827968,-0.022775353578,3.545288,8.768469,57.399356,2.182944,2.165978,0.071632
1,1789437462.671510220,0.534158716465,-0.256736136472,0.558003648975,-2.49763059295,-1.8602827968,-0.022775353578,3.637793,8.744223,57.404835,2.180912,2.168715,0.069674
1,1789437462.676623106,0.534158716465,-0.256736136472,0.558003648975,-2.49763059295,-1.8602827968,-0.022775353578,3.651588,8.743299,57.606471,2.18054,2.170422,0.06791
1,1789437462.681465864,0.534158716465,-0.256736136472,0.558003648975,-2.49763059295,-1.8602827968,-0.022775353578,3.638246,8.794519,57.428503,2.178193,2.172655,0.073199
1,1789437462.687634468,0.534158716465,-0.256736136472,0.558003648975,-2.49763059295,-1.8602827968,-0.022775353578,3.557036,8.850192,57.457207,2.181894,2.167619,0.066655
1,1789437462.696464300,0.534158716465,-0.256736136472,0.558003648975,-2.49763059295,-1.8602827968,-0.022775353578,3.521137,8.854915,57.569213,2.177239,2.168993,0.067066
1,1789437462.698502302,0.534158716465,-0.256736136472,0.558003648975,-2.49763059295,-1.8602827968,-0.022775353578,3.494813,8.832782,57.506289,2.183559,2.166474,0.068223
1,1789437462.703082323,0.534158716465,-0.256736136472,0.558003648975,-2.49763059295,-1.8602827968,-0.022775353578,3.498207,8.828441,57.266021,2.180208,2.163081,0.075046
1,1789437462.707930088,0.534158716465,-0.256736136472,0.558003648975,-2.49763059295,-1.8602827968,-0.022775353578,3.560086,8.755766,57.466075,2.184576,2.172641,0.073482
1,1789437462.713053703,0.534158716465,-0.256736136472,0.558003648975,-2.49763059295,-1.8602827968,-0.022775353578,3.63232,8.783826,57.498753,2.179899,2.168432,0.063942
1,1789437462.717921734,0.534158716465,-0.256736136472,0.558003648975,-2.49763059295,-1.8602827968,-0.022775353578,3.665514,8.765665,57.379843,2.181038,2.175214,0.072218
1,1789437462.722692251,0.534158716465,-0.256736136472,0.558003648975,-2.49763059295,-1.8602827968,-0.022775353578,3.616339,8.828911,57.462207,2.178697,2.169606,0.070355
1,1789437462.728402138,0.534158716465,-0.256736136472,0.558003648975,-2.49763059295,-1.8602827968,-0.022775353578,3.56193,8.848785,57.639954,2.179276,2.170463,0.064862
1,1789437462.733354092,0.534158716465,-0.256736136472,0.558003648975,-2.49763059295,-1.8602827968,-0.022775353578,3.479485,8.858486,57.495355,2.182571,2.166976,0.067078
1,1789437462.738120794,0.534158716465,-0.256736136472,0.558003648975,-2.49763059295,-1.8602827968,-0.022775353578,3.459566,8.848833,57.45924,2.184006,2.166521,0.067758
1,1789437462.744116306,0.534158716465,-0.256736136472,0.558003648975,-2.49763059295,-1.8602827968,-0.022775353578,3.519431,8.806442,57.464082,2.180325,2.168535,0.071477
1,1789437462.748072147,0.534158716465,-0.256736136472,0.558003648975,-2.49763059295,-1.8602827968,-0.022775353578,3.59618,8.778041,57.478713,2.181775,2.169231,0.06915
1,1789437462.754250050,0.534158716465,-0.256736136472,0.558003648975,-2.49763059295,-1.8602827968,-0.022775353578,3.668829,8.756645,57.404863,2.179525,2.171855,0.070025
1,1789437462.757523775,0.534158716465,-0.256736136472,0.558003648975,-2.49763059295,-1.8602827968,-0.022775353578,3.667219,8.764126,57.423331,2.180989,2.171503,0.069833
1,1789437462.762675285,0.534158716465,-0.256736136472,0.558003648975,-2.49763059295,-1.8602827968,-0.022775353578,3.596627,8.85234,57.496543,2.177019,2.169847,0.068386
1,1789437462.767212868,0.534158716465,-0.256736136472,0.558003648975,-2.49763059295,-1.8602827968,-0.022775353578,3.49004,8.858929,57.419184,2.184807,2.166147,0.071897
1,1789437462.772011995,0.534158716465,-0.256736136472,0.558003648975,-2.49763059295,-1.8602827968,-0.022775353578,3.493379,8.848452,57.487946,2.179732,2.168522,0.068596
1,1789437462.777096033,0.534158716465,-0.256736136472,0.558003648975,-2.49763059295,-1.8602827968,-0.022775353578,3.493823,8.863475,57.480337,2.183627,2.169751,0.069705
1,1789437462.781811953,0.534158716465,-0.256736136472,0.558003648975,-2.49763059295,-1.8602827968,-0.022775353578,3.460782,8.861455,57.488418,2.182356,2.167575,0.068664
1,1789437462.786980391,0.534158716465,-0.256736136472,0.558003648975,-2.49763059295,-1.8602827968,-0.022775353578,3.528424,8.792244,57.648758,2.182894,2.168923,0.064582
1,1789437462.792068720,0.534158716465,-0.256736136472,0.558003648975,-2.49763059295,-1.8602827968,-0.022775353578,3.576354,8.784052,57.425735,2.182268,2.166903,0.070689
1,1789437462.796911001,0.534158716465,-0.256736136472,0.558003648975,-2.49763059295,-1.8602827968,-0.022775353578,3.640255,8.720973,57.418952,2.181347,2.171808,0.073288
1,1789437462.802094698,0.534158716465,-0.256736136472,0.558003648975,-2.49763059295,-1.8602827968,-0.022775353578,3.661378,8.782088,57.377535,2.175594,2.168682,0.069963
1,1789437462.806765318,0.534158716465,-0.256736136472,0.558003648975,-2.49763059295,-1.8602827968,-0.022775353578,3.614887,8.793593,57.506124,2.181125,2.170435,0.068902
1,1789437462.811942816,0.534158716465,-0.256736136472,0.558003648975,-2.49763059295,-1.8602827968,-0.022775353578,3.532934,8.897273,57.329735,2.176554,2.166967,0.07428
1,1789437462.816750288,0.534158716465,-0.256736136472,0.558003648975,-2.49763059295,-1.8602827968,-0.022775353578,3.48069,8.832455,57.483654,2.182928,2.165676,0.07158
1,1789437462.821710825,0.534158716465,-0.256736136472,0.558003648975,-2.49763059295,-1.8602827968,-0.022775353578,3.513071,8.832237,57.486282,2.178671,2.167006,0.067455
1,1789437462.827043056,0.534158716465,-0.256736136472,0.558003648975,-2.49763059295,-1.8602827968,-0.022775353578,3.556161,8.766589,57.395932,2.185471,2.167946,0.069597
1,1789437462.831918240,0.534158716465,-0.256736136472,0.558003648975,-2.49763059295,-1.8602827968,-0.022775353578,3.637681,8.735735,57.415293,2.180397,2.16965,0.070587
1,1789437462.836850405,0.534158716465,-0.256736136472,0.558003648975,-2.49763059295,-1.8602827968,-0.022775353578,3.66459,8.746433,57.585807,2.180598,2.173812,0.066938
1,1789437462.842131376,0.534158716465,-0.256736136472,0.558003648975,-2.49763059295,-1.8602827968,-0.022775353578,3.64152,8.835051,57.449267,2.179113,2.170322,0.06804
1,1789437462.846824884,0.534158716465,-0.256736136472,0.558003648975,-2.49763059295,-1.8602827968,-0.022775353578,3.560468,8.844637,57.454345,2.180802,2.173237,0.071546
1,1789437462.851810217,0.534158716465,-0.256736136472,0.558003648975,-2.49763059295,-1.8602827968,-0.022775353578,3.486649,8.867956,57.590201,2.180198,2.167564,0.062241
1,1789437462.856720686,0.534158716465,-0.256736136472,0.558003648975,-2.49763059295,-1.8602827968,-0.022775353578,3.499199,8.845891,57.476304,2.180954,2.16803,0.067012
1,1789437462.861859083,0.534158716465,-0.256736136472,0.558003648975,-2.49763059295,-1.8602827968,-0.022775353578,3.498137,8.811554,57.325008,2.183394,2.167355,0.071561
1,1789437462.866961002,0.534158716465,-0.256736136472,0.558003648975,-2.49763059295,-1.8602827968,-0.022775353578,3.602383,8.749384,57.434146,2.180469,2.17172,0.070878
1,1789437462.871735334,0.534158716465,-0.256736136472,0.558003648975,-2.49763059295,-1.8602827968,-0.022775353578,3.66232,8.742708,57.478134,2.180502,2.169444,0.069056
1,1789437462.876886845,0.534158716465,-0.256736136472,0.558003648975,-2.49763059295,-1.8602827968,-0.022775353578,3.639686,8.805764,57.365455,2.180713,2.17097,0.068187
1,1789437462.881772280,0.534158716465,-0.256736136472,0.558003648975,-2.49763059295,-1.8602827968,-0.022775353578,3.592206,8.83359,57.433463,2.179838,2.172914,0.07012
1,1789437462.886793613,0.534158716465,-0.256736136472,0.558003648975,-2.49763059295,-1.8602827968,-0.022775353578,3.510979,8.845231,57.624286,2.181233,2.168671,0.066529
1,1789437462.892157555,0.534158716465,-0.256736136472,0.558003648975,-2.49763059295,-1.8602827968,-0.022775353578,3.501248,8.87546,57.447598,2.179997,2.166981,0.072313
1,1789437462.896875620,0.534158716465,-0.256736136472,0.558003648975,-2.49763059295,-1.8602827968,-0.022775353578,3.477719,8.803428,57.428955,2.184854,2.165788,0.072447
1,1789437462.902027845,0.534158716465,-0.256736136472,0.558003648975,-2.49763059295,-1.8602827968,-0.022775353578,3.550609,8.789431,57.516131,2.180514,2.167861,0.069052
1,1789437462.906736851,0.534158716465,-0.256736136472,0.558003648975,-2.49763059295,-1.8602827968,-0.022775353578,3.598903,8.741467,57.490366,2.183199,2.172348,0.071212
1,1789437462.911955118,0.534158716465,-0.256736136472,0.558003648975,-2.49763059295,-1.8602827968,-0.022775353578,3.637073,8.768585,57.426962,2.179859,2.17107,0.072126
1,1789437462.917007923,0.534158716465,-0.256736136472,0.558003648975,-2.49763059295,-1.8602827968,-0.022775353578,3.626223,8.797756,57.451624,2.180878,2.171826,0.06991
1,1789437462.921905041,0.534158716465,-0.256736136472,0.558003648975,-2.49763059295,-1.8602827968,-0.022775353578,3.575362,8.85239,57.433727,2.178991,2.166639,0.069486
1,1789437462.927110910,0.534158716465,-0.256736136472,0.558003648975,-2.49763059295,-1.8602827968,-0.022775353578,3.481051,8.861302,57.437633,2.182638,2.170961,0.072348
1,1789437462.932106018,0.534158716465,-0.256736136472,0.558003648975,-2.49763059295,-1.8602827968,-0.022775353578,3.450467,8.852218,57.450324,2.181513,2.164155,0.067755
1,1789437462.936866283,0.534158716465,-0.256736136472,0.558003648975,-2.49763059295,-1.8602827968,-0.022775353578,3.525508,8.796208,57.627563,2.182016,2.169513,0.069027
1,1789437462.941997290,0.534158716465,-0.256736136472,0.558003648975,-2.49763059295,-1.8602827968,-0.022775353578,3.570948,8.773342,57.432781,2.18301,2.167972,0.069375
1,1789437462.946910620,0.534158716465,-0.256736136472,0.558003648975,-2.49763059295,-1.8602827968,-0.022775353578,3.660991,8.761275,57.411599,2.182556,2.171839,0.06827
1,1789437462.951866150,0.534158716465,-0.256736136472,0.558003648975,-2.49763059295,-1.8602827968,-0.022775353578,3.67414,8.79281,57.417629,2.178092,2.172987,0.066168
1,1789437462.956712723,0.534158716465,-0.256736136472,0.558003648975,-2.49763059295,-1.8602827968,-0.022775353578,3.62067,8.844733,57.476072,2.177441,2.169686,0.067203
1,1789437462.961958647,0.534158716465,-0.256736136472,0.558003648975,-2.49763059295,-1.8602827968,-0.022775353578,3.539045,8.844999,57.390522,2.183429,2.170034,0.071975
1,1789437462.966870308,0.534158716465,-0.256736136472,0.558003648975,-2.49763059295,-1.8602827968,-0.022775353578,3.478205,8.885242,57.448347,2.178987,2.16569,0.066519
1,1789437462.971743584,0.534158716465,-0.256736136472,0.558003648975,-2.49763059295,-1.8602827968,-0.022775353578,3.501412,8.810135,57.569852,2.183688,2.171152,0.067855
1,1789437462.976914644,0.534158716465,-0.256736136472,0.558003648975,-2.49763059295,-1.8602827968,-0.022775353578,3.545441,8.793692,57.406939,2.183855,2.169063,0.070707
1,1789437462.981848717,0.534158716465,-0.256736136472,0.558003648975,-2.49763059295,-1.8602827968,-0.022775353578,3.652124,8.757304,57.429821,2.180219,2.170034,0.067864
1,1789437462.986867666,0.534158716465,-0.256736136472,0.558003648975,-2.49763059295,-1.8602827968,-0.022775353578,3.575192,8.801576,57.366486,2.180411,2.168177,0.074602
1,1789437462.992231607,0.534158716465,-0.256736136472,0.558003648975,-2.49763059295,-1.8602827968,-0.022775353578,3.631405,8.717878,57.445629,2.184524,2.172005,0.072468
1,1789437462.996923685,0.534158716465,-0.256736136472,0.558003648975,-2.49763059295,-1.8602827968,-0.022775353578,3.680853,8.765421,57.540348,2.176139,2.16882,0.067044
1,1789437463.001861811,0.534158716465,-0.256736136472,0.558003648975,-2.49763059295,-1.8602827968,-0.022775353578,3.612728,8.785418,57.497014,2.182882,2.171228,0.069133
1,1789437463.006665945,0.534158716465,-0.256736136472,0.558003648975,-2.49763059295,-1.8602827968,-0.022775353578,3.558566,8.859344,57.424826,2.178232,2.170513,0.070144
1,1789437463.011867762,0.534158716465,-0.256736136472,0.558003648975,-2.49763059295,-1.8602827968,-0.022775353578,3.488053,8.896626,57.446284,2.176646,2.165463,0.065127
1,1789437463.016688108,0.534158716465,-0.256736136472,0.558003648975,-2.49763059295,-1.8602827968,-0.022775353578,3.455403,8.858614,57.554463,2.186501,2.169701,0.069459
1,1789437463.021652937,0.534158716465,-0.256736136472,0.558003648975,-2.49763059295,-1.8602827968,-0.022775353578,3.496977,8.814606,57.363489,2.183796,2.170496,0.072722
1,1789437463.026893377,0.534158716465,-0.256736136472,0.558003648975,-2.49763059295,-1.8602827968,-0.022775353578,3.586057,8.757406,57.435199,2.183911,2.170956,0.071375
1,1789437463.031709194,0.534158716465,-0.256736136472,0.558003648975,-2.49763059295,-1.8602827968,-0.022775353578,3.66934,8.730023,57.499587,2.183108,2.172781,0.071328
1,1789437463.036792040,0.534158716465,-0.256736136472,0.558003648975,-2.49763059295,-1.8602827968,-0.022775353578,3.65869,8.831213,57.357878,2.178662,2.169018,0.069006
1,1789437463.042926550,0.534158716465,-0.256736136472,0.558003648975,-2.49763059295,-1.8602827968,-0.022775353578,3.564905,8.840627,57.527457,2.182638,2.17387,0.070758
1,1789437463.046840668,0.534158716465,-0.256736136472,0.558003648975,-2.49763059295,-1.8602827968,-0.022775353578,3.509838,8.892894,57.648726,2.179101,2.168633,0.064034
1,1789437463.051791906,0.534158716465,-0.256736136472,0.558003648975,-2.49763059295,-1.8602827968,-0.022775353578,3.45494,8.876307,57.471603,2.181401,2.163629,0.069321
1,1789437463.056802750,0.534158716465,-0.256736136472,0.558003648975,-2.49763059295,-1.8602827968,-0.022775353578,3.493691,8.750907,57.429456,2.185894,2.170482,0.073579
1,1789437463.061870337,0.534158716465,-0.256736136472,0.558003648975,-2.49763059295,-1.8602827968,-0.022775353578,3.592429,8.773154,57.464768,2.17714,2.163473,0.065558
1,1789437463.066994429,0.534158716465,-0.256736136472,0.558003648975,-2.49763059295,-1.8602827968,-0.022775353578,3.627879,8.735878,57.498046,2.184304,2.173169,0.070281
1,1789437463.071720362,0.534158716465,-0.256736136472,0.558003648975,-2.49763059295,-1.8602827968,-0.022775353578,3.644766,8.827017,57.325269,2.178278,2.171724,0.072335
1,1789437463.076868296,0.534158716465,-0.256736136472,0.558003648975,-2.49763059295,-1.8602827968,-0.022775353578,3.63473,8.807479,57.492734,2.181417,2.174024,0.066572
1,1789437463.081521749,0.534158716465,-0.256736136472,0.558003648975,-2.49763059295,-1.8602827968,-0.022775353578,3.575534,8.851052,57.524554,2.179935,2.168659,0.068268
1,1789437463.086583376,0.534158716465,-0.256736136472,0.558003648975,-2.49763059295,-1.8602827968,-0.022775353578,3.472396,8.832344,57.464859,2.185215,2.16899,0.071789
1,1789437463.092038155,0.534158716465,-0.256736136472,0.558003648975,-2.49763059295,-1.8602827968,-0.022775353578,3.454703,8.850764,57.481123,2.181476,2.167361,0.070017
1,1789437463.096690655,0.534158716465,-0.256736136472,0.558003648975,-2.49763059295,-1.8602827968,-0.022775353578,3.529162,8.806132,57.631571,2.181594,2.168699,0.065431
1,1789437463.101658106,0.534158716465,-0.256736136472,0.558003648975,-2.49763059295,-1.8602827968,-0.022775353578,3.635126,8.793532,57.437865,2.18043,2.167415,0.066537
1,1789437463.106609583,0.534158716465,-0.256736136472,0.558003648975,-2.49763059295,-1.8602827968,-0.022775353578,3.678161,8.733302,57.41596,2.180585,2.172591,0.071397
1,1789437463.111663818,0.534158716465,-0.256736136472,0.558003648975,-2.49763059295,-1.8602827968,-0.022775353578,3.658202,8.778641,57.09067,2.178106,2.170206,0.07719
1,1789437463.116951227,0.534158716465,-0.256736136472,0.558003648975,-2.49763059295,-1.8602827968,-0.022775353578,3.593925,8.839213,57.47666,2.179953,2.16919,0.067503
1,1789437463.121977568,0.534158716465,-0.256736136472,0.558003648975,-2.49763059295,-1.8602827968,-0.022775353578,3.500904,8.872923,57.419231,2.180595,2.169206,0.072268
1,1789437463.127035856,0.534158716465,-0.256736136472,0.558003648975,-2.49763059295,-1.8602827968,-0.022775353578,3.471641,8.882297,57.435885,2.18151,2.166179,0.070564
1,1789437463.131669760,0.534158716465,-0.256736136472,0.558003648975,-2.49763059295,-1.8602827968,-0.022775353578,3.495241,8.838742,57.580334,2.183373,2.167738,0.06809
1,1789437463.136655807,0.534158716465,-0.256736136472,0.558003648975,-2.49763059295,-1.8602827968,-0.022775353578,3.571077,8.787221,57.413484,2.18333,2.168316,0.068883
1,1789437463.141666889,0.534158716465,-0.256736136472,0.558003648975,-2.49763059295,-1.8602827968,-0.022775353578,3.64526,8.736776,57.447158,2.181713,2.173171,0.067469
1,1789437463.146559954,0.534158716465,-0.256736136472,0.558003648975,-2.49763059295,-1.8602827968,-0.022775353578,3.656355,8.787079,57.593222,2.178631,2.170444,0.065131
1,1789437463.151676178,0.534158716465,-0.256736136472,0.558003648975,-2.49763059295,-1.8602827968,-0.022775353578,3.638726,8.804321,57.488535,2.180354,2.171896,0.069705
1,1789437463.156474829,0.534158716465,-0.256736136472,0.558003648975,-2.49763059295,-1.8602827968,-0.022775353578,3.57001,8.868887,57.387724,2.178417,2.167657,0.069851
1,1789437463.161691666,0.534158716465,-0.256736136472,0.558003648975,-2.49763059295,-1.8602827968,-0.022775353578,3.490861,8.855657,57.499946,2.180231,2.16767,0.064134
1,1789437463.166557074,0.534158716465,-0.256736136472,0.558003648975,-2.49763059295,-1.8602827968,-0.022775353578,3.504207,8.834582,57.538207,2.183273,2.169407,0.065094
1,1789437463.171490908,0.534158716465,-0.256736136472,0.558003648975,-2.49763059295,-1.8602827968,-0.022775353578,3.528215,8.802611,57.325316,2.182468,2.164474,0.071524
1,1789437463.176823854,0.534158716465,-0.256736136472,0.558003648975,-2.49763059295,-1.8602827968,-0.022775353578,3.598498,8.753136,57.435578,2.183151,2.173995,0.072009
1,1789437463.181546450,0.534158716465,-0.256736136472,0.558003648975,-2.49763059295,-1.8602827968,-0.022775353578,3.669435,8.773874,57.504054,2.180558,2.170337,0.067696
1,1789437463.186586142,0.534158716465,-0.256736136472,0.558003648975,-2.49763059295,-1.8602827968,-0.022775353578,3.653551,8.797183,57.404943,2.18275,2.173776,0.070018
1,1789437463.192221403,0.534158716465,-0.256736136472,0.558003648975,-2.49763059295,-1.8602827968,-0.022775353578,3.615871,8.854823,57.420077,2.176719,2.17034,0.067113
1,1789437463.196637869,0.534158716465,-0.256736136472,0.558003648975,-2.49763059295,-1.8602827968,-0.022775353578,3.650604,8.809057,57.369941,2.179149,2.172359,0.07129
1,1789437463.201692104,0.534158716465,-0.256736136472,0.558003648975,-2.49763059295,-1.8602827968,-0.022775353578,3.588319,8.849817,57.459126,2.179238,2.169116,0.068145
1,1789437463.206544638,0.534158716465,-0.256736136472,0.558003648975,-2.49763059295,-1.8602827968,-0.022775353578,3.511726,8.852139,57.6612,2.180744,2.16901,0.066344
1,1789437463.211730480,0.534158716465,-0.256736136472,0.558003648975,-2.49763059295,-1.8602827968,-0.022775353578,3.466597,8.873232,57.470081,2.182285,2.166132,0.068621
1,1789437463.217231989,0.534158716465,-0.256736136472,0.558003648975,-2.49763059295,-1.8602827968,-0.022775353578,3.511964,8.804795,57.406006,2.182888,2.167608,0.069861
1,1789437463.221615076,0.534158716465,-0.256736136472,0.558003648975,-2.49763059295,-1.8602827968,-0.022775353578,3.580183,8.755127,57.394466,2.180643,2.168548,0.068857
1,1789437463.226729393,0.534158716465,-0.256736136472,0.558003648975,-2.49763059295,-1.8602827968,-0.022775353578,3.662116,8.748476,57.496258,2.180961,2.170726,0.068848
1,1789437463.231520653,0.534158716465,-0.256736136472,0.558003648975,-2.49763059295,-1.8602827968,-0.022775353578,3.660345,8.771204,57.281612,2.178239,2.166303,0.073903
1,1789437463.236626387,0.534158716465,-0.256736136472,0.558003648975,-2.49763059295,-1.8602827968,-0.022775353578,3.628316,8.815752,57.450087,2.180007,2.175071,0.069189
1,1789437463.242080688,0.534158716465,-0.256736136472,0.558003648975,-2.49763059295,-1.8602827968,-0.022775353578,3.546792,8.890038,57.550099,2.175725,2.168169,0.066498
1,1789437463.246845245,0.534158716465,-0.256736136472,0.558003648975,-2.49763059295,-1.8602827968,-0.022775353578,3.465221,8.859311,57.439965,2.184866,2.166335,0.073318
1,1789437463.251864910,0.534158716465,-0.256736136472,0.558003648975,-2.49763059295,-1.8602827968,-0.022775353578,3.451741,8.802156,57.455568,2.182624,2.165845,0.071625
1,1789437463.256593227,0.534158716465,-0.256736136472,0.558003648975,-2.49763059295,-1.8602827968,-0.022775353578,3.539585,8.78645,57.621397,2.183053,2.16702,0.064764
1,1789437463.261728048,0.534158716465,-0.256736136472,0.558003648975,-2.49763059295,-1.8602827968,-0.022775353578,3.6315,8.747721,57.413452,2.181653,2.16922,0.069248
1,1789437463.266618013,0.534158716465,-0.256736136472,0.558003648975,-2.49763059295,-1.8602827968,-0.022775353578,3.686692,8.765368,57.417216,2.177744,2.171793,0.072006
1,1789437463.271570683,0.534158716465,-0.256736136472,0.558003648975,-2.49763059295,-1.8602827968,-0.022775353578,3.64002,8.811437,57.464494,2.177278,2.170748,0.072112
1,1789437463.276900768,0.534158716465,-0.256736136472,0.558003648975,-2.49763059295,-1.8602827968,-0.022775353578,3.588673,8.850253,57.522285,2.179894,2.169475,0.066891
1,1789437463.281860352,0.534158716465,-0.256736136472,0.558003648975,-2.49763059295,-1.8602827968,-0.022775353578,3.488524,8.850421,57.460515,2.183654,2.166404,0.068599
1,1789437463.286581993,0.534158716465,-0.256736136472,0.558003648975,-2.49763059295,-1.8602827968,-0.022775353578,3.46733,8.851247,57.426375,2.180165,2.165972,0.070586
1,1789437463.291903019,0.534158716465,-0.256736136472,0.558003648975,-2.49763059295,-1.8602827968,-0.022775353578,3.513897,8.802051,57.560045,2.183135,2.165545,0.066956
1,1789437463.296497107,0.534158716465,-0.256736136472,0.558003648975,-2.49763059295,-1.8602827968,-0.022775353578,3.602262,8.777795,57.381305,2.179176,2.170565,0.072562
1,1789437463.301541328,0.534158716465,-0.256736136472,0.558003648975,-2.49763059295,-1.8602827968,-0.022775353578,3.649241,8.751626,57.452962,2.180423,2.173587,0.071253
1,1789437463.306502581,0.534158716465,-0.256736136472,0.558003648975,-2.49763059295,-1.8602827968,-0.022775353578,3.661561,8.795503,57.603374,2.178815,2.171778,0.065793
1,1789437463.311793566,0.534158716465,-0.256736136472,0.558003648975,-2.49763059295,-1.8602827968,-0.022775353578,3.601962,8.827605,57.488932,2.18161,2.171585,0.069757
1,1789437463.316617489,0.534158716465,-0.256736136472,0.558003648975,-2.49763059295,-1.8602827968,-0.022775353578,3.504005,8.85305,57.450052,2.181113,2.170113,0.068292
1,1789437463.321636677,0.534158716465,-0.256736136472,0.558003648975,-2.49763059295,-1.8602827968,-0.022775353578,3.493286,8.842416,57.466589,2.181212,2.168358,0.066789
1,1789437463.326748848,0.534158716465,-0.256736136472,0.558003648975,-2.49763059295,-1.8602827968,-0.022775353578,3.496345,8.84184,57.514506,2.182791,2.165141,0.067327
1,1789437463.331648827,0.534158716465,-0.256736136472,0.558003648975,-2.49763059295,-1.8602827968,-0.022775353578,3.570305,8.776785,57.353358,2.18148,2.169635,0.072378
1,1789437463.336583614,0.534158716465,-0.256736136472,0.558003648975,-2.49763059295,-1.8602827968,-0.022775353578,3.642642,8.715874,57.459683,2.1822,2.171963,0.069542
1,1789437463.341706276,0.534158716465,-0.256736136472,0.558003648975,-2.49763059295,-1.8602827968,-0.022775353578,3.670136,8.773635,57.535143,2.178284,2.169762,0.069745
1,1789437463.346492767,0.534158716465,-0.256736136472,0.558003648975,-2.49763059295,-1.8602827968,-0.022775353578,3.626069,8.812209,57.396225,2.180885,2.171255,0.070042
1,1789437463.351614952,0.534158716465,-0.256736136472,0.558003648975,-2.49763059295,-1.8602827968,-0.022775353578,3.585762,8.846334,57.448206,2.177233,2.169934,0.067224
1,1789437463.356482029,0.534158716465,-0.256736136472,0.558003648975,-2.49763059295,-1.8602827968,-0.022775353578,3.50599,8.847459,57.651276,2.180978,2.170441,0.066115
1,1789437463.361689806,0.534158716465,-0.256736136472,0.558003648975,-2.49763059295,-1.8602827968,-0.022775353578,3.458387,8.856088,57.428138,2.181901,2.164496,0.071515
1,1789437463.366513729,0.534158716465,-0.256736136472,0.558003648975,-2.49763059295,-1.8602827968,-0.022775353578,3.516922,8.763031,57.421443,2.185474,2.170662,0.074404
1,1789437463.371738911,0.534158716465,-0.256736136472,0.558003648975,-2.49763059295,-1.8602827968,-0.022775353578,3.572916,8.761552,57.405746,2.180792,2.165747,0.069792
1,1789437463.376986027,0.534158716465,-0.256736136472,0.558003648975,-2.49763059295,-1.8602827968,-0.022775353578,3.641797,8.748222,57.490983,2.181327,2.173569,0.07178
1,1789437463.381798506,0.534158716465,-0.256736136472,0.558003648975,-2.49763059295,-1.8602827968,-0.022775353578,3.650293,8.81122,57.288577,2.178221,2.169602,0.072525
1,1789437463.386959314,0.534158716465,-0.256736136472,0.558003648975,-2.49763059295,-1.8602827968,-0.022775353578,3.623514,8.830458,57.466215,2.180347,2.172584,0.067203
1,1789437463.392045736,0.534158716465,-0.256736136472,0.558003648975,-2.49763059295,-1.8602827968,-0.022775353578,3.525652,8.869535,57.493355,2.17917,2.165369,0.065619
1,1789437463.396697283,0.534158716465,-0.256736136472,0.558003648975,-2.49763059295,-1.8602827968,-0.022775353578,3.482119,8.850274,57.420081,2.181081,2.168013,0.072787
1,1789437463.401701927,0.534158716465,-0.256736136472,0.558003648975,-2.49763059295,-1.8602827968,-0.022775353578,3.481122,8.813377,57.45695,2.181837,2.163492,0.072239
1,1789437463.406636477,0.534158716465,-0.256736136472,0.558003648975,-2.49763059295,-1.8602827968,-0.022775353578,3.465654,8.844784,57.436168,2.181308,2.165277,0.070846
1,1789437463.411807299,0.534158716465,-0.256736136472,0.558003648975,-2.49763059295,-1.8602827968,-0.022775353578,3.500223,8.804078,57.455627,2.181278,2.168052,0.07196
1,1789437463.416613579,0.534158716465,-0.256736136472,0.558003648975,-2.49763059295,-1.8602827968,-0.022775353578,3.566894,8.767883,57.558596,2.183532,2.165501,0.066223
1,1789437463.421659946,0.534158716465,-0.256736136472,0.558003648975,-2.49763059295,-1.8602827968,-0.022775353578,3.656732,8.758703,57.451762,2.179592,2.170649,0.070119
1,1789437463.426804066,0.534158716465,-0.256736136472,0.558003648975,-2.49763059295,-1.8602827968,-0.022775353578,3.663265,8.768443,57.357436,2.179808,2.171232,0.069287
1,1789437463.431624889,0.534158716465,-0.256736136472,0.558003648975,-2.49763059295,-1.8602827968,-0.022775353578,3.611317,8.814336,57.423063,2.179039,2.173809,0.069633
1,1789437463.436667919,0.534158716465,-0.256736136472,0.558003648975,-2.49763059295,-1.8602827968,-0.022775353578,3.53367,8.8763,57.512492,2.182229,2.170865,0.06651
1,1789437463.441879034,0.534158716465,-0.256736136472,0.558003648975,-2.49763059295,-1.8602827968,-0.022775353578,3.515586,8.849494,57.336314,2.182603,2.166697,0.072621
1,1789437463.446795225,0.534158716465,-0.256736136472,0.558003648975,-2.49763059295,-1.8602827968,-0.022775353578,3.511672,8.819574,57.454244,2.18225,2.166659,0.070812
1,1789437463.451888323,0.534158716465,-0.256736136472,0.558003648975,-2.49763059295,-1.8602827968,-0.022775353578,3.542655,8.788749,57.553561,2.18212,2.165639,0.068918
1,1789437463.457503080,0.534158716465,-0.256736136472,0.558003648975,-2.49763059295,-1.8602827968,-0.022775353578,3.599909,8.749523,57.427084,2.18144,2.170843,0.072228
1,1789437463.461744785,0.534158716465,-0.256736136472,0.558003648975,-2.49763059295,-1.8602827968,-0.022775353578,3.664083,8.754131,57.43467,2.177534,2.170861,0.071193
1,1789437463.466660500,0.534158716465,-0.256736136472,0.558003648975,-2.49763059295,-1.8602827968,-0.022775353578,3.652107,8.782404,57.6693,2.181445,2.174023,0.066597
1,1789437463.471499920,0.534158716465,-0.256736136472,0.558003648975,-2.49763059295,-1.8602827968,-0.022775353578,3.594129,8.855641,57.405072,2.17838,2.166211,0.068956
1,1789437463.476838589,0.534158716465,-0.256736136472,0.558003648975,-2.49763059295,-1.8602827968,-0.022775353578,3.519477,8.832475,57.487242,2.182873,2.17181,0.068566
1,1789437463.481590986,0.534158716465,-0.256736136472,0.558003648975,-2.49763059295,-1.8602827968,-0.022775353578,3.508045,8.866669,57.412333,2.177849,2.164674,0.067327
1,1789437463.486496925,0.534158716465,-0.256736136472,0.558003648975,-2.49763059295,-1.8602827968,-0.022775353578,3.485596,8.802868,57.58674,2.188081,2.17225,0.066818
1,1789437463.491738796,0.534158716465,-0.256736136472,0.558003648975,-2.49763059295,-1.8602827968,-0.022775353578,3.541188,8.833447,57.414042,2.178636,2.166726,0.068868
1,1789437463.496517420,0.534158716465,-0.256736136472,0.558003648975,-2.49763059295,-1.8602827968,-0.022775353578,3.633387,8.751022,57.452974,2.183997,2.174489,0.071301
1,1789437463.501578093,0.534158716465,-0.256736136472,0.558003648975,-2.49763059295,-1.8602827968,-0.022775353578,3.668113,8.786869,57.502183,2.177629,2.169259,0.066324
1,1789437463.506433964,0.534158716465,-0.256736136472,0.558003648975,-2.49763059295,-1.8602827968,-0.022775353578,3.643351,8.805326,57.415085,2.181019,2.173262,0.070483
1,1789437463.511722326,0.534158716465,-0.256736136472,0.558003648975,-2.49763059295,-1.8602827968,-0.022775353578,3.575497,8.836019,57.466968,2.180891,2.169801,0.067305
1,1789437463.516789436,0.534158716465,-0.256736136472,0.558003648975,-2.49763059295,-1.8602827968,-0.022775353578,3.493059,8.881711,57.630218,2.178221,2.163886,0.063623
1,1789437463.521534204,0.534158716465,-0.256736136472,0.558003648975,-2.49763059295,-1.8602827968,-0.022775353578,3.463334,8.85564,57.49422,2.182209,2.167503,0.072484
1,1789437463.526871204,0.534158716465,-0.256736136472,0.558003648975,-2.49763059295,-1.8602827968,-0.022775353578,3.51039,8.76309,57.42559,2.183547,2.166789,0.07062
1,1789437463.531595707,0.534158716465,-0.256736136472,0.558003648975,-2.49763059295,-1.8602827968,-0.022775353578,3.592456,8.765837,57.343803,2.177631,2.169349,0.072313
1,1789437463.536505699,0.534158716465,-0.256736136472,0.558003648975,-2.49763059295,-1.8602827968,-0.022775353578,3.635162,8.756778,57.515897,2.183465,2.170391,0.069383
1,1789437463.541767120,0.534158716465,-0.256736136472,0.558003648975,-2.49763059295,-1.8602827968,-0.022775353578,3.650228,8.793967,57.350703,2.179778,2.173317,0.071055
1,1789437463.546491385,0.534158716465,-0.256736136472,0.558003648975,-2.49763059295,-1.8602827968,-0.022775353578,3.582012,8.832145,57.431389,2.179495,2.169293,0.068361
1,1789437463.551553249,0.534158716465,-0.256736136472,0.558003648975,-2.49763059295,-1.8602827968,-0.022775353578,3.498444,8.8686,57.572062,2.180169,2.166149,0.068475
1,1789437463.556621790,0.534158716465,-0.256736136472,0.558003648975,-2.49763059295,-1.8602827968,-0.022775353578,3.492406,8.854815,57.420534,2.182135,2.169421,0.073211
1,1789437463.561609507,0.534158716465,-0.256736136472,0.558003648975,-2.49763059295,-1.8602827968,-0.022775353578,3.512512,8.810822,57.471805,2.182055,2.1685,0.070386
1,1789437463.566574812,0.534158716465,-0.256736136472,0.558003648975,-2.49763059295,-1.8602827968,-0.022775353578,3.601365,8.739858,57.624868,2.183471,2.169539,0.067609
1,1789437463.571425438,0.534158716465,-0.256736136472,0.558003648975,-2.49763059295,-1.8602827968,-0.022775353578,3.63253,8.762243,57.396359,2.180042,2.168436,0.070096
1,1789437463.576851130,0.534158716465,-0.256736136472,0.558003648975,-2.49763059295,-1.8602827968,-0.022775353578,3.630788,8.764161,57.343617,2.1801,2.17178,0.072469
1,1789437463.581600666,0.534158716465,-0.256736136472,0.558003648975,-2.49763059295,-1.8602827968,-0.022775353578,3.618339,8.801694,57.392955,2.179048,2.169815,0.067818
1,1789437463.586661577,0.534158716465,-0.256736136472,0.558003648975,-2.49763059295,-1.8602827968,-0.022775353578,3.55041,8.86898,57.503287,2.177829,2.170698,0.066672
1,1789437463.591931820,0.534158716465,-0.256736136472,0.558003648975,-2.49763059295,-1.8602827968,-0.022775353578,3.501271,8.868417,57.362968,2.180487,2.167003,0.071754
1,1789437463.596629143,0.534158716465,-0.256736136472,0.558003648975,-2.49763059295,-1.8602827968,-0.022775353578,3.510504,8.832623,57.450242,2.180295,2.166135,0.068095
1,1789437463.601568222,0.534158716465,-0.256736136472,0.558003648975,-2.49763059295,-1.8602827968,-0.022775353578,3.536143,8.77544,57.53226,2.184105,2.168948,0.067565
1,1789437463.606441498,0.534158716465,-0.256736136472,0.558003648975,-2.49763059295,-1.8602827968,-0.022775353578,3.587755,8.772239,57.389107,2.182308,2.170163,0.071508
1,1789437463.611660004,0.534158716465,-0.256736136472,0.558003648975,-2.49763059295,-1.8602827968,-0.022775353578,3.656903,8.764147,57.440793,2.180371,2.172482,0.069196
1,1789437463.616591930,0.534158716465,-0.256736136472,0.558003648975,-2.49763059295,-1.8602827968,-0.022775353578,3.598753,8.781095,57.354042,2.18183,2.167314,0.072559
1,1789437463.621511459,0.534158716465,-0.256736136472,0.558003648975,-2.49763059295,-1.8602827968,-0.022775353578,3.641546,8.761349,57.445752,2.180983,2.17392,0.072593
1,1789437463.626840591,0.534158716465,-0.256736136472,0.558003648975,-2.49763059295,-1.8602827968,-0.022775353578,3.639527,8.841319,57.575053,2.177969,2.169999,0.065074
1,1789437463.631441355,0.534158716465,-0.256736136472,0.558003648975,-2.49763059295,-1.8602827968,-0.022775353578,3.601216,8.855166,57.465727,2.179664,2.170846,0.066549
1,1789437463.636495590,0.534158716465,-0.256736136472,0.558003648975,-2.49763059295,-1.8602827968,-0.022775353578,3.546499,8.814813,57.345,2.181426,2.168084,0.0726
1,1789437463.641555786,0.534158716465,-0.256736136472,0.558003648975,-2.49763059295,-1.8602827968,-0.022775353578,3.479751,8.804141,57.358706,2.180984,2.163905,0.075017
1,1789437463.646766186,0.534158716465,-0.256736136472,0.558003648975,-2.49763059295,-1.8602827968,-0.022775353578,3.494238,8.813338,57.546932,2.182133,2.164116,0.070325
1,1789437463.651570082,0.534158716465,-0.256736136472,0.558003648975,-2.49763059295,-1.8602827968,-0.022775353578,3.579203,8.782149,57.351815,2.179644,2.168331,0.071228
1,1789437463.656576872,0.534158716465,-0.256736136472,0.558003648975,-2.49763059295,-1.8602827968,-0.022775353578,3.634939,8.781055,57.448727,2.179835,2.171673,0.06811
1,1789437463.661583662,0.534158716465,-0.256736136472,0.558003648975,-2.49763059295,-1.8602827968,-0.022775353578,3.64023,8.783144,57.543175,2.179546,2.172455,0.069124
1,1789437463.666596413,0.534158716465,-0.256736136472,0.558003648975,-2.49763059295,-1.8602827968,-0.022775353578,3.598554,8.811702,57.42522,2.18384,2.172419,0.07082
1,1789437463.671443701,0.534158716465,-0.256736136472,0.558003648975,-2.49763059295,-1.8602827968,-0.022775353578,3.539935,8.838188,57.475433,2.181665,2.169874,0.066714
1,1789437463.676836491,0.534158716465,-0.256736136472,0.558003648975,-2.49763059295,-1.8602827968,-0.022775353578,3.491222,8.849407,57.534789,2.181367,2.167636,0.068681
1,1789437463.681590080,0.534158716465,-0.256736136472,0.558003648975,-2.49763059295,-1.8602827968,-0.022775353578,3.494854,8.830631,57.506995,2.183192,2.168133,0.068888
1,1789437463.686584949,0.534158716465,-0.256736136472,0.558003648975,-2.49763059295,-1.8602827968,-0.022775353578,3.529798,8.786627,57.434182,2.182431,2.16723,0.070112
1,1789437463.691820145,0.534158716465,-0.256736136472,0.558003648975,-2.49763059295,-1.8602827968,-0.022775353578,3.636974,8.737838,57.352154,2.180136,2.17316,0.072268
1,1789437463.696625233,0.534158716465,-0.256736136472,0.558003648975,-2.49763059295,-1.8602827968,-0.022775353578,3.629822,8.791507,57.482147,2.181042,2.167175,0.065049
1,1789437463.701585770,0.534158716465,-0.256736136472,0.558003648975,-2.49763059295,-1.8602827968,-0.022775353578,3.639882,8.77177,57.376437,2.179935,2.175403,0.076057
1,1789437463.706484795,0.534158716465,-0.256736136472,0.558003648975,-2.49763059295,-1.8602827968,-0.022775353578,3.59729,8.857731,57.405292,2.17551,2.164489,0.06894
1,1789437463.711686134,0.534158716465,-0.256736136472,0.558003648975,-2.49763059295,-1.8602827968,-0.022775353578,3.521415,8.823581,57.557868,2.182979,2.168659,0.065777
1,1789437463.716803789,0.534158716465,-0.256736136472,0.558003648975,-2.49763059295,-1.8602827968,-0.022775353578,3.482329,8.856914,57.378095,2.178333,2.167111,0.069569
1,1789437463.724394083,0.534158716465,-0.256736136472,0.558003648975,-2.49763059295,-1.8602827968,-0.022775353578,3.497193,8.782509,57.516505,2.185965,2.169625,0.069408
1,1789437463.727544785,0.534158716465,-0.256736136472,0.558003648975,-2.49763059295,-1.8602827968,-0.022775353578,3.586015,8.807538,57.577897,2.176978,2.16741,0.066793
1,1789437463.731632710,0.534158716465,-0.256736136472,0.558003648975,-2.49763059295,-1.8602827968,-0.022775353578,3.632757,8.742514,57.48756,2.185729,2.170467,0.069152
1,1789437463.736613989,0.534158716465,-0.256736136472,0.558003648975,-2.49763059295,-1.8602827968,-0.022775353578,3.671442,8.777877,57.348998,2.177425,2.171772,0.069903
1,1789437463.743097305,0.534158716465,-0.256736136472,0.558003648975,-2.49763059295,-1.8602827968,-0.022775353578,3.621025,8.796825,57.397842,2.179244,2.169188,0.070968
1,1789437463.746492624,0.534158716465,-0.256736136472,0.558003648975,-2.49763059295,-1.8602827968,-0.022775353578,3.551054,8.840458,57.533521,2.181052,2.172918,0.068547
1,1789437463.751439095,0.534158716465,-0.256736136472,0.558003648975,-2.49763059295,-1.8602827968,-0.022775353578,3.510002,8.847715,57.386711,2.179991,2.164647,0.06889
1,1789437463.756290197,0.534158716465,-0.256736136472,0.558003648975,-2.49763059295,-1.8602827968,-0.022775353578,3.470718,8.8196,57.481151,2.18266,2.165939,0.070037
1,1789437463.761464119,0.534158716465,-0.256736136472,0.558003648975,-2.49763059295,-1.8602827968,-0.022775353578,3.506661,8.808555,57.536841,2.182012,2.167896,0.070272
1,1789437463.766403675,0.534158716465,-0.256736136472,0.558003648975,-2.49763059295,-1.8602827968,-0.022775353578,3.608086,8.735556,57.418604,2.184003,2.169746,0.072686
1,1789437463.771356583,0.534158716465,-0.256736136472,0.558003648975,-2.49763059295,-1.8602827968,-0.022775353578,3.695774,8.756763,57.383012,2.178183,2.171627,0.067919
1,1789437463.776543856,0.534158716465,-0.256736136472,0.558003648975,-2.49763059295,-1.8602827968,-0.022775353578,3.640482,8.793652,57.586829,2.180748,2.170407,0.066951
1,1789437463.781580448,0.534158716465,-0.256736136472,0.558003648975,-2.49763059295,-1.8602827968,-0.022775353578,3.563128,8.889834,57.464323,2.178269,2.170709,0.071502
1,1789437463.786327839,0.534158716465,-0.256736136472,0.558003648975,-2.49763059295,-1.8602827968,-0.022775353578,3.481573,8.881562,57.431566,2.180182,2.164872,0.067625
2,1789437512.141969442,0.534133308245,-0.256755862187,0.558001822627,-2.18578103615,-1.61321965598,0.606781521505,-4.5459,23.475203,51.81144,0.809874,1.295572,-0.417463
2,1789437512.146833420,0.534133308245,-0.256755862187,0.558001822627,-2.18578103615,-1.61321965598,0.606781521505,-4.423549,23.463976,51.601323,0.803533,1.292083,-0.415088
2,1789437512.151819468,0.534133308245,-0.256755862187,0.558001822627,-2.18578103615,-1.61321965598,0.606781521505,-4.331057,23.3725,51.758245,0.809656,1.29676,-0.420972
2,1789437512.156933784,0.534133308245,-0.256755862187,0.558001822627,-2.18578103615,-1.61321965598,0.606781521505,-4.328356,23.396825,51.791397,0.809581,1.301458,-0.423223
2,1789437512.161896706,0.534133308245,-0.256755862187,0.558001822627,-2.18578103615,-1.61321965598,0.606781521505,-4.32513,23.419966,51.657402,0.814302,1.30297,-0.419616
2,1789437512.166797400,0.534133308245,-0.256755862187,0.558001822627,-2.18578103615,-1.61321965598,0.606781521505,-4.413844,23.554985,51.685816,0.799472,1.289756,-0.427427
2,1789437512.171812534,0.534133308245,-0.256755862187,0.558001822627,-2.18578103615,-1.61321965598,0.606781521505,-4.460268,23.460616,51.953154,0.815207,1.303245,-0.427273
2,1789437512.176867723,0.534133308245,-0.256755862187,0.558001822627,-2.18578103615,-1.61321965598,0.606781521505,-4.495994,23.49518,51.745184,0.807964,1.294596,-0.418353
2,1789437512.182046175,0.534133308245,-0.256755862187,0.558001822627,-2.18578103615,-1.61321965598,0.606781521505,-4.458334,23.466586,51.711273,0.80399,1.292318,-0.416211
2,1789437512.186897516,0.534133308245,-0.256755862187,0.558001822627,-2.18578103615,-1.61321965598,0.606781521505,-4.340496,23.375992,51.82748,0.810425,1.302139,-0.423796
2,1789437512.191947937,0.534133308245,-0.256755862187,0.558001822627,-2.18578103615,-1.61321965598,0.606781521505,-4.266722,23.364398,51.731249,0.809023,1.297367,-0.426284
2,1789437512.197190285,0.534133308245,-0.256755862187,0.558001822627,-2.18578103615,-1.61321965598,0.606781521505,-4.282913,23.392444,51.576889,0.806469,1.299869,-0.41757
2,1789437512.201846600,0.534133308245,-0.256755862187,0.558001822627,-2.18578103615,-1.61321965598,0.606781521505,-4.442266,23.520765,51.801223,0.806838,1.297593,-0.424028
2,1789437512.207024097,0.534133308245,-0.256755862187,0.558001822627,-2.18578103615,-1.61321965598,0.606781521505,-4.518347,23.618653,51.782268,0.801808,1.290568,-0.431637
2,1789437512.211791754,0.534133308245,-0.256755862187,0.558001822627,-2.18578103615,-1.61321965598,0.606781521505,-4.492851,23.492413,51.700269,0.809192,1.293087,-0.423559
2,1789437512.216866016,0.534133308245,-0.256755862187,0.558001822627,-2.18578103615,-1.61321965598,0.606781521505,-4.414127,23.379178,51.687185,0.803859,1.29738,-0.418724
2,1789437512.221826553,0.534133308245,-0.256755862187,0.558001822627,-2.18578103615,-1.61321965598,0.606781521505,-4.346835,23.33584,51.899447,0.812077,1.298262,-0.419571
2,1789437512.227137566,0.534133308245,-0.256755862187,0.558001822627,-2.18578103615,-1.61321965598,0.606781521505,-4.314072,23.411316,51.626673,0.805984,1.293389,-0.422361
2,1789437512.231853962,0.534133308245,-0.256755862187,0.558001822627,-2.18578103615,-1.61321965598,0.606781521505,-4.328354,23.382779,51.715676,0.810543,1.301453,-0.417931
2,1789437512.236854553,0.534133308245,-0.256755862187,0.558001822627,-2.18578103615,-1.61321965598,0.606781521505,-4.486012,23.519907,51.778922,0.806564,1.295407,-0.414553
2,1789437512.241997004,0.534133308245,-0.256755862187,0.558001822627,-2.18578103615,-1.61321965598,0.606781521505,-4.483778,23.573359,51.739743,0.805528,1.292553,-0.422509
2,1789437512.246712685,0.534133308245,-0.256755862187,0.558001822627,-2.18578103615,-1.61321965598,0.606781521505,-4.417703,23.445791,51.809937,0.815741,1.29956,-0.429984
2,1789437512.251868486,0.534133308245,-0.256755862187,0.558001822627,-2.18578103615,-1.61321965598,0.606781521505,-4.444684,23.523075,51.63924,0.801063,1.291031,-0.421121
2,1789437512.256991625,0.534133308245,-0.256755862187,0.558001822627,-2.18578103615,-1.61321965598,0.606781521505,-4.405391,23.354692,51.888289,0.818441,1.299881,-0.41476
2,1789437512.261883497,0.534133308245,-0.256755862187,0.558001822627,-2.18578103615,-1.61321965598,0.606781521505,-4.321407,23.402486,51.576992,0.804188,1.296322,-0.417953
2,1789437512.266744375,0.534133308245,-0.256755862187,0.558001822627,-2.18578103615,-1.61321965598,0.606781521505,-4.366146,23.409971,51.793115,0.810915,1.297314,-0.422686
2,1789437512.271708250,0.534133308245,-0.256755862187,0.558001822627,-2.18578103615,-1.61321965598,0.606781521505,-4.40822,23.495582,51.891619,0.80393,1.297793,-0.425521
2,1789437512.277148008,0.534133308245,-0.256755862187,0.558001822627,-2.18578103615,-1.61321965598,0.606781521505,-4.432093,23.512441,51.736146,0.803071,1.295371,-0.424142
2,1789437512.281732559,0.534133308245,-0.256755862187,0.558001822627,-2.18578103615,-1.61321965598,0.606781521505,-4.408362,23.481856,51.75656,0.811708,1.300952,-0.428358
2,1789437512.286939859,0.534133308245,-0.256755862187,0.558001822627,-2.18578103615,-1.61321965598,0.606781521505,-4.405251,23.45009,51.82059,0.809352,1.298551,-0.429135
2,1789437512.292067766,0.534133308245,-0.256755862187,0.558001822627,-2.18578103615,-1.61321965598,0.606781521505,-4.375033,23.408925,51.729669,0.807687,1.298269,-0.42144
2,1789437512.296936035,0.534133308245,-0.256755862187,0.558001822627,-2.18578103615,-1.61321965598,0.606781521505,-4.418869,23.419645,51.600623,0.809959,1.299213,-0.414597
2,1789437512.302824974,0.534133308245,-0.256755862187,0.558001822627,-2.18578103615,-1.61321965598,0.606781521505,-4.386343,23.452443,51.703194,0.806766,1.297346,-0.420834
2,1789437512.307193279,0.534133308245,-0.256755862187,0.558001822627,-2.18578103615,-1.61321965598,0.606781521505,-4.343119,23.482797,51.792876,0.80124,1.295449,-0.429361
2,1789437512.311772108,0.534133308245,-0.256755862187,0.558001822627,-2.18578103615,-1.61321965598,0.606781521505,-4.395804,23.465252,51.680794,0.806751,1.294059,-0.423759
2,1789437512.316668510,0.534133308245,-0.256755862187,0.558001822627,-2.18578103615,-1.61321965598,0.606781521505,-4.377348,23.4481,51.718015,0.806012,1.299007,-0.423079
2,1789437512.321716547,0.534133308245,-0.256755862187,0.558001822627,-2.18578103615,-1.61321965598,0.606781521505,-4.374847,23.412753,51.942167,0.807773,1.296072,-0.428748
2,1789437512.326817036,0.534133308245,-0.256755862187,0.558001822627,-2.18578103615,-1.61321965598,0.606781521505,-4.433553,23.471462,51.661929,0.804381,1.293782,-0.417908
2,1789437512.331612587,0.534133308245,-0.256755862187,0.558001822627,-2.18578103615,-1.61321965598,0.606781521505,-4.492415,23.414691,51.717653,0.814823,1.29588,-0.411549
2,1789437512.336632729,0.534133308245,-0.256755862187,0.558001822627,-2.18578103615,-1.61321965598,0.606781521505,-4.411932,23.421869,51.767583,0.813866,1.297217,-0.421287
2,1789437512.342020273,0.534133308245,-0.256755862187,0.558001822627,-2.18578103615,-1.61321965598,0.606781521505,-4.436218,23.428,51.620297,0.804032,1.293169,-0.414551
2,1789437512.346687317,0.534133308245,-0.256755862187,0.558001822627,-2.18578103615,-1.61321965598,0.606781521505,-4.396477,23.371904,51.817204,0.80881,1.296587,-0.418975
2,1789437512.351838350,0.534133308245,-0.256755862187,0.558001822627,-2.18578103615,-1.61321965598,0.606781521505,-4.345013,23.44689,51.707595,0.798797,1.293516,-0.42429
2,1789437512.356890917,0.534133308245,-0.256755862187,0.558001822627,-2.18578103615,-1.61321965598,0.606781521505,-4.360564,23.464537,51.532799,0.806334,1.292344,-0.423358
2,1789437512.361791134,0.534133308245,-0.256755862187,0.558001822627,-2.18578103615,-1.61321965598,0.606781521505,-4.369206,23.476843,51.666097,0.801803,1.29421,-0.427236
2,1789437512.366934538,0.534133308245,-0.256755862187,0.558001822627,-2.18578103615,-1.61321965598,0.606781521505,-4.402368,23.458707,51.820426,0.806957,1.297376,-0.429383
2,1789437512.373458624,0.534133308245,-0.256755862187,0.558001822627,-2.18578103615,-1.61321965598,0.606781521505,-4.497623,23.485167,51.653358,0.808694,1.290416,-0.417995
2,1789437512.377079487,0.534133308245,-0.256755862187,0.558001822627,-2.18578103615,-1.61321965598,0.606781521505,-4.446752,23.448324,51.696884,0.801935,1.294103,-0.413117
2,1789437512.381663561,0.534133308245,-0.256755862187,0.558001822627,-2.18578103615,-1.61321965598,0.606781521505,-4.394067,23.354248,51.978948,0.81454,1.298205,-0.422511
2,1789437512.386908531,0.534133308245,-0.256755862187,0.558001822627,-2.18578103615,-1.61321965598,0.606781521505,-4.35584,23.418463,51.732842,0.809801,1.3,-0.419236
2,1789437512.392216682,0.534133308245,-0.256755862187,0.558001822627,-2.18578103615,-1.61321965598,0.606781521505,-4.371191,23.455053,51.681764,0.810349,1.297914,-0.422669
2,1789437512.396877527,0.534133308245,-0.256755862187,0.558001822627,-2.18578103615,-1.61321965598,0.606781521505,-4.34486,23.441149,51.711796,0.811621,1.304908,-0.426499
2,1789437512.401720762,0.534133308245,-0.256755862187,0.558001822627,-2.18578103615,-1.61321965598,0.606781521505,-4.407827,23.499444,51.800182,0.807886,1.29629,-0.424729
2,1789437512.407104015,0.534133308245,-0.256755862187,0.558001822627,-2.18578103615,-1.61321965598,0.606781521505,-4.467613,23.471668,51.700152,0.808021,1.297669,-0.416891
2,1789437512.411742210,0.534133308245,-0.256755862187,0.558001822627,-2.18578103615,-1.61321965598,0.606781521505,-4.488914,23.433991,51.72739,0.811401,1.297658,-0.417197
2,1789437512.417355061,0.534133308245,-0.256755862187,0.558001822627,-2.18578103615,-1.61321965598,0.606781521505,-4.385271,23.386323,51.68625,0.809763,1.29558,-0.419637
2,1789437512.421817541,0.534133308245,-0.256755862187,0.558001822627,-2.18578103615,-1.61321965598,0.606781521505,-4.343771,23.392498,51.672059,0.801747,1.293753,-0.42292
2,1789437512.427000761,0.534133308245,-0.256755862187,0.558001822627,-2.18578103615,-1.61321965598,0.606781521505,-4.365384,23.429055,51.718271,0.805542,1.296558,-0.42307
2,1789437512.431894779,0.534133308245,-0.256755862187,0.558001822627,-2.18578103615,-1.61321965598,0.606781521505,-4.352057,23.454044,51.877777,0.803192,1.298998,-0.428076
2,1789437512.436946869,0.534133308245,-0.256755862187,0.558001822627,-2.18578103615,-1.61321965598,0.606781521505,-4.36852,23.463523,51.703083,0.806344,1.296222,-0.427152
2,1789437512.442346573,0.534133308245,-0.256755862187,0.558001822627,-2.18578103615,-1.61321965598,0.606781521505,-4.466256,23.48698,51.63731,0.80547,1.295999,-0.421715
2,1789437512.446696758,0.534133308245,-0.256755862187,0.558001822627,-2.18578103615,-1.61321965598,0.606781521505,-4.500871,23.495234,51.694472,0.809268,1.292883,-0.421313
2,1789437512.451710463,0.534133308245,-0.256755862187,0.558001822627,-2.18578103615,-1.61321965598,0.606781521505,-4.418126,23.437527,51.781317,0.811665,1.298096,-0.424429
2,1789437512.457009077,0.534133308245,-0.256755862187,0.558001822627,-2.18578103615,-1.61321965598,0.606781521505,-4.335783,23.409039,51.555825,0.802757,1.295369,-0.419761
2,1789437512.461803675,0.534133308245,-0.256755862187,0.558001822627,-2.18578103615,-1.61321965598,0.606781521505,-4.363971,23.371749,51.813833,0.812954,1.301917,-0.420612
2,1789437512.466971397,0.534133308245,-0.256755862187,0.558001822627,-2.18578103615,-1.61321965598,0.606781521505,-4.374658,23.500974,51.737051,0.79848,1.293539,-0.423582
2,1789437512.471678972,0.534133308245,-0.256755862187,0.558001822627,-2.18578103615,-1.61321965598,0.606781521505,-4.397611,23.435646,51.74609,0.813189,1.297802,-0.42316
2,1789437512.476956129,0.534133308245,-0.256755862187,0.558001822627,-2.18578103615,-1.61321965598,0.606781521505,-4.423238,23.518516,51.682009,0.79963,1.292407,-0.423353
2,1789437512.481906652,0.534133308245,-0.256755862187,0.558001822627,-2.18578103615,-1.61321965598,0.606781521505,-4.451018,23.444385,51.986214,0.814462,1.296963,-0.424506
2,1789437512.486814499,0.534133308245,-0.256755862187,0.558001822627,-2.18578103615,-1.61321965598,0.606781521505,-4.443282,23.491679,51.645353,0.801307,1.288672,-0.423308
2,1789437512.491899967,0.534133308245,-0.256755862187,0.558001822627,-2.18578103615,-1.61321965598,0.606781521505,-4.375063,23.39493,51.688033,0.81027,1.299188,-0.41811
2,1789437512.496874094,0.534133308245,-0.256755862187,0.558001822627,-2.18578103615,-1.61321965598,0.606781521505,-4.354716,23.411047,51.612256,0.803472,1.291369,-0.419845
2,1789437512.501872301,0.534133308245,-0.256755862187,0.558001822627,-2.18578103615,-1.61321965598,0.606781521505,-4.363093,23.378365,51.755003,0.808875,1.294331,-0.417329
2,1789437512.507117510,0.534133308245,-0.256755862187,0.558001822627,-2.18578103615,-1.61321965598,0.606781521505,-4.409206,23.446938,51.588935,0.807977,1.297489,-0.416459
2,1789437512.511877060,0.534133308245,-0.256755862187,0.558001822627,-2.18578103615,-1.61321965598,0.606781521505,-4.392729,23.510987,51.76464,0.803938,1.297632,-0.429559
2,1789437512.516723633,0.534133308245,-0.256755862187,0.558001822627,-2.18578103615,-1.61321965598,0.606781521505,-4.432732,23.485443,51.881096,0.810223,1.298391,-0.432392
2,1789437512.521948338,0.534133308245,-0.256755862187,0.558001822627,-2.18578103615,-1.61321965598,0.606781521505,-4.452576,23.494307,51.667172,0.807867,1.297309,-0.420353
2,1789437512.526500940,0.534133308245,-0.256755862187,0.558001822627,-2.18578103615,-1.61321965598,0.606781521505,-4.372079,23.333869,51.724151,0.813068,1.300139,-0.418432
2,1789437512.531374693,0.534133308245,-0.256755862187,0.558001822627,-2.18578103615,-1.61321965598,0.606781521505,-4.38441,23.386749,51.90461,0.811388,1.29721,-0.422687
2,1789437512.536355257,0.534133308245,-0.256755862187,0.558001822627,-2.18578103615,-1.61321965598,0.606781521505,-4.350379,23.4279,51.733834,0.809682,1.300407,-0.418586
2,1789437512.541569471,0.534133308245,-0.256755862187,0.558001822627,-2.18578103615,-1.61321965598,0.606781521505,-4.364815,23.455114,51.626666,0.804529,1.297795,-0.422124
2,1789437512.546318769,0.534133308245,-0.256755862187,0.558001822627,-2.18578103615,-1.61321965598,0.606781521505,-4.368501,23.440191,51.728011,0.808379,1.298766,-0.416557
2,1789437512.551410913,0.534133308245,-0.256755862187,0.558001822627,-2.18578103615,-1.61321965598,0.606781521505,-4.367381,23.470913,51.638957,0.805205,1.295415,-0.420533
2,1789437512.556540728,0.534133308245,-0.256755862187,0.558001822627,-2.18578103615,-1.61321965598,0.606781521505,-4.378278,23.477524,51.609463,0.805388,1.296766,-0.421465
2,1789437512.561448336,0.534133308245,-0.256755862187,0.558001822627,-2.18578103615,-1.61321965598,0.606781521505,-4.4355,23.499384,51.736009,0.806004,1.294355,-0.424322
2,1789437512.566326380,0.534133308245,-0.256755862187,0.558001822627,-2.18578103615,-1.61321965598,0.606781521505,-4.420768,23.423396,51.586278,0.808763,1.294896,-0.424465
2,1789437512.571417332,0.534133308245,-0.256755862187,0.558001822627,-2.18578103615,-1.61321965598,0.606781521505,-4.44114,23.403126,51.732291,0.807689,1.296468,-0.419951
2,1789437512.576549292,0.534133308245,-0.256755862187,0.558001822627,-2.18578103615,-1.61321965598,0.606781521505,-4.423844,23.393512,51.881638,0.812592,1.297525,-0.41951
2,1789437512.581381321,0.534133308245,-0.256755862187,0.558001822627,-2.18578103615,-1.61321965598,0.606781521505,-4.403398,23.478875,51.689533,0.803844,1.295289,-0.417944
2,1789437512.586328983,0.534133308245,-0.256755862187,0.558001822627,-2.18578103615,-1.61321965598,0.606781521505,-4.360433,23.455351,51.754918,0.806793,1.30118,-0.423072
2,1789437512.591650486,0.534133308245,-0.256755862187,0.558001822627,-2.18578103615,-1.61321965598,0.606781521505,-4.357346,23.481411,51.908506,0.806095,1.298898,-0.432517
2,1789437512.596558094,0.534133308245,-0.256755862187,0.558001822627,-2.18578103615,-1.61321965598,0.606781521505,-4.364172,23.445387,51.71371,0.806885,1.295962,-0.426223
2,1789437512.601399183,0.534133308245,-0.256755862187,0.558001822627,-2.18578103615,-1.61321965598,0.606781521505,-4.423788,23.44516,51.588722,0.805055,1.291064,-0.423363
2,1789437512.606582642,0.534133308245,-0.256755862187,0.558001822627,-2.18578103615,-1.61321965598,0.606781521505,-4.437022,23.425873,51.58455,0.808852,1.297074,-0.419296
2,1789437512.611520529,0.534133308245,-0.256755862187,0.558001822627,-2.18578103615,-1.61321965598,0.606781521505,-4.437681,23.485614,51.746371,0.80244,1.291086,-0.417793
2,1789437512.616633654,0.534133308245,-0.256755862187,0.558001822627,-2.18578103615,-1.61321965598,0.606781521505,-4.41037,23.443908,51.592096,0.807245,1.293091,-0.414861
2,1789437512.621649981,0.534133308245,-0.256755862187,0.558001822627,-2.18578103615,-1.61321965598,0.606781521505,-4.3192,23.393708,51.727879,0.805937,1.300347,-0.422224
2,1789437512.626749277,0.534133308245,-0.256755862187,0.558001822627,-2.18578103615,-1.61321965598,0.606781521505,-4.339143,23.444691,51.804698,0.806492,1.296312,-0.427488
2,1789437512.631498575,0.534133308245,-0.256755862187,0.558001822627,-2.18578103615,-1.61321965598,0.606781521505,-4.422368,23.458197,51.724513,0.810852,1.295959,-0.425416
2,1789437512.636479855,0.534133308245,-0.256755862187,0.558001822627,-2.18578103615,-1.61321965598,0.606781521505,-4.430392,23.50698,51.662155,0.806498,1.296253,-0.423781
2,1789437512.641942501,0.534133308245,-0.256755862187,0.558001822627,-2.18578103615,-1.61321965598,0.606781521505,-4.435793,23.44145,51.962004,0.814693,1.300473,-0.421669
2,1789437512.646662951,0.534133308245,-0.256755862187,0.558001822627,-2.18578103615,-1.61321965598,0.606781521505,-4.433961,23.500315,51.664022,0.803743,1.292629,-0.416814
2,1789437512.651394129,0.534133308245,-0.256755862187,0.558001822627,-2.18578103615,-1.61321965598,0.606781521505,-4.398463,23.386617,51.763695,0.814661,1.30376,-0.416825
2,1789437512.656676769,0.534133308245,-0.256755862187,0.558001822627,-2.18578103615,-1.61321965598,0.606781521505,-4.327823,23.406452,51.538758,0.804955,1.296505,-0.424721
2,1789437512.661560059,0.534133308245,-0.256755862187,0.558001822627,-2.18578103615,-1.61321965598,0.606781521505,-4.350078,23.393312,51.846373,0.813402,1.296418,-0.424394
2,1789437512.666535139,0.534133308245,-0.256755862187,0.558001822627,-2.18578103615,-1.61321965598,0.606781521505,-4.368481,23.450766,51.555746,0.800885,1.29771,-0.41977
2,1789437512.671755314,0.534133308245,-0.256755862187,0.558001822627,-2.18578103615,-1.61321965598,0.606781521505,-4.356557,23.468207,51.661164,0.803839,1.296304,-0.424118
2,1789437512.677187920,0.534133308245,-0.256755862187,0.558001822627,-2.18578103615,-1.61321965598,0.606781521505,-4.438512,23.429387,51.89138,0.814746,1.297455,-0.425546
2,1789437512.682053804,0.534133308245,-0.256755862187,0.558001822627,-2.18578103615,-1.61321965598,0.606781521505,-4.463043,23.579056,51.587939,0.794634,1.291366,-0.418351
2,1789437512.686883926,0.534133308245,-0.256755862187,0.558001822627,-2.18578103615,-1.61321965598,0.606781521505,-4.456492,23.393449,51.880769,0.815885,1.296053,-0.420318
2,1789437512.692160845,0.534133308245,-0.256755862187,0.558001822627,-2.18578103615,-1.61321965598,0.606781521505,-4.388639,23.468075,51.785278,0.799052,1.291732,-0.428592
2,1789437512.696939707,0.534133308245,-0.256755862187,0.558001822627,-2.18578103615,-1.61321965598,0.606781521505,-4.312506,23.300543,51.77108,0.816719,1.304376,-0.423594
2,1789437512.701899290,0.534133308245,-0.256755862187,0.558001822627,-2.18578103615,-1.61321965598,0.606781521505,-4.374842,23.492174,51.58446,0.800846,1.289488,-0.420393
2,1789437512.706760645,0.534133308245,-0.256755862187,0.558001822627,-2.18578103615,-1.61321965598,0.606781521505,-4.392978,23.436049,51.678522,0.810944,1.304129,-0.417934
2,1789437512.711622238,0.534133308245,-0.256755862187,0.558001822627,-2.18578103615,-1.61321965598,0.606781521505,-4.385778,23.517454,51.788457,0.805348,1.295958,-0.42639
2,1789437512.716512203,0.534133308245,-0.256755862187,0.558001822627,-2.18578103615,-1.61321965598,0.606781521505,-4.435054,23.466062,51.587012,0.811045,1.294727,-0.418194
2,1789437512.721484900,0.534133308245,-0.256755862187,0.558001822627,-2.18578103615,-1.61321965598,0.606781521505,-4.457722,23.391248,51.725169,0.810671,1.294269,-0.418766
2,1789437512.726674795,0.534133308245,-0.256755862187,0.558001822627,-2.18578103615,-1.61321965598,0.606781521505,-4.421474,23.418046,51.771068,0.810255,1.300205,-0.418608
2,1789437512.731508970,0.534133308245,-0.256755862187,0.558001822627,-2.18578103615,-1.61321965598,0.606781521505,-4.377127,23.419643,51.668502,0.812424,1.290164,-0.419894
2,1789437512.736490488,0.534133308245,-0.256755862187,0.558001822627,-2.18578103615,-1.61321965598,0.606781521505,-4.326898,23.47584,51.685906,0.800387,1.295782,-0.420131
2,1789437512.741698265,0.534133308245,-0.256755862187,0.558001822627,-2.18578103615,-1.61321965598,0.606781521505,-4.371168,23.468248,51.959444,0.805798,1.297336,-0.423656
2,1789437512.746579170,0.534133308245,-0.256755862187,0.558001822627,-2.18578103615,-1.61321965598,0.606781521505,-4.39292,23.524251,51.648497,0.801634,1.290616,-0.427252
2,1789437512.751639605,0.534133308245,-0.256755862187,0.558001822627,-2.18578103615,-1.61321965598,0.606781521505,-4.422971,23.434221,51.767319,0.813226,1.299516,-0.427348
2,1789437512.756721973,0.534133308245,-0.256755862187,0.558001822627,-2.18578103615,-1.61321965598,0.606781521505,-4.386183,23.486636,51.758112,0.806918,1.298791,-0.427524
2,1789437512.761663675,0.534133308245,-0.256755862187,0.558001822627,-2.18578103615,-1.61321965598,0.606781521505,-4.420296,23.482428,51.570509,0.807213,1.297907,-0.422563
2,1789437512.766506195,0.534133308245,-0.256755862187,0.558001822627,-2.18578103615,-1.61321965598,0.606781521505,-4.44752,23.418535,51.50131,0.812572,1.294002,-0.419348
2,1789437512.771550655,0.534133308245,-0.256755862187,0.558001822627,-2.18578103615,-1.61321965598,0.606781521505,-4.402836,23.396256,51.78864,0.809707,1.297244,-0.419478
2,1789437512.776684523,0.534133308245,-0.256755862187,0.558001822627,-2.18578103615,-1.61321965598,0.606781521505,-4.379487,23.421978,51.528588,0.80507,1.294826,-0.413439
2,1789437512.781520128,0.534133308245,-0.256755862187,0.558001822627,-2.18578103615,-1.61321965598,0.606781521505,-4.367217,23.443197,51.756079,0.806834,1.296379,-0.422795
2,1789437512.786487103,0.534133308245,-0.256755862187,0.558001822627,-2.18578103615,-1.61321965598,0.606781521505,-4.366704,23.506305,51.813069,0.805703,1.296656,-0.428397
2,1789437512.791687012,0.534133308245,-0.256755862187,0.558001822627,-2.18578103615,-1.61321965598,0.606781521505,-4.367329,23.491738,51.724767,0.808923,1.297961,-0.425131
2,1789437512.796498060,0.534133308245,-0.256755862187,0.558001822627,-2.18578103615,-1.61321965598,0.606781521505,-4.423541,23.499556,51.71026,0.804684,1.292975,-0.423038
2,1789437512.801453114,0.534133308245,-0.256755862187,0.558001822627,-2.18578103615,-1.61321965598,0.606781521505,-4.448717,23.436591,51.754336,0.807179,1.294396,-0.424194
2,1789437512.806681871,0.534133308245,-0.256755862187,0.558001822627,-2.18578103615,-1.61321965598,0.606781521505,-4.418282,23.388996,51.733095,0.812806,1.297602,-0.419279
2,1789437512.811664820,0.534133308245,-0.256755862187,0.558001822627,-2.18578103615,-1.61321965598,0.606781521505,-4.437639,23.402125,51.684067,0.810869,1.294139,-0.415287
2,1789437512.816565990,0.534133308245,-0.256755862187,0.558001822627,-2.18578103615,-1.61321965598,0.606781521505,-4.356833,23.464226,51.382625,0.799537,1.296098,-0.411538
2,1789437512.821606874,0.534133308245,-0.256755862187,0.558001822627,-2.18578103615,-1.61321965598,0.606781521505,-4.349932,23.473665,51.892424,0.808478,1.297987,-0.430957
2,1789437512.827511072,0.534133308245,-0.256755862187,0.558001822627,-2.18578103615,-1.61321965598,0.606781521505,-4.371134,23.504298,51.565509,0.802758,1.29402,-0.42628
2,1789437512.831498861,0.534133308245,-0.256755862187,0.558001822627,-2.18578103615,-1.61321965598,0.606781521505,-4.401325,23.472631,51.718576,0.801122,1.294558,-0.423292
2,1789437512.836504936,0.534133308245,-0.256755862187,0.558001822627,-2.18578103615,-1.61321965598,0.606781521505,-4.431671,23.410355,51.815693,0.809456,1.296078,-0.426344
2,1789437512.841648340,0.534133308245,-0.256755862187,0.558001822627,-2.18578103615,-1.61321965598,0.606781521505,-4.468033,23.462076,51.648485,0.805858,1.292575,-0.42075
2,1789437512.846489906,0.534133308245,-0.256755862187,0.558001822627,-2.18578103615,-1.61321965598,0.606781521505,-4.473923,23.409671,51.82856,0.814035,1.296973,-0.417929
2,1789437512.851492405,0.534133308245,-0.256755862187,0.558001822627,-2.18578103615,-1.61321965598,0.606781521505,-4.366485,23.497672,51.79469,0.795475,1.292805,-0.422405
2,1789437512.856669903,0.534133308245,-0.256755862187,0.558001822627,-2.18578103615,-1.61321965598,0.606781521505,-4.333027,23.368742,51.829107,0.818314,1.303598,-0.422638
2,1789437512.861587286,0.534133308245,-0.256755862187,0.558001822627,-2.18578103615,-1.61321965598,0.606781521505,-4.35317,23.512576,51.559145,0.800969,1.294326,-0.424328
2,1789437512.866602421,0.534133308245,-0.256755862187,0.558001822627,-2.18578103615,-1.61321965598,0.606781521505,-4.382603,23.375284,51.59484,0.816957,1.303429,-0.417741
2,1789437512.871589899,0.534133308245,-0.256755862187,0.558001822627,-2.18578103615,-1.61321965598,0.606781521505,-4.464276,23.494692,51.726375,0.805625,1.290791,-0.424933
2,1789437512.876671791,0.534133308245,-0.256755862187,0.558001822627,-2.18578103615,-1.61321965598,0.606781521505,-4.439153,23.458597,51.59626,0.809606,1.298523,-0.417746
2,1789437512.881591082,0.534133308245,-0.256755862187,0.558001822627,-2.18578103615,-1.61321965598,0.606781521505,-4.420327,23.401548,51.740498,0.810515,1.296906,-0.420634
2,1789437512.886596680,0.534133308245,-0.256755862187,0.558001822627,-2.18578103615,-1.61321965598,0.606781521505,-4.375882,23.417874,51.759803,0.807236,1.296053,-0.420275
2,1789437512.891742229,0.534133308245,-0.256755862187,0.558001822627,-2.18578103615,-1.61321965598,0.606781521505,-4.360626,23.385204,51.709087,0.811618,1.296831,-0.416731
2,1789437512.896581173,0.534133308245,-0.256755862187,0.558001822627,-2.18578103615,-1.61321965598,0.606781521505,-4.354414,23.422183,51.672099,0.806005,1.295583,-0.422917
2,1789437512.901571035,0.534133308245,-0.256755862187,0.558001822627,-2.18578103615,-1.61321965598,0.606781521505,-4.404262,23.445801,51.919901,0.810203,1.297208,-0.425166
2,1789437512.906941891,0.534133308245,-0.256755862187,0.558001822627,-2.18578103615,-1.61321965598,0.606781521505,-4.401146,23.488741,51.685336,0.804066,1.294131,-0.420872
2,1789437512.911601305,0.534133308245,-0.256755862187,0.558001822627,-2.18578103615,-1.61321965598,0.606781521505,-4.405575,23.45812,51.591021,0.808552,1.296124,-0.421396
2,1789437512.916501045,0.534133308245,-0.256755862187,0.558001822627,-2.18578103615,-1.61321965598,0.606781521505,-4.390185,23.440668,51.483478,0.808454,1.299664,-0.418216
2,1789437512.921533346,0.534133308245,-0.256755862187,0.558001822627,-2.18578103615,-1.61321965598,0.606781521505,-4.460426,23.448661,51.793211,0.811344,1.292773,-0.423423
2,1789437512.926669359,0.534133308245,-0.256755862187,0.558001822627,-2.18578103615,-1.61321965598,0.606781521505,-4.402574,23.408064,51.756811,0.811917,1.300135,-0.415728
2,1789437512.931575298,0.534133308245,-0.256755862187,0.558001822627,-2.18578103615,-1.61321965598,0.606781521505,-4.345086,23.442898,51.709122,0.803241,1.299025,-0.422715
2,1789437512.936469078,0.534133308245,-0.256755862187,0.558001822627,-2.18578103615,-1.61321965598,0.606781521505,-4.323467,23.4362,51.735635,0.810138,1.294503,-0.430264
2,1789437512.941856146,0.534133308245,-0.256755862187,0.558001822627,-2.18578103615,-1.61321965598,0.606781521505,-4.36284,23.510322,51.670459,0.799331,1.297312,-0.424173
2,1789437512.946578026,0.534133308245,-0.256755862187,0.558001822627,-2.18578103615,-1.61321965598,0.606781521505,-4.421429,23.485206,51.705414,0.805332,1.294628,-0.425951
2,1789437512.951737404,0.534133308245,-0.256755862187,0.558001822627,-2.18578103615,-1.61321965598,0.606781521505,-4.474002,23.493711,51.829651,0.803364,1.2923,-0.424115
2,1789437512.956865311,0.534133308245,-0.256755862187,0.558001822627,-2.18578103615,-1.61321965598,0.606781521505,-4.427992,23.441179,51.729082,0.808205,1.294453,-0.422475
2,1789437512.961799860,0.534133308245,-0.256755862187,0.558001822627,-2.18578103615,-1.61321965598,0.606781521505,-4.362563,23.423863,51.618397,0.80186,1.294123,-0.421654
2,1789437512.966743231,0.534133308245,-0.256755862187,0.558001822627,-2.18578103615,-1.61321965598,0.606781521505,-4.436227,23.393798,51.734686,0.812304,1.296894,-0.418351
2,1789437512.971580505,0.534133308245,-0.256755862187,0.558001822627,-2.18578103615,-1.61321965598,0.606781521505,-4.379361,23.451344,51.635777,0.801876,1.292989,-0.422743
2,1789437512.976688147,0.534133308245,-0.256755862187,0.558001822627,-2.18578103615,-1.61321965598,0.606781521505,-4.313933,23.33939,51.794897,0.815017,1.299941,-0.426949
2,1789437512.981686592,0.534133308245,-0.256755862187,0.558001822627,-2.18578103615,-1.61321965598,0.606781521505,-4.342459,23.490014,51.630498,0.798479,1.293362,-0.420196
2,1789437512.986520290,0.534133308245,-0.256755862187,0.558001822627,-2.18578103615,-1.61321965598,0.606781521505,-4.378983,23.456668,51.786519,0.810723,1.299357,-0.420943
2,1789437512.991898298,0.534133308245,-0.256755862187,0.558001822627,-2.18578103615,-1.61321965598,0.606781521505,-4.426343,23.501017,51.653579,0.802455,1.289188,-0.424006
2,1789437512.996659994,0.534133308245,-0.256755862187,0.558001822627,-2.18578103615,-1.61321965598,0.606781521505,-4.43265,23.416588,51.838193,0.808302,1.295708,-0.423857
2,1789437513.001630306,0.534133308245,-0.256755862187,0.558001822627,-2.18578103615,-1.61321965598,0.606781521505,-4.42132,23.389955,51.696045,0.810241,1.294,-0.419549
2,1789437513.006813526,0.534133308245,-0.256755862187,0.558001822627,-2.18578103615,-1.61321965598,0.606781521505,-4.387368,23.44227,51.664313,0.803603,1.291664,-0.416383
2,1789437513.011790514,0.534133308245,-0.256755862187,0.558001822627,-2.18578103615,-1.61321965598,0.606781521505,-4.387701,23.397392,51.985289,0.815848,1.30112,-0.424363
2,1789437513.016772509,0.534133308245,-0.256755862187,0.558001822627,-2.18578103615,-1.61321965598,0.606781521505,-4.359699,23.485153,51.690765,0.800681,1.296902,-0.42299
2,1789437513.021611691,0.534133308245,-0.256755862187,0.558001822627,-2.18578103615,-1.61321965598,0.606781521505,-4.383843,23.427643,51.713259,0.814267,1.299323,-0.420088
2,1789437513.026881456,0.534133308245,-0.256755862187,0.558001822627,-2.18578103615,-1.61321965598,0.606781521505,-4.409507,23.502396,51.398761,0.800533,1.293965,-0.419735
2,1789437513.031589031,0.534133308245,-0.256755862187,0.558001822627,-2.18578103615,-1.61321965598,0.606781521505,-4.380352,23.390509,51.850648,0.81699,1.304673,-0.426815
2,1789437513.036399364,0.534133308245,-0.256755862187,0.558001822627,-2.18578103615,-1.61321965598,0.606781521505,-4.471245,23.503551,51.566967,0.802608,1.289824,-0.419793
2,1789437513.041576385,0.534133308245,-0.256755862187,0.558001822627,-2.18578103615,-1.61321965598,0.606781521505,-4.451764,23.429979,51.7734,0.809944,1.299764,-0.417216
2,1789437513.046356678,0.534133308245,-0.256755862187,0.558001822627,-2.18578103615,-1.61321965598,0.606781521505,-4.394865,23.428813,51.803247,0.804945,1.295013,-0.42244
2,1789437513.051361084,0.534133308245,-0.256755862187,0.558001822627,-2.18578103615,-1.61321965598,0.606781521505,-4.343444,23.38666,51.738972,0.810656,1.297388,-0.421437
2,1789437513.056550503,0.534133308245,-0.256755862187,0.558001822627,-2.18578103615,-1.61321965598,0.606781521505,-4.346432,23.40366,51.766443,0.808473,1.298539,-0.421655
2,1789437513.061439514,0.534133308245,-0.256755862187,0.558001822627,-2.18578103615,-1.61321965598,0.606781521505,-4.40184,23.503273,51.921386,0.80215,1.293618,-0.430868
2,1789437513.066308022,0.534133308245,-0.256755862187,0.558001822627,-2.18578103615,-1.61321965598,0.606781521505,-4.409893,23.492961,51.777764,0.811623,1.296719,-0.427194
2,1789437513.071398497,0.534133308245,-0.256755862187,0.558001822627,-2.18578103615,-1.61321965598,0.606781521505,-4.408121,23.504287,51.554244,0.800569,1.293558,-0.421531
2,1789437513.076659679,0.534133308245,-0.256755862187,0.558001822627,-2.18578103615,-1.61321965598,0.606781521505,-4.409395,23.372209,51.511181,0.814981,1.298132,-0.412188
2,1789437513.081622601,0.534133308245,-0.256755862187,0.558001822627,-2.18578103615,-1.61321965598,0.606781521505,-4.403118,23.431265,51.726046,0.803719,1.294078,-0.418282
2,1789437513.086522579,0.534133308245,-0.256755862187,0.558001822627,-2.18578103615,-1.61321965598,0.606781521505,-4.360796,23.369223,51.653539,0.816755,1.300714,-0.416108
2,1789437513.091592550,0.534133308245,-0.256755862187,0.558001822627,-2.18578103615,-1.61321965598,0.606781521505,-4.366307,23.478078,51.684096,0.799873,1.293376,-0.421621
2,1789437513.096465588,0.534133308245,-0.256755862187,0.558001822627,-2.18578103615,-1.61321965598,0.606781521505,-4.391453,23.480988,51.931665,0.812929,1.298709,-0.429687
2,1789437513.101584673,0.534133308245,-0.256755862187,0.558001822627,-2.18578103615,-1.61321965598,0.606781521505,-4.391227,23.551646,51.677799,0.799694,1.297158,-0.425722
2,1789437513.106604099,0.534133308245,-0.256755862187,0.558001822627,-2.18578103615,-1.61321965598,0.606781521505,-4.402807,23.450163,51.780841,0.813848,1.295505,-0.425118
2,1789437513.111528873,0.534133308245,-0.256755862187,0.558001822627,-2.18578103615,-1.61321965598,0.606781521505,-4.395969,23.416456,51.813519,0.805302,1.293212,-0.421949
2,1789437513.116477728,0.534133308245,-0.256755862187,0.558001822627,-2.18578103615,-1.61321965598,0.606781521505,-4.411692,23.385767,51.727711,0.810125,1.295979,-0.416838
2,1789437513.121567965,0.534133308245,-0.256755862187,0.558001822627,-2.18578103615,-1.61321965598,0.606781521505,-4.437902,23.433068,51.598898,0.801897,1.293037,-0.41639
2,1789437513.126749992,0.534133308245,-0.256755862187,0.558001822627,-2.18578103615,-1.61321965598,0.606781521505,-4.357355,23.44535,51.520255,0.805577,1.297625,-0.418686
2,1789437513.131608725,0.534133308245,-0.256755862187,0.558001822627,-2.18578103615,-1.61321965598,0.606781521505,-4.334365,23.475344,51.761012,0.800729,1.293625,-0.432098
2,1789437513.136685610,0.534133308245,-0.256755862187,0.558001822627,-2.18578103615,-1.61321965598,0.606781521505,-4.335746,23.449776,51.569151,0.805641,1.298251,-0.423147
2,1789437513.142111540,0.534133308245,-0.256755862187,0.558001822627,-2.18578103615,-1.61321965598,0.606781521505,-4.397683,23.454964,51.787134,0.811057,1.298534,-0.426726
2,1789437513.146895885,0.534133308245,-0.256755862187,0.558001822627,-2.18578103615,-1.61321965598,0.606781521505,-4.435467,23.477139,51.755388,0.805496,1.295128,-0.423604
2,1789437513.151901722,0.534133308245,-0.256755862187,0.558001822627,-2.18578103615,-1.61321965598,0.606781521505,-4.457305,23.470309,51.719095,0.808914,1.292088,-0.417295
2,1789437513.156890392,0.534133308245,-0.256755862187,0.558001822627,-2.18578103615,-1.61321965598,0.606781521505,-4.413103,23.438321,51.652183,0.807141,1.296863,-0.417698
2,1789437513.161853075,0.534133308245,-0.256755862187,0.558001822627,-2.18578103615,-1.61321965598,0.606781521505,-4.378236,23.416675,51.732809,0.80883,1.296653,-0.419629
2,1789437513.166589499,0.534133308245,-0.256755862187,0.558001822627,-2.18578103615,-1.61321965598,0.606781521505,-4.315988,23.423405,51.712112,0.80662,1.300983,-0.426543
2,1789437513.171835899,0.534133308245,-0.256755862187,0.558001822627,-2.18578103615,-1.61321965598,0.606781521505,-4.339245,23.42246,51.597565,0.808246,1.297259,-0.422823
2,1789437513.176751852,0.534133308245,-0.256755862187,0.558001822627,-2.18578103615,-1.61321965598,0.606781521505,-4.320028,23.362749,51.751366,0.813971,1.306481,-0.424378
2,1789437513.181564331,0.534133308245,-0.256755862187,0.558001822627,-2.18578103615,-1.61321965598,0.606781521505,-4.33537,23.420883,51.640618,0.806269,1.293915,-0.431503
2,1789437513.186552525,0.534133308245,-0.256755862187,0.558001822627,-2.18578103615,-1.61321965598,0.606781521505,-4.428691,23.464646,51.751116,0.812306,1.300102,-0.419783
2,1789437513.191838980,0.534133308245,-0.256755862187,0.558001822627,-2.18578103615,-1.61321965598,0.606781521505,-4.486239,23.611787,51.775575,0.79834,1.291285,-0.423655
2,1789437513.196653128,0.534133308245,-0.256755862187,0.558001822627,-2.18578103615,-1.61321965598,0.606781521505,-4.428063,23.45327,51.632808,0.810112,1.296841,-0.42442
2,1789437513.201545715,0.534133308245,-0.256755862187,0.558001822627,-2.18578103615,-1.61321965598,0.606781521505,-4.401439,23.44418,51.657795,0.804024,1.295876,-0.420198
2,1789437513.207131624,0.534133308245,-0.256755862187,0.558001822627,-2.18578103615,-1.61321965598,0.606781521505,-4.349226,23.322454,51.878442,0.815331,1.298154,-0.42113
2,1789437513.211894989,0.534133308245,-0.256755862187,0.558001822627,-2.18578103615,-1.61321965598,0.606781521505,-4.310275,23.396414,51.625933,0.803058,1.294449,-0.422601
2,1789437513.216864586,0.534133308245,-0.256755862187,0.558001822627,-2.18578103615,-1.61321965598,0.606781521505,-4.372871,23.4297,51.76486,0.812044,1.301853,-0.422529
2,1789437513.221593857,0.534133308245,-0.256755862187,0.558001822627,-2.18578103615,-1.61321965598,0.606781521505,-4.422377,23.52857,51.862149,0.801793,1.292,-0.42735
2,1789437513.226745605,0.534133308245,-0.256755862187,0.558001822627,-2.18578103615,-1.61321965598,0.606781521505,-4.432331,23.507389,51.73287,0.805203,1.294431,-0.420312
2,1789437513.231514454,0.534133308245,-0.256755862187,0.558001822627,-2.18578103615,-1.61321965598,0.606781521505,-4.44919,23.442832,51.55855,0.808288,1.294557,-0.418423
2,1789437513.236548901,0.534133308245,-0.256755862187,0.558001822627,-2.18578103615,-1.61321965598,0.606781521505,-4.393976,23.392262,51.442972,0.808287,1.290793,-0.41503
2,1789437513.241769791,0.534133308245,-0.256755862187,0.558001822627,-2.18578103615,-1.61321965598,0.606781521505,-4.366688,23.370185,51.770649,0.808374,1.29352,-0.419307
2,1789437513.246477604,0.534133308245,-0.256755862187,0.558001822627,-2.18578103615,-1.61321965598,0.606781521505,-4.335232,23.416969,51.540261,0.805841,1.296239,-0.417761
2,1789437513.251510382,0.534133308245,-0.256755862187,0.558001822627,-2.18578103615,-1.61321965598,0.606781521505,-4.372344,23.463567,51.758376,0.805039,1.293695,-0.421681
2,1789437513.256851673,0.534133308245,-0.256755862187,0.558001822627,-2.18578103615,-1.61321965598,0.606781521505,-4.345152,23.493211,51.795994,0.801486,1.297672,-0.427133
2,1789437513.261608601,0.534133308245,-0.256755862187,0.558001822627,-2.18578103615,-1.61321965598,0.606781521505,-4.436295,23.44461,51.727384,0.811211,1.295184,-0.423571
2,1789437513.266640186,0.534133308245,-0.256755862187,0.558001822627,-2.18578103615,-1.61321965598,0.606781521505,-4.462891,23.483166,51.711565,0.807632,1.296098,-0.421821
2,1789437513.271542072,0.534133308245,-0.256755862187,0.558001822627,-2.18578103615,-1.61321965598,0.606781521505,-4.442292,23.455638,51.916751,0.809216,1.294764,-0.42757
2,1789437513.276698351,0.534133308245,-0.256755862187,0.558001822627,-2.18578103615,-1.61321965598,0.606781521505,-4.393977,23.435394,51.737648,0.809625,1.297916,-0.422529
2,1789437513.281665087,0.534133308245,-0.256755862187,0.558001822627,-2.18578103615,-1.61321965598,0.606781521505,-4.391762,23.442721,51.581343,0.807192,1.296726,-0.415378
2,1789437513.286621809,0.534133308245,-0.256755862187,0.558001822627,-2.18578103615,-1.61321965598,0.606781521505,-4.331172,23.438951,51.558005,0.807956,1.298494,-0.418215
2,1789437513.291725874,0.534133308245,-0.256755862187,0.558001822627,-2.18578103615,-1.61321965598,0.606781521505,-4.369432,23.48337,51.776473,0.802599,1.2953,-0.427982
2,1789437513.296592236,0.534133308245,-0.256755862187,0.558001822627,-2.18578103615,-1.61321965598,0.606781521505,-4.39177,23.443488,51.615266,0.813691,1.299693,-0.423374
2,1789437513.301617146,0.534133308245,-0.256755862187,0.558001822627,-2.18578103615,-1.61321965598,0.606781521505,-4.40902,23.523608,51.623279,0.799083,1.294303,-0.425051
2,1789437513.306879997,0.534133308245,-0.256755862187,0.558001822627,-2.18578103615,-1.61321965598,0.606781521505,-4.449961,23.451499,51.887631,0.811713,1.295643,-0.422202
2,1789437513.311625481,0.534133308245,-0.256755862187,0.558001822627,-2.18578103615,-1.61321965598,0.606781521505,-4.444691,23.468309,51.687147,0.805319,1.297915,-0.419208
2,1789437513.316597223,0.534133308245,-0.256755862187,0.558001822627,-2.18578103615,-1.61321965598,0.606781521505,-4.420036,23.416518,51.73502,0.813435,1.297582,-0.418179
2,1789437513.321461201,0.534133308245,-0.256755862187,0.558001822627,-2.18578103615,-1.61321965598,0.606781521505,-4.349068,23.392944,51.875942,0.811796,1.302471,-0.422602
2,1789437513.326723099,0.534133308245,-0.256755862187,0.558001822627,-2.18578103615,-1.61321965598,0.606781521505,-4.329448,23.448624,51.719407,0.809465,1.298441,-0.422246
2,1789437513.331458569,0.534133308245,-0.256755862187,0.558001822627,-2.18578103615,-1.61321965598,0.606781521505,-4.357845,23.495522,51.66096,0.810286,1.299573,-0.424124
2,1789437513.336411953,0.534133308245,-0.256755862187,0.558001822627,-2.18578103615,-1.61321965598,0.606781521505,-4.398583,23.526184,51.421636,0.803979,1.298649,-0.422666
2,1789437513.341747522,0.534133308245,-0.256755862187,0.558001822627,-2.18578103615,-1.61321965598,0.606781521505,-4.429449,23.459412,51.852863,0.81284,1.299053,-0.426345
2,1789437513.346643686,0.534133308245,-0.256755862187,0.558001822627,-2.18578103615,-1.61321965598,0.606781521505,-4.461664,23.453401,51.544434,0.806601,1.290762,-0.415957
2,1789437513.352066278,0.534133308245,-0.256755862187,0.558001822627,-2.18578103615,-1.61321965598,0.606781521505,-4.42145,23.360165,51.761185,0.810209,1.295523,-0.419206
2,1789437513.356636524,0.534133308245,-0.256755862187,0.558001822627,-2.18578103615,-1.61321965598,0.606781521505,-4.370676,23.441883,51.765205,0.799698,1.292439,-0.423246
2,1789437513.361657619,0.534133308245,-0.256755862187,0.558001822627,-2.18578103615,-1.61321965598,0.606781521505,-4.377163,23.431892,51.779997,0.807555,1.295679,-0.419359
2,1789437513.366476059,0.534133308245,-0.256755862187,0.558001822627,-2.18578103615,-1.61321965598,0.606781521505,-4.348936,23.487224,51.682953,0.800693,1.294068,-0.422337
2,1789437513.371491671,0.534133308245,-0.256755862187,0.558001822627,-2.18578103615,-1.61321965598,0.606781521505,-4.378538,23.444327,51.932977,0.811094,1.299034,-0.42856
2,1789437513.376703262,0.534133308245,-0.256755862187,0.558001822627,-2.18578103615,-1.61321965598,0.606781521505,-4.431527,23.513566,51.632086,0.803401,1.288557,-0.426049
2,1789437513.381473780,0.534133308245,-0.256755862187,0.558001822627,-2.18578103615,-1.61321965598,0.606781521505,-4.448658,23.432397,51.620644,0.809664,1.298393,-0.413852
2,1789437513.386430740,0.534133308245,-0.256755862187,0.558001822627,-2.18578103615,-1.61321965598,0.606781521505,-4.448559,23.50728,51.710017,0.806208,1.293529,-0.423217
2,1789437513.391670942,0.534133308245,-0.256755862187,0.558001822627,-2.18578103615,-1.61321965598,0.606781521505,-4.42971,23.376413,51.569411,0.815773,1.297873,-0.416772
2,1789437513.396443844,0.534133308245,-0.256755862187,0.558001822627,-2.18578103615,-1.61321965598,0.606781521505,-4.405893,23.414746,51.481156,0.803025,1.293618,-0.414129
2,1789437513.401446342,0.534133308245,-0.256755862187,0.558001822627,-2.18578103615,-1.61321965598,0.606781521505,-4.396425,23.397443,51.8439,0.809382,1.293226,-0.420289
2,1789437513.406582594,0.534133308245,-0.256755862187,0.558001822627,-2.18578103615,-1.61321965598,0.606781521505,-4.367428,23.474928,51.606202,0.803037,1.296692,-0.417467
2,1789437513.411617994,0.534133308245,-0.256755862187,0.558001822627,-2.18578103615,-1.61321965598,0.606781521505,-4.327058,23.466967,51.70862,0.802776,1.292903,-0.42992
2,1789437513.416676760,0.534133308245,-0.256755862187,0.558001822627,-2.18578103615,-1.61321965598,0.606781521505,-4.354132,23.449662,51.820567,0.805675,1.296844,-0.429244
2,1789437513.421662092,0.534133308245,-0.256755862187,0.558001822627,-2.18578103615,-1.61321965598,0.606781521505,-4.410482,23.463644,51.662962,0.803839,1.29312,-0.42332
2,1789437513.426621914,0.534133308245,-0.256755862187,0.558001822627,-2.18578103615,-1.61321965598,0.606781521505,-4.485557,23.45274,51.743918,0.809554,1.294431,-0.418988
2,1789437513.431580782,0.534133308245,-0.256755862187,0.558001822627,-2.18578103615,-1.61321965598,0.606781521505,-4.468836,23.469487,51.867604,0.80344,1.291482,-0.42359
2,1789437513.436441183,0.534133308245,-0.256755862187,0.558001822627,-2.18578103615,-1.61321965598,0.606781521505,-4.39931,23.404866,51.797824,0.811837,1.298612,-0.419475
2,1789437513.441699743,0.534133308245,-0.256755862187,0.558001822627,-2.18578103615,-1.61321965598,0.606781521505,-4.342375,23.429544,51.578614,0.806478,1.300605,-0.416605
2,1789437513.446614981,0.534133308245,-0.256755862187,0.558001822627,-2.18578103615,-1.61321965598,0.606781521505,-4.342539,23.440658,51.773344,0.811578,1.300406,-0.423254
2,1789437513.451524258,0.534133308245,-0.256755862187,0.558001822627,-2.18578103615,-1.61321965598,0.606781521505,-4.394167,23.418303,51.89704,0.818948,1.305664,-0.426971
2,1789437513.456685543,0.534133308245,-0.256755862187,0.558001822627,-2.18578103615,-1.61321965598,0.606781521505,-4.443391,23.506954,51.654962,0.806523,1.296174,-0.422421
2,1789437513.461599827,0.534133308245,-0.256755862187,0.558001822627,-2.18578103615,-1.61321965598,0.606781521505,-4.48509,23.499399,51.792211,0.813535,1.298913,-0.417626
2,1789437513.466458082,0.534133308245,-0.256755862187,0.558001822627,-2.18578103615,-1.61321965598,0.606781521505,-4.43349,23.477255,51.799788,0.804853,1.295826,-0.424897
2,1789437513.471501827,0.534133308245,-0.256755862187,0.558001822627,-2.18578103615,-1.61321965598,0.606781521505,-4.38559,23.449763,51.727891,0.807665,1.294578,-0.423242
2,1789437513.476615667,0.534133308245,-0.256755862187,0.558001822627,-2.18578103615,-1.61321965598,0.606781521505,-4.322858,23.352696,51.718641,0.808876,1.299019,-0.422159
2,1789437513.481724977,0.534133308245,-0.256755862187,0.558001822627,-2.18578103615,-1.61321965598,0.606781521505,-4.339212,23.389497,51.882988,0.804248,1.294373,-0.424852
2,1789437513.486721039,0.534133308245,-0.256755862187,0.558001822627,-2.18578103615,-1.61321965598,0.606781521505,-4.386272,23.442291,51.757181,0.807493,1.2946,-0.422295
2,1789437513.491693258,0.534133308245,-0.256755862187,0.558001822627,-2.18578103615,-1.61321965598,0.606781521505,-4.393599,23.498155,51.569018,0.800078,1.293437,-0.423998
2,1789437513.496455193,0.534133308245,-0.256755862187,0.558001822627,-2.18578103615,-1.61321965598,0.606781521505,-4.42651,23.50402,51.484131,0.804146,1.292664,-0.418881
2,1789437513.501526833,0.534133308245,-0.256755862187,0.558001822627,-2.18578103615,-1.61321965598,0.606781521505,-4.419033,23.474497,51.771733,0.802486,1.291646,-0.425402
2,1789437513.506752968,0.534133308245,-0.256755862187,0.558001822627,-2.18578103615,-1.61321965598,0.606781521505,-4.376817,23.388323,51.572333,0.808836,1.297064,-0.420953
2,1789437513.511643648,0.534133308245,-0.256755862187,0.558001822627,-2.18578103615,-1.61321965598,0.606781521505,-4.376959,23.39042,51.684518,0.80855,1.295395,-0.420787
2,1789437513.517002344,0.534133308245,-0.256755862187,0.558001822627,-2.18578103615,-1.61321965598,0.606781521505,-4.378912,23.400685,51.895547,0.811704,1.300004,-0.42229
2,1789437513.521538019,0.534133308245,-0.256755862187,0.558001822627,-2.18578103615,-1.61321965598,0.606781521505,-4.349463,23.462451,51.70519,0.804334,1.298696,-0.419364
2,1789437513.526753902,0.534133308245,-0.256755862187,0.558001822627,-2.18578103615,-1.61321965598,0.606781521505,-4.394819,23.48667,51.734722,0.806918,1.294553,-0.425054
2,1789437513.531485796,0.534133308245,-0.256755862187,0.558001822627,-2.18578103615,-1.61321965598,0.606781521505,-4.415169,23.52188,51.92218,0.803257,1.296092,-0.430196
2,1789437513.536472797,0.534133308245,-0.256755862187,0.558001822627,-2.18578103615,-1.61321965598,0.606781521505,-4.409711,23.449039,51.712977,0.806099,1.295348,-0.426817
2,1789437513.541764259,0.534133308245,-0.256755862187,0.558001822627,-2.18578103615,-1.61321965598,0.606781521505,-4.448256,23.419696,51.568843,0.806771,1.289974,-0.418145
2,1789437513.546827316,0.534133308245,-0.256755862187,0.558001822627,-2.18578103615,-1.61321965598,0.606781521505,-4.376237,23.381698,51.579089,0.804793,1.294841,-0.416692
2,1789437513.551725626,0.534133308245,-0.256755862187,0.558001822627,-2.18578103615,-1.61321965598,0.606781521505,-4.36679,23.389516,51.806701,0.809146,1.295512,-0.419954
2,1789437513.556847811,0.534133308245,-0.256755862187,0.558001822627,-2.18578103615,-1.61321965598,0.606781521505,-4.358927,23.455261,51.571351,0.804494,1.293941,-0.416142
2,1789437513.561687946,0.534133308245,-0.256755862187,0.558001822627,-2.18578103615,-1.61321965598,0.606781521505,-4.358191,23.454716,51.690973,0.804172,1.295248,-0.422929
2,1789437513.566310406,0.534133308245,-0.256755862187,0.558001822627,-2.18578103615,-1.61321965598,0.606781521505,-4.406238,23.492893,51.822008,0.80451,1.295197,-0.428743
2,1789437513.571412802,0.534133308245,-0.256755862187,0.558001822627,-2.18578103615,-1.61321965598,0.606781521505,-4.459856,23.47141,51.772406,0.812207,1.298067,-0.424398
2,1789437513.576510668,0.534133308245,-0.256755862187,0.558001822627,-2.18578103615,-1.61321965598,0.606781521505,-4.39976,23.444357,51.656747,0.80823,1.298587,-0.420639
2,1789437513.581333876,0.534133308245,-0.256755862187,0.558001822627,-2.18578103615,-1.61321965598,0.606781521505,-4.382439,23.388965,51.915343,0.814015,1.297511,-0.421766
2,1789437513.586319447,0.534133308245,-0.256755862187,0.558001822627,-2.18578103615,-1.61321965598,0.606781521505,-4.409716,23.423984,51.764566,0.813919,1.302293,-0.416617
2,1789437513.592391968,0.534133308245,-0.256755862187,0.558001822627,-2.18578103615,-1.61321965598,0.606781521505,-4.367825,23.437459,51.587741,0.808329,1.300982,-0.416768
2,1789437513.596502542,0.534133308245,-0.256755862187,0.558001822627,-2.18578103615,-1.61321965598,0.606781521505,-4.376665,23.433168,51.755071,0.81083,1.302271,-0.416722
2,1789437513.601409435,0.534133308245,-0.256755862187,0.558001822627,-2.18578103615,-1.61321965598,0.606781521505,-4.32933,23.436681,51.551432,0.804996,1.299747,-0.416233
2,1789437513.606678963,0.534133308245,-0.256755862187,0.558001822627,-2.18578103615,-1.61321965598,0.606781521505,-4.384612,23.412036,51.75486,0.812305,1.299577,-0.42316
2,1789437513.611686468,0.534133308245,-0.256755862187,0.558001822627,-2.18578103615,-1.61321965598,0.606781521505,-4.432074,23.508075,51.765926,0.801989,1.29261,-0.42319
2,1789437513.616560221,0.534133308245,-0.256755862187,0.558001822627,-2.18578103615,-1.61321965598,0.606781521505,-4.435599,23.440357,51.680469,0.810784,1.292789,-0.424074
2,1789437513.621379614,0.534133308245,-0.256755862187,0.558001822627,-2.18578103615,-1.61321965598,0.606781521505,-4.395629,23.509553,51.666638,0.799038,1.288689,-0.427659
2,1789437513.626593828,0.534133308245,-0.256755862187,0.558001822627,-2.18578103615,-1.61321965598,0.606781521505,-4.363143,23.427914,51.840261,0.808099,1.300165,-0.422004
2,1789437513.631441116,0.534133308245,-0.256755862187,0.558001822627,-2.18578103615,-1.61321965598,0.606781521505,-4.367607,23.413057,51.653061,0.802564,1.289251,-0.417742
2,1789437513.636387110,0.534133308245,-0.256755862187,0.558001822627,-2.18578103615,-1.61321965598,0.606781521505,-4.381575,23.355745,51.762951,0.810665,1.299726,-0.411447
2,1789437513.641577482,0.534133308245,-0.256755862187,0.558001822627,-2.18578103615,-1.61321965598,0.606781521505,-4.433211,23.450771,51.637172,0.801955,1.286482,-0.422604
2,1789437513.646359205,0.534133308245,-0.256755862187,0.558001822627,-2.18578103615,-1.61321965598,0.606781521505,-4.426626,23.457065,51.816565,0.809861,1.294769,-0.426171
2,1789437513.651486874,0.534133308245,-0.256755862187,0.558001822627,-2.18578103615,-1.61321965598,0.606781521505,-4.375544,23.495515,51.616151,0.804518,1.300369,-0.42285
2,1789437513.656575203,0.534133308245,-0.256755862187,0.558001822627,-2.18578103615,-1.61321965598,0.606781521505,-4.335697,23.466224,51.578971,0.805053,1.296233,-0.429196
2,1789437513.661671162,0.534133308245,-0.256755862187,0.558001822627,-2.18578103615,-1.61321965598,0.606781521505,-4.372015,23.432496,51.765235,0.805956,1.29688,-0.422769
2,1789437513.666485310,0.534133308245,-0.256755862187,0.558001822627,-2.18578103615,-1.61321965598,0.606781521505,-4.411485,23.41349,51.538156,0.807202,1.294273,-0.41334
2,1789437513.671445608,0.534133308245,-0.256755862187,0.558001822627,-2.18578103615,-1.61321965598,0.606781521505,-4.481663,23.382369,51.773163,0.810181,1.290589,-0.418178
2,1789437513.676642656,0.534133308245,-0.256755862187,0.558001822627,-2.18578103615,-1.61321965598,0.606781521505,-4.435458,23.49339,51.861488,0.803611,1.29858,-0.42081
2,1789437513.681570530,0.534133308245,-0.256755862187,0.558001822627,-2.18578103615,-1.61321965598,0.606781521505,-4.333931,23.435838,51.798568,0.810159,1.296219,-0.431508
2,1789437513.686470032,0.534133308245,-0.256755862187,0.558001822627,-2.18578103615,-1.61321965598,0.606781521505,-4.272873,23.510087,51.643312,0.79688,1.296221,-0.429769
2,1789437513.691599846,0.534133308245,-0.256755862187,0.558001822627,-2.18578103615,-1.61321965598,0.606781521505,-4.371796,23.413,51.944332,0.814238,1.300385,-0.42694
2,1789437513.696534157,0.534133308245,-0.256755862187,0.558001822627,-2.18578103615,-1.61321965598,0.606781521505,-4.459419,23.484997,51.710662,0.805081,1.294924,-0.422513
2,1789437513.701411247,0.534133308245,-0.256755862187,0.558001822627,-2.18578103615,-1.61321965598,0.606781521505,-4.515623,23.428554,51.602856,0.811325,1.295321,-0.413722
2,1789437513.706629992,0.534133308245,-0.256755862187,0.558001822627,-2.18578103615,-1.61321965598,0.606781521505,-4.44011,23.462074,51.64847,0.807093,1.29414,-0.420579
2,1789437513.711550236,0.534133308245,-0.256755862187,0.558001822627,-2.18578103615,-1.61321965598,0.606781521505,-4.328867,23.408805,51.846362,0.810508,1.303652,-0.423611
2,1789437513.716418266,0.534133308245,-0.256755862187,0.558001822627,-2.18578103615,-1.61321965598,0.606781521505,-4.284437,23.408303,51.610365,0.809432,1.299546,-0.426258
2,1789437513.721396446,0.534133308245,-0.256755862187,0.558001822627,-2.18578103615,-1.61321965598,0.606781521505,-4.272525,23.400993,51.712769,0.809255,1.305538,-0.425486
2,1789437513.726619482,0.534133308245,-0.256755862187,0.558001822627,-2.18578103615,-1.61321965598,0.606781521505,-4.412862,23.469355,51.811633,0.80591,1.294615,-0.423328
2,1789437513.731529951,0.534133308245,-0.256755862187,0.558001822627,-2.18578103615,-1.61321965598,0.606781521505,-4.564616,23.499395,51.784305,0.81045,1.290429,-0.417687
2,1789437513.736572266,0.534133308245,-0.256755862187,0.558001822627,-2.18578103615,-1.61321965598,0.606781521505,-4.489454,23.504227,51.696213,0.80364,1.293727,-0.420036
2,1789437513.741960049,0.534133308245,-0.256755862187,0.558001822627,-2.18578103615,-1.61321965598,0.606781521505,-4.409124,23.451248,51.859227,0.806788,1.294588,-0.42862
2,1789437513.746770859,0.534133308245,-0.256755862187,0.558001822627,-2.18578103615,-1.61321965598,0.606781521505,-4.261822,23.351018,51.704952,0.809034,1.298932,-0.424979
2,1789437513.751850128,0.534133308245,-0.256755862187,0.558001822627,-2.18578103615,-1.61321965598,0.606781521505,-4.255854,23.364809,51.522322,0.807717,1.300398,-0.416543
2,1789437513.756880283,0.534133308245,-0.256755862187,0.558001822627,-2.18578103615,-1.61321965598,0.606781521505,-4.405645,23.385808,51.661647,0.810428,1.292718,-0.417822
2,1789437513.761659384,0.534133308245,-0.256755862187,0.558001822627,-2.18578103615,-1.61321965598,0.606781521505,-4.511756,23.517604,51.773491,0.801066,1.288865,-0.418768
2,1789437513.766673088,0.534133308245,-0.256755862187,0.558001822627,-2.18578103615,-1.61321965598,0.606781521505,-4.493222,23.505109,51.665299,0.803342,1.291066,-0.422304
2,1789437513.771663666,0.534133308245,-0.256755862187,0.558001822627,-2.18578103615,-1.61321965598,0.606781521505,-4.402168,23.497333,51.694249,0.799747,1.290514,-0.427599
2,1789437513.776737452,0.534133308245,-0.256755862187,0.558001822627,-2.18578103615,-1.61321965598,0.606781521505,-4.337464,23.406725,51.862756,0.808858,1.300737,-0.425357
2,1789437513.781661272,0.534133308245,-0.256755862187,0.558001822627,-2.18578103615,-1.61321965598,0.606781521505,-4.351908,23.346478,51.707696,0.809439,1.297123,-0.423445
2,1789437513.786631346,0.534133308245,-0.256755862187,0.558001822627,-2.18578103615,-1.61321965598,0.606781521505,-4.406991,23.39845,51.657923,0.808775,1.292342,-0.414261
2,1789437513.791869402,0.534133308245,-0.256755862187,0.558001822627,-2.18578103615,-1.61321965598,0.606781521505,-4.492293,23.429383,51.933207,0.808373,1.293128,-0.416885
2,1789437513.796660185,0.534133308245,-0.256755862187,0.558001822627,-2.18578103615,-1.61321965598,0.606781521505,-4.451848,23.506397,51.819642,0.804899,1.292504,-0.424625
2,1789437513.801752567,0.534133308245,-0.256755862187,0.558001822627,-2.18578103615,-1.61321965598,0.606781521505,-4.386469,23.550027,51.765668,0.803199,1.296866,-0.429165
2,1789437513.807065010,0.534133308245,-0.256755862187,0.558001822627,-2.18578103615,-1.61321965598,0.606781521505,-4.328747,23.517782,51.735301,0.80558,1.304037,-0.423701
2,1789437513.811972857,0.534133308245,-0.256755862187,0.558001822627,-2.18578103615,-1.61321965598,0.606781521505,-4.328525,23.470738,51.616096,0.809326,1.297658,-0.42309
2,1789437513.816797972,0.534133308245,-0.256755862187,0.558001822627,-2.18578103615,-1.61321965598,0.606781521505,-4.38618,23.497397,51.694119,0.801665,1.298573,-0.420711
2,1789437513.821829081,0.534133308245,-0.256755862187,0.558001822627,-2.18578103615,-1.61321965598,0.606781521505,-4.471344,23.416889,51.849811,0.814847,1.29291,-0.428868
2,1789437513.826738596,0.534133308245,-0.256755862187,0.558001822627,-2.18578103615,-1.61321965598,0.606781521505,-4.435004,23.442598,51.646266,0.803733,1.293529,-0.421933
2,1789437513.831654072,0.534133308245,-0.256755862187,0.558001822627,-2.18578103615,-1.61321965598,0.606781521505,-4.411429,23.417946,51.712421,0.807949,1.291715,-0.42137
2,1789437513.836599827,0.534133308245,-0.256755862187,0.558001822627,-2.18578103615,-1.61321965598,0.606781521505,-4.314283,23.409184,51.743126,0.808861,1.302747,-0.418189
2,1789437513.841838598,0.534133308245,-0.256755862187,0.558001822627,-2.18578103615,-1.61321965598,0.606781521505,-4.308885,23.48498,51.694113,0.805732,1.299018,-0.420595
2,1789437513.846689939,0.534133308245,-0.256755862187,0.558001822627,-2.18578103615,-1.61321965598,0.606781521505,-4.388257,23.483659,51.712589,0.808132,1.294788,-0.427329
2,1789437513.851642847,0.534133308245,-0.256755862187,0.558001822627,-2.18578103615,-1.61321965598,0.606781521505,-4.432973,23.451989,51.484618,0.809453,1.300615,-0.417474
2,1789437513.856843233,0.534133308245,-0.256755862187,0.558001822627,-2.18578103615,-1.61321965598,0.606781521505,-4.470914,23.462623,51.744804,0.811372,1.293921,-0.424615
2,1789437513.861717939,0.534133308245,-0.256755862187,0.558001822627,-2.18578103615,-1.61321965598,0.606781521505,-4.429219,23.452983,51.611251,0.807835,1.295196,-0.42042
2,1789437513.866757154,0.534133308245,-0.256755862187,0.558001822627,-2.18578103615,-1.61321965598,0.606781521505,-4.373797,23.39581,51.706824,0.814166,1.30098,-0.417848
2,1789437513.871893644,0.534133308245,-0.256755862187,0.558001822627,-2.18578103615,-1.61321965598,0.606781521505,-4.380511,23.49713,51.842358,0.801955,1.296037,-0.42139
2,1789437513.877072573,0.534133308245,-0.256755862187,0.558001822627,-2.18578103615,-1.61321965598,0.606781521505,-4.335707,23.447328,51.621089,0.802652,1.292899,-0.420146
2,1789437513.881972313,0.534133308245,-0.256755862187,0.558001822627,-2.18578103615,-1.61321965598,0.606781521505,-4.359196,23.448236,51.713983,0.802413,1.293651,-0.426251
2,1789437513.886861563,0.534133308245,-0.256755862187,0.558001822627,-2.18578103615,-1.61321965598,0.606781521505,-4.421027,23.462242,51.878168,0.806731,1.291707,-0.428792
2,1789437513.891690254,0.534133308245,-0.256755862187,0.558001822627,-2.18578103615,-1.61321965598,0.606781521505,-4.410496,23.450199,51.670874,0.804501,1.292962,-0.424185
2,1789437513.896486759,0.534133308245,-0.256755862187,0.558001822627,-2.18578103615,-1.61321965598,0.606781521505,-4.447121,23.444144,51.682695,0.804439,1.293064,-0.422525
2,1789437513.901504040,0.534133308245,-0.256755862187,0.558001822627,-2.18578103615,-1.61321965598,0.606781521505,-4.423425,23.449244,51.733024,0.802236,1.292685,-0.420049
2,1789437513.906697989,0.534133308245,-0.256755862187,0.558001822627,-2.18578103615,-1.61321965598,0.606781521505,-4.407839,23.411814,51.803124,0.811347,1.294354,-0.416526
2,1789437513.911479473,0.534133308245,-0.256755862187,0.558001822627,-2.18578103615,-1.61321965598,0.606781521505,-4.361512,23.442333,51.541702,0.802605,1.296804,-0.416865
2,1789437513.916478634,0.534133308245,-0.256755862187,0.558001822627,-2.18578103615,-1.61321965598,0.606781521505,-4.302488,23.423044,51.683487,0.810445,1.297349,-0.427463
2,1789437513.921421051,0.534133308245,-0.256755862187,0.558001822627,-2.18578103615,-1.61321965598,0.606781521505,-4.346239,23.425236,51.802518,0.808656,1.29872,-0.428576
2,1789437513.926599741,0.534133308245,-0.256755862187,0.558001822627,-2.18578103615,-1.61321965598,0.606781521505,-4.408648,23.47012,51.613084,0.809476,1.29689,-0.419129
2,1789437513.931586981,0.534133308245,-0.256755862187,0.558001822627,-2.18578103615,-1.61321965598,0.606781521505,-4.468944,23.466337,51.726626,0.809835,1.2966,-0.417948
2,1789437513.936646461,0.534133308245,-0.256755862187,0.558001822627,-2.18578103615,-1.61321965598,0.606781521505,-4.433397,23.464269,51.895969,0.8081,1.296732,-0.422712
2,1789437513.941710949,0.534133308245,-0.256755862187,0.558001822627,-2.18578103615,-1.61321965598,0.606781521505,-4.382992,23.42746,51.741094,0.808444,1.297116,-0.420298
2,1789437513.946611166,0.534133308245,-0.256755862187,0.558001822627,-2.18578103615,-1.61321965598,0.606781521505,-4.35152,23.375341,51.676806,0.811059,1.297216,-0.419478
2,1789437513.951555490,0.534133308245,-0.256755862187,0.558001822627,-2.18578103615,-1.61321965598,0.606781521505,-4.306882,23.395426,51.860517,0.808859,1.300618,-0.426749
2,1789437513.956649542,0.534133308245,-0.256755862187,0.558001822627,-2.18578103615,-1.61321965598,0.606781521505,-4.32608,23.430645,51.747276,0.806146,1.296052,-0.428476
2,1789437513.961607218,0.534133308245,-0.256755862187,0.558001822627,-2.18578103615,-1.61321965598,0.606781521505,-4.409139,23.484688,51.544074,0.806906,1.294883,-0.421938
2,1789437513.966469049,0.534133308245,-0.256755862187,0.558001822627,-2.18578103615,-1.61321965598,0.606781521505,-4.423042,23.480042,51.750486,0.807803,1.299415,-0.420284
2,1789437513.971560955,0.534133308245,-0.256755862187,0.558001822627,-2.18578103615,-1.61321965598,0.606781521505,-4.485155,23.51211,51.792455,0.808003,1.291586,-0.42436
2,1789437513.976656199,0.534133308245,-0.256755862187,0.558001822627,-2.18578103615,-1.61321965598,0.606781521505,-4.404944,23.456871,51.595053,0.805935,1.296106,-0.418716
2,1789437513.981446743,0.534133308245,-0.256755862187,0.558001822627,-2.18578103615,-1.61321965598,0.606781521505,-4.380821,23.35815,51.756582,0.812999,1.299576,-0.421756
2,1789437513.986463308,0.534133308245,-0.256755862187,0.558001822627,-2.18578103615,-1.61321965598,0.606781521505,-4.34092,23.410159,51.854094,0.806341,1.294925,-0.425576
2,1789437513.991695881,0.534133308245,-0.256755862187,0.558001822627,-2.18578103615,-1.61321965598,0.606781521505,-4.323979,23.435671,51.725044,0.806582,1.298734,-0.424495
2,1789437513.996517181,0.534133308245,-0.256755862187,0.558001822627,-2.18578103615,-1.61321965598,0.606781521505,-4.407786,23.532226,51.680221,0.802504,1.295339,-0.424294
2,1789437514.001711130,0.534133308245,-0.256755862187,0.558001822627,-2.18578103615,-1.61321965598,0.606781521505,-4.462271,23.504193,51.428499,0.81004,1.29637,-0.412377
2,1789437514.006794930,0.534133308245,-0.256755862187,0.558001822627,-2.18578103615,-1.61321965598,0.606781521505,-4.462626,23.494518,51.72235,0.806583,1.292017,-0.421356
2,1789437514.011744976,0.534133308245,-0.256755862187,0.558001822627,-2.18578103615,-1.61321965598,0.606781521505,-4.416592,23.379354,51.63081,0.811281,1.293544,-0.41963
2,1789437514.016816378,0.534133308245,-0.256755862187,0.558001822627,-2.18578103615,-1.61321965598,0.606781521505,-4.468501,23.50467,51.758533,0.807154,1.293053,-0.421979
2,1789437514.021583557,0.534133308245,-0.256755862187,0.558001822627,-2.18578103615,-1.61321965598,0.606781521505,-4.417571,23.443786,51.624845,0.805657,1.295304,-0.417512
2,1789437514.026818037,0.534133308245,-0.256755862187,0.558001822627,-2.18578103615,-1.61321965598,0.606781521505,-4.385243,23.413385,51.618467,0.80619,1.294643,-0.421575
2,1789437514.031602144,0.534133308245,-0.256755862187,0.558001822627,-2.18578103615,-1.61321965598,0.606781521505,-4.343507,23.384992,51.797472,0.809015,1.298342,-0.425625
2,1789437514.036612034,0.534133308245,-0.256755862187,0.558001822627,-2.18578103615,-1.61321965598,0.606781521505,-4.344835,23.453906,51.658602,0.805105,1.296619,-0.42569
2,1789437514.041688204,0.534133308245,-0.256755862187,0.558001822627,-2.18578103615,-1.61321965598,0.606781521505,-4.369871,23.460618,51.742063,0.806606,1.298272,-0.425755
2,1789437514.046680927,0.534133308245,-0.256755862187,0.558001822627,-2.18578103615,-1.61321965598,0.606781521505,-4.421361,23.518614,51.879502,0.801575,1.294945,-0.427781
2,1789437514.051560163,0.534133308245,-0.256755862187,0.558001822627,-2.18578103615,-1.61321965598,0.606781521505,-4.416053,23.464603,51.690888,0.80873,1.298195,-0.422819
2,1789437514.056988955,0.534133308245,-0.256755862187,0.558001822627,-2.18578103615,-1.61321965598,0.606781521505,-4.40606,23.423052,51.651388,0.806139,1.294933,-0.424415
2,1789437514.061619759,0.534133308245,-0.256755862187,0.558001822627,-2.18578103615,-1.61321965598,0.606781521505,-4.380584,23.378943,51.765974,0.812829,1.299902,-0.421769
2,1789437514.066704988,0.534133308245,-0.256755862187,0.558001822627,-2.18578103615,-1.61321965598,0.606781521505,-4.396984,23.42654,51.796892,0.810392,1.29853,-0.420186
2,1789437514.071613550,0.534133308245,-0.256755862187,0.558001822627,-2.18578103615,-1.61321965598,0.606781521505,-4.343117,23.439657,51.591086,0.810266,1.299692,-0.420828
2,1789437514.076668262,0.534133308245,-0.256755862187,0.558001822627,-2.18578103615,-1.61321965598,0.606781521505,-4.35007,23.462477,51.743281,0.809195,1.301114,-0.42467
2,1789437514.081902504,0.534133308245,-0.256755862187,0.558001822627,-2.18578103615,-1.61321965598,0.606781521505,-4.384159,23.49216,51.808805,0.807989,1.295578,-0.425196
2,1789437514.086498022,0.534133308245,-0.256755862187,0.558001822627,-2.18578103615,-1.61321965598,0.606781521505,-4.397706,23.459588,51.634736,0.808566,1.298489,-0.416879
2,1789437514.091839075,0.534133308245,-0.256755862187,0.558001822627,-2.18578103615,-1.61321965598,0.606781521505,-4.431389,23.443338,51.729581,0.810835,1.292303,-0.422442
2,1789437514.096684456,0.534133308245,-0.256755862187,0.558001822627,-2.18578103615,-1.61321965598,0.606781521505,-4.427703,23.432051,51.858432,0.808322,1.296847,-0.42274
2,1789437514.102138996,0.534133308245,-0.256755862187,0.558001822627,-2.18578103615,-1.61321965598,0.606781521505,-4.405356,23.378584,51.70851,0.809938,1.292905,-0.417527
2,1789437514.107003689,0.534133308245,-0.256755862187,0.558001822627,-2.18578103615,-1.61321965598,0.606781521505,-4.329528,23.419759,51.626557,0.804593,1.29609,-0.416089
2,1789437514.111607552,0.534133308245,-0.256755862187,0.558001822627,-2.18578103615,-1.61321965598,0.606781521505,-4.340924,23.420244,51.773259,0.810138,1.29986,-0.42324
2,1789437514.116649628,0.534133308245,-0.256755862187,0.558001822627,-2.18578103615,-1.61321965598,0.606781521505,-4.362248,23.533362,51.70112,0.802103,1.291561,-0.429264
2,1789437514.121612549,0.534133308245,-0.256755862187,0.558001822627,-2.18578103615,-1.61321965598,0.606781521505,-4.414854,23.454978,51.629808,0.810775,1.301664,-0.419766
2,1789437514.126697302,0.534133308245,-0.256755862187,0.558001822627,-2.18578103615,-1.61321965598,0.606781521505,-4.438709,23.493665,51.646283,0.80168,1.289518,-0.428698
2,1789437514.131688595,0.534133308245,-0.256755862187,0.558001822627,-2.18578103615,-1.61321965598,0.606781521505,-4.437821,23.428404,51.824102,0.810515,1.296147,-0.420956
2,1789437514.136595011,0.534133308245,-0.256755862187,0.558001822627,-2.18578103615,-1.61321965598,0.606781521505,-4.432366,23.430946,51.643313,0.808298,1.294733,-0.417648
2,1789437514.141819239,0.534133308245,-0.256755862187,0.558001822627,-2.18578103615,-1.61321965598,0.606781521505,-4.333832,23.410246,51.649138,0.800837,1.294584,-0.41964
3,1789437601.016534805,0.534198966027,-0.256708642438,0.557993742303,2.34354253072,1.75534918561,0.435910359877,9.29866,-0.964303,55.479317,2.594219,2.377523,0.331997
3,1789437601.021745443,0.534198966027,-0.256708642438,0.557993742303,2.34354253072,1.75534918561,0.435910359877,9.262644,-0.909359,55.608033,2.590382,2.372774,0.32412
3,1789437601.026692390,0.534198966027,-0.256708642438,0.557993742303,2.34354253072,1.75534918561,0.435910359877,9.213142,-0.902308,55.49612,2.593232,2.374593,0.330104
3,1789437601.031617165,0.534198966027,-0.256708642438,0.557993742303,2.34354253072,1.75534918561,0.435910359877,9.166673,-0.880856,55.547016,2.590261,2.36957,0.326214
3,1789437601.036651850,0.534198966027,-0.256708642438,0.557993742303,2.34354253072,1.75534918561,0.435910359877,9.120893,-0.917152,55.70275,2.595339,2.370289,0.324798
3,1789437601.041646957,0.534198966027,-0.256708642438,0.557993742303,2.34354253072,1.75534918561,0.435910359877,9.17883,-0.937873,55.52045,2.594101,2.371584,0.327575
3,1789437601.046554089,0.534198966027,-0.256708642438,0.557993742303,2.34354253072,1.75534918561,0.435910359877,9.25581,-0.968787,55.50271,2.592909,2.37301,0.328545
3,1789437601.051642179,0.534198966027,-0.256708642438,0.557993742303,2.34354253072,1.75534918561,0.435910359877,9.320272,-0.965582,55.683913,2.590267,2.375593,0.325737
3,1789437601.056739330,0.534198966027,-0.256708642438,0.557993742303,2.34354253072,1.75534918561,0.435910359877,9.293897,-0.944021,55.539294,2.590815,2.374679,0.328253
3,1789437601.061804056,0.534198966027,-0.256708642438,0.557993742303,2.34354253072,1.75534918561,0.435910359877,9.230437,-0.914134,55.395559,2.592601,2.374039,0.331285
3,1789437601.066555023,0.534198966027,-0.256708642438,0.557993742303,2.34354253072,1.75534918561,0.435910359877,9.162782,-0.898471,55.464399,2.593104,2.371892,0.327248
3,1789437601.071629524,0.534198966027,-0.256708642438,0.557993742303,2.34354253072,1.75534918561,0.435910359877,9.122838,-0.886602,55.637663,2.593769,2.368177,0.324444
3,1789437601.076739788,0.534198966027,-0.256708642438,0.557993742303,2.34354253072,1.75534918561,0.435910359877,9.173447,-0.919921,55.52022,2.593878,2.371677,0.327338
3,1789437601.081722260,0.534198966027,-0.256708642438,0.557993742303,2.34354253072,1.75534918561,0.435910359877,9.234668,-0.950111,55.491201,2.592087,2.370896,0.326761
3,1789437601.087430000,0.534198966027,-0.256708642438,0.557993742303,2.34354253072,1.75534918561,0.435910359877,9.267198,-0.962721,55.476483,2.592375,2.372736,0.329599
3,1789437601.091693401,0.534198966027,-0.256708642438,0.557993742303,2.34354253072,1.75534918561,0.435910359877,9.294879,-0.991373,55.513845,2.593601,2.374722,0.330078
3,1789437601.096610785,0.534198966027,-0.256708642438,0.557993742303,2.34354253072,1.75534918561,0.435910359877,9.270619,-0.94738,55.495639,2.589163,2.371719,0.329812
3,1789437601.101389647,0.534198966027,-0.256708642438,0.557993742303,2.34354253072,1.75534918561,0.435910359877,9.233066,-0.918156,55.565861,2.593472,2.373809,0.327052
3,1789437601.106566906,0.534198966027,-0.256708642438,0.557993742303,2.34354253072,1.75534918561,0.435910359877,9.157364,-0.865054,55.545463,2.589029,2.369214,0.325085
3,1789437601.111531734,0.534198966027,-0.256708642438,0.557993742303,2.34354253072,1.75534918561,0.435910359877,9.15252,-0.929443,55.457278,2.595639,2.370689,0.328659
3,1789437601.116424084,0.534198966027,-0.256708642438,0.557993742303,2.34354253072,1.75534918561,0.435910359877,9.19056,-0.950503,55.347505,2.592164,2.368216,0.32979
3,1789437601.121651888,0.534198966027,-0.256708642438,0.557993742303,2.34354253072,1.75534918561,0.435910359877,9.25608,-1.003597,55.611876,2.593727,2.373614,0.327173
3,1789437601.126630545,0.534198966027,-0.256708642438,0.557993742303,2.34354253072,1.75534918561,0.435910359877,9.290594,-0.952547,55.369895,2.589974,2.373286,0.332959
3,1789437601.131551504,0.534198966027,-0.256708642438,0.557993742303,2.34354253072,1.75534918561,0.435910359877,9.309382,-0.935239,55.522729,2.591625,2.374667,0.32954
3,1789437601.136594772,0.534198966027,-0.256708642438,0.557993742303,2.34354253072,1.75534918561,0.435910359877,9.225801,-0.896517,55.66729,2.59011,2.374681,0.326489
3,1789437601.141521215,0.534198966027,-0.256708642438,0.557993742303,2.34354253072,1.75534918561,0.435910359877,9.161335,-0.909114,55.521567,2.593494,2.368616,0.327813
3,1789437601.146444321,0.534198966027,-0.256708642438,0.557993742303,2.34354253072,1.75534918561,0.435910359877,9.147669,-0.918907,55.529636,2.590722,2.369331,0.327168
3,1789437601.151462793,0.534198966027,-0.256708642438,0.557993742303,2.34354253072,1.75534918561,0.435910359877,9.148665,-0.928198,55.679839,2.593734,2.367857,0.321815
3,1789437601.156567335,0.534198966027,-0.256708642438,0.557993742303,2.34354253072,1.75534918561,0.435910359877,9.232323,-0.95535,55.541284,2.5923,2.374438,0.329515
3,1789437601.161507130,0.534198966027,-0.256708642438,0.557993742303,2.34354253072,1.75534918561,0.435910359877,9.269891,-0.961004,55.331879,2.593052,2.372296,0.332304
3,1789437601.166383028,0.534198966027,-0.256708642438,0.557993742303,2.34354253072,1.75534918561,0.435910359877,9.228852,-0.975896,55.472893,2.591837,2.371997,0.327215
3,1789437601.171599388,0.534198966027,-0.256708642438,0.557993742303,2.34354253072,1.75534918561,0.435910359877,9.300493,-0.987702,55.385953,2.592702,2.373304,0.331451
3,1789437601.176584244,0.534198966027,-0.256708642438,0.557993742303,2.34354253072,1.75534918561,0.435910359877,9.289113,-0.934531,55.399665,2.590392,2.375486,0.33432
3,1789437601.181662560,0.534198966027,-0.256708642438,0.557993742303,2.34354253072,1.75534918561,0.435910359877,9.249954,-0.923823,55.615031,2.592656,2.374156,0.328884
3,1789437601.186642647,0.534198966027,-0.256708642438,0.557993742303,2.34354253072,1.75534918561,0.435910359877,9.192222,-0.896612,55.432691,2.590166,2.370286,0.330722
3,1789437601.191581488,0.534198966027,-0.256708642438,0.557993742303,2.34354253072,1.75534918561,0.435910359877,9.161743,-0.917674,55.548497,2.593626,2.37028,0.327404
3,1789437601.196664333,0.534198966027,-0.256708642438,0.557993742303,2.34354253072,1.75534918561,0.435910359877,9.159077,-0.91767,55.667563,2.591687,2.368505,0.326008
3,1789437601.201747179,0.534198966027,-0.256708642438,0.557993742303,2.34354253072,1.75534918561,0.435910359877,9.188134,-0.959628,55.486285,2.594545,2.370477,0.329558
3,1789437601.206666946,0.534198966027,-0.256708642438,0.557993742303,2.34354253072,1.75534918561,0.435910359877,9.257643,-0.962637,55.493924,2.591111,2.3737,0.328956
3,1789437601.211704254,0.534198966027,-0.256708642438,0.557993742303,2.34354253072,1.75534918561,0.435910359877,9.308439,-0.9487,55.710601,2.590997,2.374176,0.32467
3,1789437601.216602087,0.534198966027,-0.256708642438,0.557993742303,2.34354253072,1.75534918561,0.435910359877,9.256762,-0.928468,55.567858,2.592218,2.374938,0.328578
3,1789437601.221652269,0.534198966027,-0.256708642438,0.557993742303,2.34354253072,1.75534918561,0.435910359877,9.226924,-0.910703,55.366774,2.591078,2.374678,0.330785
3,1789437601.226649523,0.534198966027,-0.256708642438,0.557993742303,2.34354253072,1.75534918561,0.435910359877,9.192105,-0.906139,55.428323,2.592548,2.373629,0.328258
3,1789437601.231513739,0.534198966027,-0.256708642438,0.557993742303,2.34354253072,1.75534918561,0.435910359877,9.153281,-0.920712,55.646463,2.592927,2.369018,0.324428
3,1789437601.236801624,0.534198966027,-0.256708642438,0.557993742303,2.34354253072,1.75534918561,0.435910359877,9.186405,-0.940919,55.395032,2.595305,2.371771,0.330752
3,1789437601.241673946,0.534198966027,-0.256708642438,0.557993742303,2.34354253072,1.75534918561,0.435910359877,9.223943,-0.971448,55.490931,2.591303,2.371737,0.326795
3,1789437601.246654034,0.534198966027,-0.256708642438,0.557993742303,2.34354253072,1.75534918561,0.435910359877,9.276166,-0.950526,55.628749,2.592637,2.373254,0.325751
3,1789437601.251698017,0.534198966027,-0.256708642438,0.557993742303,2.34354253072,1.75534918561,0.435910359877,9.280424,-0.936827,55.521454,2.591977,2.374785,0.3287
3,1789437601.256715775,0.534198966027,-0.256708642438,0.557993742303,2.34354253072,1.75534918561,0.435910359877,9.257773,-0.93475,55.511272,2.591751,2.374385,0.328053
3,1789437601.261788845,0.534198966027,-0.256708642438,0.557993742303,2.34354253072,1.75534918561,0.435910359877,9.191253,-0.924859,55.755518,2.591791,2.372029,0.323151
3,1789437601.266750574,0.534198966027,-0.256708642438,0.557993742303,2.34354253072,1.75534918561,0.435910359877,9.145103,-0.909392,55.549549,2.592224,2.366781,0.327661
3,1789437601.271799326,0.534198966027,-0.256708642438,0.557993742303,2.34354253072,1.75534918561,0.435910359877,9.145994,-0.932632,55.361912,2.592662,2.368443,0.333014
3,1789437601.276729345,0.534198966027,-0.256708642438,0.557993742303,2.34354253072,1.75534918561,0.435910359877,9.215303,-0.939923,55.508711,2.589132,2.369863,0.325901
3,1789437601.281662464,0.534198966027,-0.256708642438,0.557993742303,2.34354253072,1.75534918561,0.435910359877,9.288148,-0.959301,55.600857,2.592415,2.374104,0.325917
3,1789437601.286743879,0.534198966027,-0.256708642438,0.557993742303,2.34354253072,1.75534918561,0.435910359877,9.304718,-0.954123,55.475018,2.591213,2.376292,0.329042
3,1789437601.291712999,0.534198966027,-0.256708642438,0.557993742303,2.34354253072,1.75534918561,0.435910359877,9.291287,-0.982238,55.49646,2.596068,2.37238,0.330525
3,1789437601.296617746,0.534198966027,-0.256708642438,0.557993742303,2.34354253072,1.75534918561,0.435910359877,9.210685,-0.930633,55.653666,2.590318,2.372674,0.329686
3,1789437601.301517010,0.534198966027,-0.256708642438,0.557993742303,2.34354253072,1.75534918561,0.435910359877,9.145924,-0.918656,55.556639,2.592668,2.369364,0.326549
3,1789437601.306803942,0.534198966027,-0.256708642438,0.557993742303,2.34354253072,1.75534918561,0.435910359877,9.156858,-0.881456,55.530278,2.587687,2.370169,0.327534
3,1789437601.311603308,0.534198966027,-0.256708642438,0.557993742303,2.34354253072,1.75534918561,0.435910359877,9.172203,-0.929069,55.736782,2.593012,2.367313,0.322524
3,1789437601.316508532,0.534198966027,-0.256708642438,0.557993742303,2.34354253072,1.75534918561,0.435910359877,9.237483,-0.97102,55.485989,2.59257,2.372139,0.329681
3,1789437601.321709394,0.534198966027,-0.256708642438,0.557993742303,2.34354253072,1.75534918561,0.435910359877,9.271841,-0.989219,55.340215,2.59176,2.372678,0.331886
3,1789437601.326620579,0.534198966027,-0.256708642438,0.557993742303,2.34354253072,1.75534918561,0.435910359877,9.29301,-0.965092,55.290058,2.590971,2.37324,0.33555
3,1789437601.331702471,0.534198966027,-0.256708642438,0.557993742303,2.34354253072,1.75534918561,0.435910359877,9.251193,-0.896512,55.640489,2.592962,2.375743,0.327312
3,1789437601.336579323,0.534198966027,-0.256708642438,0.557993742303,2.34354253072,1.75534918561,0.435910359877,9.188505,-0.870061,55.428076,2.590787,2.370341,0.327558
3,1789437601.341504812,0.534198966027,-0.256708642438,0.557993742303,2.34354253072,1.75534918561,0.435910359877,9.170135,-0.908385,55.600992,2.593184,2.372292,0.325423
3,1789437601.346497059,0.534198966027,-0.256708642438,0.557993742303,2.34354253072,1.75534918561,0.435910359877,9.128337,-0.938918,55.655015,2.594498,2.367776,0.323852
3,1789437601.351428270,0.534198966027,-0.256708642438,0.557993742303,2.34354253072,1.75534918561,0.435910359877,9.196207,-0.9779,55.515433,2.597021,2.373069,0.330728
3,1789437601.356564999,0.534198966027,-0.256708642438,0.557993742303,2.34354253072,1.75534918561,0.435910359877,9.280304,-0.976072,55.483342,2.592365,2.372285,0.328032
3,1789437601.361484051,0.534198966027,-0.256708642438,0.557993742303,2.34354253072,1.75534918561,0.435910359877,9.308308,-0.946538,55.683658,2.590738,2.378042,0.325728
3,1789437601.366461515,0.534198966027,-0.256708642438,0.557993742303,2.34354253072,1.75534918561,0.435910359877,9.264828,-0.881655,55.555038,2.592307,2.37487,0.326027
3,1789437601.371660233,0.534198966027,-0.256708642438,0.557993742303,2.34354253072,1.75534918561,0.435910359877,9.20753,-0.927079,55.357892,2.592358,2.374225,0.331061
3,1789437601.376553535,0.534198966027,-0.256708642438,0.557993742303,2.34354253072,1.75534918561,0.435910359877,9.266471,-0.912915,55.544659,2.591258,2.371767,0.325157
3,1789437601.381572247,0.534198966027,-0.256708642438,0.557993742303,2.34354253072,1.75534918561,0.435910359877,9.232641,-0.902156,55.441093,2.591264,2.376367,0.330864
3,1789437601.386639118,0.534198966027,-0.256708642438,0.557993742303,2.34354253072,1.75534918561,0.435910359877,9.158099,-0.869225,55.374551,2.590538,2.367165,0.328673
3,1789437601.391613483,0.534198966027,-0.256708642438,0.557993742303,2.34354253072,1.75534918561,0.435910359877,9.118065,-0.914475,55.695708,2.596705,2.373281,0.326576
3,1789437601.396618605,0.534198966027,-0.256708642438,0.557993742303,2.34354253072,1.75534918561,0.435910359877,9.178527,-0.949915,55.354746,2.593499,2.368861,0.328482
3,1789437601.401628256,0.534198966027,-0.256708642438,0.557993742303,2.34354253072,1.75534918561,0.435910359877,9.250279,-0.976389,55.538237,2.593387,2.37131,0.327282
3,1789437601.406582832,0.534198966027,-0.256708642438,0.557993742303,2.34354253072,1.75534918561,0.435910359877,9.288045,-0.969925,55.605906,2.589912,2.375772,0.329498
3,1789437601.411526442,0.534198966027,-0.256708642438,0.557993742303,2.34354253072,1.75534918561,0.435910359877,9.272887,-0.952585,55.505539,2.591945,2.372582,0.330752
3,1789437601.416394234,0.534198966027,-0.256708642438,0.557993742303,2.34354253072,1.75534918561,0.435910359877,9.227427,-0.937457,55.55141,2.591104,2.374335,0.32996
3,1789437601.421600819,0.534198966027,-0.256708642438,0.557993742303,2.34354253072,1.75534918561,0.435910359877,9.180139,-0.919771,55.744835,2.591922,2.368597,0.321824
3,1789437601.426472187,0.534198966027,-0.256708642438,0.557993742303,2.34354253072,1.75534918561,0.435910359877,9.157502,-0.906633,55.529914,2.592274,2.370181,0.327365
3,1789437601.431508541,0.534198966027,-0.256708642438,0.557993742303,2.34354253072,1.75534918561,0.435910359877,9.166284,-0.922937,55.365794,2.593175,2.370007,0.329603
3,1789437601.436650753,0.534198966027,-0.256708642438,0.557993742303,2.34354253072,1.75534918561,0.435910359877,9.227237,-0.928907,55.494379,2.591946,2.373226,0.328984
3,1789437601.441598654,0.534198966027,-0.256708642438,0.557993742303,2.34354253072,1.75534918561,0.435910359877,9.261385,-0.963928,55.602661,2.594296,2.372499,0.326891
3,1789437601.446576357,0.534198966027,-0.256708642438,0.557993742303,2.34354253072,1.75534918561,0.435910359877,9.277597,-0.953036,55.497077,2.592579,2.375416,0.331154
3,1789437601.451819181,0.534198966027,-0.256708642438,0.557993742303,2.34354253072,1.75534918561,0.435910359877,9.263527,-0.924679,55.512358,2.591321,2.374232,0.328703
3,1789437601.456644535,0.534198966027,-0.256708642438,0.557993742303,2.34354253072,1.75534918561,0.435910359877,9.223657,-0.927578,55.667485,2.591651,2.370911,0.326334
3,1789437601.461927414,0.534198966027,-0.256708642438,0.557993742303,2.34354253072,1.75534918561,0.435910359877,9.16921,-0.914124,55.524085,2.590455,2.368999,0.32958
3,1789437601.466645002,0.534198966027,-0.256708642438,0.557993742303,2.34354253072,1.75534918561,0.435910359877,9.14512,-0.947928,55.513264,2.591675,2.369245,0.328757
3,1789437601.471785784,0.534198966027,-0.256708642438,0.557993742303,2.34354253072,1.75534918561,0.435910359877,9.172022,-0.957454,55.702848,2.591389,2.366443,0.324743
3,1789437601.476728678,0.534198966027,-0.256708642438,0.557993742303,2.34354253072,1.75534918561,0.435910359877,9.247494,-0.987025,55.558832,2.594769,2.373771,0.328894
3,1789437601.481544495,0.534198966027,-0.256708642438,0.557993742303,2.34354253072,1.75534918561,0.435910359877,9.29691,-0.958707,55.351513,2.589504,2.375181,0.333363
3,1789437601.486873150,0.534198966027,-0.256708642438,0.557993742303,2.34354253072,1.75534918561,0.435910359877,9.318083,-0.934412,55.250522,2.590988,2.376676,0.334273
3,1789437601.491614103,0.534198966027,-0.256708642438,0.557993742303,2.34354253072,1.75534918561,0.435910359877,9.238952,-0.919875,55.63211,2.592764,2.371827,0.327593
3,1789437601.496648788,0.534198966027,-0.256708642438,0.557993742303,2.34354253072,1.75534918561,0.435910359877,9.178225,-0.90489,55.441084,2.592596,2.372087,0.330327
3,1789437601.501508713,0.534198966027,-0.256708642438,0.557993742303,2.34354253072,1.75534918561,0.435910359877,9.12568,-0.921204,55.558582,2.59394,2.368713,0.327724
3,1789437601.506664276,0.534198966027,-0.256708642438,0.557993742303,2.34354253072,1.75534918561,0.435910359877,9.156635,-0.948907,55.623927,2.592273,2.370079,0.328222
3,1789437601.511656046,0.534198966027,-0.256708642438,0.557993742303,2.34354253072,1.75534918561,0.435910359877,9.219988,-0.978464,55.503926,2.592755,2.370528,0.329085
3,1789437601.516485214,0.534198966027,-0.256708642438,0.557993742303,2.34354253072,1.75534918561,0.435910359877,9.280791,-0.969847,55.486076,2.590566,2.372258,0.32981
3,1789437601.521708012,0.534198966027,-0.256708642438,0.557993742303,2.34354253072,1.75534918561,0.435910359877,9.283959,-0.983058,55.721541,2.590908,2.374054,0.325891
3,1789437601.526729822,0.534198966027,-0.256708642438,0.557993742303,2.34354253072,1.75534918561,0.435910359877,9.257086,-0.934168,55.541488,2.591112,2.373284,0.329444
3,1789437601.531699419,0.534198966027,-0.256708642438,0.557993742303,2.34354253072,1.75534918561,0.435910359877,9.203043,-0.906713,55.368415,2.590564,2.371899,0.331511
3,1789437601.536699057,0.534198966027,-0.256708642438,0.557993742303,2.34354253072,1.75534918561,0.435910359877,9.166283,-0.91037,55.35055,2.591523,2.370347,0.331797
3,1789437601.541705370,0.534198966027,-0.256708642438,0.557993742303,2.34354253072,1.75534918561,0.435910359877,9.152268,-0.925,55.595207,2.591544,2.371251,0.327703
3,1789437601.546678066,0.534198966027,-0.256708642438,0.557993742303,2.34354253072,1.75534918561,0.435910359877,9.167592,-0.954256,55.394886,2.596323,2.368907,0.330376
3,1789437601.551910639,0.534198966027,-0.256708642438,0.557993742303,2.34354253072,1.75534918561,0.435910359877,9.263987,-0.965636,55.501893,2.591352,2.373379,0.328066
3,1789437601.556730986,0.534198966027,-0.256708642438,0.557993742303,2.34354253072,1.75534918561,0.435910359877,9.297322,-0.982332,55.610946,2.594129,2.374844,0.326619
3,1789437601.561810732,0.534198966027,-0.256708642438,0.557993742303,2.34354253072,1.75534918561,0.435910359877,9.272994,-0.940793,55.514919,2.591898,2.374583,0.330502
3,1789437601.566551924,0.534198966027,-0.256708642438,0.557993742303,2.34354253072,1.75534918561,0.435910359877,9.227594,-0.923958,55.541367,2.591416,2.375046,0.32948
3,1789437601.571718931,0.534198966027,-0.256708642438,0.557993742303,2.34354253072,1.75534918561,0.435910359877,9.171548,-0.901182,55.195217,2.590755,2.370033,0.333568
3,1789437601.576600552,0.534198966027,-0.256708642438,0.557993742303,2.34354253072,1.75534918561,0.435910359877,9.138981,-0.924086,55.548773,2.592885,2.370815,0.327671
3,1789437601.581929207,0.534198966027,-0.256708642438,0.557993742303,2.34354253072,1.75534918561,0.435910359877,9.16112,-0.930666,55.419923,2.593327,2.368483,0.328364
3,1789437601.586903572,0.534198966027,-0.256708642438,0.557993742303,2.34354253072,1.75534918561,0.435910359877,9.142084,-0.943996,55.540516,2.594686,2.372058,0.328577
3,1789437601.592044592,0.534198966027,-0.256708642438,0.557993742303,2.34354253072,1.75534918561,0.435910359877,9.163083,-0.929523,55.374505,2.591086,2.367156,0.328959
3,1789437601.596878529,0.534198966027,-0.256708642438,0.557993742303,2.34354253072,1.75534918561,0.435910359877,9.252491,-0.985551,55.279698,2.596084,2.374373,0.334987
3,1789437601.601548910,0.534198966027,-0.256708642438,0.557993742303,2.34354253072,1.75534918561,0.435910359877,9.29872,-0.941191,55.581898,2.58861,2.373665,0.325604
3,1789437601.606699467,0.534198966027,-0.256708642438,0.557993742303,2.34354253072,1.75534918561,0.435910359877,9.32494,-0.964362,55.395431,2.591901,2.376387,0.331819
3,1789437601.611753702,0.534198966027,-0.256708642438,0.557993742303,2.34354253072,1.75534918561,0.435910359877,9.251643,-0.944498,55.53928,2.591862,2.373986,0.328119
3,1789437601.616652250,0.534198966027,-0.256708642438,0.557993742303,2.34354253072,1.75534918561,0.435910359877,9.195735,-0.935266,55.663435,2.59251,2.371025,0.323704
3,1789437601.621801615,0.534198966027,-0.256708642438,0.557993742303,2.34354253072,1.75534918561,0.435910359877,9.146699,-0.911431,55.556329,2.592186,2.369336,0.326312
3,1789437601.626685143,0.534198966027,-0.256708642438,0.557993742303,2.34354253072,1.75534918561,0.435910359877,9.14758,-0.925309,55.511418,2.590573,2.368609,0.327376
3,1789437601.631670952,0.534198966027,-0.256708642438,0.557993742303,2.34354253072,1.75534918561,0.435910359877,9.215579,-0.953367,55.701926,2.589789,2.370421,0.324625
3,1789437601.636806726,0.534198966027,-0.256708642438,0.557993742303,2.34354253072,1.75534918561,0.435910359877,9.26006,-0.97862,55.485285,2.593637,2.371634,0.329208
3,1789437601.641837120,0.534198966027,-0.256708642438,0.557993742303,2.34354253072,1.75534918561,0.435910359877,9.29392,-0.972834,55.334676,2.59112,2.374525,0.334494
3,1789437601.646790028,0.534198966027,-0.256708642438,0.557993742303,2.34354253072,1.75534918561,0.435910359877,9.267402,-0.969468,55.273219,2.591887,2.371431,0.33649
3,1789437601.651657581,0.534198966027,-0.256708642438,0.557993742303,2.34354253072,1.75534918561,0.435910359877,9.227345,-0.928776,55.624864,2.59162,2.373395,0.329168
3,1789437601.656756401,0.534198966027,-0.256708642438,0.557993742303,2.34354253072,1.75534918561,0.435910359877,9.175404,-0.88365,55.402955,2.5905,2.369552,0.329357
3,1789437601.661767244,0.534198966027,-0.256708642438,0.557993742303,2.34354253072,1.75534918561,0.435910359877,9.162277,-0.904302,55.557056,2.593611,2.371168,0.326947
3,1789437601.666767597,0.534198966027,-0.256708642438,0.557993742303,2.34354253072,1.75534918561,0.435910359877,9.171236,-0.918022,55.601242,2.591979,2.368421,0.325221
3,1789437601.671783686,0.534198966027,-0.256708642438,0.557993742303,2.34354253072,1.75534918561,0.435910359877,9.221454,-0.998934,55.507095,2.594866,2.371613,0.331359
3,1789437601.676817179,0.534198966027,-0.256708642438,0.557993742303,2.34354253072,1.75534918561,0.435910359877,9.289027,-0.985453,55.488773,2.592124,2.37208,0.33162
3,1789437601.681637287,0.534198966027,-0.256708642438,0.557993742303,2.34354253072,1.75534918561,0.435910359877,9.306851,-0.970492,55.657702,2.590822,2.373692,0.32664
3,1789437601.686942101,0.534198966027,-0.256708642438,0.557993742303,2.34354253072,1.75534918561,0.435910359877,9.264461,-0.916327,55.564943,2.592158,2.374201,0.326532
3,1789437601.691813707,0.534198966027,-0.256708642438,0.557993742303,2.34354253072,1.75534918561,0.435910359877,9.189428,-0.892373,55.391493,2.589633,2.371102,0.32819
3,1789437601.696696043,0.534198966027,-0.256708642438,0.557993742303,2.34354253072,1.75534918561,0.435910359877,9.152986,-0.918388,55.295858,2.592341,2.371216,0.332649
3,1789437601.701685667,0.534198966027,-0.256708642438,0.557993742303,2.34354253072,1.75534918561,0.435910359877,9.121938,-0.934646,55.639009,2.593635,2.36662,0.325405
3,1789437601.706953526,0.534198966027,-0.256708642438,0.557993742303,2.34354253072,1.75534918561,0.435910359877,9.199288,-0.955335,55.376966,2.593978,2.371322,0.331161
3,1789437601.711747646,0.534198966027,-0.256708642438,0.557993742303,2.34354253072,1.75534918561,0.435910359877,9.273505,-0.951332,55.511842,2.592944,2.372389,0.328285
3,1789437601.716628075,0.534198966027,-0.256708642438,0.557993742303,2.34354253072,1.75534918561,0.435910359877,9.312456,-0.963651,55.640683,2.590328,2.376127,0.327927
3,1789437601.721771717,0.534198966027,-0.256708642438,0.557993742303,2.34354253072,1.75534918561,0.435910359877,9.272061,-0.941422,55.5066,2.592208,2.374785,0.331166
3,1789437601.726887941,0.534198966027,-0.256708642438,0.557993742303,2.34354253072,1.75534918561,0.435910359877,9.196269,-0.922873,55.486854,2.592467,2.371889,0.329931
3,1789437601.731622696,0.534198966027,-0.256708642438,0.557993742303,2.34354253072,1.75534918561,0.435910359877,9.149037,-0.937358,55.512375,2.593845,2.369131,0.328078
3,1789437601.736772299,0.534198966027,-0.256708642438,0.557993742303,2.34354253072,1.75534918561,0.435910359877,9.15636,-0.948529,55.540129,2.592607,2.369539,0.328107
3,1789437601.741489172,0.534198966027,-0.256708642438,0.557993742303,2.34354253072,1.75534918561,0.435910359877,9.18941,-0.959308,55.459396,2.592934,2.3699,0.330183
3,1789437601.746635199,0.534198966027,-0.256708642438,0.557993742303,2.34354253072,1.75534918561,0.435910359877,9.258474,-0.962044,55.241646,2.591441,2.372747,0.334202
3,1789437601.751484394,0.534198966027,-0.256708642438,0.557993742303,2.34354253072,1.75534918561,0.435910359877,9.287136,-0.981035,55.584154,2.592241,2.373976,0.327263
3,1789437601.756708145,0.534198966027,-0.256708642438,0.557993742303,2.34354253072,1.75534918561,0.435910359877,9.280797,-0.963433,55.388543,2.593297,2.373698,0.333035
3,1789437601.761579990,0.534198966027,-0.256708642438,0.557993742303,2.34354253072,1.75534918561,0.435910359877,9.258159,-0.940648,55.547967,2.591612,2.373649,0.327667
3,1789437601.766586781,0.534198966027,-0.256708642438,0.557993742303,2.34354253072,1.75534918561,0.435910359877,9.189306,-0.910519,55.619501,2.591795,2.370388,0.325193
3,1789437601.771646500,0.534198966027,-0.256708642438,0.557993742303,2.34354253072,1.75534918561,0.435910359877,9.170533,-0.887771,55.520356,2.591392,2.371697,0.327293
3,1789437601.776640177,0.534198966027,-0.256708642438,0.557993742303,2.34354253072,1.75534918561,0.435910359877,9.159994,-0.920267,55.510801,2.590344,2.369976,0.327113
3,1789437601.782093525,0.534198966027,-0.256708642438,0.557993742303,2.34354253072,1.75534918561,0.435910359877,9.162924,-0.979112,55.684945,2.59383,2.369809,0.325653
3,1789437601.786730766,0.534198966027,-0.256708642438,0.557993742303,2.34354253072,1.75534918561,0.435910359877,9.224763,-0.977574,55.47918,2.59212,2.371514,0.331272
3,1789437601.791942120,0.534198966027,-0.256708642438,0.557993742303,2.34354253072,1.75534918561,0.435910359877,9.296511,-0.971134,55.34204,2.589862,2.373739,0.33315
3,1789437601.796594381,0.534198966027,-0.256708642438,0.557993742303,2.34354253072,1.75534918561,0.435910359877,9.269301,-0.970591,55.511711,2.591551,2.374183,0.328521
3,1789437601.801581383,0.534198966027,-0.256708642438,0.557993742303,2.34354253072,1.75534918561,0.435910359877,9.297129,-0.971785,55.430829,2.591468,2.375754,0.330586
3,1789437601.806890488,0.534198966027,-0.256708642438,0.557993742303,2.34354253072,1.75534918561,0.435910359877,9.27959,-0.930654,55.258247,2.589533,2.372959,0.332794
3,1789437601.811590195,0.534198966027,-0.256708642438,0.557993742303,2.34354253072,1.75534918561,0.435910359877,9.209775,-0.916573,55.641628,2.592585,2.373409,0.327872
3,1789437601.816408396,0.534198966027,-0.256708642438,0.557993742303,2.34354253072,1.75534918561,0.435910359877,9.158229,-0.871258,55.401096,2.591145,2.369376,0.328033
3,1789437601.821717978,0.534198966027,-0.256708642438,0.557993742303,2.34354253072,1.75534918561,0.435910359877,9.15204,-0.922354,55.536544,2.593219,2.369604,0.325618
3,1789437601.826571226,0.534198966027,-0.256708642438,0.557993742303,2.34354253072,1.75534918561,0.435910359877,9.185093,-0.93396,55.592201,2.589975,2.369429,0.32563
3,1789437601.831738710,0.534198966027,-0.256708642438,0.557993742303,2.34354253072,1.75534918561,0.435910359877,9.237437,-0.984451,55.487786,2.591612,2.371056,0.33082
3,1789437601.836631298,0.534198966027,-0.256708642438,0.557993742303,2.34354253072,1.75534918561,0.435910359877,9.308644,-0.982021,55.485936,2.591841,2.37219,0.32978
3,1789437601.841676474,0.534198966027,-0.256708642438,0.557993742303,2.34354253072,1.75534918561,0.435910359877,9.29635,-0.96713,55.680782,2.592216,2.372834,0.323341
3,1789437601.846766710,0.534198966027,-0.256708642438,0.557993742303,2.34354253072,1.75534918561,0.435910359877,9.256529,-0.951032,55.549918,2.592029,2.375905,0.329244
3,1789437601.851681709,0.534198966027,-0.256708642438,0.557993742303,2.34354253072,1.75534918561,0.435910359877,9.19159,-0.896803,55.37677,2.590811,2.370304,0.330647
3,1789437601.856735945,0.534198966027,-0.256708642438,0.557993742303,2.34354253072,1.75534918561,0.435910359877,9.136581,-0.931471,55.288527,2.595299,2.370122,0.333829
3,1789437601.861896276,0.534198966027,-0.256708642438,0.557993742303,2.34354253072,1.75534918561,0.435910359877,9.150528,-0.937682,55.640594,2.593514,2.370384,0.326906
3,1789437601.866866350,0.534198966027,-0.256708642438,0.557993742303,2.34354253072,1.75534918561,0.435910359877,9.21658,-0.972172,55.386749,2.593872,2.369665,0.331394
3,1789437601.871781826,0.534198966027,-0.256708642438,0.557993742303,2.34354253072,1.75534918561,0.435910359877,9.310125,-0.984495,55.504101,2.590821,2.374559,0.329787
3,1789437601.876507759,0.534198966027,-0.256708642438,0.557993742303,2.34354253072,1.75534918561,0.435910359877,9.328935,-0.966542,55.576371,2.590866,2.374282,0.328268
3,1789437601.881490231,0.534198966027,-0.256708642438,0.557993742303,2.34354253072,1.75534918561,0.435910359877,9.253526,-0.936116,55.516551,2.592688,2.373905,0.331441
3,1789437601.887152195,0.534198966027,-0.256708642438,0.557993742303,2.34354253072,1.75534918561,0.435910359877,9.187601,-0.911955,55.512836,2.590794,2.369871,0.328403
3,1789437601.891543627,0.534198966027,-0.256708642438,0.557993742303,2.34354253072,1.75534918561,0.435910359877,9.137276,-0.901406,55.719845,2.59211,2.368983,0.323641
3,1789437601.896477461,0.534198966027,-0.256708642438,0.557993742303,2.34354253072,1.75534918561,0.435910359877,9.140666,-0.921294,55.52228,2.590676,2.368015,0.3283
3,1789437601.901315212,0.534198966027,-0.256708642438,0.557993742303,2.34354253072,1.75534918561,0.435910359877,9.196841,-0.976132,55.531083,2.592857,2.369949,0.328496
3,1789437601.906555176,0.534198966027,-0.256708642438,0.557993742303,2.34354253072,1.75534918561,0.435910359877,9.268117,-0.969254,55.485092,2.591901,2.372546,0.329166
3,1789437601.911482573,0.534198966027,-0.256708642438,0.557993742303,2.34354253072,1.75534918561,0.435910359877,9.285354,-0.980403,55.601904,2.594195,2.373641,0.326633
3,1789437601.916522741,0.534198966027,-0.256708642438,0.557993742303,2.34354253072,1.75534918561,0.435910359877,9.273601,-0.935905,55.49772,2.590721,2.376035,0.331577
3,1789437601.921516895,0.534198966027,-0.256708642438,0.557993742303,2.34354253072,1.75534918561,0.435910359877,9.215231,-0.91259,55.512727,2.59234,2.371996,0.328575
3,1789437601.926460981,0.534198966027,-0.256708642438,0.557993742303,2.34354253072,1.75534918561,0.435910359877,9.195093,-0.91641,55.632344,2.590031,2.371179,0.327658
3,1789437601.931358814,0.534198966027,-0.256708642438,0.557993742303,2.34354253072,1.75534918561,0.435910359877,9.154491,-0.907262,55.538126,2.590325,2.368422,0.326484
3,1789437601.936479092,0.534198966027,-0.256708642438,0.557993742303,2.34354253072,1.75534918561,0.435910359877,9.17046,-0.939254,55.564908,2.59214,2.368107,0.325869
3,1789437601.941576242,0.534198966027,-0.256708642438,0.557993742303,2.34354253072,1.75534918561,0.435910359877,9.221946,-0.977916,55.682795,2.589538,2.37014,0.324389
3,1789437601.946511507,0.534198966027,-0.256708642438,0.557993742303,2.34354253072,1.75534918561,0.435910359877,9.267077,-0.991303,55.505614,2.591719,2.372784,0.330565
3,1789437601.951376915,0.534198966027,-0.256708642438,0.557993742303,2.34354253072,1.75534918561,0.435910359877,9.292804,-0.96751,55.397167,2.58834,2.374374,0.332771
3,1789437601.956624746,0.534198966027,-0.256708642438,0.557993742303,2.34354253072,1.75534918561,0.435910359877,9.246213,-0.937113,55.230934,2.592677,2.370407,0.332857
3,1789437601.961421013,0.534198966027,-0.256708642438,0.557993742303,2.34354253072,1.75534918561,0.435910359877,9.199441,-0.915659,55.660306,2.591336,2.373279,0.32791
3,1789437601.966302633,0.534198966027,-0.256708642438,0.557993742303,2.34354253072,1.75534918561,0.435910359877,9.147138,-0.884745,55.426491,2.591835,2.370212,0.326536
3,1789437601.971571922,0.534198966027,-0.256708642438,0.557993742303,2.34354253072,1.75534918561,0.435910359877,9.139176,-0.931062,55.566657,2.593049,2.371008,0.327256
3,1789437601.976442575,0.534198966027,-0.256708642438,0.557993742303,2.34354253072,1.75534918561,0.435910359877,9.162287,-0.958682,55.614707,2.592357,2.369046,0.328215
3,1789437601.981626034,0.534198966027,-0.256708642438,0.557993742303,2.34354253072,1.75534918561,0.435910359877,9.260862,-0.991543,55.470685,2.595918,2.371982,0.331902
3,1789437601.986645222,0.534198966027,-0.256708642438,0.557993742303,2.34354253072,1.75534918561,0.435910359877,9.320459,-0.958834,55.506823,2.590738,2.37537,0.331531
3,1789437601.991603851,0.534198966027,-0.256708642438,0.557993742303,2.34354253072,1.75534918561,0.435910359877,9.294614,-0.969015,55.702376,2.592174,2.373599,0.32539
3,1789437601.996594191,0.534198966027,-0.256708642438,0.557993742303,2.34354253072,1.75534918561,0.435910359877,9.247828,-0.886415,55.558613,2.589974,2.375815,0.328516
3,1789437602.001536608,0.534198966027,-0.256708642438,0.557993742303,2.34354253072,1.75534918561,0.435910359877,9.173873,-0.916438,55.436913,2.593303,2.368355,0.327228
3,1789437602.006632805,0.534198966027,-0.256708642438,0.557993742303,2.34354253072,1.75534918561,0.435910359877,9.232935,-0.914589,55.550605,2.591944,2.375825,0.329472
3,1789437602.011597633,0.534198966027,-0.256708642438,0.557993742303,2.34354253072,1.75534918561,0.435910359877,9.181071,-0.902176,55.439287,2.591035,2.370374,0.32897
3,1789437602.016488791,0.534198966027,-0.256708642438,0.557993742303,2.34354253072,1.75534918561,0.435910359877,9.15036,-0.93087,55.306171,2.59399,2.369444,0.333151
3,1789437602.021686554,0.534198966027,-0.256708642438,0.557993742303,2.34354253072,1.75534918561,0.435910359877,9.131008,-0.9552,55.58493,2.595096,2.370861,0.327114
3,1789437602.026836157,0.534198966027,-0.256708642438,0.557993742303,2.34354253072,1.75534918561,0.435910359877,9.198471,-0.984044,55.378147,2.593968,2.371387,0.332092
3,1789437602.031555653,0.534198966027,-0.256708642438,0.557993742303,2.34354253072,1.75534918561,0.435910359877,9.272386,-0.969317,55.533694,2.592216,2.374828,0.330787
3,1789437602.036908150,0.534198966027,-0.256708642438,0.557993742303,2.34354253072,1.75534918561,0.435910359877,9.300492,-0.960148,55.592493,2.591399,2.374008,0.326549
3,1789437602.041696072,0.534198966027,-0.256708642438,0.557993742303,2.34354253072,1.75534918561,0.435910359877,9.256083,-0.929523,55.498491,2.590253,2.374213,0.331834
3,1789437602.046710968,0.534198966027,-0.256708642438,0.557993742303,2.34354253072,1.75534918561,0.435910359877,9.18594,-0.941175,55.531537,2.592068,2.37069,0.328694
3,1789437602.051685095,0.534198966027,-0.256708642438,0.557993742303,2.34354253072,1.75534918561,0.435910359877,9.144103,-0.905539,55.683143,2.591034,2.369024,0.324021
3,1789437602.056744814,0.534198966027,-0.256708642438,0.557993742303,2.34354253072,1.75534918561,0.435910359877,9.158064,-0.926338,55.541443,2.590522,2.368359,0.328746
3,1789437602.061650038,0.534198966027,-0.256708642438,0.557993742303,2.34354253072,1.75534918561,0.435910359877,9.215709,-0.946252,55.410937,2.591567,2.370214,0.328918
3,1789437602.066477537,0.534198966027,-0.256708642438,0.557993742303,2.34354253072,1.75534918561,0.435910359877,9.268327,-0.963593,55.257967,2.589124,2.371621,0.332632
3,1789437602.071797132,0.534198966027,-0.256708642438,0.557993742303,2.34354253072,1.75534918561,0.435910359877,9.304957,-0.987478,55.629956,2.592383,2.375971,0.327069
3,1789437602.076664209,0.534198966027,-0.256708642438,0.557993742303,2.34354253072,1.75534918561,0.435910359877,9.260963,-0.95077,55.32368,2.590069,2.369913,0.33274
3,1789437602.081559896,0.534198966027,-0.256708642438,0.557993742303,2.34354253072,1.75534918561,0.435910359877,9.237215,-0.951181,55.568728,2.59335,2.373761,0.329102
3,1789437602.086709738,0.534198966027,-0.256708642438,0.557993742303,2.34354253072,1.75534918561,0.435910359877,9.172082,-0.876758,55.589809,2.587434,2.367436,0.323565
3,1789437602.091625452,0.534198966027,-0.256708642438,0.557993742303,2.34354253072,1.75534918561,0.435910359877,9.169564,-0.921377,55.583178,2.593206,2.371038,0.325868
3,1789437602.096961975,0.534198966027,-0.256708642438,0.557993742303,2.34354253072,1.75534918561,0.435910359877,9.166529,-0.909621,55.522337,2.58863,2.369068,0.328445
3,1789437602.101577997,0.534198966027,-0.256708642438,0.557993742303,2.34354253072,1.75534918561,0.435910359877,9.223988,-0.995961,55.506422,2.592985,2.369351,0.330678
3,1789437602.106738329,0.534198966027,-0.256708642438,0.557993742303,2.34354253072,1.75534918561,0.435910359877,9.291414,-0.977985,55.514261,2.591325,2.372575,0.330067
3,1789437602.111692190,0.534198966027,-0.256708642438,0.557993742303,2.34354253072,1.75534918561,0.435910359877,9.291116,-0.97197,55.503406,2.592438,2.373863,0.329149
3,1789437602.116725445,0.534198966027,-0.256708642438,0.557993742303,2.34354253072,1.75534918561,0.435910359877,9.251526,-0.933769,55.523734,2.590497,2.37599,0.330307
3,1789437602.121789694,0.534198966027,-0.256708642438,0.557993742303,2.34354253072,1.75534918561,0.435910359877,9.202283,-0.918863,55.662993,2.592229,2.371954,0.323442
3,1789437602.126787663,0.534198966027,-0.256708642438,0.557993742303,2.34354253072,1.75534918561,0.435910359877,9.144428,-0.92619,55.47519,2.59282,2.368856,0.328016
3,1789437602.131711960,0.534198966027,-0.256708642438,0.557993742303,2.34354253072,1.75534918561,0.435910359877,9.130023,-0.956326,55.560025,2.594424,2.370878,0.329094
3,1789437602.136762619,0.534198966027,-0.256708642438,0.557993742303,2.34354253072,1.75534918561,0.435910359877,9.212133,-0.970331,55.577071,2.590054,2.370887,0.328281
3,1789437602.141632318,0.534198966027,-0.256708642438,0.557993742303,2.34354253072,1.75534918561,0.435910359877,9.270181,-0.981294,55.488159,2.593553,2.3725,0.331208
3,1789437602.146631718,0.534198966027,-0.256708642438,0.557993742303,2.34354253072,1.75534918561,0.435910359877,9.29384,-0.983502,55.525169,2.593453,2.373433,0.331214
3,1789437602.151668072,0.534198966027,-0.256708642438,0.557993742303,2.34354253072,1.75534918561,0.435910359877,9.290548,-0.952895,55.675963,2.589972,2.374775,0.326442
3,1789437602.156667709,0.534198966027,-0.256708642438,0.557993742303,2.34354253072,1.75534918561,0.435910359877,9.20951,-0.914987,55.521822,2.592295,2.371395,0.32838
3,1789437602.161570787,0.534198966027,-0.256708642438,0.557993742303,2.34354253072,1.75534918561,0.435910359877,9.169251,-0.901768,55.467261,2.59107,2.370641,0.329031
3,1789437602.166599989,0.534198966027,-0.256708642438,0.557993742303,2.34354253072,1.75534918561,0.435910359877,9.131687,-0.92019,55.348492,2.592018,2.368954,0.330311
3,1789437602.171669006,0.534198966027,-0.256708642438,0.557993742303,2.34354253072,1.75534918561,0.435910359877,9.162264,-0.95445,55.675962,2.594405,2.372724,0.32605
3,1789437602.176676512,0.534198966027,-0.256708642438,0.557993742303,2.34354253072,1.75534918561,0.435910359877,9.224687,-0.976315,55.366497,2.592797,2.37042,0.330447
3,1789437602.181694746,0.534198966027,-0.256708642438,0.557993742303,2.34354253072,1.75534918561,0.435910359877,9.28577,-0.984318,55.521628,2.592174,2.37585,0.329187
3,1789437602.186837673,0.534198966027,-0.256708642438,0.557993742303,2.34354253072,1.75534918561,0.435910359877,9.283666,-0.94699,55.610453,2.591087,2.372899,0.325923
3,1789437602.191741467,0.534198966027,-0.256708642438,0.557993742303,2.34354253072,1.75534918561,0.435910359877,9.250747,-0.929595,55.494372,2.591877,2.372689,0.328943
3,1789437602.196683884,0.534198966027,-0.256708642438,0.557993742303,2.34354253072,1.75534918561,0.435910359877,9.207153,-0.919493,55.564503,2.591242,2.373867,0.32619
3,1789437602.201603174,0.534198966027,-0.256708642438,0.557993742303,2.34354253072,1.75534918561,0.435910359877,9.159706,-0.896651,55.69741,2.589915,2.368304,0.321086
3,1789437602.206723690,0.534198966027,-0.256708642438,0.557993742303,2.34354253072,1.75534918561,0.435910359877,9.166059,-0.926167,55.514788,2.593085,2.367057,0.329388
3,1789437602.211632013,0.534198966027,-0.256708642438,0.557993742303,2.34354253072,1.75534918561,0.435910359877,9.201846,-0.95362,55.378215,2.591099,2.36961,0.33182
3,1789437602.216507912,0.534198966027,-0.256708642438,0.557993742303,2.34354253072,1.75534918561,0.435910359877,9.164152,-0.922128,55.508664,2.592874,2.368778,0.325558
3,1789437602.221672773,0.534198966027,-0.256708642438,0.557993742303,2.34354253072,1.75534918561,0.435910359877,9.233896,-0.957202,55.400476,2.591601,2.370007,0.32821
3,1789437602.226670742,0.534198966027,-0.256708642438,0.557993742303,2.34354253072,1.75534918561,0.435910359877,9.276569,-0.993536,55.267358,2.591974,2.372393,0.332901
3,1789437602.231644630,0.534198966027,-0.256708642438,0.557993742303,2.34354253072,1.75534918561,0.435910359877,9.303642,-0.972947,55.549861,2.591743,2.374313,0.329187
3,1789437602.236765862,0.534198966027,-0.256708642438,0.557993742303,2.34354253072,1.75534918561,0.435910359877,9.263279,-0.941338,55.38529,2.589977,2.375193,0.330992
3,1789437602.241594076,0.534198966027,-0.256708642438,0.557993742303,2.34354253072,1.75534918561,0.435910359877,9.208226,-0.902372,55.529205,2.589359,2.370685,0.32702
3,1789437602.246617556,0.534198966027,-0.256708642438,0.557993742303,2.34354253072,1.75534918561,0.435910359877,9.153462,-0.929971,55.645328,2.59337,2.371243,0.323979
3,1789437602.251636505,0.534198966027,-0.256708642438,0.557993742303,2.34354253072,1.75534918561,0.435910359877,9.148792,-0.931208,55.520121,2.589788,2.36786,0.326943
3,1789437602.256726980,0.534198966027,-0.256708642438,0.557993742303,2.34354253072,1.75534918561,0.435910359877,9.197393,-0.982539,55.52109,2.59271,2.369584,0.328041
3,1789437602.261749744,0.534198966027,-0.256708642438,0.557993742303,2.34354253072,1.75534918561,0.435910359877,9.263286,-0.977556,55.68496,2.588162,2.370294,0.325874
3,1789437602.266585350,0.534198966027,-0.256708642438,0.557993742303,2.34354253072,1.75534918561,0.435910359877,9.293584,-0.971949,55.519086,2.592104,2.374701,0.333419
3,1789437602.271800041,0.534198966027,-0.256708642438,0.557993742303,2.34354253072,1.75534918561,0.435910359877,9.281175,-0.9578,55.394044,2.589879,2.373525,0.33055
3,1789437602.276572466,0.534198966027,-0.256708642438,0.557993742303,2.34354253072,1.75534918561,0.435910359877,9.244279,-0.906814,55.283435,2.591127,2.373175,0.330861
3,1789437602.281748056,0.534198966027,-0.256708642438,0.557993742303,2.34354253072,1.75534918561,0.435910359877,9.148996,-0.897933,55.640514,2.595078,2.372553,0.326863
3,1789437602.286768198,0.534198966027,-0.256708642438,0.557993742303,2.34354253072,1.75534918561,0.435910359877,9.140639,-0.922553,55.414566,2.593881,2.370208,0.331069
3,1789437602.291651011,0.534198966027,-0.256708642438,0.557993742303,2.34354253072,1.75534918561,0.435910359877,9.157649,-0.962915,55.524198,2.595183,2.371541,0.33012
3,1789437602.296675920,0.534198966027,-0.256708642438,0.557993742303,2.34354253072,1.75534918561,0.435910359877,9.207993,-0.978755,55.614595,2.593422,2.371899,0.328592
3,1789437602.301531076,0.534198966027,-0.256708642438,0.557993742303,2.34354253072,1.75534918561,0.435910359877,9.264097,-0.994963,55.508325,2.592937,2.375052,0.332591
3,1789437602.306790352,0.534198966027,-0.256708642438,0.557993742303,2.34354253072,1.75534918561,0.435910359877,9.291511,-0.97178,55.484783,2.592119,2.373673,0.32912
3,1789437602.311694860,0.534198966027,-0.256708642438,0.557993742303,2.34354253072,1.75534918561,0.435910359877,9.283699,-0.975519,55.637454,2.591406,2.373501,0.325544
3,1789437602.316658735,0.534198966027,-0.256708642438,0.557993742303,2.34354253072,1.75534918561,0.435910359877,9.216285,-0.921522,55.551021,2.590845,2.373459,0.329517
3,1789437602.321836710,0.534198966027,-0.256708642438,0.557993742303,2.34354253072,1.75534918561,0.435910359877,9.165057,-0.923256,55.502319,2.590583,2.368941,0.32755
3,1789437602.326856613,0.534198966027,-0.256708642438,0.557993742303,2.34354253072,1.75534918561,0.435910359877,9.167537,-0.915076,55.32936,2.591736,2.36905,0.329984
3,1789437602.331513882,0.534198966027,-0.256708642438,0.557993742303,2.34354253072,1.75534918561,0.435910359877,9.165164,-0.951275,55.651674,2.595109,2.371532,0.328258
3,1789437602.336694241,0.534198966027,-0.256708642438,0.557993742303,2.34354253072,1.75534918561,0.435910359877,9.24307,-0.967666,55.395321,2.591663,2.371087,0.331106
3,1789437602.341630936,0.534198966027,-0.256708642438,0.557993742303,2.34354253072,1.75534918561,0.435910359877,9.296848,-1.009446,55.494432,2.59221,2.372326,0.329398
3,1789437602.346652269,0.534198966027,-0.256708642438,0.557993742303,2.34354253072,1.75534918561,0.435910359877,9.298414,-0.948986,55.582094,2.588757,2.374237,0.325836
3,1789437602.351580620,0.534198966027,-0.256708642438,0.557993742303,2.34354253072,1.75534918561,0.435910359877,9.246687,-0.918683,55.530608,2.590845,2.373135,0.328309
3,1789437602.356739759,0.534198966027,-0.256708642438,0.557993742303,2.34354253072,1.75534918561,0.435910359877,9.179815,-0.902312,55.518863,2.589097,2.369316,0.326167
3,1789437602.361651182,0.534198966027,-0.256708642438,0.557993742303,2.34354253072,1.75534918561,0.435910359877,9.134474,-0.915856,55.709007,2.590169,2.367063,0.322524
3,1789437602.366668224,0.534198966027,-0.256708642438,0.557993742303,2.34354253072,1.75534918561,0.435910359877,9.170357,-0.941655,55.520049,2.591445,2.369588,0.32714
3,1789437602.371761560,0.534198966027,-0.256708642438,0.557993742303,2.34354253072,1.75534918561,0.435910359877,9.240453,-0.974389,55.392533,2.590221,2.368967,0.329099
3,1789437602.376828909,0.534198966027,-0.256708642438,0.557993742303,2.34354253072,1.75534918561,0.435910359877,9.295577,-1.012345,55.275675,2.591183,2.372919,0.332442
3,1789437602.381872892,0.534198966027,-0.256708642438,0.557993742303,2.34354253072,1.75534918561,0.435910359877,9.290514,-0.947503,55.556364,2.589456,2.37551,0.327378
3,1789437602.386929512,0.534198966027,-0.256708642438,0.557993742303,2.34354253072,1.75534918561,0.435910359877,9.250253,-0.93693,55.39641,2.59009,2.371423,0.331721
3,1789437602.391761065,0.534198966027,-0.256708642438,0.557993742303,2.34354253072,1.75534918561,0.435910359877,9.19063,-0.93445,55.51667,2.591245,2.372586,0.331331
3,1789437602.396713734,0.534198966027,-0.256708642438,0.557993742303,2.34354253072,1.75534918561,0.435910359877,9.149035,-0.915624,55.592162,2.590788,2.367457,0.325244
3,1789437602.401529789,0.534198966027,-0.256708642438,0.557993742303,2.34354253072,1.75534918561,0.435910359877,9.15661,-0.928299,55.504965,2.591454,2.369681,0.32937
3,1789437602.406822205,0.534198966027,-0.256708642438,0.557993742303,2.34354253072,1.75534918561,0.435910359877,9.187634,-0.954492,55.503192,2.590792,2.370133,0.328436
3,1789437602.411672592,0.534198966027,-0.256708642438,0.557993742303,2.34354253072,1.75534918561,0.435910359877,9.239004,-0.988973,55.70571,2.592794,2.371024,0.327332
3,1789437602.416635752,0.534198966027,-0.256708642438,0.557993742303,2.34354253072,1.75534918561,0.435910359877,9.278025,-0.992538,55.532385,2.592962,2.373638,0.329915
3,1789437602.421762466,0.534198966027,-0.256708642438,0.557993742303,2.34354253072,1.75534918561,0.435910359877,9.270501,-0.956444,55.356896,2.588965,2.372853,0.330513
3,1789437602.426579952,0.534198966027,-0.256708642438,0.557993742303,2.34354253072,1.75534918561,0.435910359877,9.291167,-0.977791,55.487413,2.591005,2.372027,0.330702
3,1789437602.431615591,0.534198966027,-0.256708642438,0.557993742303,2.34354253072,1.75534918561,0.435910359877,9.299495,-0.963096,55.415318,2.59295,2.376035,0.332575
3,1789437602.436750412,0.534198966027,-0.256708642438,0.557993742303,2.34354253072,1.75534918561,0.435910359877,9.221677,-0.923758,55.457713,2.591426,2.371874,0.329164
3,1789437602.441704035,0.534198966027,-0.256708642438,0.557993742303,2.34354253072,1.75534918561,0.435910359877,9.185435,-0.921837,55.633908,2.592513,2.372497,0.328813
3,1789437602.446755171,0.534198966027,-0.256708642438,0.557993742303,2.34354253072,1.75534918561,0.435910359877,9.161885,-0.89617,55.394534,2.591529,2.368403,0.329845
3,1789437602.451728821,0.534198966027,-0.256708642438,0.557993742303,2.34354253072,1.75534918561,0.435910359877,9.16139,-0.959192,55.521467,2.59332,2.369258,0.328088
3,1789437602.456655502,0.534198966027,-0.256708642438,0.557993742303,2.34354253072,1.75534918561,0.435910359877,9.226017,-0.97646,55.584744,2.594087,2.372595,0.327392
3,1789437602.461742163,0.534198966027,-0.256708642438,0.557993742303,2.34354253072,1.75534918561,0.435910359877,9.27775,-0.978153,55.485232,2.593616,2.373439,0.329388
3,1789437602.466598034,0.534198966027,-0.256708642438,0.557993742303,2.34354253072,1.75534918561,0.435910359877,9.289639,-0.968328,55.49967,2.590908,2.375163,0.332936
3,1789437602.471867323,0.534198966027,-0.256708642438,0.557993742303,2.34354253072,1.75534918561,0.435910359877,9.249359,-0.951005,55.506763,2.591383,2.37201,0.331005
3,1789437602.476668596,0.534198966027,-0.256708642438,0.557993742303,2.34354253072,1.75534918561,0.435910359877,9.197564,-0.923944,55.552923,2.590825,2.372779,0.330682
3,1789437602.481622696,0.534198966027,-0.256708642438,0.557993742303,2.34354253072,1.75534918561,0.435910359877,9.149436,-0.92981,55.541157,2.593044,2.368553,0.328556
3,1789437602.486805677,0.534198966027,-0.256708642438,0.557993742303,2.34354253072,1.75534918561,0.435910359877,9.148171,-0.92535,55.369806,2.591536,2.368759,0.332108
3,1789437602.491571903,0.534198966027,-0.256708642438,0.557993742303,2.34354253072,1.75534918561,0.435910359877,9.202466,-0.967338,55.576423,2.593697,2.371643,0.327865
3,1789437602.496540785,0.534198966027,-0.256708642438,0.557993742303,2.34354253072,1.75534918561,0.435910359877,9.256699,-0.970294,55.39486,2.59029,2.372998,0.331064
3,1789437602.501516342,0.534198966027,-0.256708642438,0.557993742303,2.34354253072,1.75534918561,0.435910359877,9.296105,-0.983827,55.514637,2.592154,2.37413,0.330511
3,1789437602.506802082,0.534198966027,-0.256708642438,0.557993742303,2.34354253072,1.75534918561,0.435910359877,9.265013,-0.944964,55.568214,2.589882,2.373682,0.328797
3,1789437602.511789799,0.534198966027,-0.256708642438,0.557993742303,2.34354253072,1.75534918561,0.435910359877,9.197592,-0.920284,55.485099,2.592197,2.370206,0.328585
3,1789437602.516664267,0.534198966027,-0.256708642438,0.557993742303,2.34354253072,1.75534918561,0.435910359877,9.166932,-0.911532,55.538506,2.589565,2.371461,0.327118
3,1789437602.521696806,0.534198966027,-0.256708642438,0.557993742303,2.34354253072,1.75534918561,0.435910359877,9.138999,-0.927473,55.763692,2.591832,2.368077,0.321939
3,1789437602.526522160,0.534198966027,-0.256708642438,0.557993742303,2.34354253072,1.75534918561,0.435910359877,9.174835,-0.944507,55.523067,2.591037,2.367821,0.328939
3,1789437602.531528950,0.534198966027,-0.256708642438,0.557993742303,2.34354253072,1.75534918561,0.435910359877,9.246375,-0.966731,55.429419,2.59039,2.371393,0.329121
3,1789437602.536830902,0.534198966027,-0.256708642438,0.557993742303,2.34354253072,1.75534918561,0.435910359877,9.285717,-0.982413,55.328381,2.591246,2.373099,0.330261
3,1789437602.541584969,0.534198966027,-0.256708642438,0.557993742303,2.34354253072,1.75534918561,0.435910359877,9.293665,-0.951172,55.569685,2.589677,2.374137,0.32987
3,1789437602.546625614,0.534198966027,-0.256708642438,0.557993742303,2.34354253072,1.75534918561,0.435910359877,9.247682,-0.945806,55.395451,2.592805,2.373147,0.331293
3,1789437602.551612616,0.534198966027,-0.256708642438,0.557993742303,2.34354253072,1.75534918561,0.435910359877,9.201241,-0.908995,55.551231,2.588579,2.372685,0.329522
3,1789437602.556761742,0.534198966027,-0.256708642438,0.557993742303,2.34354253072,1.75534918561,0.435910359877,9.137493,-0.926259,55.637814,2.596058,2.367901,0.324701
3,1789437602.561658621,0.534198966027,-0.256708642438,0.557993742303,2.34354253072,1.75534918561,0.435910359877,9.151348,-0.916563,55.504111,2.59141,2.369232,0.328695
3,1789437602.566523314,0.534198966027,-0.256708642438,0.557993742303,2.34354253072,1.75534918561,0.435910359877,9.200325,-0.982724,55.533516,2.593669,2.371525,0.330291
3,1789437602.571783066,0.534198966027,-0.256708642438,0.557993742303,2.34354253072,1.75534918561,0.435910359877,9.261777,-0.970519,55.684711,2.589617,2.370311,0.325653
3,1789437602.576705694,0.534198966027,-0.256708642438,0.557993742303,2.34354253072,1.75534918561,0.435910359877,9.327244,-0.989295,55.530501,2.591968,2.375279,0.328905
3,1789437602.581625462,0.534198966027,-0.256708642438,0.557993742303,2.34354253072,1.75534918561,0.435910359877,9.275974,-0.965149,55.438919,2.590039,2.371633,0.329298
3,1789437602.586906672,0.534198966027,-0.256708642438,0.557993742303,2.34354253072,1.75534918561,0.435910359877,9.240839,-0.950737,55.513807,2.589801,2.373141,0.32967
3,1789437602.591837645,0.534198966027,-0.256708642438,0.557993742303,2.34354253072,1.75534918561,0.435910359877,9.146385,-0.901678,55.610266,2.593372,2.367666,0.324826
3,1789437602.596740723,0.534198966027,-0.256708642438,0.557993742303,2.34354253072,1.75534918561,0.435910359877,9.161542,-0.919498,55.431319,2.591972,2.370475,0.329917
3,1789437602.601610184,0.534198966027,-0.256708642438,0.557993742303,2.34354253072,1.75534918561,0.435910359877,9.186024,-0.973586,55.500258,2.593587,2.369099,0.326461
3,1789437602.606636286,0.534198966027,-0.256708642438,0.557993742303,2.34354253072,1.75534918561,0.435910359877,9.245504,-0.968056,55.578339,2.591006,2.372872,0.329334
3,1789437602.611666203,0.534198966027,-0.256708642438,0.557993742303,2.34354253072,1.75534918561,0.435910359877,9.275044,-0.98657,55.496875,2.594718,2.373868,0.330993
3,1789437602.616751909,0.534198966027,-0.256708642438,0.557993742303,2.34354253072,1.75534918561,0.435910359877,9.300426,-0.970653,55.512622,2.58955,2.375685,0.32934
3,1789437602.621725082,0.534198966027,-0.256708642438,0.557993742303,2.34354253072,1.75534918561,0.435910359877,9.257374,-0.930784,55.73527,2.591189,2.371457,0.322107
3,1789437602.626596689,0.534198966027,-0.256708642438,0.557993742303,2.34354253072,1.75534918561,0.435910359877,9.180645,-0.910539,55.541904,2.591167,2.371676,0.329346
3,1789437602.631665230,0.534198966027,-0.256708642438,0.557993742303,2.34354253072,1.75534918561,0.435910359877,9.152207,-0.924802,55.532143,2.590577,2.370333,0.328956
3,1789437602.636895418,0.534198966027,-0.256708642438,0.557993742303,2.34354253072,1.75534918561,0.435910359877,9.165665,-0.880724,55.520189,2.590586,2.369037,0.326854
3,1789437602.641631842,0.534198966027,-0.256708642438,0.557993742303,2.34354253072,1.75534918561,0.435910359877,9.145955,-0.921516,55.499179,2.593585,2.372139,0.325788
3,1789437602.646622419,0.534198966027,-0.256708642438,0.557993742303,2.34354253072,1.75534918561,0.435910359877,9.161159,-0.918807,55.45615,2.588757,2.368297,0.327702
3,1789437602.651519299,0.534198966027,-0.256708642438,0.557993742303,2.34354253072,1.75534918561,0.435910359877,9.204595,-0.965434,55.588164,2.595669,2.37194,0.329455
3,1789437602.656647682,0.534198966027,-0.256708642438,0.557993742303,2.34354253072,1.75534918561,0.435910359877,9.267973,-0.968099,55.451215,2.590304,2.370518,0.331135
3,1789437602.661719561,0.534198966027,-0.256708642438,0.557993742303,2.34354253072,1.75534918561,0.435910359877,9.314315,-1.002318,55.51372,2.592017,2.374303,0.330046
3,1789437602.666661024,0.534198966027,-0.256708642438,0.557993742303,2.34354253072,1.75534918561,0.435910359877,9.254439,-0.921529,55.416669,2.590757,2.372577,0.332843
3,1789437602.671732903,0.534198966027,-0.256708642438,0.557993742303,2.34354253072,1.75534918561,0.435910359877,9.227001,-0.934287,55.533319,2.591167,2.371391,0.329947
3,1789437602.676660061,0.534198966027,-0.256708642438,0.557993742303,2.34354253072,1.75534918561,0.435910359877,9.177351,-0.916877,55.521636,2.589732,2.368831,0.327991
3,1789437602.681593657,0.534198966027,-0.256708642438,0.557993742303,2.34354253072,1.75534918561,0.435910359877,9.134853,-0.937008,55.705988,2.591615,2.367796,0.326806
3,1789437602.686808825,0.534198966027,-0.256708642438,0.557993742303,2.34354253072,1.75534918561,0.435910359877,9.176518,-0.944696,55.525158,2.593615,2.369973,0.330513
3,1789437602.691602230,0.534198966027,-0.256708642438,0.557993742303,2.34354253072,1.75534918561,0.435910359877,9.230076,-0.996536,55.452353,2.591999,2.371977,0.332138
3,1789437602.696568251,0.534198966027,-0.256708642438,0.557993742303,2.34354253072,1.75534918561,0.435910359877,9.272207,-0.978183,55.331886,2.591051,2.375044,0.332741
3,1789437602.701540947,0.534198966027,-0.256708642438,0.557993742303,2.34354253072,1.75534918561,0.435910359877,9.273376,-0.951203,55.567784,2.592944,2.372386,0.328366
3,1789437602.706667662,0.534198966027,-0.256708642438,0.557993742303,2.34354253072,1.75534918561,0.435910359877,9.258188,-0.935491,55.452356,2.593345,2.375639,0.332231
3,1789437602.711718559,0.534198966027,-0.256708642438,0.557993742303,2.34354253072,1.75534918561,0.435910359877,9.191477,-0.902408,55.489881,2.589716,2.369053,0.325436
3,1789437602.716514587,0.534198966027,-0.256708642438,0.557993742303,2.34354253072,1.75534918561,0.435910359877,9.146899,-0.940969,55.630816,2.591835,2.370668,0.326666
3,1789437602.721683025,0.534198966027,-0.256708642438,0.557993742303,2.34354253072,1.75534918561,0.435910359877,9.154308,-0.941602,55.469599,2.59244,2.368276,0.330473
3,1789437602.726566553,0.534198966027,-0.256708642438,0.557993742303,2.34354253072,1.75534918561,0.435910359877,9.212767,-0.975961,55.507363,2.592179,2.370677,0.331338
3,1789437602.731669664,0.534198966027,-0.256708642438,0.557993742303,2.34354253072,1.75534918561,0.435910359877,9.271443,-0.973149,55.683345,2.592127,2.3723,0.324969
3,1789437602.736819029,0.534198966027,-0.256708642438,0.557993742303,2.34354253072,1.75534918561,0.435910359877,9.29812,-0.968178,55.522449,2.591215,2.373329,0.329378
3,1789437602.741501331,0.534198966027,-0.256708642438,0.557993742303,2.34354253072,1.75534918561,0.435910359877,9.281458,-0.952091,55.422524,2.589366,2.37461,0.331023
3,1789437602.746684313,0.534198966027,-0.256708642438,0.557993742303,2.34354253072,1.75534918561,0.435910359877,9.180956,-0.92196,55.567712,2.59187,2.370035,0.327839
3,1789437602.751611948,0.534198966027,-0.256708642438,0.557993742303,2.34354253072,1.75534918561,0.435910359877,9.139808,-0.93087,55.622578,2.592404,2.37099,0.327331
3,1789437602.756760836,0.534198966027,-0.256708642438,0.557993742303,2.34354253072,1.75534918561,0.435910359877,9.148009,-0.939179,55.423188,2.592837,2.369339,0.330636
3,1789437602.761712790,0.534198966027,-0.256708642438,0.557993742303,2.34354253072,1.75534918561,0.435910359877,9.174635,-0.954518,55.495998,2.590817,2.370054,0.329795
3,1789437602.766541719,0.534198966027,-0.256708642438,0.557993742303,2.34354253072,1.75534918561,0.435910359877,9.261305,-0.97875,55.586656,2.592986,2.37234,0.328671
3,1789437602.771663427,0.534198966027,-0.256708642438,0.557993742303,2.34354253072,1.75534918561,0.435910359877,9.298124,-0.954037,55.468058,2.590569,2.372753,0.33018
3,1789437602.776808977,0.534198966027,-0.256708642438,0.557993742303,2.34354253072,1.75534918561,0.435910359877,9.297985,-0.969124,55.523363,2.590872,2.373884,0.330048
3,1789437602.781611204,0.534198966027,-0.256708642438,0.557993742303,2.34354253072,1.75534918561,0.435910359877,9.231719,-0.917137,55.72232,2.590258,2.371265,0.325703
3,1789437602.786716938,0.534198966027,-0.256708642438,0.557993742303,2.34354253072,1.75534918561,0.435910359877,9.169707,-0.900372,55.523391,2.590448,2.369519,0.329111
3,1789437602.791576147,0.534198966027,-0.256708642438,0.557993742303,2.34354253072,1.75534918561,0.435910359877,9.152243,-0.923278,55.45891,2.589961,2.368492,0.329528
3,1789437602.796634912,0.534198966027,-0.256708642438,0.557993742303,2.34354253072,1.75534918561,0.435910359877,9.151288,-0.956006,55.529063,2.592766,2.36765,0.326775
3,1789437602.801471233,0.534198966027,-0.256708642438,0.557993742303,2.34354253072,1.75534918561,0.435910359877,9.228742,-0.96753,55.583571,2.592346,2.371424,0.326474
3,1789437602.806754827,0.534198966027,-0.256708642438,0.557993742303,2.34354253072,1.75534918561,0.435910359877,9.270898,-0.975144,55.322061,2.592406,2.372488,0.332075
3,1789437602.811589479,0.534198966027,-0.256708642438,0.557993742303,2.34354253072,1.75534918561,0.435910359877,9.290935,-0.961176,55.515831,2.591074,2.375866,0.331377
3,1789437602.816513538,0.534198966027,-0.256708642438,0.557993742303,2.34354253072,1.75534918561,0.435910359877,9.259246,-0.918269,55.594865,2.590501,2.372662,0.327705
3,1789437602.821790218,0.534198966027,-0.256708642438,0.557993742303,2.34354253072,1.75534918561,0.435910359877,9.220132,-0.911962,55.523075,2.592671,2.373902,0.329468
3,1789437602.826636314,0.534198966027,-0.256708642438,0.557993742303,2.34354253072,1.75534918561,0.435910359877,9.154849,-0.892685,55.546894,2.590334,2.368205,0.326032
3,1789437602.831631422,0.534198966027,-0.256708642438,0.557993742303,2.34354253072,1.75534918561,0.435910359877,9.150624,-0.953209,55.530205,2.592841,2.370971,0.327878
3,1789437602.836794376,0.534198966027,-0.256708642438,0.557993742303,2.34354253072,1.75534918561,0.435910359877,9.193318,-0.951715,55.484843,2.590844,2.370366,0.328619
3,1789437602.841700792,0.534198966027,-0.256708642438,0.557993742303,2.34354253072,1.75534918561,0.435910359877,9.231873,-0.988565,55.486202,2.592182,2.3723,0.329933
3,1789437602.846692324,0.534198966027,-0.256708642438,0.557993742303,2.34354253072,1.75534918561,0.435910359877,9.184696,-0.961836,55.495318,2.592564,2.369832,0.329347
3,1789437602.851810217,0.534198966027,-0.256708642438,0.557993742303,2.34354253072,1.75534918561,0.435910359877,9.240201,-1.00392,55.423703,2.593746,2.371757,0.33165
3,1789437602.856635332,0.534198966027,-0.256708642438,0.557993742303,2.34354253072,1.75534918561,0.435910359877,9.27853,-1.001213,55.497259,2.591473,2.374379,0.331429
3,1789437602.861642599,0.534198966027,-0.256708642438,0.557993742303,2.34354253072,1.75534918561,0.435910359877,9.266149,-0.965687,55.562036,2.592311,2.37496,0.331059
3,1789437602.866562843,0.534198966027,-0.256708642438,0.557993742303,2.34354253072,1.75534918561,0.435910359877,9.227153,-0.921666,55.515944,2.590489,2.372286,0.330796
3,1789437602.871732712,0.534198966027,-0.256708642438,0.557993742303,2.34354253072,1.75534918561,0.435910359877,9.171344,-0.926559,55.542522,2.59372,2.370247,0.32963
3,1789437602.876571417,0.534198966027,-0.256708642438,0.557993742303,2.34354253072,1.75534918561,0.435910359877,9.136891,-0.931285,55.526518,2.591745,2.369202,0.331239
3,1789437602.881688833,0.534198966027,-0.256708642438,0.557993742303,2.34354253072,1.75534918561,0.435910359877,9.164851,-0.94233,55.468514,2.594016,2.368586,0.329788
3,1789437602.886716127,0.534198966027,-0.256708642438,0.557993742303,2.34354253072,1.75534918561,0.435910359877,9.243851,-0.980157,55.51519,2.59137,2.370349,0.330396
3,1789437602.891928434,0.534198966027,-0.256708642438,0.557993742303,2.34354253072,1.75534918561,0.435910359877,9.296057,-0.991435,55.642063,2.588426,2.37324,0.328666
3,1789437602.896764755,0.534198966027,-0.256708642438,0.557993742303,2.34354253072,1.75534918561,0.435910359877,9.266864,-0.983435,55.488947,2.590925,2.371483,0.331655
3,1789437602.901618004,0.534198966027,-0.256708642438,0.557993742303,2.34354253072,1.75534918561,0.435910359877,9.228378,-0.972055,55.480133,2.589567,2.372379,0.331876
3,1789437602.906792879,0.534198966027,-0.256708642438,0.557993742303,2.34354253072,1.75534918561,0.435910359877,9.172001,-0.91973,55.592673,2.590974,2.369698,0.325868
3,1789437602.911765575,0.534198966027,-0.256708642438,0.557993742303,2.34354253072,1.75534918561,0.435910359877,9.160037,-0.919572,55.575083,2.590681,2.369786,0.326535
3,1789437602.916713953,0.534198966027,-0.256708642438,0.557993742303,2.34354253072,1.75534918561,0.435910359877,9.149541,-0.939251,55.375452,2.592192,2.369685,0.329887
3,1789437602.921714067,0.534198966027,-0.256708642438,0.557993742303,2.34354253072,1.75534918561,0.435910359877,9.215919,-0.966857,55.493683,2.591739,2.370241,0.328388
3,1789437602.926725626,0.534198966027,-0.256708642438,0.557993742303,2.34354253072,1.75534918561,0.435910359877,9.257059,-0.954775,55.54969,2.59161,2.373139,0.32881
3,1789437602.931620836,0.534198966027,-0.256708642438,0.557993742303,2.34354253072,1.75534918561,0.435910359877,9.280586,-0.962176,55.421714,2.590418,2.371332,0.330162
3,1789437602.936707258,0.534198966027,-0.256708642438,0.557993742303,2.34354253072,1.75534918561,0.435910359877,9.309048,-0.957358,55.523506,2.591444,2.375264,0.330235
3,1789437602.941628933,0.534198966027,-0.256708642438,0.557993742303,2.34354253072,1.75534918561,0.435910359877,9.224601,-0.907183,55.699348,2.58857,2.370701,0.322751
3,1789437602.946586847,0.534198966027,-0.256708642438,0.557993742303,2.34354253072,1.75534918561,0.435910359877,9.171478,-0.94437,55.523875,2.593648,2.373409,0.330054
3,1789437602.951843739,0.534198966027,-0.256708642438,0.557993742303,2.34354253072,1.75534918561,0.435910359877,9.142248,-0.927186,55.45855,2.588597,2.366525,0.329104
3,1789437602.956635952,0.534198966027,-0.256708642438,0.557993742303,2.34354253072,1.75534918561,0.435910359877,9.148355,-0.985912,55.577793,2.594023,2.368488,0.328456
3,1789437602.961697340,0.534198966027,-0.256708642438,0.557993742303,2.34354253072,1.75534918561,0.435910359877,9.236019,-0.965058,55.54035,2.589478,2.371071,0.328621
3,1789437602.966464758,0.534198966027,-0.256708642438,0.557993742303,2.34354253072,1.75534918561,0.435910359877,9.280709,-0.971239,55.358638,2.594418,2.374825,0.331881
3,1789437602.971792459,0.534198966027,-0.256708642438,0.557993742303,2.34354253072,1.75534918561,0.435910359877,9.292949,-0.939244,55.516021,2.589309,2.375235,0.331342
3,1789437602.976772070,0.534198966027,-0.256708642438,0.557993742303,2.34354253072,1.75534918561,0.435910359877,9.263144,-0.94301,55.612012,2.592834,2.372795,0.326867
3,1789437602.981739759,0.534198966027,-0.256708642438,0.557993742303,2.34354253072,1.75534918561,0.435910359877,9.185283,-0.916379,55.43152,2.591676,2.372689,0.330304
3,1789437602.986843586,0.534198966027,-0.256708642438,0.557993742303,2.34354253072,1.75534918561,0.435910359877,9.157261,-0.925655,55.52907,2.592804,2.368564,0.326725
3,1789437602.991666317,0.534198966027,-0.256708642438,0.557993742303,2.34354253072,1.75534918561,0.435910359877,9.152595,-0.936042,55.722522,2.592575,2.369785,0.32567
3,1789437602.996553659,0.534198966027,-0.256708642438,0.557993742303,2.34354253072,1.75534918561,0.435910359877,9.201801,-0.961231,55.506765,2.591895,2.370905,0.33089
3,1789437603.001533985,0.534198966027,-0.256708642438,0.557993742303,2.34354253072,1.75534918561,0.435910359877,9.260227,-0.987353,55.488506,2.591821,2.372193,0.331449
3,1789437603.006816864,0.534198966027,-0.256708642438,0.557993742303,2.34354253072,1.75534918561,0.435910359877,9.301072,-0.989875,55.546852,2.5904,2.374973,0.327401
3,1789437603.011655331,0.534198966027,-0.256708642438,0.557993742303,2.34354253072,1.75534918561,0.435910359877,9.262442,-0.958719,55.586565,2.592154,2.373387,0.328635
4,1789437649.266532898,0.534188401897,-0.256679332148,0.55798784427,-2.16733120528,-1.41403870109,-0.963445220164,-11.042297,-9.909832,47.231674,2.444608,0.56298,2.505057
4,1789437649.271486521,0.534188401897,-0.256679332148,0.55798784427,-2.16733120528,-1.41403870109,-0.963445220164,-11.052933,-9.857965,47.4611,2.445144,0.556859,2.502022
4,1789437649.276367188,0.534188401897,-0.256679332148,0.55798784427,-2.16733120528,-1.41403870109,-0.963445220164,-11.017583,-9.917835,47.28926,2.447909,0.564757,2.51251
4,1789437649.281461954,0.534188401897,-0.256679332148,0.55798784427,-2.16733120528,-1.41403870109,-0.963445220164,-11.047692,-9.961293,47.397854,2.450197,0.56511,2.516818
4,1789437649.286519289,0.534188401897,-0.256679332148,0.55798784427,-2.16733120528,-1.41403870109,-0.963445220164,-11.028522,-9.953806,47.469904,2.455186,0.570349,2.515759
4,1789437649.291406631,0.534188401897,-0.256679332148,0.55798784427,-2.16733120528,-1.41403870109,-0.963445220164,-10.971516,-9.895552,47.373947,2.448343,0.573593,2.514045
4,1789437649.296573400,0.534188401897,-0.256679332148,0.55798784427,-2.16733120528,-1.41403870109,-0.963445220164,-11.031577,-9.885859,47.397914,2.446417,0.566687,2.51062
4,1789437649.301782370,0.534188401897,-0.256679332148,0.55798784427,-2.16733120528,-1.41403870109,-0.963445220164,-11.037274,-9.87589,47.567467,2.444396,0.561519,2.499222
4,1789437649.306762218,0.534188401897,-0.256679332148,0.55798784427,-2.16733120528,-1.41403870109,-0.963445220164,-11.112351,-9.890176,47.385209,2.451653,0.559736,2.501413
4,1789437649.311631680,0.534188401897,-0.256679332148,0.55798784427,-2.16733120528,-1.41403870109,-0.963445220164,-11.124174,-9.927119,47.295697,2.450177,0.560403,2.510077
4,1789437649.316806078,0.534188401897,-0.256679332148,0.55798784427,-2.16733120528,-1.41403870109,-0.963445220164,-11.059359,-9.941945,47.441032,2.451969,0.568292,2.514857
4,1789437649.321559191,0.534188401897,-0.256679332148,0.55798784427,-2.16733120528,-1.41403870109,-0.963445220164,-10.978612,-9.918652,47.454722,2.451045,0.573383,2.518253
4,1789437649.326434374,0.534188401897,-0.256679332148,0.55798784427,-2.16733120528,-1.41403870109,-0.963445220164,-10.940024,-9.944313,47.383704,2.451024,0.571103,2.514309
4,1789437649.331615925,0.534188401897,-0.256679332148,0.55798784427,-2.16733120528,-1.41403870109,-0.963445220164,-10.962933,-9.930645,47.406516,2.448167,0.571635,2.510987
4,1789437649.336619377,0.534188401897,-0.256679332148,0.55798784427,-2.16733120528,-1.41403870109,-0.963445220164,-11.074019,-9.913177,47.504148,2.450063,0.560522,2.506455
4,1789437649.341447592,0.534188401897,-0.256679332148,0.55798784427,-2.16733120528,-1.41403870109,-0.963445220164,-11.112751,-9.887096,47.383469,2.448168,0.561012,2.506534
4,1789437649.346458197,0.534188401897,-0.256679332148,0.55798784427,-2.16733120528,-1.41403870109,-0.963445220164,-11.107367,-9.903607,47.435587,2.450363,0.56092,2.504166
4,1789437649.351904869,0.534188401897,-0.256679332148,0.55798784427,-2.16733120528,-1.41403870109,-0.963445220164,-11.080697,-9.927916,47.571821,2.449423,0.563817,2.508577
4,1789437649.356738091,0.534188401897,-0.256679332148,0.55798784427,-2.16733120528,-1.41403870109,-0.963445220164,-10.981494,-9.920815,47.395306,2.450365,0.573477,2.515929
4,1789437649.361708403,0.534188401897,-0.256679332148,0.55798784427,-2.16733120528,-1.41403870109,-0.963445220164,-10.952101,-9.964882,47.3496,2.454778,0.57268,2.516562
4,1789437649.366990805,0.534188401897,-0.256679332148,0.55798784427,-2.16733120528,-1.41403870109,-0.963445220164,-10.974763,-9.930021,47.108697,2.448849,0.570787,2.516865
4,1789437649.371733189,0.534188401897,-0.256679332148,0.55798784427,-2.16733120528,-1.41403870109,-0.963445220164,-11.05589,-9.930584,47.533145,2.454166,0.567848,2.508037
4,1789437649.376592636,0.534188401897,-0.256679332148,0.55798784427,-2.16733120528,-1.41403870109,-0.963445220164,-11.064308,-9.82907,47.188455,2.441971,0.560395,2.506512
4,1789437649.381850958,0.534188401897,-0.256679332148,0.55798784427,-2.16733120528,-1.41403870109,-0.963445220164,-11.089333,-9.903577,47.400723,2.448693,0.556271,2.505217
4,1789437649.386836052,0.534188401897,-0.256679332148,0.55798784427,-2.16733120528,-1.41403870109,-0.963445220164,-11.0745,-9.922941,47.483194,2.446619,0.560945,2.505068
4,1789437649.391807795,0.534188401897,-0.256679332148,0.55798784427,-2.16733120528,-1.41403870109,-0.963445220164,-10.994847,-9.918023,47.33383,2.449468,0.564418,2.511198
4,1789437649.396692991,0.534188401897,-0.256679332148,0.55798784427,-2.16733120528,-1.41403870109,-0.963445220164,-10.938891,-9.982351,47.410558,2.450485,0.573912,2.514146
4,1789437649.401902437,0.534188401897,-0.256679332148,0.55798784427,-2.16733120528,-1.41403870109,-0.963445220164,-10.992943,-9.943185,47.53796,2.447928,0.568645,2.511484
4,1789437649.406561613,0.534188401897,-0.256679332148,0.55798784427,-2.16733120528,-1.41403870109,-0.963445220164,-11.054737,-9.936323,47.439707,2.453697,0.566516,2.513739
4,1789437649.411671877,0.534188401897,-0.256679332148,0.55798784427,-2.16733120528,-1.41403870109,-0.963445220164,-11.041754,-9.848385,47.254648,2.442133,0.563585,2.507691
4,1789437649.416922808,0.534188401897,-0.256679332148,0.55798784427,-2.16733120528,-1.41403870109,-0.963445220164,-11.124401,-9.891443,47.198855,2.447445,0.558355,2.507202
4,1789437649.421705246,0.534188401897,-0.256679332148,0.55798784427,-2.16733120528,-1.41403870109,-0.963445220164,-11.081544,-9.877544,47.46191,2.444122,0.55976,2.502973
4,1789437649.426489115,0.534188401897,-0.256679332148,0.55798784427,-2.16733120528,-1.41403870109,-0.963445220164,-11.051971,-9.950906,47.264553,2.450436,0.560057,2.514185
4,1789437649.431698799,0.534188401897,-0.256679332148,0.55798784427,-2.16733120528,-1.41403870109,-0.963445220164,-11.022838,-9.961927,47.38593,2.450477,0.571367,2.515827
4,1789437649.436715126,0.534188401897,-0.256679332148,0.55798784427,-2.16733120528,-1.41403870109,-0.963445220164,-10.996129,-9.950008,47.461022,2.452291,0.56869,2.515897
4,1789437649.441664457,0.534188401897,-0.256679332148,0.55798784427,-2.16733120528,-1.41403870109,-0.963445220164,-10.97898,-9.904019,47.37859,2.452354,0.57319,2.517016
4,1789437649.446760654,0.534188401897,-0.256679332148,0.55798784427,-2.16733120528,-1.41403870109,-0.963445220164,-11.023026,-9.873575,47.381741,2.447968,0.566822,2.512145
4,1789437649.451937199,0.534188401897,-0.256679332148,0.55798784427,-2.16733120528,-1.41403870109,-0.963445220164,-11.106878,-9.902724,47.592005,2.450701,0.561082,2.503045
4,1789437649.456684589,0.534188401897,-0.256679332148,0.55798784427,-2.16733120528,-1.41403870109,-0.963445220164,-11.142506,-9.923293,47.401865,2.44835,0.554206,2.505797
4,1789437649.461608171,0.534188401897,-0.256679332148,0.55798784427,-2.16733120528,-1.41403870109,-0.963445220164,-11.076126,-9.929556,47.282218,2.451627,0.561306,2.51356
4,1789437649.466990232,0.534188401897,-0.256679332148,0.55798784427,-2.16733120528,-1.41403870109,-0.963445220164,-11.128408,-9.874513,47.430785,2.451053,0.55654,2.506435
4,1789437649.471756697,0.534188401897,-0.256679332148,0.55798784427,-2.16733120528,-1.41403870109,-0.963445220164,-11.055634,-9.886948,47.407384,2.446753,0.562632,2.510255
4,1789437649.476546049,0.534188401897,-0.256679332148,0.55798784427,-2.16733120528,-1.41403870109,-0.963445220164,-11.046889,-9.947434,47.392897,2.452138,0.566737,2.513659
4,1789437649.481743336,0.534188401897,-0.256679332148,0.55798784427,-2.16733120528,-1.41403870109,-0.963445220164,-10.988032,-9.958205,47.413204,2.451136,0.57277,2.515569
4,1789437649.486719847,0.534188401897,-0.256679332148,0.55798784427,-2.16733120528,-1.41403870109,-0.963445220164,-10.982158,-9.947567,47.311869,2.450721,0.571887,2.516075
4,1789437649.491571903,0.534188401897,-0.256679332148,0.55798784427,-2.16733120528,-1.41403870109,-0.963445220164,-10.997988,-9.894758,47.39601,2.448726,0.567036,2.509456
4,1789437649.496621370,0.534188401897,-0.256679332148,0.55798784427,-2.16733120528,-1.41403870109,-0.963445220164,-11.084683,-9.89363,47.530815,2.449896,0.562944,2.505805
4,1789437649.501892328,0.534188401897,-0.256679332148,0.55798784427,-2.16733120528,-1.41403870109,-0.963445220164,-11.13233,-9.864162,47.365002,2.444861,0.560699,2.5065
4,1789437649.506821394,0.534188401897,-0.256679332148,0.55798784427,-2.16733120528,-1.41403870109,-0.963445220164,-11.126372,-9.943363,47.458874,2.453996,0.557705,2.507009
4,1789437649.511853933,0.534188401897,-0.256679332148,0.55798784427,-2.16733120528,-1.41403870109,-0.963445220164,-11.001958,-9.919026,47.580767,2.447532,0.5679,2.508847
4,1789437649.516900063,0.534188401897,-0.256679332148,0.55798784427,-2.16733120528,-1.41403870109,-0.963445220164,-10.954559,-9.932739,47.394178,2.452939,0.573427,2.515234
4,1789437649.521701336,0.534188401897,-0.256679332148,0.55798784427,-2.16733120528,-1.41403870109,-0.963445220164,-10.97246,-9.966158,47.322259,2.451897,0.574819,2.517206
4,1789437649.526561737,0.534188401897,-0.256679332148,0.55798784427,-2.16733120528,-1.41403870109,-0.963445220164,-10.968176,-9.901525,47.142864,2.449802,0.568196,2.514424
4,1789437649.531701326,0.534188401897,-0.256679332148,0.55798784427,-2.16733120528,-1.41403870109,-0.963445220164,-11.077844,-9.898461,47.541715,2.453328,0.565905,2.507163
4,1789437649.536799908,0.534188401897,-0.256679332148,0.55798784427,-2.16733120528,-1.41403870109,-0.963445220164,-11.152013,-9.83855,47.240549,2.443866,0.558702,2.50992
4,1789437649.541526318,0.534188401897,-0.256679332148,0.55798784427,-2.16733120528,-1.41403870109,-0.963445220164,-11.125173,-9.931084,47.425623,2.450735,0.558248,2.50356
4,1789437649.546698332,0.534188401897,-0.256679332148,0.55798784427,-2.16733120528,-1.41403870109,-0.963445220164,-10.991719,-9.880341,47.526386,2.442919,0.56747,2.503525
4,1789437649.551960945,0.534188401897,-0.256679332148,0.55798784427,-2.16733120528,-1.41403870109,-0.963445220164,-11.053105,-9.976188,47.378854,2.455035,0.565612,2.51662
4,1789437649.556656122,0.534188401897,-0.256679332148,0.55798784427,-2.16733120528,-1.41403870109,-0.963445220164,-11.021512,-9.970409,47.371631,2.45222,0.573906,2.518949
4,1789437649.561697960,0.534188401897,-0.256679332148,0.55798784427,-2.16733120528,-1.41403870109,-0.963445220164,-10.976445,-9.928581,47.583941,2.449199,0.570627,2.511276
4,1789437649.566889286,0.534188401897,-0.256679332148,0.55798784427,-2.16733120528,-1.41403870109,-0.963445220164,-11.007043,-9.879519,47.425568,2.450711,0.568856,2.510622
4,1789437649.571929455,0.534188401897,-0.256679332148,0.55798784427,-2.16733120528,-1.41403870109,-0.963445220164,-11.038969,-9.848782,47.260587,2.441481,0.565011,2.505666
4,1789437649.576798916,0.534188401897,-0.256679332148,0.55798784427,-2.16733120528,-1.41403870109,-0.963445220164,-11.118456,-9.906869,47.19735,2.448044,0.556593,2.506099
4,1789437649.581835508,0.534188401897,-0.256679332148,0.55798784427,-2.16733120528,-1.41403870109,-0.963445220164,-11.108049,-9.936249,47.455163,2.450254,0.55841,2.504693
4,1789437649.586853981,0.534188401897,-0.256679332148,0.55798784427,-2.16733120528,-1.41403870109,-0.963445220164,-11.03036,-9.919643,47.243417,2.448548,0.566525,2.513137
4,1789437649.591615915,0.534188401897,-0.256679332148,0.55798784427,-2.16733120528,-1.41403870109,-0.963445220164,-11.00382,-9.934066,47.396974,2.448495,0.57346,2.517097
4,1789437649.597141981,0.534188401897,-0.256679332148,0.55798784427,-2.16733120528,-1.41403870109,-0.963445220164,-10.998747,-9.930027,47.479238,2.449865,0.573329,2.51609
4,1789437649.601759195,0.534188401897,-0.256679332148,0.55798784427,-2.16733120528,-1.41403870109,-0.963445220164,-11.054579,-9.933326,47.369915,2.451166,0.562454,2.516331
4,1789437649.606616259,0.534188401897,-0.256679332148,0.55798784427,-2.16733120528,-1.41403870109,-0.963445220164,-11.034764,-9.899256,47.409891,2.447413,0.565332,2.506188
4,1789437649.611653566,0.534188401897,-0.256679332148,0.55798784427,-2.16733120528,-1.41403870109,-0.963445220164,-11.07006,-9.88793,47.592922,2.443552,0.562303,2.497755
4,1789437649.617062569,0.534188401897,-0.256679332148,0.55798784427,-2.16733120528,-1.41403870109,-0.963445220164,-11.103558,-9.885979,47.402452,2.450102,0.559315,2.506564
4,1789437649.621796846,0.534188401897,-0.256679332148,0.55798784427,-2.16733120528,-1.41403870109,-0.963445220164,-11.054602,-9.908168,47.27386,2.44813,0.564233,2.513513
4,1789437649.626635075,0.534188401897,-0.256679332148,0.55798784427,-2.16733120528,-1.41403870109,-0.963445220164,-11.031315,-9.937129,47.41386,2.452654,0.565427,2.515003
4,1789437649.632068396,0.534188401897,-0.256679332148,0.55798784427,-2.16733120528,-1.41403870109,-0.963445220164,-10.997198,-9.962616,47.480151,2.452988,0.573335,2.516817
4,1789437649.637065887,0.534188401897,-0.256679332148,0.55798784427,-2.16733120528,-1.41403870109,-0.963445220164,-10.98973,-9.924096,47.375274,2.448044,0.571295,2.514796
4,1789437649.641939163,0.534188401897,-0.256679332148,0.55798784427,-2.16733120528,-1.41403870109,-0.963445220164,-11.003442,-9.904528,47.439482,2.454983,0.570107,2.507769
4,1789437649.646888733,0.534188401897,-0.256679332148,0.55798784427,-2.16733120528,-1.41403870109,-0.963445220164,-11.053917,-9.865575,47.485635,2.442734,0.561889,2.500457
4,1789437649.651679516,0.534188401897,-0.256679332148,0.55798784427,-2.16733120528,-1.41403870109,-0.963445220164,-11.125109,-9.879403,47.428767,2.44934,0.561462,2.505722
4,1789437649.656455278,0.534188401897,-0.256679332148,0.55798784427,-2.16733120528,-1.41403870109,-0.963445220164,-11.122844,-9.894035,47.433946,2.449623,0.556993,2.508681
4,1789437649.661449671,0.534188401897,-0.256679332148,0.55798784427,-2.16733120528,-1.41403870109,-0.963445220164,-11.038889,-9.915524,47.598829,2.449302,0.566707,2.508283
4,1789437649.666574955,0.534188401897,-0.256679332148,0.55798784427,-2.16733120528,-1.41403870109,-0.963445220164,-10.952494,-9.940229,47.420152,2.452124,0.574507,2.514145
4,1789437649.671654940,0.534188401897,-0.256679332148,0.55798784427,-2.16733120528,-1.41403870109,-0.963445220164,-10.913308,-9.941455,47.262592,2.448462,0.573456,2.514502
4,1789437649.676404715,0.534188401897,-0.256679332148,0.55798784427,-2.16733120528,-1.41403870109,-0.963445220164,-10.95907,-9.933183,47.455845,2.453604,0.578325,2.513517
4,1789437649.681546450,0.534188401897,-0.256679332148,0.55798784427,-2.16733120528,-1.41403870109,-0.963445220164,-10.973407,-9.934401,47.266811,2.452614,0.571469,2.51689
4,1789437649.686608553,0.534188401897,-0.256679332148,0.55798784427,-2.16733120528,-1.41403870109,-0.963445220164,-11.017911,-9.984385,47.359011,2.455762,0.57127,2.51651
4,1789437649.691659689,0.534188401897,-0.256679332148,0.55798784427,-2.16733120528,-1.41403870109,-0.963445220164,-11.081014,-9.878022,47.443567,2.448948,0.562453,2.509462
4,1789437649.696621895,0.534188401897,-0.256679332148,0.55798784427,-2.16733120528,-1.41403870109,-0.963445220164,-11.121882,-9.851747,47.277478,2.448351,0.56225,2.510165
4,1789437649.701663971,0.534188401897,-0.256679332148,0.55798784427,-2.16733120528,-1.41403870109,-0.963445220164,-11.113488,-9.885571,47.448987,2.448519,0.559728,2.506637
4,1789437649.706532717,0.534188401897,-0.256679332148,0.55798784427,-2.16733120528,-1.41403870109,-0.963445220164,-11.072599,-9.915452,47.459248,2.448076,0.561973,2.507715
4,1789437649.711470366,0.534188401897,-0.256679332148,0.55798784427,-2.16733120528,-1.41403870109,-0.963445220164,-10.996344,-10.001444,47.408778,2.455333,0.571933,2.512744
4,1789437649.716666222,0.534188401897,-0.256679332148,0.55798784427,-2.16733120528,-1.41403870109,-0.963445220164,-10.992032,-9.942278,47.359217,2.448587,0.567869,2.516164
4,1789437649.721578121,0.534188401897,-0.256679332148,0.55798784427,-2.16733120528,-1.41403870109,-0.963445220164,-11.015156,-9.935519,47.607209,2.454936,0.573322,2.514549
4,1789437649.726395130,0.534188401897,-0.256679332148,0.55798784427,-2.16733120528,-1.41403870109,-0.963445220164,-11.025387,-9.841547,47.364263,2.444508,0.566647,2.51274
4,1789437649.731589556,0.534188401897,-0.256679332148,0.55798784427,-2.16733120528,-1.41403870109,-0.963445220164,-11.081641,-9.879814,47.32714,2.446984,0.562509,2.506372
4,1789437649.736594915,0.534188401897,-0.256679332148,0.55798784427,-2.16733120528,-1.41403870109,-0.963445220164,-11.116602,-9.903644,47.270232,2.447137,0.554522,2.504857
4,1789437649.741459370,0.534188401897,-0.256679332148,0.55798784427,-2.16733120528,-1.41403870109,-0.963445220164,-11.04564,-9.936652,47.498194,2.448837,0.563259,2.503035
4,1789437649.746517420,0.534188401897,-0.256679332148,0.55798784427,-2.16733120528,-1.41403870109,-0.963445220164,-11.020547,-9.928299,47.203475,2.446373,0.559342,2.51063
4,1789437649.751689434,0.534188401897,-0.256679332148,0.55798784427,-2.16733120528,-1.41403870109,-0.963445220164,-10.982314,-9.966605,47.427901,2.453192,0.571739,2.512918
4,1789437649.756409645,0.534188401897,-0.256679332148,0.55798784427,-2.16733120528,-1.41403870109,-0.963445220164,-10.917518,-9.862326,47.474509,2.443176,0.574159,2.512896
4,1789437649.761548519,0.534188401897,-0.256679332148,0.55798784427,-2.16733120528,-1.41403870109,-0.963445220164,-11.008274,-9.894459,47.337171,2.449398,0.567985,2.513648
4,1789437649.766673803,0.534188401897,-0.256679332148,0.55798784427,-2.16733120528,-1.41403870109,-0.963445220164,-11.065426,-9.879142,47.394549,2.446961,0.563594,2.508001
4,1789437649.771664143,0.534188401897,-0.256679332148,0.55798784427,-2.16733120528,-1.41403870109,-0.963445220164,-11.124353,-9.889673,47.318163,2.448125,0.557607,2.506035
4,1789437649.776389837,0.534188401897,-0.256679332148,0.55798784427,-2.16733120528,-1.41403870109,-0.963445220164,-11.118596,-9.87849,47.413353,2.446757,0.55656,2.501214
4,1789437649.781548500,0.534188401897,-0.256679332148,0.55798784427,-2.16733120528,-1.41403870109,-0.963445220164,-11.048728,-9.911022,47.455396,2.449752,0.56419,2.505417
4,1789437649.786644220,0.534188401897,-0.256679332148,0.55798784427,-2.16733120528,-1.41403870109,-0.963445220164,-10.996099,-9.91951,47.323167,2.451712,0.571959,2.517213
4,1789437649.791408777,0.534188401897,-0.256679332148,0.55798784427,-2.16733120528,-1.41403870109,-0.963445220164,-10.976427,-9.960508,47.498942,2.45526,0.576342,2.517249
4,1789437649.796457767,0.534188401897,-0.256679332148,0.55798784427,-2.16733120528,-1.41403870109,-0.963445220164,-11.018456,-9.953041,47.290821,2.453251,0.572691,2.520614
4,1789437649.801568270,0.534188401897,-0.256679332148,0.55798784427,-2.16733120528,-1.41403870109,-0.963445220164,-11.069772,-9.939905,47.438064,2.452365,0.567985,2.512857
4,1789437649.806504250,0.534188401897,-0.256679332148,0.55798784427,-2.16733120528,-1.41403870109,-0.963445220164,-11.094427,-9.894753,47.529843,2.448588,0.558759,2.504716
4,1789437649.811444283,0.534188401897,-0.256679332148,0.55798784427,-2.16733120528,-1.41403870109,-0.963445220164,-11.073722,-9.85227,47.342455,2.446948,0.560818,2.503892
4,1789437649.816532135,0.534188401897,-0.256679332148,0.55798784427,-2.16733120528,-1.41403870109,-0.963445220164,-11.049443,-9.906948,47.357862,2.44789,0.559039,2.507979
4,1789437649.821611404,0.534188401897,-0.256679332148,0.55798784427,-2.16733120528,-1.41403870109,-0.963445220164,-11.010466,-9.979096,47.611992,2.452956,0.56982,2.511464
4,1789437649.826490879,0.534188401897,-0.256679332148,0.55798784427,-2.16733120528,-1.41403870109,-0.963445220164,-11.016269,-9.960726,47.401106,2.456932,0.570424,2.519466
4,1789437649.831679344,0.534188401897,-0.256679332148,0.55798784427,-2.16733120528,-1.41403870109,-0.963445220164,-10.998774,-9.940715,47.367926,2.455095,0.572376,2.522256
4,1789437649.836642504,0.534188401897,-0.256679332148,0.55798784427,-2.16733120528,-1.41403870109,-0.963445220164,-10.981717,-9.885006,47.207428,2.446665,0.570512,2.514268
4,1789437649.841579914,0.534188401897,-0.256679332148,0.55798784427,-2.16733120528,-1.41403870109,-0.963445220164,-11.050433,-9.839073,47.50023,2.447193,0.560983,2.503612
4,1789437649.846560240,0.534188401897,-0.256679332148,0.55798784427,-2.16733120528,-1.41403870109,-0.963445220164,-11.106301,-9.902974,47.296929,2.449085,0.559804,2.504635
4,1789437649.851721048,0.534188401897,-0.256679332148,0.55798784427,-2.16733120528,-1.41403870109,-0.963445220164,-11.117093,-9.94955,47.405952,2.449332,0.559029,2.503076
4,1789437649.856589794,0.534188401897,-0.256679332148,0.55798784427,-2.16733120528,-1.41403870109,-0.963445220164,-11.064985,-9.968148,47.469323,2.451056,0.563901,2.508679
4,1789437649.861642838,0.534188401897,-0.256679332148,0.55798784427,-2.16733120528,-1.41403870109,-0.963445220164,-10.978418,-9.91744,47.382497,2.449775,0.571538,2.519494
4,1789437649.866803885,0.534188401897,-0.256679332148,0.55798784427,-2.16733120528,-1.41403870109,-0.963445220164,-10.967526,-9.898516,47.418566,2.451158,0.573276,2.518831
4,1789437649.871515274,0.534188401897,-0.256679332148,0.55798784427,-2.16733120528,-1.41403870109,-0.963445220164,-10.989197,-9.903461,47.561351,2.447232,0.572375,2.508752
4,1789437649.876444578,0.534188401897,-0.256679332148,0.55798784427,-2.16733120528,-1.41403870109,-0.963445220164,-11.05464,-9.904869,47.407459,2.450549,0.562479,2.504246
4,1789437649.881520033,0.534188401897,-0.256679332148,0.55798784427,-2.16733120528,-1.41403870109,-0.963445220164,-11.08859,-9.88641,47.303721,2.445227,0.558106,2.502785
4,1789437649.886579514,0.534188401897,-0.256679332148,0.55798784427,-2.16733120528,-1.41403870109,-0.963445220164,-11.076515,-9.883409,47.436422,2.449158,0.569164,2.511657
4,1789437649.891475439,0.534188401897,-0.256679332148,0.55798784427,-2.16733120528,-1.41403870109,-0.963445220164,-11.12315,-9.876354,47.299738,2.441967,0.555741,2.505963
4,1789437649.896718502,0.534188401897,-0.256679332148,0.55798784427,-2.16733120528,-1.41403870109,-0.963445220164,-11.137796,-9.955198,47.39131,2.449872,0.554339,2.505146
4,1789437649.901696444,0.534188401897,-0.256679332148,0.55798784427,-2.16733120528,-1.41403870109,-0.963445220164,-11.084702,-9.920753,47.458742,2.448625,0.561154,2.507302
4,1789437649.906524420,0.534188401897,-0.256679332148,0.55798784427,-2.16733120528,-1.41403870109,-0.963445220164,-10.947642,-9.921035,47.28753,2.444148,0.568157,2.511891
4,1789437649.911480427,0.534188401897,-0.256679332148,0.55798784427,-2.16733120528,-1.41403870109,-0.963445220164,-10.951208,-9.923288,47.405587,2.448941,0.570947,2.516343
4,1789437649.916680336,0.534188401897,-0.256679332148,0.55798784427,-2.16733120528,-1.41403870109,-0.963445220164,-10.987019,-9.925937,47.497548,2.449918,0.569369,2.515439
4,1789437649.921590805,0.534188401897,-0.256679332148,0.55798784427,-2.16733120528,-1.41403870109,-0.963445220164,-11.006333,-9.919132,47.362604,2.448825,0.565785,2.511924
4,1789437649.926498413,0.534188401897,-0.256679332148,0.55798784427,-2.16733120528,-1.41403870109,-0.963445220164,-11.077235,-9.90266,47.417002,2.449677,0.561706,2.504298
4,1789437649.931650639,0.534188401897,-0.256679332148,0.55798784427,-2.16733120528,-1.41403870109,-0.963445220164,-11.084178,-9.872676,47.567783,2.444247,0.56093,2.499309
4,1789437649.936601162,0.534188401897,-0.256679332148,0.55798784427,-2.16733120528,-1.41403870109,-0.963445220164,-11.074674,-9.905826,47.438683,2.45088,0.560159,2.506136
4,1789437649.941460848,0.534188401897,-0.256679332148,0.55798784427,-2.16733120528,-1.41403870109,-0.963445220164,-11.096749,-9.923926,47.355999,2.449549,0.564167,2.513446
4,1789437649.946445465,0.534188401897,-0.256679332148,0.55798784427,-2.16733120528,-1.41403870109,-0.963445220164,-11.015468,-9.94235,47.377732,2.44864,0.569141,2.516228
4,1789437649.951735020,0.534188401897,-0.256679332148,0.55798784427,-2.16733120528,-1.41403870109,-0.963445220164,-11.013093,-9.954784,47.471836,2.456103,0.572747,2.517296
4,1789437649.956413984,0.534188401897,-0.256679332148,0.55798784427,-2.16733120528,-1.41403870109,-0.963445220164,-10.925745,-9.916959,47.242018,2.445186,0.575194,2.513318
4,1789437649.961653709,0.534188401897,-0.256679332148,0.55798784427,-2.16733120528,-1.41403870109,-0.963445220164,-11.005802,-9.894525,47.42351,2.450386,0.570376,2.503451
4,1789437649.966865778,0.534188401897,-0.256679332148,0.55798784427,-2.16733120528,-1.41403870109,-0.963445220164,-11.111268,-9.910453,47.507383,2.449887,0.559001,2.502274
4,1789437649.971578836,0.534188401897,-0.256679332148,0.55798784427,-2.16733120528,-1.41403870109,-0.963445220164,-11.099533,-9.890555,47.391557,2.447405,0.557777,2.505417
4,1789437649.976454258,0.534188401897,-0.256679332148,0.55798784427,-2.16733120528,-1.41403870109,-0.963445220164,-11.074067,-9.911972,47.448018,2.450433,0.565498,2.506797
4,1789437649.981645346,0.534188401897,-0.256679332148,0.55798784427,-2.16733120528,-1.41403870109,-0.963445220164,-11.024683,-9.90316,47.403582,2.447614,0.567083,2.51445
4,1789437649.986666679,0.534188401897,-0.256679332148,0.55798784427,-2.16733120528,-1.41403870109,-0.963445220164,-10.931166,-9.951178,47.439711,2.453445,0.576421,2.51504
4,1789437649.991473913,0.534188401897,-0.256679332148,0.55798784427,-2.16733120528,-1.41403870109,-0.963445220164,-10.977828,-9.958491,47.356292,2.453047,0.572539,2.514809
4,1789437649.996569395,0.534188401897,-0.256679332148,0.55798784427,-2.16733120528,-1.41403870109,-0.963445220164,-11.040415,-9.945223,47.192364,2.454765,0.568417,2.516502
4,1789437650.001684427,0.534188401897,-0.256679332148,0.55798784427,-2.16733120528,-1.41403870109,-0.963445220164,-11.100615,-9.882309,47.484264,2.448579,0.563115,2.505746
4,1789437650.006446838,0.534188401897,-0.256679332148,0.55798784427,-2.16733120528,-1.41403870109,-0.963445220164,-11.149233,-9.856199,47.329859,2.448302,0.559578,2.50762
4,1789437650.011519909,0.534188401897,-0.256679332148,0.55798784427,-2.16733120528,-1.41403870109,-0.963445220164,-11.090461,-9.873964,47.46672,2.449385,0.56102,2.506157
4,1789437650.016635656,0.534188401897,-0.256679332148,0.55798784427,-2.16733120528,-1.41403870109,-0.963445220164,-11.036658,-9.935627,47.458985,2.44755,0.565609,2.508096
4,1789437650.021606922,0.534188401897,-0.256679332148,0.55798784427,-2.16733120528,-1.41403870109,-0.963445220164,-11.003094,-9.996205,47.342424,2.457069,0.570755,2.517827
4,1789437650.026494980,0.534188401897,-0.256679332148,0.55798784427,-2.16733120528,-1.41403870109,-0.963445220164,-10.949827,-9.953335,47.370303,2.451812,0.574451,2.518116
4,1789437650.031671762,0.534188401897,-0.256679332148,0.55798784427,-2.16733120528,-1.41403870109,-0.963445220164,-11.000442,-9.920146,47.577657,2.448146,0.569681,2.513094
4,1789437650.036670923,0.534188401897,-0.256679332148,0.55798784427,-2.16733120528,-1.41403870109,-0.963445220164,-11.069886,-9.858632,47.419805,2.447424,0.562155,2.512067
4,1789437650.041502237,0.534188401897,-0.256679332148,0.55798784427,-2.16733120528,-1.41403870109,-0.963445220164,-11.085481,-9.87556,47.342911,2.4416,0.560597,2.504357
4,1789437650.046467304,0.534188401897,-0.256679332148,0.55798784427,-2.16733120528,-1.41403870109,-0.963445220164,-11.150795,-9.945595,47.345896,2.450436,0.552223,2.505557
4,1789437650.051720381,0.534188401897,-0.256679332148,0.55798784427,-2.16733120528,-1.41403870109,-0.963445220164,-11.055075,-9.911131,47.475284,2.449428,0.561199,2.50592
4,1789437650.056455135,0.534188401897,-0.256679332148,0.55798784427,-2.16733120528,-1.41403870109,-0.963445220164,-10.965673,-9.955531,47.218047,2.446938,0.566211,2.515029
4,1789437650.061484814,0.534188401897,-0.256679332148,0.55798784427,-2.16733120528,-1.41403870109,-0.963445220164,-10.917256,-9.932183,47.420764,2.446746,0.575364,2.514705
4,1789437650.066715956,0.534188401897,-0.256679332148,0.55798784427,-2.16733120528,-1.41403870109,-0.963445220164,-11.029296,-9.912588,47.480368,2.450311,0.568466,2.516158
4,1789437650.071566820,0.534188401897,-0.256679332148,0.55798784427,-2.16733120528,-1.41403870109,-0.963445220164,-11.060794,-9.884959,47.384942,2.453598,0.56767,2.51428
4,1789437650.076371908,0.534188401897,-0.256679332148,0.55798784427,-2.16733120528,-1.41403870109,-0.963445220164,-11.090661,-9.867892,47.341851,2.446627,0.560133,2.503493
4,1789437650.081550360,0.534188401897,-0.256679332148,0.55798784427,-2.16733120528,-1.41403870109,-0.963445220164,-11.07173,-9.891378,47.615456,2.447673,0.560693,2.494018
4,1789437650.086642265,0.534188401897,-0.256679332148,0.55798784427,-2.16733120528,-1.41403870109,-0.963445220164,-11.052081,-9.876409,47.378151,2.444089,0.560196,2.503018
4,1789437650.091480970,0.534188401897,-0.256679332148,0.55798784427,-2.16733120528,-1.41403870109,-0.963445220164,-11.038912,-9.949544,47.3461,2.450456,0.565282,2.513352
4,1789437650.096686363,0.534188401897,-0.256679332148,0.55798784427,-2.16733120528,-1.41403870109,-0.963445220164,-11.01666,-9.87445,47.400111,2.447293,0.564508,2.505668
4,1789437650.101664782,0.534188401897,-0.256679332148,0.55798784427,-2.16733120528,-1.41403870109,-0.963445220164,-11.010041,-9.894718,47.35258,2.447459,0.566572,2.511428
4,1789437650.106511593,0.534188401897,-0.256679332148,0.55798784427,-2.16733120528,-1.41403870109,-0.963445220164,-10.992309,-9.962824,47.431607,2.449732,0.568093,2.514952
4,1789437650.111412764,0.534188401897,-0.256679332148,0.55798784427,-2.16733120528,-1.41403870109,-0.963445220164,-11.009217,-9.943832,47.460568,2.453757,0.57008,2.515691
4,1789437650.116698742,0.534188401897,-0.256679332148,0.55798784427,-2.16733120528,-1.41403870109,-0.963445220164,-10.974556,-9.88781,47.235101,2.445614,0.569804,2.51407
4,1789437650.121538401,0.534188401897,-0.256679332148,0.55798784427,-2.16733120528,-1.41403870109,-0.963445220164,-11.07255,-9.883002,47.383752,2.448831,0.5645,2.507113
4,1789437650.126362562,0.534188401897,-0.256679332148,0.55798784427,-2.16733120528,-1.41403870109,-0.963445220164,-11.050784,-9.882324,47.503729,2.445246,0.560916,2.500068
4,1789437650.131566525,0.534188401897,-0.256679332148,0.55798784427,-2.16733120528,-1.41403870109,-0.963445220164,-11.080854,-9.893706,47.344683,2.446645,0.556627,2.505095
4,1789437650.136582613,0.534188401897,-0.256679332148,0.55798784427,-2.16733120528,-1.41403870109,-0.963445220164,-11.084988,-9.937167,47.414579,2.45278,0.56485,2.509281
4,1789437650.141433954,0.534188401897,-0.256679332148,0.55798784427,-2.16733120528,-1.41403870109,-0.963445220164,-11.012555,-9.910744,47.567317,2.449031,0.56847,2.512207
4,1789437650.146511555,0.534188401897,-0.256679332148,0.55798784427,-2.16733120528,-1.41403870109,-0.963445220164,-10.993352,-9.911974,47.416076,2.454465,0.574441,2.517337
4,1789437650.151694536,0.534188401897,-0.256679332148,0.55798784427,-2.16733120528,-1.41403870109,-0.963445220164,-10.944455,-9.913887,47.323375,2.447219,0.571191,2.511259
4,1789437650.156470060,0.534188401897,-0.256679332148,0.55798784427,-2.16733120528,-1.41403870109,-0.963445220164,-11.043477,-9.923638,47.450042,2.45333,0.567007,2.508335
4,1789437650.161653042,0.534188401897,-0.256679332148,0.55798784427,-2.16733120528,-1.41403870109,-0.963445220164,-11.070088,-9.89374,47.4623,2.449225,0.56337,2.503656
4,1789437650.166725874,0.534188401897,-0.256679332148,0.55798784427,-2.16733120528,-1.41403870109,-0.963445220164,-11.121392,-9.902609,47.402783,2.450083,0.559199,2.506841
4,1789437650.171586990,0.534188401897,-0.256679332148,0.55798784427,-2.16733120528,-1.41403870109,-0.963445220164,-11.092765,-9.921936,47.459464,2.450242,0.565198,2.508205
4,1789437650.176372290,0.534188401897,-0.256679332148,0.55798784427,-2.16733120528,-1.41403870109,-0.963445220164,-11.043988,-9.908384,47.394006,2.449138,0.563294,2.513835
4,1789437650.181582928,0.534188401897,-0.256679332148,0.55798784427,-2.16733120528,-1.41403870109,-0.963445220164,-10.987913,-9.954963,47.426317,2.454104,0.571443,2.517851
4,1789437650.186593533,0.534188401897,-0.256679332148,0.55798784427,-2.16733120528,-1.41403870109,-0.963445220164,-10.976422,-9.932224,47.389037,2.449442,0.573004,2.517938
4,1789437650.191389322,0.534188401897,-0.256679332148,0.55798784427,-2.16733120528,-1.41403870109,-0.963445220164,-11.00919,-9.962829,47.579461,2.454299,0.569226,2.50827
4,1789437650.196545839,0.534188401897,-0.256679332148,0.55798784427,-2.16733120528,-1.41403870109,-0.963445220164,-10.995216,-9.881855,47.379304,2.445156,0.567734,2.50468
4,1789437650.201668024,0.534188401897,-0.256679332148,0.55798784427,-2.16733120528,-1.41403870109,-0.963445220164,-11.083597,-9.895424,47.379651,2.45017,0.55871,2.503819
4,1789437650.206416845,0.534188401897,-0.256679332148,0.55798784427,-2.16733120528,-1.41403870109,-0.963445220164,-11.106177,-9.906382,47.320803,2.451251,0.557748,2.507835
4,1789437650.211449862,0.534188401897,-0.256679332148,0.55798784427,-2.16733120528,-1.41403870109,-0.963445220164,-11.083385,-9.897414,47.442272,2.446584,0.564767,2.509011
4,1789437650.216743469,0.534188401897,-0.256679332148,0.55798784427,-2.16733120528,-1.41403870109,-0.963445220164,-10.996664,-9.945264,47.271778,2.449508,0.568553,2.513811
4,1789437650.221523762,0.534188401897,-0.256679332148,0.55798784427,-2.16733120528,-1.41403870109,-0.963445220164,-10.972879,-9.962242,47.401411,2.449393,0.570423,2.513737
4,1789437650.226527691,0.534188401897,-0.256679332148,0.55798784427,-2.16733120528,-1.41403870109,-0.963445220164,-10.952871,-9.938463,47.50001,2.449253,0.571771,2.511341
4,1789437650.231603384,0.534188401897,-0.256679332148,0.55798784427,-2.16733120528,-1.41403870109,-0.963445220164,-11.03213,-9.890116,47.340663,2.447609,0.564503,2.509442
4,1789437650.236581802,0.534188401897,-0.256679332148,0.55798784427,-2.16733120528,-1.41403870109,-0.963445220164,-11.091255,-9.881701,47.45656,2.450505,0.561788,2.505707
4,1789437650.241367340,0.534188401897,-0.256679332148,0.55798784427,-2.16733120528,-1.41403870109,-0.963445220164,-11.120107,-9.846781,47.515868,2.442965,0.557281,2.501301
4,1789437650.246387482,0.534188401897,-0.256679332148,0.55798784427,-2.16733120528,-1.41403870109,-0.963445220164,-11.086346,-9.916068,47.44772,2.451006,0.563576,2.50639
4,1789437650.251573801,0.534188401897,-0.256679332148,0.55798784427,-2.16733120528,-1.41403870109,-0.963445220164,-11.029436,-9.921928,47.328412,2.452033,0.564822,2.513739
4,1789437650.256467342,0.534188401897,-0.256679332148,0.55798784427,-2.16733120528,-1.41403870109,-0.963445220164,-10.927677,-9.942513,47.480735,2.448148,0.574341,2.51125
4,1789437650.261610031,0.534188401897,-0.256679332148,0.55798784427,-2.16733120528,-1.41403870109,-0.963445220164,-11.00543,-9.950116,47.415798,2.454557,0.565394,2.516329
4,1789437650.266734600,0.534188401897,-0.256679332148,0.55798784427,-2.16733120528,-1.41403870109,-0.963445220164,-10.997245,-9.90772,47.321087,2.44876,0.571985,2.515836
4,1789437650.271529913,0.534188401897,-0.256679332148,0.55798784427,-2.16733120528,-1.41403870109,-0.963445220164,-11.088749,-9.888208,47.396957,2.445497,0.559721,2.50919
4,1789437650.276378632,0.534188401897,-0.256679332148,0.55798784427,-2.16733120528,-1.41403870109,-0.963445220164,-11.102855,-9.873943,47.500715,2.446507,0.560037,2.503975
4,1789437650.281595230,0.534188401897,-0.256679332148,0.55798784427,-2.16733120528,-1.41403870109,-0.963445220164,-11.082169,-9.895086,47.31043,2.446292,0.556836,2.507064
4,1789437650.286650419,0.534188401897,-0.256679332148,0.55798784427,-2.16733120528,-1.41403870109,-0.963445220164,-11.029581,-9.960376,47.421629,2.451475,0.561795,2.507653
4,1789437650.291540623,0.534188401897,-0.256679332148,0.55798784427,-2.16733120528,-1.41403870109,-0.963445220164,-10.979558,-9.926862,47.528384,2.446651,0.56629,2.510983
4,1789437650.296740055,0.534188401897,-0.256679332148,0.55798784427,-2.16733120528,-1.41403870109,-0.963445220164,-10.984726,-9.955539,47.417896,2.456029,0.574307,2.518727
4,1789437650.301717281,0.534188401897,-0.256679332148,0.55798784427,-2.16733120528,-1.41403870109,-0.963445220164,-10.935198,-9.86253,47.293615,2.445787,0.572707,2.516055
4,1789437650.306465626,0.534188401897,-0.256679332148,0.55798784427,-2.16733120528,-1.41403870109,-0.963445220164,-10.932831,-9.940719,47.409473,2.451114,0.577568,2.513623
4,1789437650.311432123,0.534188401897,-0.256679332148,0.55798784427,-2.16733120528,-1.41403870109,-0.963445220164,-10.967783,-9.897417,47.332358,2.447321,0.570407,2.510853
4,1789437650.316770554,0.534188401897,-0.256679332148,0.55798784427,-2.16733120528,-1.41403870109,-0.963445220164,-11.047789,-9.932955,47.520318,2.448927,0.565126,2.505523
4,1789437650.321572304,0.534188401897,-0.256679332148,0.55798784427,-2.16733120528,-1.41403870109,-0.963445220164,-11.100633,-9.871788,47.44726,2.448487,0.559969,2.505473
4,1789437650.326440811,0.534188401897,-0.256679332148,0.55798784427,-2.16733120528,-1.41403870109,-0.963445220164,-11.093767,-9.891581,47.280445,2.447384,0.56097,2.506127
4,1789437650.331598759,0.534188401897,-0.256679332148,0.55798784427,-2.16733120528,-1.41403870109,-0.963445220164,-11.065179,-9.898223,47.404061,2.446518,0.561781,2.508042
4,1789437650.336578131,0.534188401897,-0.256679332148,0.55798784427,-2.16733120528,-1.41403870109,-0.963445220164,-11.002041,-9.970928,47.48586,2.453759,0.566657,2.513745
4,1789437650.341393232,0.534188401897,-0.256679332148,0.55798784427,-2.16733120528,-1.41403870109,-0.963445220164,-10.974933,-9.95689,47.371151,2.452745,0.572262,2.518409
4,1789437650.346408129,0.534188401897,-0.256679332148,0.55798784427,-2.16733120528,-1.41403870109,-0.963445220164,-10.989764,-9.953638,47.376342,2.452543,0.574639,2.515962
4,1789437650.351582527,0.534188401897,-0.256679332148,0.55798784427,-2.16733120528,-1.41403870109,-0.963445220164,-10.997781,-9.914091,47.581479,2.448597,0.566131,2.509075
4,1789437650.356508732,0.534188401897,-0.256679332148,0.55798784427,-2.16733120528,-1.41403870109,-0.963445220164,-11.076694,-9.880262,47.393221,2.447292,0.565516,2.507341
4,1789437650.361626387,0.534188401897,-0.256679332148,0.55798784427,-2.16733120528,-1.41403870109,-0.963445220164,-11.111219,-9.903208,47.381972,2.447462,0.557148,2.505219
4,1789437650.366717100,0.534188401897,-0.256679332148,0.55798784427,-2.16733120528,-1.41403870109,-0.963445220164,-11.081569,-9.931047,47.417256,2.448061,0.559099,2.504342
4,1789437650.371625662,0.534188401897,-0.256679332148,0.55798784427,-2.16733120528,-1.41403870109,-0.963445220164,-11.042125,-9.949249,47.431947,2.451765,0.564634,2.508562
4,1789437650.376427174,0.534188401897,-0.256679332148,0.55798784427,-2.16733120528,-1.41403870109,-0.963445220164,-10.988308,-9.929348,47.26832,2.44953,0.570703,2.517796
4,1789437650.381620407,0.534188401897,-0.256679332148,0.55798784427,-2.16733120528,-1.41403870109,-0.963445220164,-10.952844,-9.94889,47.408025,2.454184,0.576522,2.518623
4,1789437650.386628866,0.534188401897,-0.256679332148,0.55798784427,-2.16733120528,-1.41403870109,-0.963445220164,-11.036363,-9.902136,47.473982,2.449605,0.568087,2.511889
4,1789437650.391401291,0.534188401897,-0.256679332148,0.55798784427,-2.16733120528,-1.41403870109,-0.963445220164,-11.047887,-9.887859,47.341797,2.450612,0.56871,2.510587
4,1789437650.396917105,0.534188401897,-0.256679332148,0.55798784427,-2.16733120528,-1.41403870109,-0.963445220164,-11.126208,-9.885671,47.382598,2.444993,0.55802,2.505656
4,1789437650.401584625,0.534188401897,-0.256679332148,0.55798784427,-2.16733120528,-1.41403870109,-0.963445220164,-11.112394,-9.906338,47.605883,2.44773,0.560325,2.499927
4,1789437650.406489134,0.534188401897,-0.256679332148,0.55798784427,-2.16733120528,-1.41403870109,-0.963445220164,-11.063926,-9.907678,47.401783,2.446635,0.564541,2.506913
4,1789437650.411555767,0.534188401897,-0.256679332148,0.55798784427,-2.16733120528,-1.41403870109,-0.963445220164,-11.017401,-9.947885,47.353276,2.448196,0.56683,2.512178
4,1789437650.416679144,0.534188401897,-0.256679332148,0.55798784427,-2.16733120528,-1.41403870109,-0.963445220164,-11.020016,-9.958126,47.434169,2.452163,0.570356,2.516799
4,1789437650.421718836,0.534188401897,-0.256679332148,0.55798784427,-2.16733120528,-1.41403870109,-0.963445220164,-10.966623,-9.926181,47.429898,2.448917,0.572423,2.514161
4,1789437650.426581144,0.534188401897,-0.256679332148,0.55798784427,-2.16733120528,-1.41403870109,-0.963445220164,-10.965379,-9.907825,47.256807,2.445782,0.567442,2.509862
4,1789437650.431620598,0.534188401897,-0.256679332148,0.55798784427,-2.16733120528,-1.41403870109,-0.963445220164,-11.05552,-9.886477,47.435077,2.446452,0.562483,2.504017
4,1789437650.436585665,0.534188401897,-0.256679332148,0.55798784427,-2.16733120528,-1.41403870109,-0.963445220164,-11.128076,-9.909386,47.510857,2.447347,0.554961,2.504108
4,1789437650.441413403,0.534188401897,-0.256679332148,0.55798784427,-2.16733120528,-1.41403870109,-0.963445220164,-11.103406,-9.901374,47.311789,2.448784,0.559527,2.508235
4,1789437650.446442127,0.534188401897,-0.256679332148,0.55798784427,-2.16733120528,-1.41403870109,-0.963445220164,-11.017814,-9.933174,47.40976,2.448205,0.566252,2.51247
4,1789437650.451633215,0.534188401897,-0.256679332148,0.55798784427,-2.16733120528,-1.41403870109,-0.963445220164,-11.006895,-9.950807,47.571557,2.451977,0.570591,2.515392
4,1789437650.456359863,0.534188401897,-0.256679332148,0.55798784427,-2.16733120528,-1.41403870109,-0.963445220164,-10.965962,-9.946003,47.380495,2.450068,0.571863,2.518379
4,1789437650.461517811,0.534188401897,-0.256679332148,0.55798784427,-2.16733120528,-1.41403870109,-0.963445220164,-11.008549,-9.95753,47.394925,2.453445,0.56973,2.515387
4,1789437650.466655254,0.534188401897,-0.256679332148,0.55798784427,-2.16733120528,-1.41403870109,-0.963445220164,-11.048984,-9.883557,47.40347,2.448116,0.56359,2.507771
4,1789437650.471581936,0.534188401897,-0.256679332148,0.55798784427,-2.16733120528,-1.41403870109,-0.963445220164,-11.105667,-9.901841,47.498912,2.449752,0.560145,2.502907
4,1789437650.476493120,0.534188401897,-0.256679332148,0.55798784427,-2.16733120528,-1.41403870109,-0.963445220164,-11.105488,-9.876337,47.42907,2.447429,0.561014,2.505897
4,1789437650.481659889,0.534188401897,-0.256679332148,0.55798784427,-2.16733120528,-1.41403870109,-0.963445220164,-11.065537,-9.907922,47.375985,2.446952,0.564018,2.508228
4,1789437650.486771822,0.534188401897,-0.256679332148,0.55798784427,-2.16733120528,-1.41403870109,-0.963445220164,-10.984279,-9.978908,47.499126,2.451292,0.56869,2.510576
4,1789437650.491597414,0.534188401897,-0.256679332148,0.55798784427,-2.16733120528,-1.41403870109,-0.963445220164,-10.976116,-9.928808,47.313975,2.449513,0.570054,2.517169
4,1789437650.496661901,0.534188401897,-0.256679332148,0.55798784427,-2.16733120528,-1.41403870109,-0.963445220164,-11.00549,-9.947143,47.45773,2.452077,0.573887,2.514309
4,1789437650.501750231,0.534188401897,-0.256679332148,0.55798784427,-2.16733120528,-1.41403870109,-0.963445220164,-10.951134,-9.859912,47.548976,2.441047,0.568189,2.500081
4,1789437650.506483555,0.534188401897,-0.256679332148,0.55798784427,-2.16733120528,-1.41403870109,-0.963445220164,-11.052379,-9.859495,47.432921,2.449963,0.5607,2.502216
4,1789437650.511495590,0.534188401897,-0.256679332148,0.55798784427,-2.16733120528,-1.41403870109,-0.963445220164,-11.098694,-9.874137,47.418831,2.447147,0.562149,2.505411
4,1789437650.516744614,0.534188401897,-0.256679332148,0.55798784427,-2.16733120528,-1.41403870109,-0.963445220164,-11.02933,-9.891539,47.436421,2.448556,0.567955,2.505529
4,1789437650.521654129,0.534188401897,-0.256679332148,0.55798784427,-2.16733120528,-1.41403870109,-0.963445220164,-11.071387,-9.883073,47.316687,2.44364,0.556407,2.505008
4,1789437650.526442528,0.534188401897,-0.256679332148,0.55798784427,-2.16733120528,-1.41403870109,-0.963445220164,-11.115433,-9.980605,47.550161,2.455385,0.55954,2.506263
4,1789437650.531712294,0.534188401897,-0.256679332148,0.55798784427,-2.16733120528,-1.41403870109,-0.963445220164,-11.07178,-9.910416,47.420566,2.44851,0.56394,2.513024
4,1789437650.536638260,0.534188401897,-0.256679332148,0.55798784427,-2.16733120528,-1.41403870109,-0.963445220164,-11.018446,-9.944108,47.299079,2.453774,0.571387,2.519729
4,1789437650.541492701,0.534188401897,-0.256679332148,0.55798784427,-2.16733120528,-1.41403870109,-0.963445220164,-10.921957,-9.900475,47.383623,2.44587,0.575606,2.514619
4,1789437650.546509743,0.534188401897,-0.256679332148,0.55798784427,-2.16733120528,-1.41403870109,-0.963445220164,-10.986926,-9.924245,47.48424,2.451898,0.569005,2.512742
4,1789437650.551697969,0.534188401897,-0.256679332148,0.55798784427,-2.16733120528,-1.41403870109,-0.963445220164,-11.058411,-9.919477,47.339574,2.450555,0.566807,2.50908
4,1789437650.556804895,0.534188401897,-0.256679332148,0.55798784427,-2.16733120528,-1.41403870109,-0.963445220164,-11.092506,-9.882972,47.341255,2.443377,0.558561,2.503053
4,1789437650.561742783,0.534188401897,-0.256679332148,0.55798784427,-2.16733120528,-1.41403870109,-0.963445220164,-11.095636,-9.882863,47.595935,2.448877,0.560635,2.499412
4,1789437650.566803694,0.534188401897,-0.256679332148,0.55798784427,-2.16733120528,-1.41403870109,-0.963445220164,-11.097521,-9.893835,47.433594,2.448299,0.561945,2.509047
4,1789437650.571751595,0.534188401897,-0.256679332148,0.55798784427,-2.16733120528,-1.41403870109,-0.963445220164,-11.023621,-9.933986,47.353471,2.448539,0.57026,2.512606
4,1789437650.576584816,0.534188401897,-0.256679332148,0.55798784427,-2.16733120528,-1.41403870109,-0.963445220164,-11.0123,-9.99424,47.472665,2.449385,0.567706,2.511498
4,1789437650.581790447,0.534188401897,-0.256679332148,0.55798784427,-2.16733120528,-1.41403870109,-0.963445220164,-10.976346,-9.958119,47.438032,2.45273,0.573058,2.513574
4,1789437650.586841822,0.534188401897,-0.256679332148,0.55798784427,-2.16733120528,-1.41403870109,-0.963445220164,-10.950324,-9.862848,47.27461,2.443562,0.57108,2.509552
4,1789437650.591642380,0.534188401897,-0.256679332148,0.55798784427,-2.16733120528,-1.41403870109,-0.963445220164,-11.050439,-9.890359,47.425378,2.447322,0.562556,2.503779
4,1789437650.596908092,0.534188401897,-0.256679332148,0.55798784427,-2.16733120528,-1.41403870109,-0.963445220164,-11.142421,-9.865109,47.490274,2.445821,0.557805,2.502911
4,1789437650.601849079,0.534188401897,-0.256679332148,0.55798784427,-2.16733120528,-1.41403870109,-0.963445220164,-11.121571,-9.921367,47.331752,2.453524,0.558478,2.509027
4,1789437650.606472015,0.534188401897,-0.256679332148,0.55798784427,-2.16733120528,-1.41403870109,-0.963445220164,-11.032352,-9.919659,47.376824,2.448231,0.566032,2.509074
4,1789437650.611571550,0.534188401897,-0.256679332148,0.55798784427,-2.16733120528,-1.41403870109,-0.963445220164,-10.966218,-9.927151,47.59213,2.451163,0.575174,2.511031
4,1789437650.616870165,0.534188401897,-0.256679332148,0.55798784427,-2.16733120528,-1.41403870109,-0.963445220164,-10.977359,-9.937365,47.396888,2.450937,0.571745,2.516852
4,1789437650.621647835,0.534188401897,-0.256679332148,0.55798784427,-2.16733120528,-1.41403870109,-0.963445220164,-11.010902,-9.931982,47.337373,2.451457,0.56976,2.514147
4,1789437650.626628160,0.534188401897,-0.256679332148,0.55798784427,-2.16733120528,-1.41403870109,-0.963445220164,-11.087769,-9.910851,47.514474,2.446278,0.562317,2.507356
4,1789437650.631656170,0.534188401897,-0.256679332148,0.55798784427,-2.16733120528,-1.41403870109,-0.963445220164,-11.096089,-9.870154,47.445214,2.44561,0.55933,2.5041
4,1789437650.636792183,0.534188401897,-0.256679332148,0.55798784427,-2.16733120528,-1.41403870109,-0.963445220164,-11.078076,-9.866699,47.234508,2.44371,0.557084,2.506002
4,1789437650.641560078,0.534188401897,-0.256679332148,0.55798784427,-2.16733120528,-1.41403870109,-0.963445220164,-11.044811,-9.930237,47.371545,2.446398,0.562499,2.505299
4,1789437650.646612644,0.534188401897,-0.256679332148,0.55798784427,-2.16733120528,-1.41403870109,-0.963445220164,-11.028566,-9.980132,47.529161,2.452968,0.56803,2.511838
4,1789437650.651850939,0.534188401897,-0.256679332148,0.55798784427,-2.16733120528,-1.41403870109,-0.963445220164,-10.991955,-9.930473,47.363605,2.451443,0.571131,2.519295
4,1789437650.656631708,0.534188401897,-0.256679332148,0.55798784427,-2.16733120528,-1.41403870109,-0.963445220164,-11.000294,-9.925456,47.406159,2.450624,0.574828,2.5171
4,1789437650.661586523,0.534188401897,-0.256679332148,0.55798784427,-2.16733120528,-1.41403870109,-0.963445220164,-11.041214,-9.893006,47.534652,2.445957,0.568578,2.509036
4,1789437650.666754484,0.534188401897,-0.256679332148,0.55798784427,-2.16733120528,-1.41403870109,-0.963445220164,-11.115563,-9.899582,47.429998,2.450464,0.559612,2.506418
4,1789437650.671648502,0.534188401897,-0.256679332148,0.55798784427,-2.16733120528,-1.41403870109,-0.963445220164,-11.14246,-9.933499,47.401644,2.448449,0.556986,2.506019
4,1789437650.676476479,0.534188401897,-0.256679332148,0.55798784427,-2.16733120528,-1.41403870109,-0.963445220164,-11.058456,-9.910062,47.515262,2.445601,0.563155,2.501914
4,1789437650.681678534,0.534188401897,-0.256679332148,0.55798784427,-2.16733120528,-1.41403870109,-0.963445220164,-11.028235,-9.919868,47.468155,2.450466,0.563533,2.507656
4,1789437650.686879396,0.534188401897,-0.256679332148,0.55798784427,-2.16733120528,-1.41403870109,-0.963445220164,-10.966269,-9.926689,47.348118,2.453741,0.574468,2.516957
4,1789437650.691660643,0.534188401897,-0.256679332148,0.55798784427,-2.16733120528,-1.41403870109,-0.963445220164,-10.944791,-9.917326,47.353245,2.44681,0.573551,2.518912
4,1789437650.696819782,0.534188401897,-0.256679332148,0.55798784427,-2.16733120528,-1.41403870109,-0.963445220164,-11.010161,-9.937943,47.5314,2.451313,0.569741,2.513309
4,1789437650.701719522,0.534188401897,-0.256679332148,0.55798784427,-2.16733120528,-1.41403870109,-0.963445220164,-11.092705,-9.902414,47.311712,2.449706,0.559833,2.50822
4,1789437650.706577063,0.534188401897,-0.256679332148,0.55798784427,-2.16733120528,-1.41403870109,-0.963445220164,-11.045305,-9.87328,47.40933,2.446418,0.562073,2.499241
4,1789437650.711459398,0.534188401897,-0.256679332148,0.55798784427,-2.16733120528,-1.41403870109,-0.963445220164,-11.068588,-9.867641,47.51154,2.441087,0.556164,2.498527
4,1789437650.716626167,0.534188401897,-0.256679332148,0.55798784427,-2.16733120528,-1.41403870109,-0.963445220164,-11.070652,-9.943339,47.425369,2.449695,0.563249,2.510163
4,1789437650.721657038,0.534188401897,-0.256679332148,0.55798784427,-2.16733120528,-1.41403870109,-0.963445220164,-11.055755,-9.952848,47.360355,2.452353,0.567117,2.516772
4,1789437650.726457357,0.534188401897,-0.256679332148,0.55798784427,-2.16733120528,-1.41403870109,-0.963445220164,-11.03452,-9.891433,47.398589,2.448549,0.565094,2.510878
4,1789437650.731638193,0.534188401897,-0.256679332148,0.55798784427,-2.16733120528,-1.41403870109,-0.963445220164,-10.992334,-9.959533,47.3468,2.45047,0.571412,2.51459
4,1789437650.736587524,0.534188401897,-0.256679332148,0.55798784427,-2.16733120528,-1.41403870109,-0.963445220164,-10.955071,-9.970027,47.574257,2.451126,0.57481,2.511707
4,1789437650.741392374,0.534188401897,-0.256679332148,0.55798784427,-2.16733120528,-1.41403870109,-0.963445220164,-11.013695,-9.954989,47.420906,2.453845,0.571505,2.514303
4,1789437650.746399403,0.534188401897,-0.256679332148,0.55798784427,-2.16733120528,-1.41403870109,-0.963445220164,-10.997678,-9.869213,47.218268,2.444153,0.566656,2.508697
4,1789437650.751707077,0.534188401897,-0.256679332148,0.55798784427,-2.16733120528,-1.41403870109,-0.963445220164,-11.078748,-9.873562,47.454324,2.450986,0.560942,2.50411
4,1789437650.756525278,0.534188401897,-0.256679332148,0.55798784427,-2.16733120528,-1.41403870109,-0.963445220164,-11.085117,-9.831893,47.479995,2.442594,0.560504,2.502493
4,1789437650.761548996,0.534188401897,-0.256679332148,0.55798784427,-2.16733120528,-1.41403870109,-0.963445220164,-11.089214,-9.920362,47.292257,2.447023,0.557408,2.507529
4,1789437650.766871452,0.534188401897,-0.256679332148,0.55798784427,-2.16733120528,-1.41403870109,-0.963445220164,-11.008667,-9.9609,47.382209,2.45013,0.56498,2.512687
4,1789437650.771528959,0.534188401897,-0.256679332148,0.55798784427,-2.16733120528,-1.41403870109,-0.963445220164,-10.980007,-9.955571,47.548893,2.451185,0.574795,2.51327
4,1789437650.776402712,0.534188401897,-0.256679332148,0.55798784427,-2.16733120528,-1.41403870109,-0.963445220164,-10.934083,-9.917121,47.356237,2.445827,0.572046,2.514639
4,1789437650.781680822,0.534188401897,-0.256679332148,0.55798784427,-2.16733120528,-1.41403870109,-0.963445220164,-11.011122,-9.908298,47.404975,2.45006,0.567172,2.509292
4,1789437650.786684752,0.534188401897,-0.256679332148,0.55798784427,-2.16733120528,-1.41403870109,-0.963445220164,-11.081631,-9.879105,47.385306,2.445699,0.561393,2.507797
4,1789437650.791528940,0.534188401897,-0.256679332148,0.55798784427,-2.16733120528,-1.41403870109,-0.963445220164,-11.110089,-9.886119,47.448418,2.445612,0.560625,2.500332
4,1789437650.796598673,0.534188401897,-0.256679332148,0.55798784427,-2.16733120528,-1.41403870109,-0.963445220164,-11.099107,-9.912112,47.298138,2.447239,0.558001,2.505304
4,1789437650.801705837,0.534188401897,-0.256679332148,0.55798784427,-2.16733120528,-1.41403870109,-0.963445220164,-10.992277,-9.907114,47.251904,2.446493,0.566563,2.512603
4,1789437650.806567192,0.534188401897,-0.256679332148,0.55798784427,-2.16733120528,-1.41403870109,-0.963445220164,-11.015578,-9.973298,47.534212,2.454382,0.568798,2.51518
4,1789437650.811623573,0.534188401897,-0.256679332148,0.55798784427,-2.16733120528,-1.41403870109,-0.963445220164,-10.987979,-9.933844,47.29658,2.449116,0.574569,2.51849
4,1789437650.816743374,0.534188401897,-0.256679332148,0.55798784427,-2.16733120528,-1.41403870109,-0.963445220164,-11.01848,-9.94596,47.414529,2.451479,0.572334,2.516291
4,1789437650.821572542,0.534188401897,-0.256679332148,0.55798784427,-2.16733120528,-1.41403870109,-0.963445220164,-11.05217,-9.903907,47.569202,2.451526,0.563676,2.506713
4,1789437650.826523066,0.534188401897,-0.256679332148,0.55798784427,-2.16733120528,-1.41403870109,-0.963445220164,-11.089631,-9.872391,47.399582,2.449744,0.56009,2.504719
4,1789437650.831612587,0.534188401897,-0.256679332148,0.55798784427,-2.16733120528,-1.41403870109,-0.963445220164,-11.116505,-9.908972,47.361463,2.448001,0.559865,2.504298
4,1789437650.836597443,0.534188401897,-0.256679332148,0.55798784427,-2.16733120528,-1.41403870109,-0.963445220164,-11.059971,-9.90915,47.531253,2.448519,0.562963,2.506216
4,1789437650.841445446,0.534188401897,-0.256679332148,0.55798784427,-2.16733120528,-1.41403870109,-0.963445220164,-11.04553,-9.945397,47.452354,2.45411,0.566673,2.515993
4,1789437650.846413374,0.534188401897,-0.256679332148,0.55798784427,-2.16733120528,-1.41403870109,-0.963445220164,-10.94497,-9.93749,47.270527,2.451519,0.57468,2.519736
4,1789437650.851695061,0.534188401897,-0.256679332148,0.55798784427,-2.16733120528,-1.41403870109,-0.963445220164,-10.986932,-9.969248,47.401767,2.451201,0.570748,2.514005
4,1789437650.856402636,0.534188401897,-0.256679332148,0.55798784427,-2.16733120528,-1.41403870109,-0.963445220164,-10.999323,-9.920749,47.486114,2.446209,0.569706,2.508018
4,1789437650.861407995,0.534188401897,-0.256679332148,0.55798784427,-2.16733120528,-1.41403870109,-0.963445220164,-11.071724,-9.887383,47.280895,2.448403,0.562109,2.506531
4,1789437650.867669344,0.534188401897,-0.256679332148,0.55798784427,-2.16733120528,-1.41403870109,-0.963445220164,-11.102502,-9.896274,47.377498,2.447279,0.555298,2.502059
4,1789437650.871542215,0.534188401897,-0.256679332148,0.55798784427,-2.16733120528,-1.41403870109,-0.963445220164,-11.0836,-9.87406,47.553215,2.4468,0.563471,2.502205
4,1789437650.876421928,0.534188401897,-0.256679332148,0.55798784427,-2.16733120528,-1.41403870109,-0.963445220164,-11.067296,-9.908548,47.395657,2.447908,0.564233,2.508938
4,1789437650.881636858,0.534188401897,-0.256679332148,0.55798784427,-2.16733120528,-1.41403870109,-0.963445220164,-11.016435,-9.941196,47.37297,2.452213,0.569312,2.519157
4,1789437650.886729002,0.534188401897,-0.256679332148,0.55798784427,-2.16733120528,-1.41403870109,-0.963445220164,-10.962116,-9.961004,47.621752,2.451672,0.576234,2.512446
4,1789437650.891727686,0.534188401897,-0.256679332148,0.55798784427,-2.16733120528,-1.41403870109,-0.963445220164,-11.000735,-9.885312,47.402924,2.447345,0.569123,2.508096
4,1789437650.896609783,0.534188401897,-0.256679332148,0.55798784427,-2.16733120528,-1.41403870109,-0.963445220164,-11.02525,-9.888874,47.302361,2.452482,0.568935,2.509155
4,1789437650.901649237,0.534188401897,-0.256679332148,0.55798784427,-2.16733120528,-1.41403870109,-0.963445220164,-11.113409,-9.875364,47.391745,2.444242,0.560843,2.505839
4,1789437650.906409264,0.534188401897,-0.256679332148,0.55798784427,-2.16733120528,-1.41403870109,-0.963445220164,-11.119904,-9.93091,47.49679,2.447828,0.559435,2.501611
4,1789437650.911472559,0.534188401897,-0.256679332148,0.55798784427,-2.16733120528,-1.41403870109,-0.963445220164,-11.090241,-9.920914,47.306917,2.450236,0.558868,2.511151
4,1789437650.916749001,0.534188401897,-0.256679332148,0.55798784427,-2.16733120528,-1.41403870109,-0.963445220164,-11.00116,-9.954757,47.431353,2.452526,0.570481,2.514964
4,1789437650.921726704,0.534188401897,-0.256679332148,0.55798784427,-2.16733120528,-1.41403870109,-0.963445220164,-10.950851,-9.946355,47.379286,2.44777,0.572085,2.517662
4,1789437650.926492691,0.534188401897,-0.256679332148,0.55798784427,-2.16733120528,-1.41403870109,-0.963445220164,-10.994103,-9.955084,47.394858,2.451223,0.573272,2.515773
4,1789437650.931670666,0.534188401897,-0.256679332148,0.55798784427,-2.16733120528,-1.41403870109,-0.963445220164,-11.024878,-9.89284,47.355099,2.448815,0.564682,2.51282
4,1789437650.936628819,0.534188401897,-0.256679332148,0.55798784427,-2.16733120528,-1.41403870109,-0.963445220164,-10.942075,-9.912679,47.457262,2.453375,0.57458,2.513931
4,1789437650.941425323,0.534188401897,-0.256679332148,0.55798784427,-2.16733120528,-1.41403870109,-0.963445220164,-10.975971,-9.861021,47.374147,2.441716,0.569096,2.507498
4,1789437650.946446180,0.534188401897,-0.256679332148,0.55798784427,-2.16733120528,-1.41403870109,-0.963445220164,-11.09949,-9.881836,47.447749,2.446985,0.562582,2.50008
4,1789437650.951652050,0.534188401897,-0.256679332148,0.55798784427,-2.16733120528,-1.41403870109,-0.963445220164,-11.120891,-9.870256,47.410079,2.445332,0.553856,2.498744
4,1789437650.956511021,0.534188401897,-0.256679332148,0.55798784427,-2.16733120528,-1.41403870109,-0.963445220164,-11.087625,-9.920765,47.39862,2.448311,0.559588,2.504314
4,1789437650.961642981,0.534188401897,-0.256679332148,0.55798784427,-2.16733120528,-1.41403870109,-0.963445220164,-10.997601,-9.931384,47.204805,2.446276,0.566551,2.512347
4,1789437650.966666222,0.534188401897,-0.256679332148,0.55798784427,-2.16733120528,-1.41403870109,-0.963445220164,-10.959424,-9.941933,47.482069,2.44951,0.571741,2.511781
4,1789437650.971557856,0.534188401897,-0.256679332148,0.55798784427,-2.16733120528,-1.41403870109,-0.963445220164,-10.901698,-9.918783,47.309224,2.448645,0.577748,2.514949
4,1789437650.976436377,0.534188401897,-0.256679332148,0.55798784427,-2.16733120528,-1.41403870109,-0.963445220164,-11.013336,-9.91226,47.410804,2.449004,0.568867,2.513328
4,1789437650.981690168,0.534188401897,-0.256679332148,0.55798784427,-2.16733120528,-1.41403870109,-0.963445220164,-11.123103,-9.917378,47.587606,2.452007,0.560533,2.506235
4,1789437650.986630678,0.534188401897,-0.256679332148,0.55798784427,-2.16733120528,-1.41403870109,-0.963445220164,-11.105036,-9.861837,47.414858,2.444534,0.559538,2.502488
4,1789437650.991425037,0.534188401897,-0.256679332148,0.55798784427,-2.16733120528,-1.41403870109,-0.963445220164,-11.08458,-9.871708,47.406675,2.446525,0.560364,2.503353
4,1789437650.996556997,0.534188401897,-0.256679332148,0.55798784427,-2.16733120528,-1.41403870109,-0.963445220164,-11.015717,-9.91122,47.565903,2.447099,0.566754,2.505036
4,1789437651.001617908,0.534188401897,-0.256679332148,0.55798784427,-2.16733120528,-1.41403870109,-0.963445220164,-11.036593,-9.982937,47.44543,2.455169,0.567258,2.517805
4,1789437651.006433725,0.534188401897,-0.256679332148,0.55798784427,-2.16733120528,-1.41403870109,-0.963445220164,-10.997156,-9.954712,47.269184,2.451862,0.571083,2.524579
4,1789437651.011433125,0.534188401897,-0.256679332148,0.55798784427,-2.16733120528,-1.41403870109,-0.963445220164,-11.014119,-9.948746,47.334757,2.45075,0.570023,2.518645
4,1789437651.016857862,0.534188401897,-0.256679332148,0.55798784427,-2.16733120528,-1.41403870109,-0.963445220164,-11.013278,-9.892129,47.541969,2.448182,0.569961,2.507879
4,1789437651.021616697,0.534188401897,-0.256679332148,0.55798784427,-2.16733120528,-1.41403870109,-0.963445220164,-11.082934,-9.85547,47.26151,2.443332,0.557179,2.505362
4,1789437651.026617289,0.534188401897,-0.256679332148,0.55798784427,-2.16733120528,-1.41403870109,-0.963445220164,-11.085008,-9.937771,47.443583,2.451788,0.559178,2.503296
4,1789437651.031622410,0.534188401897,-0.256679332148,0.55798784427,-2.16733120528,-1.41403870109,-0.963445220164,-11.067664,-9.913762,47.529615,2.445848,0.56206,2.505101
4,1789437651.036631823,0.534188401897,-0.256679332148,0.55798784427,-2.16733120528,-1.41403870109,-0.963445220164,-11.037455,-9.947586,47.383702,2.454049,0.566145,2.513643
4,1789437651.041464806,0.534188401897,-0.256679332148,0.55798784427,-2.16733120528,-1.41403870109,-0.963445220164,-10.996726,-9.92685,47.372181,2.450893,0.571606,2.518858
4,1789437651.046427488,0.534188401897,-0.256679332148,0.55798784427,-2.16733120528,-1.41403870109,-0.963445220164,-10.982734,-9.907968,47.601345,2.450345,0.574785,2.510827
4,1789437651.051674128,0.534188401897,-0.256679332148,0.55798784427,-2.16733120528,-1.41403870109,-0.963445220164,-11.01689,-9.90036,47.413893,2.450263,0.569868,2.509294
4,1789437651.056462049,0.534188401897,-0.256679332148,0.55798784427,-2.16733120528,-1.41403870109,-0.963445220164,-11.0214,-9.896953,47.259025,2.447115,0.56302,2.50461
4,1789437651.061538219,0.534188401897,-0.256679332148,0.55798784427,-2.16733120528,-1.41403870109,-0.963445220164,-11.071574,-9.925236,47.335129,2.448817,0.558857,2.505325
4,1789437651.066692114,0.534188401897,-0.256679332148,0.55798784427,-2.16733120528,-1.41403870109,-0.963445220164,-11.059459,-9.881781,47.470688,2.4456,0.562387,2.502945
4,1789437651.071542978,0.534188401897,-0.256679332148,0.55798784427,-2.16733120528,-1.41403870109,-0.963445220164,-11.062871,-9.911399,47.287914,2.447179,0.561924,2.511251
4,1789437651.076435089,0.534188401897,-0.256679332148,0.55798784427,-2.16733120528,-1.41403870109,-0.963445220164,-11.027631,-9.936755,47.421606,2.450419,0.571803,2.514736
4,1789437651.081704140,0.534188401897,-0.256679332148,0.55798784427,-2.16733120528,-1.41403870109,-0.963445220164,-10.935844,-9.9385,47.480138,2.445345,0.571773,2.510584
4,1789437651.086768627,0.534188401897,-0.256679332148,0.55798784427,-2.16733120528,-1.41403870109,-0.963445220164,-10.982518,-9.976379,47.398091,2.454252,0.568453,2.511341
4,1789437651.091648817,0.534188401897,-0.256679332148,0.55798784427,-2.16733120528,-1.41403870109,-0.963445220164,-10.972775,-9.896357,47.344919,2.449617,0.568508,2.506645
4,1789437651.096714020,0.534188401897,-0.256679332148,0.55798784427,-2.16733120528,-1.41403870109,-0.963445220164,-11.051378,-9.869387,47.587881,2.445542,0.562001,2.500396
4,1789437651.101625204,0.534188401897,-0.256679332148,0.55798784427,-2.16733120528,-1.41403870109,-0.963445220164,-11.124961,-9.857323,47.424006,2.446926,0.559385,2.508376
4,1789437651.106420040,0.534188401897,-0.256679332148,0.55798784427,-2.16733120528,-1.41403870109,-0.963445220164,-11.145146,-9.914367,47.311907,2.449525,0.557334,2.514171
4,1789437651.111436367,0.534188401897,-0.256679332148,0.55798784427,-2.16733120528,-1.41403870109,-0.963445220164,-11.054783,-9.930732,47.36668,2.448011,0.564691,2.514499
4,1789437651.116662264,0.534188401897,-0.256679332148,0.55798784427,-2.16733120528,-1.41403870109,-0.963445220164,-10.943163,-9.974697,47.497258,2.452284,0.572717,2.509804
4,1789437651.121663332,0.534188401897,-0.256679332148,0.55798784427,-2.16733120528,-1.41403870109,-0.963445220164,-10.954601,-9.979395,47.385335,2.45251,0.570934,2.515509
4,1789437651.126449108,0.534188401897,-0.256679332148,0.55798784427,-2.16733120528,-1.41403870109,-0.963445220164,-10.955327,-9.899405,47.351757,2.446282,0.571414,2.511521
4,1789437651.131544113,0.534188401897,-0.256679332148,0.55798784427,-2.16733120528,-1.41403870109,-0.963445220164,-11.088088,-9.893043,47.569337,2.446997,0.559525,2.506314
4,1789437651.136602640,0.534188401897,-0.256679332148,0.55798784427,-2.16733120528,-1.41403870109,-0.963445220164,-11.132818,-9.869152,47.425913,2.447641,0.560128,2.509752
4,1789437651.141414881,0.534188401897,-0.256679332148,0.55798784427,-2.16733120528,-1.41403870109,-0.963445220164,-11.108383,-9.876568,47.385697,2.44322,0.55759,2.507626
4,1789437651.146703720,0.534188401897,-0.256679332148,0.55798784427,-2.16733120528,-1.41403870109,-0.963445220164,-11.106544,-9.857775,47.351431,2.444939,0.555327,2.503092
4,1789437651.151694775,0.534188401897,-0.256679332148,0.55798784427,-2.16733120528,-1.41403870109,-0.963445220164,-11.112617,-9.889495,47.413153,2.447147,0.562665,2.507909
4,1789437651.156650305,0.534188401897,-0.256679332148,0.55798784427,-2.16733120528,-1.41403870109,-0.963445220164,-11.064436,-9.922808,47.489321,2.44499,0.564562,2.509511
4,1789437651.161667585,0.534188401897,-0.256679332148,0.55798784427,-2.16733120528,-1.41403870109,-0.963445220164,-11.048455,-9.969216,47.445767,2.455188,0.568057,2.518033
4,1789437651.166646004,0.534188401897,-0.256679332148,0.55798784427,-2.16733120528,-1.41403870109,-0.963445220164,-10.998184,-9.955055,47.270302,2.451613,0.57081,2.519188
4,1789437651.171658754,0.534188401897,-0.256679332148,0.55798784427,-2.16733120528,-1.41403870109,-0.963445220164,-10.962779,-9.96005,47.280332,2.451051,0.573692,2.513983
4,1789437651.176465511,0.534188401897,-0.256679332148,0.55798784427,-2.16733120528,-1.41403870109,-0.963445220164,-11.018494,-9.899857,47.485338,2.448014,0.567893,2.507154
4,1789437651.181684971,0.534188401897,-0.256679332148,0.55798784427,-2.16733120528,-1.41403870109,-0.963445220164,-11.105087,-9.88862,47.295578,2.449077,0.559902,2.509769
4,1789437651.186636209,0.534188401897,-0.256679332148,0.55798784427,-2.16733120528,-1.41403870109,-0.963445220164,-11.125847,-9.905894,47.420996,2.449051,0.559496,2.506647
4,1789437651.191509008,0.534188401897,-0.256679332148,0.55798784427,-2.16733120528,-1.41403870109,-0.963445220164,-11.088009,-9.915865,47.550275,2.447128,0.561041,2.506305
4,1789437651.197044373,0.534188401897,-0.256679332148,0.55798784427,-2.16733120528,-1.41403870109,-0.963445220164,-11.01761,-9.940347,47.379949,2.449015,0.56682,2.511317
4,1789437651.201681614,0.534188401897,-0.256679332148,0.55798784427,-2.16733120528,-1.41403870109,-0.963445220164,-10.961598,-9.972718,47.384716,2.448811,0.572205,2.51526
4,1789437651.206657887,0.534188401897,-0.256679332148,0.55798784427,-2.16733120528,-1.41403870109,-0.963445220164,-10.920125,-9.943323,47.538534,2.450378,0.574001,2.506405
4,1789437651.211598158,0.534188401897,-0.256679332148,0.55798784427,-2.16733120528,-1.41403870109,-0.963445220164,-10.982878,-9.918512,47.39476,2.451375,0.565622,2.50858
4,1789437651.216840506,0.534188401897,-0.256679332148,0.55798784427,-2.16733120528,-1.41403870109,-0.963445220164,-11.042928,-9.879069,47.272019,2.443703,0.566058,2.507301
4,1789437651.221657276,0.534188401897,-0.256679332148,0.55798784427,-2.16733120528,-1.41403870109,-0.963445220164,-11.139997,-9.885576,47.318476,2.446318,0.557964,2.506271
4,1789437651.226666451,0.534188401897,-0.256679332148,0.55798784427,-2.16733120528,-1.41403870109,-0.963445220164,-11.147735,-9.886901,47.511014,2.449203,0.557572,2.504342
4,1789437651.231594801,0.534188401897,-0.256679332148,0.55798784427,-2.16733120528,-1.41403870109,-0.963445220164,-10.974975,-9.906995,47.261856,2.446154,0.568597,2.507193
4,1789437651.236707926,0.534188401897,-0.256679332148,0.55798784427,-2.16733120528,-1.41403870109,-0.963445220164,-10.966275,-9.950051,47.38603,2.451925,0.57045,2.50967
4,1789437651.241461039,0.534188401897,-0.256679332148,0.55798784427,-2.16733120528,-1.41403870109,-0.963445220164,-10.958271,-9.962279,47.57852,2.456792,0.57538,2.514432
4,1789437651.246425629,0.534188401897,-0.256679332148,0.55798784427,-2.16733120528,-1.41403870109,-0.963445220164,-11.011338,-9.93671,47.416487,2.449414,0.572707,2.5176
4,1789437651.251632452,0.534188401897,-0.256679332148,0.55798784427,-2.16733120528,-1.41403870109,-0.963445220164,-11.068003,-9.891033,47.380849,2.446698,0.566235,2.51157
4,1789437651.256403685,0.534188401897,-0.256679332148,0.55798784427,-2.16733120528,-1.41403870109,-0.963445220164,-11.143919,-9.869931,47.563435,2.447645,0.556365,2.501922
4,1789437651.261540651,0.534188401897,-0.256679332148,0.55798784427,-2.16733120528,-1.41403870109,-0.963445220164,-11.107333,-9.869187,47.41521,2.446307,0.559595,2.502735
5,1789437790.006959438,0.53348591311,-0.261904984419,0.551887745618,1.77138922289,1.49642918178,-0.806289559036,26.179006,25.946879,44.593889,0.158272,2.512546,-2.946351
5,1789437790.011939526,0.53348591311,-0.261904984419,0.551887745618,1.77138922289,1.49642918178,-0.806289559036,26.206452,26.134122,44.584152,0.130547,2.514098,-2.94703
5,1789437790.016969442,0.53348591311,-0.261904984419,0.551887745618,1.77138922289,1.49642918178,-0.806289559036,26.166401,26.060411,44.52764,0.149599,2.507746,-2.954199
5,1789437790.021841526,0.53348591311,-0.261904984419,0.551887745618,1.77138922289,1.49642918178,-0.806289559036,26.206841,26.056684,44.467659,0.137493,2.511466,-2.950193
5,1789437790.027089119,0.53348591311,-0.261904984419,0.551887745618,1.77138922289,1.49642918178,-0.806289559036,26.241777,25.983119,44.370844,0.139899,2.506867,-2.940638
5,1789437790.032102346,0.53348591311,-0.261904984419,0.551887745618,1.77138922289,1.49642918178,-0.806289559036,26.226054,25.906371,44.47171,0.148838,2.509717,-2.94101
5,1789437790.036745548,0.53348591311,-0.261904984419,0.551887745618,1.77138922289,1.49642918178,-0.806289559036,26.287471,25.99176,44.396419,0.137097,2.507482,-2.942062
5,1789437790.041632414,0.53348591311,-0.261904984419,0.551887745618,1.77138922289,1.49642918178,-0.806289559036,26.302943,26.032593,44.466704,0.141242,2.512204,-2.9445
5,1789437790.046892405,0.53348591311,-0.261904984419,0.551887745618,1.77138922289,1.49642918178,-0.806289559036,26.175229,26.119085,44.555147,0.137682,2.509845,-2.948275
5,1789437790.051711798,0.53348591311,-0.261904984419,0.551887745618,1.77138922289,1.49642918178,-0.806289559036,26.125283,26.089152,44.502689,0.143556,2.508798,-2.946164
5,1789437790.056740046,0.53348591311,-0.261904984419,0.551887745618,1.77138922289,1.49642918178,-0.806289559036,26.139042,26.019973,44.52466,0.144844,2.508769,-2.943607
5,1789437790.061943293,0.53348591311,-0.261904984419,0.551887745618,1.77138922289,1.49642918178,-0.806289559036,26.183601,25.934434,44.585557,0.148913,2.508409,-2.939894
5,1789437790.066839457,0.53348591311,-0.261904984419,0.551887745618,1.77138922289,1.49642918178,-0.806289559036,26.226659,25.909882,44.452963,0.153743,2.509087,-2.93518
5,1789437790.071761370,0.53348591311,-0.261904984419,0.551887745618,1.77138922289,1.49642918178,-0.806289559036,26.309657,25.999311,44.505214,0.139842,2.519105,-2.942672
5,1789437790.076757669,0.53348591311,-0.261904984419,0.551887745618,1.77138922289,1.49642918178,-0.806289559036,26.282001,26.076232,44.663846,0.137748,2.506372,-2.950269
5,1789437790.081886530,0.53348591311,-0.261904984419,0.551887745618,1.77138922289,1.49642918178,-0.806289559036,26.19642,26.06991,44.538537,0.143633,2.516413,-2.94604
5,1789437790.086740971,0.53348591311,-0.261904984419,0.551887745618,1.77138922289,1.49642918178,-0.806289559036,26.075228,26.04723,44.359723,0.138122,2.493786,-2.937666
5,1789437790.091714144,0.53348591311,-0.261904984419,0.551887745618,1.77138922289,1.49642918178,-0.806289559036,26.086899,25.883612,44.303984,0.153458,2.513786,-2.92863
5,1789437790.097384930,0.53348591311,-0.261904984419,0.551887745618,1.77138922289,1.49642918178,-0.806289559036,26.216782,26.034627,44.492951,0.135317,2.503706,-2.946537
5,1789437790.101859570,0.53348591311,-0.261904984419,0.551887745618,1.77138922289,1.49642918178,-0.806289559036,26.242813,25.901829,44.389596,0.153868,2.511531,-2.939787
5,1789437790.107088566,0.53348591311,-0.261904984419,0.551887745618,1.77138922289,1.49642918178,-0.806289559036,26.264458,26.060556,44.492039,0.130663,2.513235,-2.940011
5,1789437790.112116575,0.53348591311,-0.261904984419,0.551887745618,1.77138922289,1.49642918178,-0.806289559036,26.241495,26.027266,44.616042,0.147721,2.51034,-2.956666
5,1789437790.116908312,0.53348591311,-0.261904984419,0.551887745618,1.77138922289,1.49642918178,-0.806289559036,26.202498,26.041216,44.511231,0.143263,2.513158,-2.939767
5,1789437790.121758699,0.53348591311,-0.261904984419,0.551887745618,1.77138922289,1.49642918178,-0.806289559036,26.158926,26.003393,44.491042,0.146031,2.50851,-2.9412
5,1789437790.126976252,0.53348591311,-0.261904984419,0.551887745618,1.77138922289,1.49642918178,-0.806289559036,26.164086,25.99602,44.718729,0.143921,2.510991,-2.944039
5,1789437790.131979942,0.53348591311,-0.261904984419,0.551887745618,1.77138922289,1.49642918178,-0.806289559036,26.160032,26.032867,44.488434,0.141554,2.511778,-2.942628
5,1789437790.136742115,0.53348591311,-0.261904984419,0.551887745618,1.77138922289,1.49642918178,-0.806289559036,26.186711,26.000008,44.373666,0.145251,2.505708,-2.945217
5,1789437790.141866922,0.53348591311,-0.261904984419,0.551887745618,1.77138922289,1.49642918178,-0.806289559036,26.242376,26.002746,44.384011,0.1423,2.509776,-2.944004
5,1789437790.147185087,0.53348591311,-0.261904984419,0.551887745618,1.77138922289,1.49642918178,-0.806289559036,26.262245,26.012842,44.549603,0.141194,2.510405,-2.94517
5,1789437790.152130127,0.53348591311,-0.261904984419,0.551887745618,1.77138922289,1.49642918178,-0.806289559036,26.263187,25.999557,44.392288,0.145403,2.511467,-2.938414
5,1789437790.157115221,0.53348591311,-0.261904984419,0.551887745618,1.77138922289,1.49642918178,-0.806289559036,26.222159,26.027953,44.527553,0.142914,2.51528,-2.934848
5,1789437790.162077188,0.53348591311,-0.261904984419,0.551887745618,1.77138922289,1.49642918178,-0.806289559036,26.140838,26.015205,44.62571,0.148928,2.510004,-2.944338
5,1789437790.167035818,0.53348591311,-0.261904984419,0.551887745618,1.77138922289,1.49642918178,-0.806289559036,26.228704,26.021127,44.473988,0.140805,2.511134,-2.939852
5,1789437790.171712160,0.53348591311,-0.261904984419,0.551887745618,1.77138922289,1.49642918178,-0.806289559036,26.171793,25.973586,44.614935,0.148571,2.517442,-2.93813
5,1789437790.176687717,0.53348591311,-0.261904984419,0.551887745618,1.77138922289,1.49642918178,-0.806289559036,26.156529,26.048575,44.437309,0.141919,2.508906,-2.946057
5,1789437790.182181358,0.53348591311,-0.261904984419,0.551887745618,1.77138922289,1.49642918178,-0.806289559036,26.200144,26.046581,44.544135,0.146981,2.51604,-2.954507
5,1789437790.186664820,0.53348591311,-0.261904984419,0.551887745618,1.77138922289,1.49642918178,-0.806289559036,26.209125,26.082928,44.703049,0.138416,2.509749,-2.960856
5,1789437790.191631556,0.53348591311,-0.261904984419,0.551887745618,1.77138922289,1.49642918178,-0.806289559036,26.217536,25.999009,44.516353,0.142253,2.507753,-2.942857
5,1789437790.196996927,0.53348591311,-0.261904984419,0.551887745618,1.77138922289,1.49642918178,-0.806289559036,26.285943,25.941953,44.4133,0.144078,2.517013,-2.948037
5,1789437790.201821804,0.53348591311,-0.261904984419,0.551887745618,1.77138922289,1.49642918178,-0.806289559036,26.242206,26.021808,44.459065,0.137208,2.502905,-2.93831
5,1789437790.206884384,0.53348591311,-0.261904984419,0.551887745618,1.77138922289,1.49642918178,-0.806289559036,26.173759,25.977366,44.645974,0.150565,2.515854,-2.930228
5,1789437790.211976528,0.53348591311,-0.261904984419,0.551887745618,1.77138922289,1.49642918178,-0.806289559036,26.101588,26.131925,44.476285,0.133259,2.503925,-2.939744
5,1789437790.216880560,0.53348591311,-0.261904984419,0.551887745618,1.77138922289,1.49642918178,-0.806289559036,26.173818,26.083547,44.528546,0.148473,2.50838,-2.941472
5,1789437790.221691847,0.53348591311,-0.261904984419,0.551887745618,1.77138922289,1.49642918178,-0.806289559036,26.192103,26.023421,44.569386,0.145137,2.507035,-2.951032
5,1789437790.226933479,0.53348591311,-0.261904984419,0.551887745618,1.77138922289,1.49642918178,-0.806289559036,26.254574,25.946253,44.473685,0.148726,2.512852,-2.939553
5,1789437790.231953859,0.53348591311,-0.261904984419,0.551887745618,1.77138922289,1.49642918178,-0.806289559036,26.294056,25.963511,44.482825,0.145478,2.514655,-2.933387
5,1789437790.236726999,0.53348591311,-0.261904984419,0.551887745618,1.77138922289,1.49642918178,-0.806289559036,26.222201,26.015989,44.646552,0.143273,2.508336,-2.942919
5,1789437790.241868496,0.53348591311,-0.261904984419,0.551887745618,1.77138922289,1.49642918178,-0.806289559036,26.16736,26.114029,44.51471,0.136595,2.509426,-2.938231
5,1789437790.246890545,0.53348591311,-0.261904984419,0.551887745618,1.77138922289,1.49642918178,-0.806289559036,26.115163,26.061742,44.469209,0.140018,2.501531,-2.944353
5,1789437790.251682043,0.53348591311,-0.261904984419,0.551887745618,1.77138922289,1.49642918178,-0.806289559036,26.16252,25.996759,44.200529,0.139409,2.505519,-2.93671
5,1789437790.256642580,0.53348591311,-0.261904984419,0.551887745618,1.77138922289,1.49642918178,-0.806289559036,26.209175,25.947255,44.533492,0.144652,2.507517,-2.949691
5,1789437790.262041569,0.53348591311,-0.261904984419,0.551887745618,1.77138922289,1.49642918178,-0.806289559036,26.280385,25.906425,44.359187,0.147464,2.510411,-2.953612
5,1789437790.266764402,0.53348591311,-0.261904984419,0.551887745618,1.77138922289,1.49642918178,-0.806289559036,26.29045,25.985785,44.523691,0.141179,2.516431,-2.94302
5,1789437790.271598101,0.53348591311,-0.261904984419,0.551887745618,1.77138922289,1.49642918178,-0.806289559036,26.207888,26.039788,44.65502,0.146123,2.512848,-2.943136
5,1789437790.276745558,0.53348591311,-0.261904984419,0.551887745618,1.77138922289,1.49642918178,-0.806289559036,26.249646,26.171597,44.525955,0.135195,2.516353,-2.948565
5,1789437790.282224178,0.53348591311,-0.261904984419,0.551887745618,1.77138922289,1.49642918178,-0.806289559036,26.187219,26.096376,44.481498,0.146832,2.509246,-2.953921
5,1789437790.286842108,0.53348591311,-0.261904984419,0.551887745618,1.77138922289,1.49642918178,-0.806289559036,26.200033,26.037024,44.662541,0.138661,2.513992,-2.944057
5,1789437790.292191029,0.53348591311,-0.261904984419,0.551887745618,1.77138922289,1.49642918178,-0.806289559036,26.163412,25.888824,44.483986,0.155652,2.504879,-2.939667
5,1789437790.297065258,0.53348591311,-0.261904984419,0.551887745618,1.77138922289,1.49642918178,-0.806289559036,26.2408,25.945386,44.326821,0.139674,2.508018,-2.932595
5,1789437790.301694155,0.53348591311,-0.261904984419,0.551887745618,1.77138922289,1.49642918178,-0.806289559036,26.251872,25.932355,44.255782,0.148099,2.510584,-2.942303
5,1789437790.306675673,0.53348591311,-0.261904984419,0.551887745618,1.77138922289,1.49642918178,-0.806289559036,26.219443,26.00216,44.620718,0.139708,2.504711,-2.935766
5,1789437790.312027216,0.53348591311,-0.261904984419,0.551887745618,1.77138922289,1.49642918178,-0.806289559036,26.218671,26.01314,44.401992,0.143546,2.514087,-2.931857
5,1789437790.316767931,0.53348591311,-0.261904984419,0.551887745618,1.77138922289,1.49642918178,-0.806289559036,26.173569,26.027248,44.488372,0.144927,2.506491,-2.943271
5,1789437790.321689367,0.53348591311,-0.261904984419,0.551887745618,1.77138922289,1.49642918178,-0.806289559036,26.191366,26.037605,44.580186,0.145466,2.512505,-2.943437
5,1789437790.326689243,0.53348591311,-0.261904984419,0.551887745618,1.77138922289,1.49642918178,-0.806289559036,26.107384,25.959289,44.530002,0.154132,2.501951,-2.934638
5,1789437790.331978083,0.53348591311,-0.261904984419,0.551887745618,1.77138922289,1.49642918178,-0.806289559036,26.178525,25.99955,44.459655,0.141698,2.512263,-2.93079
5,1789437790.336708307,0.53348591311,-0.261904984419,0.551887745618,1.77138922289,1.49642918178,-0.806289559036,26.214146,25.975204,44.684854,0.149139,2.506573,-2.948361
5,1789437790.341844797,0.53348591311,-0.261904984419,0.551887745618,1.77138922289,1.49642918178,-0.806289559036,26.278733,26.045759,44.462594,0.139022,2.512762,-2.947182
5,1789437790.346958637,0.53348591311,-0.261904984419,0.551887745618,1.77138922289,1.49642918178,-0.806289559036,26.279099,26.017481,44.500066,0.143546,2.515359,-2.946634
5,1789437790.351891041,0.53348591311,-0.261904984419,0.551887745618,1.77138922289,1.49642918178,-0.806289559036,26.183909,26.044456,44.451982,0.135917,2.503829,-2.936904
5,1789437790.356865883,0.53348591311,-0.261904984419,0.551887745618,1.77138922289,1.49642918178,-0.806289559036,26.159148,26.008874,44.62991,0.145848,2.51055,-2.947519
5,1789437790.362070084,0.53348591311,-0.261904984419,0.551887745618,1.77138922289,1.49642918178,-0.806289559036,26.159536,26.0206,44.488332,0.136412,2.501742,-2.949765
5,1789437790.366618633,0.53348591311,-0.261904984419,0.551887745618,1.77138922289,1.49642918178,-0.806289559036,26.155422,25.974803,44.506248,0.145729,2.51326,-2.942735
5,1789437790.371433020,0.53348591311,-0.261904984419,0.551887745618,1.77138922289,1.49642918178,-0.806289559036,26.217598,26.019274,44.556482,0.140464,2.50793,-2.947093
5,1789437790.376411676,0.53348591311,-0.261904984419,0.551887745618,1.77138922289,1.49642918178,-0.806289559036,26.172421,26.004697,44.472186,0.144757,2.512996,-2.940837
5,1789437790.381639957,0.53348591311,-0.261904984419,0.551887745618,1.77138922289,1.49642918178,-0.806289559036,26.168374,25.9944,44.566873,0.146763,2.50336,-2.946895
5,1789437790.386482477,0.53348591311,-0.261904984419,0.551887745618,1.77138922289,1.49642918178,-0.806289559036,26.255629,25.989272,44.531336,0.146829,2.518126,-2.944043
5,1789437790.391503572,0.53348591311,-0.261904984419,0.551887745618,1.77138922289,1.49642918178,-0.806289559036,26.239176,26.057034,44.479791,0.138694,2.508459,-2.942592
5,1789437790.396604300,0.53348591311,-0.261904984419,0.551887745618,1.77138922289,1.49642918178,-0.806289559036,26.247104,26.061942,44.595378,0.144975,2.523539,-2.944504
5,1789437790.401471138,0.53348591311,-0.261904984419,0.551887745618,1.77138922289,1.49642918178,-0.806289559036,26.161754,26.11541,44.481821,0.138897,2.506804,-2.941827
5,1789437790.406635284,0.53348591311,-0.261904984419,0.551887745618,1.77138922289,1.49642918178,-0.806289559036,26.19272,26.014231,44.468573,0.149157,2.516785,-2.948952
5,1789437790.411609650,0.53348591311,-0.261904984419,0.551887745618,1.77138922289,1.49642918178,-0.806289559036,26.129522,26.028962,44.140538,0.134728,2.502393,-2.939921
5,1789437790.416616917,0.53348591311,-0.261904984419,0.551887745618,1.77138922289,1.49642918178,-0.806289559036,26.224947,25.93624,44.670796,0.152463,2.516531,-2.950182
5,1789437790.421628237,0.53348591311,-0.261904984419,0.551887745618,1.77138922289,1.49642918178,-0.806289559036,26.205729,26.032348,44.327217,0.134317,2.505227,-2.939145
5,1789437790.426487446,0.53348591311,-0.261904984419,0.551887745618,1.77138922289,1.49642918178,-0.806289559036,26.270108,25.944537,44.539317,0.149966,2.516576,-2.944877
5,1789437790.431666613,0.53348591311,-0.261904984419,0.551887745618,1.77138922289,1.49642918178,-0.806289559036,26.231734,26.049993,44.630828,0.138563,2.511604,-2.946854
5,1789437790.436430454,0.53348591311,-0.261904984419,0.551887745618,1.77138922289,1.49642918178,-0.806289559036,26.20284,26.058089,44.534026,0.145897,2.512168,-2.937267
5,1789437790.441437721,0.53348591311,-0.261904984419,0.551887745618,1.77138922289,1.49642918178,-0.806289559036,26.168427,26.004418,44.547583,0.14735,2.513104,-2.946309
5,1789437790.446602821,0.53348591311,-0.261904984419,0.551887745618,1.77138922289,1.49642918178,-0.806289559036,26.167231,26.098361,44.644212,0.136245,2.505475,-2.951233
5,1789437790.451514006,0.53348591311,-0.261904984419,0.551887745618,1.77138922289,1.49642918178,-0.806289559036,26.142537,25.943614,44.547675,0.154687,2.507987,-2.934465
5,1789437790.456437111,0.53348591311,-0.261904984419,0.551887745618,1.77138922289,1.49642918178,-0.806289559036,26.221142,26.00234,44.340687,0.139096,2.510229,-2.935755
5,1789437790.461646080,0.53348591311,-0.261904984419,0.551887745618,1.77138922289,1.49642918178,-0.806289559036,26.289573,25.92842,44.242359,0.148231,2.507313,-2.939232
5,1789437790.466618061,0.53348591311,-0.261904984419,0.551887745618,1.77138922289,1.49642918178,-0.806289559036,26.26383,25.99227,44.596484,0.144907,2.512371,-2.93857
5,1789437790.471494675,0.53348591311,-0.261904984419,0.551887745618,1.77138922289,1.49642918178,-0.806289559036,26.253056,26.056076,44.385737,0.142839,2.51123,-2.936913
5,1789437790.476631880,0.53348591311,-0.261904984419,0.551887745618,1.77138922289,1.49642918178,-0.806289559036,26.190624,26.071084,44.552498,0.141066,2.511378,-2.943534
5,1789437790.481784582,0.53348591311,-0.261904984419,0.551887745618,1.77138922289,1.49642918178,-0.806289559036,26.133003,26.069854,44.602327,0.143084,2.504976,-2.948238
5,1789437790.486679554,0.53348591311,-0.261904984419,0.551887745618,1.77138922289,1.49642918178,-0.806289559036,26.114453,25.983407,44.539561,0.147938,2.511938,-2.939462
5,1789437790.491512299,0.53348591311,-0.261904984419,0.551887745618,1.77138922289,1.49642918178,-0.806289559036,26.208849,25.987682,44.450953,0.139751,2.505964,-2.943152
5,1789437790.496682405,0.53348591311,-0.261904984419,0.551887745618,1.77138922289,1.49642918178,-0.806289559036,26.248189,25.930187,44.703614,0.149995,2.513234,-2.947256
5,1789437790.501555443,0.53348591311,-0.261904984419,0.551887745618,1.77138922289,1.49642918178,-0.806289559036,26.24932,25.998048,44.524273,0.140883,2.51072,-2.943376
5,1789437790.506679535,0.53348591311,-0.261904984419,0.551887745618,1.77138922289,1.49642918178,-0.806289559036,26.253801,26.033602,44.376752,0.141695,2.512401,-2.942519
5,1789437790.511581898,0.53348591311,-0.261904984419,0.551887745618,1.77138922289,1.49642918178,-0.806289559036,26.182684,26.026873,44.290499,0.143941,2.509777,-2.93844
5,1789437790.516698837,0.53348591311,-0.261904984419,0.551887745618,1.77138922289,1.49642918178,-0.806289559036,26.150116,26.036963,44.565675,0.138422,2.508308,-2.94116
5,1789437790.521475077,0.53348591311,-0.261904984419,0.551887745618,1.77138922289,1.49642918178,-0.806289559036,26.142418,25.972367,44.390919,0.148895,2.504328,-2.940117
5,1789437790.526515484,0.53348591311,-0.261904984419,0.551887745618,1.77138922289,1.49642918178,-0.806289559036,26.225995,26.005023,44.480441,0.139479,2.511057,-2.941621
5,1789437790.531824112,0.53348591311,-0.261904984419,0.551887745618,1.77138922289,1.49642918178,-0.806289559036,26.19357,25.941371,44.592543,0.151635,2.508534,-2.941463
5,1789437790.536612749,0.53348591311,-0.261904984419,0.551887745618,1.77138922289,1.49642918178,-0.806289559036,26.288458,26.002142,44.478004,0.142517,2.514049,-2.942855
5,1789437790.541650534,0.53348591311,-0.261904984419,0.551887745618,1.77138922289,1.49642918178,-0.806289559036,26.264207,26.020632,44.494547,0.144279,2.511993,-2.944578
5,1789437790.546668291,0.53348591311,-0.261904984419,0.551887745618,1.77138922289,1.49642918178,-0.806289559036,26.213119,26.033278,44.497596,0.146585,2.508291,-2.937062
5,1789437790.551687002,0.53348591311,-0.261904984419,0.551887745618,1.77138922289,1.49642918178,-0.806289559036,26.150874,26.075091,44.517908,0.138973,2.51206,-2.935685
5,1789437790.556504726,0.53348591311,-0.261904984419,0.551887745618,1.77138922289,1.49642918178,-0.806289559036,26.19954,26.028924,44.497697,0.147504,2.506656,-2.949345
5,1789437790.561679602,0.53348591311,-0.261904984419,0.551887745618,1.77138922289,1.49642918178,-0.806289559036,26.187597,26.026903,44.21609,0.140048,2.509649,-2.932304
5,1789437790.566670895,0.53348591311,-0.261904984419,0.551887745618,1.77138922289,1.49642918178,-0.806289559036,26.187403,25.94631,44.595585,0.150172,2.512934,-2.945071
5,1789437790.571556330,0.53348591311,-0.261904984419,0.551887745618,1.77138922289,1.49642918178,-0.806289559036,26.277661,26.030677,44.323246,0.134805,2.510634,-2.947154
5,1789437790.576616764,0.53348591311,-0.261904984419,0.551887745618,1.77138922289,1.49642918178,-0.806289559036,26.281718,25.976746,44.587203,0.149058,2.512417,-2.950678
5,1789437790.581858397,0.53348591311,-0.261904984419,0.551887745618,1.77138922289,1.49642918178,-0.806289559036,26.250535,26.078036,44.620016,0.133358,2.51189,-2.947866
5,1789437790.586497545,0.53348591311,-0.261904984419,0.551887745618,1.77138922289,1.49642918178,-0.806289559036,26.241117,26.025998,44.525329,0.142826,2.513754,-2.936446
5,1789437790.591502428,0.53348591311,-0.261904984419,0.551887745618,1.77138922289,1.49642918178,-0.806289559036,26.261019,26.041364,44.62415,0.147339,2.512743,-2.945067
5,1789437790.597035408,0.53348591311,-0.261904984419,0.551887745618,1.77138922289,1.49642918178,-0.806289559036,26.205965,26.073332,44.497991,0.142374,2.511016,-2.942737
5,1789437790.601578712,0.53348591311,-0.261904984419,0.551887745618,1.77138922289,1.49642918178,-0.806289559036,26.108564,26.052486,44.509815,0.144343,2.508254,-2.935315
5,1789437790.606698275,0.53348591311,-0.261904984419,0.551887745618,1.77138922289,1.49642918178,-0.806289559036,26.110347,26.035388,44.711758,0.143627,2.506251,-2.943297
5,1789437790.611976147,0.53348591311,-0.261904984419,0.551887745618,1.77138922289,1.49642918178,-0.806289559036,26.144742,26.034462,44.528928,0.142592,2.510116,-2.946787
5,1789437790.616816282,0.53348591311,-0.261904984419,0.551887745618,1.77138922289,1.49642918178,-0.806289559036,26.255161,25.998202,44.389383,0.14348,2.514291,-2.946049
5,1789437790.621705770,0.53348591311,-0.261904984419,0.551887745618,1.77138922289,1.49642918178,-0.806289559036,26.296669,25.97475,44.213584,0.142833,2.510412,-2.939612
5,1789437790.626584291,0.53348591311,-0.261904984419,0.551887745618,1.77138922289,1.49642918178,-0.806289559036,26.260004,25.988308,44.603835,0.143877,2.513805,-2.945734
5,1789437790.631743908,0.53348591311,-0.261904984419,0.551887745618,1.77138922289,1.49642918178,-0.806289559036,26.256342,26.106934,44.383627,0.137288,2.514983,-2.950232
5,1789437790.636657953,0.53348591311,-0.261904984419,0.551887745618,1.77138922289,1.49642918178,-0.806289559036,26.132923,26.082142,44.553749,0.144345,2.50699,-2.949445
5,1789437790.641837835,0.53348591311,-0.261904984419,0.551887745618,1.77138922289,1.49642918178,-0.806289559036,26.1555,26.100512,44.669841,0.137962,2.516935,-2.945399
5,1789437790.646684408,0.53348591311,-0.261904984419,0.551887745618,1.77138922289,1.49642918178,-0.806289559036,26.151935,26.010146,44.480187,0.1475,2.506488,-2.948587
5,1789437790.651545048,0.53348591311,-0.261904984419,0.551887745618,1.77138922289,1.49642918178,-0.806289559036,26.225878,25.962466,44.514253,0.146268,2.514801,-2.943295
5,1789437790.656432867,0.53348591311,-0.261904984419,0.551887745618,1.77138922289,1.49642918178,-0.806289559036,26.281248,25.957934,44.663033,0.143444,2.507684,-2.950108
5,1789437790.661724567,0.53348591311,-0.261904984419,0.551887745618,1.77138922289,1.49642918178,-0.806289559036,26.277463,25.944143,44.51821,0.145384,2.511575,-2.934837
5,1789437790.666619062,0.53348591311,-0.261904984419,0.551887745618,1.77138922289,1.49642918178,-0.806289559036,26.202742,26.051114,44.365483,0.141541,2.509459,-2.938186
5,1789437790.672394753,0.53348591311,-0.261904984419,0.551887745618,1.77138922289,1.49642918178,-0.806289559036,26.161251,26.044878,44.239819,0.144713,2.508558,-2.935344
5,1789437790.676552534,0.53348591311,-0.261904984419,0.551887745618,1.77138922289,1.49642918178,-0.806289559036,26.126422,26.070703,44.574982,0.144068,2.50707,-2.935495
5,1789437790.681656837,0.53348591311,-0.261904984419,0.551887745618,1.77138922289,1.49642918178,-0.806289559036,26.146484,25.996886,44.395702,0.148473,2.508738,-2.930534
5,1789437790.686490297,0.53348591311,-0.261904984419,0.551887745618,1.77138922289,1.49642918178,-0.806289559036,26.191464,25.96521,44.430673,0.146036,2.507596,-2.931886
5,1789437790.691447020,0.53348591311,-0.261904984419,0.551887745618,1.77138922289,1.49642918178,-0.806289559036,26.225158,25.92539,44.594224,0.153778,2.507823,-2.940364
5,1789437790.696524620,0.53348591311,-0.261904984419,0.551887745618,1.77138922289,1.49642918178,-0.806289559036,26.226294,25.970855,44.51129,0.14774,2.514376,-2.939264
5,1789437790.701473475,0.53348591311,-0.261904984419,0.551887745618,1.77138922289,1.49642918178,-0.806289559036,26.24925,26.072419,44.526755,0.140004,2.512793,-2.941903
5,1789437790.706369638,0.53348591311,-0.261904984419,0.551887745618,1.77138922289,1.49642918178,-0.806289559036,26.207834,26.086194,44.727935,0.142021,2.51352,-2.944233
5,1789437790.711640358,0.53348591311,-0.261904984419,0.551887745618,1.77138922289,1.49642918178,-0.806289559036,26.151796,26.0924,44.513184,0.14035,2.510771,-2.945112
5,1789437790.716442347,0.53348591311,-0.261904984419,0.551887745618,1.77138922289,1.49642918178,-0.806289559036,26.137849,25.987207,44.480069,0.144733,2.505905,-2.942497
5,1789437790.721390963,0.53348591311,-0.261904984419,0.551887745618,1.77138922289,1.49642918178,-0.806289559036,26.19655,25.956628,44.418387,0.142641,2.510179,-2.945611
5,1789437790.726343393,0.53348591311,-0.261904984419,0.551887745618,1.77138922289,1.49642918178,-0.806289559036,26.21461,25.997095,44.537595,0.138023,2.506209,-2.947319
5,1789437790.731552839,0.53348591311,-0.261904984419,0.551887745618,1.77138922289,1.49642918178,-0.806289559036,26.312999,25.99164,44.344862,0.142901,2.516514,-2.950488
5,1789437790.736466646,0.53348591311,-0.261904984419,0.551887745618,1.77138922289,1.49642918178,-0.806289559036,26.268188,26.057558,44.476222,0.135432,2.508229,-2.950964
5,1789437790.741592646,0.53348591311,-0.261904984419,0.551887745618,1.77138922289,1.49642918178,-0.806289559036,26.203133,25.99698,44.635003,0.146128,2.51687,-2.937302
5,1789437790.746662855,0.53348591311,-0.261904984419,0.551887745618,1.77138922289,1.49642918178,-0.806289559036,26.139135,26.029318,44.475217,0.141487,2.504875,-2.939879
5,1789437790.751548767,0.53348591311,-0.261904984419,0.551887745618,1.77138922289,1.49642918178,-0.806289559036,26.18213,25.999289,44.566097,0.145891,2.510924,-2.940472
5,1789437790.756596327,0.53348591311,-0.261904984419,0.551887745618,1.77138922289,1.49642918178,-0.806289559036,26.174455,26.020304,44.664319,0.14413,2.507248,-2.949746
5,1789437790.761725187,0.53348591311,-0.261904984419,0.551887745618,1.77138922289,1.49642918178,-0.806289559036,26.213078,25.992907,44.481131,0.14533,2.505967,-2.935691
5,1789437790.766688585,0.53348591311,-0.261904984419,0.551887745618,1.77138922289,1.49642918178,-0.806289559036,26.255092,25.98438,44.350251,0.145079,2.514245,-2.935097
5,1789437790.771497011,0.53348591311,-0.261904984419,0.551887745618,1.77138922289,1.49642918178,-0.806289559036,26.281282,26.008247,44.184248,0.141677,2.504088,-2.94143
5,1789437790.776505709,0.53348591311,-0.261904984419,0.551887745618,1.77138922289,1.49642918178,-0.806289559036,26.229762,25.961184,44.640111,0.145548,2.511332,-2.934365
5,1789437790.781504631,0.53348591311,-0.261904984419,0.551887745618,1.77138922289,1.49642918178,-0.806289559036,26.142092,26.040575,44.383287,0.138829,2.50679,-2.932883
5,1789437790.786484957,0.53348591311,-0.261904984419,0.551887745618,1.77138922289,1.49642918178,-0.806289559036,26.158463,26.001695,44.576783,0.145345,2.509616,-2.939739
5,1789437790.791441441,0.53348591311,-0.261904984419,0.551887745618,1.77138922289,1.49642918178,-0.806289559036,26.206564,26.062749,44.60165,0.140548,2.514222,-2.953588
5,1789437790.796506643,0.53348591311,-0.261904984419,0.551887745618,1.77138922289,1.49642918178,-0.806289559036,26.213625,26.008726,44.548513,0.148625,2.51275,-2.939663
5,1789437790.801472664,0.53348591311,-0.261904984419,0.551887745618,1.77138922289,1.49642918178,-0.806289559036,26.149688,26.02599,44.603098,0.143656,2.508127,-2.94106
5,1789437790.806488276,0.53348591311,-0.261904984419,0.551887745618,1.77138922289,1.49642918178,-0.806289559036,26.165206,25.972478,44.493893,0.148873,2.509357,-2.945194
5,1789437790.811606884,0.53348591311,-0.261904984419,0.551887745618,1.77138922289,1.49642918178,-0.806289559036,26.164969,25.985949,44.509968,0.145616,2.508033,-2.94094
5,1789437790.816559315,0.53348591311,-0.261904984419,0.551887745618,1.77138922289,1.49642918178,-0.806289559036,26.256499,26.013102,44.660224,0.146717,2.516584,-2.945223
5,1789437790.821440458,0.53348591311,-0.261904984419,0.551887745618,1.77138922289,1.49642918178,-0.806289559036,26.251117,26.034824,44.455943,0.146561,2.512597,-2.939459
5,1789437790.826429605,0.53348591311,-0.261904984419,0.551887745618,1.77138922289,1.49642918178,-0.806289559036,26.266422,26.064128,44.403045,0.142079,2.522558,-2.94259
5,1789437790.831534624,0.53348591311,-0.261904984419,0.551887745618,1.77138922289,1.49642918178,-0.806289559036,26.146416,26.050716,44.398894,0.14131,2.501739,-2.941579
5,1789437790.836337805,0.53348591311,-0.261904984419,0.551887745618,1.77138922289,1.49642918178,-0.806289559036,26.127198,26.008496,44.671489,0.146223,2.513983,-2.938225
5,1789437790.841324568,0.53348591311,-0.261904984419,0.551887745618,1.77138922289,1.49642918178,-0.806289559036,26.115345,26.022434,44.47767,0.140081,2.499205,-2.944957
5,1789437790.846600533,0.53348591311,-0.261904984419,0.551887745618,1.77138922289,1.49642918178,-0.806289559036,26.202929,25.926367,44.558326,0.151946,2.513899,-2.944902
5,1789437790.851459503,0.53348591311,-0.261904984419,0.551887745618,1.77138922289,1.49642918178,-0.806289559036,26.306433,26.009605,44.547454,0.13427,2.512607,-2.952255
5,1789437790.856377363,0.53348591311,-0.261904984419,0.551887745618,1.77138922289,1.49642918178,-0.806289559036,26.298575,25.977874,44.529586,0.15098,2.513837,-2.945633
5,1789437790.861647367,0.53348591311,-0.261904984419,0.551887745618,1.77138922289,1.49642918178,-0.806289559036,26.219335,26.058453,44.543857,0.136519,2.514957,-2.936461
5,1789437790.866553307,0.53348591311,-0.261904984419,0.551887745618,1.77138922289,1.49642918178,-0.806289559036,26.146349,26.059442,44.707831,0.145082,2.509262,-2.945645
5,1789437790.871654510,0.53348591311,-0.261904984419,0.551887745618,1.77138922289,1.49642918178,-0.806289559036,26.150714,26.097672,44.542714,0.140473,2.511882,-2.943958
5,1789437790.876567125,0.53348591311,-0.261904984419,0.551887745618,1.77138922289,1.49642918178,-0.806289559036,26.147913,26.01288,44.402133,0.143355,2.505618,-2.938853
5,1789437790.881532907,0.53348591311,-0.261904984419,0.551887745618,1.77138922289,1.49642918178,-0.806289559036,26.216601,25.942939,44.227807,0.143572,2.512646,-2.936052
5,1789437790.886446238,0.53348591311,-0.261904984419,0.551887745618,1.77138922289,1.49642918178,-0.806289559036,26.201665,25.926763,44.55162,0.146435,2.50418,-2.94422
5,1789437790.891479015,0.53348591311,-0.261904984419,0.551887745618,1.77138922289,1.49642918178,-0.806289559036,26.19592,25.932463,44.37732,0.145612,2.507404,-2.936195
5,1789437790.896522760,0.53348591311,-0.261904984419,0.551887745618,1.77138922289,1.49642918178,-0.806289559036,26.213322,26.008427,44.502832,0.138275,2.507645,-2.939541
5,1789437790.901463270,0.53348591311,-0.261904984419,0.551887745618,1.77138922289,1.49642918178,-0.806289559036,26.152417,26.058019,44.655447,0.143396,2.505954,-2.937654
5,1789437790.906443596,0.53348591311,-0.261904984419,0.551887745618,1.77138922289,1.49642918178,-0.806289559036,26.201611,26.090023,44.526113,0.141175,2.518271,-2.941856
5,1789437790.911657333,0.53348591311,-0.261904984419,0.551887745618,1.77138922289,1.49642918178,-0.806289559036,26.166501,26.034555,44.470766,0.14542,2.503136,-2.943047
5,1789437790.916529894,0.53348591311,-0.261904984419,0.551887745618,1.77138922289,1.49642918178,-0.806289559036,26.156623,25.916878,44.727607,0.155683,2.514531,-2.937593
5,1789437790.921312571,0.53348591311,-0.261904984419,0.551887745618,1.77138922289,1.49642918178,-0.806289559036,26.162323,26.024835,44.448766,0.141018,2.507113,-2.938625
5,1789437790.926333427,0.53348591311,-0.261904984419,0.551887745618,1.77138922289,1.49642918178,-0.806289559036,26.224321,25.95396,44.356433,0.152528,2.511892,-2.943455
5,1789437790.931625128,0.53348591311,-0.261904984419,0.551887745618,1.77138922289,1.49642918178,-0.806289559036,26.280878,26.044352,44.234967,0.135099,2.511958,-2.937893
5,1789437790.936415195,0.53348591311,-0.261904984419,0.551887745618,1.77138922289,1.49642918178,-0.806289559036,26.301126,26.004627,44.63046,0.144482,2.513387,-2.946682
5,1789437790.941488981,0.53348591311,-0.261904984419,0.551887745618,1.77138922289,1.49642918178,-0.806289559036,26.273393,26.027187,44.318125,0.136658,2.512148,-2.93818
5,1789437790.946487904,0.53348591311,-0.261904984419,0.551887745618,1.77138922289,1.49642918178,-0.806289559036,26.173696,25.981325,44.526548,0.143898,2.509552,-2.948119
5,1789437790.951357365,0.53348591311,-0.261904984419,0.551887745618,1.77138922289,1.49642918178,-0.806289559036,26.141592,26.025029,44.584824,0.140121,2.509657,-2.946703
5,1789437790.956322908,0.53348591311,-0.261904984419,0.551887745618,1.77138922289,1.49642918178,-0.806289559036,26.150451,26.059787,44.458967,0.140256,2.507951,-2.950291
5,1789437790.961512089,0.53348591311,-0.261904984419,0.551887745618,1.77138922289,1.49642918178,-0.806289559036,26.206032,25.98676,44.507614,0.146534,2.509162,-2.948418
5,1789437790.966802359,0.53348591311,-0.261904984419,0.551887745618,1.77138922289,1.49642918178,-0.806289559036,26.254726,26.027944,44.482207,0.139002,2.516837,-2.94599
5,1789437790.971302748,0.53348591311,-0.261904984419,0.551887745618,1.77138922289,1.49642918178,-0.806289559036,26.260438,25.994769,44.494191,0.147562,2.509903,-2.94496
5,1789437790.976335049,0.53348591311,-0.261904984419,0.551887745618,1.77138922289,1.49642918178,-0.806289559036,26.226631,26.021216,44.452169,0.1447,2.517771,-2.935184
5,1789437790.981756449,0.53348591311,-0.261904984419,0.551887745618,1.77138922289,1.49642918178,-0.806289559036,26.156086,26.078196,44.217618,0.141273,2.505848,-2.932048
5,1789437790.986304998,0.53348591311,-0.261904984419,0.551887745618,1.77138922289,1.49642918178,-0.806289559036,26.106037,26.057984,44.651998,0.144804,2.509235,-2.939598
5,1789437790.991291761,0.53348591311,-0.261904984419,0.551887745618,1.77138922289,1.49642918178,-0.806289559036,26.150944,26.048492,44.418099,0.142231,2.506236,-2.940679
5,1789437790.996601820,0.53348591311,-0.261904984419,0.551887745618,1.77138922289,1.49642918178,-0.806289559036,26.192873,25.963204,44.512746,0.145362,2.510187,-2.938735
5,1789437791.001496315,0.53348591311,-0.261904984419,0.551887745618,1.77138922289,1.49642918178,-0.806289559036,26.262633,25.925072,44.577262,0.145948,2.509571,-2.938947
5,1789437791.006630421,0.53348591311,-0.261904984419,0.551887745618,1.77138922289,1.49642918178,-0.806289559036,26.236084,25.982144,44.52858,0.144762,2.514187,-2.946235
5,1789437791.011613846,0.53348591311,-0.261904984419,0.551887745618,1.77138922289,1.49642918178,-0.806289559036,26.23877,25.984872,44.577007,0.141234,2.505467,-2.945926
5,1789437791.016534567,0.53348591311,-0.261904984419,0.551887745618,1.77138922289,1.49642918178,-0.806289559036,26.243488,25.938684,44.494597,0.146961,2.5133,-2.937938
5,1789437791.021436214,0.53348591311,-0.261904984419,0.551887745618,1.77138922289,1.49642918178,-0.806289559036,26.221716,25.983415,44.490783,0.142542,2.510991,-2.940882
5,1789437791.026434898,0.53348591311,-0.261904984419,0.551887745618,1.77138922289,1.49642918178,-0.806289559036,26.183098,26.042062,44.598306,0.142672,2.509568,-2.944075
5,1789437791.031605244,0.53348591311,-0.261904984419,0.551887745618,1.77138922289,1.49642918178,-0.806289559036,26.151455,26.064392,44.528583,0.147436,2.507825,-2.941412
5,1789437791.036416531,0.53348591311,-0.261904984419,0.551887745618,1.77138922289,1.49642918178,-0.806289559036,26.146806,26.003791,44.393165,0.144433,2.507089,-2.932355
5,1789437791.041399479,0.53348591311,-0.261904984419,0.551887745618,1.77138922289,1.49642918178,-0.806289559036,26.201768,25.966512,44.27216,0.147678,2.511603,-2.931697
5,1789437791.046562910,0.53348591311,-0.261904984419,0.551887745618,1.77138922289,1.49642918178,-0.806289559036,26.21391,25.964096,44.557566,0.148237,2.508773,-2.94003
5,1789437791.051434278,0.53348591311,-0.261904984419,0.551887745618,1.77138922289,1.49642918178,-0.806289559036,26.303605,26.019147,44.370203,0.143197,2.518229,-2.933886
5,1789437791.056405067,0.53348591311,-0.261904984419,0.551887745618,1.77138922289,1.49642918178,-0.806289559036,26.257364,26.034958,44.536462,0.142352,2.507911,-2.948098
5,1789437791.061976910,0.53348591311,-0.261904984419,0.551887745618,1.77138922289,1.49642918178,-0.806289559036,26.208711,26.06008,44.654928,0.140447,2.51116,-2.943411
5,1789437791.066701412,0.53348591311,-0.261904984419,0.551887745618,1.77138922289,1.49642918178,-0.806289559036,26.174289,26.045174,44.483622,0.141798,2.508133,-2.946241
5,1789437791.071602583,0.53348591311,-0.261904984419,0.551887745618,1.77138922289,1.49642918178,-0.806289559036,26.141997,25.977947,44.480963,0.145817,2.510238,-2.941389
5,1789437791.076675177,0.53348591311,-0.261904984419,0.551887745618,1.77138922289,1.49642918178,-0.806289559036,26.151053,25.967993,44.632132,0.141684,2.509305,-2.939854
5,1789437791.081918716,0.53348591311,-0.261904984419,0.551887745618,1.77138922289,1.49642918178,-0.806289559036,26.227792,25.963018,44.492847,0.145939,2.509062,-2.945767
5,1789437791.086704016,0.53348591311,-0.261904984419,0.551887745618,1.77138922289,1.49642918178,-0.806289559036,26.265394,26.046439,44.307017,0.134237,2.515117,-2.945181
5,1789437791.091885805,0.53348591311,-0.261904984419,0.551887745618,1.77138922289,1.49642918178,-0.806289559036,26.228846,26.019529,44.267628,0.141752,2.512445,-2.94082
5,1789437791.096762419,0.53348591311,-0.261904984419,0.551887745618,1.77138922289,1.49642918178,-0.806289559036,26.167816,26.044958,44.562193,0.140193,2.510659,-2.943226
5,1789437791.101684570,0.53348591311,-0.261904984419,0.551887745618,1.77138922289,1.49642918178,-0.806289559036,26.184146,25.973411,44.370925,0.149176,2.510927,-2.940258
5,1789437791.106677532,0.53348591311,-0.261904984419,0.551887745618,1.77138922289,1.49642918178,-0.806289559036,26.180924,25.992391,44.483617,0.141208,2.507671,-2.93992
5,1789437791.112002850,0.53348591311,-0.261904984419,0.551887745618,1.77138922289,1.49642918178,-0.806289559036,26.20217,26.023018,44.63061,0.14413,2.511347,-2.940905
5,1789437791.116716385,0.53348591311,-0.261904984419,0.551887745618,1.77138922289,1.49642918178,-0.806289559036,26.184803,26.0362,44.487253,0.141229,2.508041,-2.937732
5,1789437791.121608734,0.53348591311,-0.261904984419,0.551887745618,1.77138922289,1.49642918178,-0.806289559036,26.21268,26.041825,44.454412,0.140019,2.509631,-2.940767
5,1789437791.126743317,0.53348591311,-0.261904984419,0.551887745618,1.77138922289,1.49642918178,-0.806289559036,26.229276,25.958474,44.554819,0.146462,2.507898,-2.941856
5,1789437791.131951332,0.53348591311,-0.261904984419,0.551887745618,1.77138922289,1.49642918178,-0.806289559036,26.223305,25.931523,44.444538,0.146177,2.509339,-2.934586
5,1789437791.136714220,0.53348591311,-0.261904984419,0.551887745618,1.77138922289,1.49642918178,-0.806289559036,26.25218,25.978295,44.450091,0.143646,2.511751,-2.936954
5,1789437791.141825199,0.53348591311,-0.261904984419,0.551887745618,1.77138922289,1.49642918178,-0.806289559036,26.202132,26.042919,44.452358,0.140071,2.50988,-2.942097
5,1789437791.146705627,0.53348591311,-0.261904984419,0.551887745618,1.77138922289,1.49642918178,-0.806289559036,26.14709,26.112641,44.645967,0.143073,2.510992,-2.943575
5,1789437791.151668549,0.53348591311,-0.261904984419,0.551887745618,1.77138922289,1.49642918178,-0.806289559036,26.061887,26.063181,44.436399,0.143718,2.506915,-2.934894
5,1789437791.156489372,0.53348591311,-0.261904984419,0.551887745618,1.77138922289,1.49642918178,-0.806289559036,26.204043,25.996562,44.432089,0.144176,2.510278,-2.942951
5,1789437791.161678314,0.53348591311,-0.261904984419,0.551887745618,1.77138922289,1.49642918178,-0.806289559036,26.267463,25.912365,44.603117,0.147297,2.511955,-2.952133
5,1789437791.166510105,0.53348591311,-0.261904984419,0.551887745618,1.77138922289,1.49642918178,-0.806289559036,26.286198,25.965898,44.508495,0.142981,2.51415,-2.940971
5,1789437791.171382189,0.53348591311,-0.261904984419,0.551887745618,1.77138922289,1.49642918178,-0.806289559036,26.21469,25.99489,44.506462,0.145083,2.511316,-2.942862
5,1789437791.176440239,0.53348591311,-0.261904984419,0.551887745618,1.77138922289,1.49642918178,-0.806289559036,26.192489,26.104738,44.716167,0.136345,2.511848,-2.946062
5,1789437791.181718111,0.53348591311,-0.261904984419,0.551887745618,1.77138922289,1.49642918178,-0.806289559036,26.15903,26.110896,44.59806,0.143661,2.512203,-2.944339
5,1789437791.186553001,0.53348591311,-0.261904984419,0.551887745618,1.77138922289,1.49642918178,-0.806289559036,26.183948,26.006965,44.373318,0.143157,2.50923,-2.938976
5,1789437791.191581964,0.53348591311,-0.261904984419,0.551887745618,1.77138922289,1.49642918178,-0.806289559036,26.174238,25.905658,44.218442,0.14989,2.509567,-2.930285
5,1789437791.196580410,0.53348591311,-0.261904984419,0.551887745618,1.77138922289,1.49642918178,-0.806289559036,26.227897,25.932152,44.578627,0.14976,2.513502,-2.943816
5,1789437791.201659918,0.53348591311,-0.261904984419,0.551887745618,1.77138922289,1.49642918178,-0.806289559036,26.246579,26.038045,44.337902,0.143752,2.512192,-2.943673
5,1789437791.206681967,0.53348591311,-0.261904984419,0.551887745618,1.77138922289,1.49642918178,-0.806289559036,26.258907,26.104585,44.586395,0.13978,2.520083,-2.944825
5,1789437791.211816788,0.53348591311,-0.261904984419,0.551887745618,1.77138922289,1.49642918178,-0.806289559036,26.182027,26.117276,44.631002,0.13631,2.507805,-2.94145
5,1789437791.216554403,0.53348591311,-0.261904984419,0.551887745618,1.77138922289,1.49642918178,-0.806289559036,26.196408,26.100029,44.575911,0.138496,2.512326,-2.946478
5,1789437791.221512794,0.53348591311,-0.261904984419,0.551887745618,1.77138922289,1.49642918178,-0.806289559036,26.168327,26.049696,44.699607,0.145781,2.510058,-2.94479
5,1789437791.226419687,0.53348591311,-0.261904984419,0.551887745618,1.77138922289,1.49642918178,-0.806289559036,26.167201,26.046813,44.528033,0.139278,2.514163,-2.940834
5,1789437791.231671333,0.53348591311,-0.261904984419,0.551887745618,1.77138922289,1.49642918178,-0.806289559036,26.197807,25.977996,44.513896,0.145385,2.512107,-2.943924
5,1789437791.236438036,0.53348591311,-0.261904984419,0.551887745618,1.77138922289,1.49642918178,-0.806289559036,26.150126,25.937221,44.67513,0.149032,2.502914,-2.942814
5,1789437791.241389275,0.53348591311,-0.261904984419,0.551887745618,1.77138922289,1.49642918178,-0.806289559036,26.179499,25.980619,44.54231,0.140948,2.511023,-2.937598
5,1789437791.246606112,0.53348591311,-0.261904984419,0.551887745618,1.77138922289,1.49642918178,-0.806289559036,26.203225,26.00285,44.362945,0.147205,2.505653,-2.940099
5,1789437791.251502991,0.53348591311,-0.261904984419,0.551887745618,1.77138922289,1.49642918178,-0.806289559036,26.296697,26.073478,44.299716,0.137046,2.519635,-2.937442
5,1789437791.256404877,0.53348591311,-0.261904984419,0.551887745618,1.77138922289,1.49642918178,-0.806289559036,26.225039,26.038247,44.576535,0.143773,2.508586,-2.940134
5,1789437791.261700153,0.53348591311,-0.261904984419,0.551887745618,1.77138922289,1.49642918178,-0.806289559036,26.17923,26.018865,44.36307,0.143124,2.514624,-2.932972
5,1789437791.266731977,0.53348591311,-0.261904984419,0.551887745618,1.77138922289,1.49642918178,-0.806289559036,26.116925,25.981936,44.49239,0.145928,2.501218,-2.941058
5,1789437791.271765709,0.53348591311,-0.261904984419,0.551887745618,1.77138922289,1.49642918178,-0.806289559036,26.161058,25.979428,44.629063,0.144841,2.511818,-2.941676
5,1789437791.276824951,0.53348591311,-0.261904984419,0.551887745618,1.77138922289,1.49642918178,-0.806289559036,26.167016,25.998573,44.420517,0.142006,2.50208,-2.939285
5,1789437791.282065153,0.53348591311,-0.261904984419,0.551887745618,1.77138922289,1.49642918178,-0.806289559036,26.286003,25.957496,44.48248,0.147007,2.517316,-2.945474
5,1789437791.286740303,0.53348591311,-0.261904984419,0.551887745618,1.77138922289,1.49642918178,-0.806289559036,26.303733,26.023959,44.654834,0.133942,2.51114,-2.949193
5,1789437791.291582823,0.53348591311,-0.261904984419,0.551887745618,1.77138922289,1.49642918178,-0.806289559036,26.22621,25.967297,44.557771,0.152819,2.51399,-2.939383
5,1789437791.296915531,0.53348591311,-0.261904984419,0.551887745618,1.77138922289,1.49642918178,-0.806289559036,26.144334,26.047657,44.455369,0.143194,2.51021,-2.934127
5,1789437791.301721573,0.53348591311,-0.261904984419,0.551887745618,1.77138922289,1.49642918178,-0.806289559036,26.147066,26.064187,44.530046,0.145205,2.511099,-2.946139
5,1789437791.306833267,0.53348591311,-0.261904984419,0.551887745618,1.77138922289,1.49642918178,-0.806289559036,26.199183,26.088259,44.45644,0.140174,2.51232,-2.951562
5,1789437791.311939001,0.53348591311,-0.261904984419,0.551887745618,1.77138922289,1.49642918178,-0.806289559036,26.175958,26.036419,44.474315,0.145481,2.512148,-2.945798
5,1789437791.316730738,0.53348591311,-0.261904984419,0.551887745618,1.77138922289,1.49642918178,-0.806289559036,26.267245,25.976916,44.517456,0.139416,2.518263,-2.940755
5,1789437791.321519375,0.53348591311,-0.261904984419,0.551887745618,1.77138922289,1.49642918178,-0.806289559036,26.252733,25.969928,44.602261,0.145718,2.509031,-2.947235
5,1789437791.326576948,0.53348591311,-0.261904984419,0.551887745618,1.77138922289,1.49642918178,-0.806289559036,26.250201,25.963744,44.542498,0.145267,2.512584,-2.943296
5,1789437791.332036972,0.53348591311,-0.261904984419,0.551887745618,1.77138922289,1.49642918178,-0.806289559036,26.218534,26.002683,44.467721,0.137502,2.508678,-2.944088
5,1789437791.336747169,0.53348591311,-0.261904984419,0.551887745618,1.77138922289,1.49642918178,-0.806289559036,26.176538,26.038461,44.670276,0.139372,2.508268,-2.945762
5,1789437791.341744423,0.53348591311,-0.261904984419,0.551887745618,1.77138922289,1.49642918178,-0.806289559036,26.208803,26.065381,44.518465,0.138648,2.511563,-2.947437
5,1789437791.346700907,0.53348591311,-0.261904984419,0.551887745618,1.77138922289,1.49642918178,-0.806289559036,26.180537,26.012995,44.347574,0.144892,2.503206,-2.938298
5,1789437791.351584673,0.53348591311,-0.261904984419,0.551887745618,1.77138922289,1.49642918178,-0.806289559036,26.106589,25.942707,44.251456,0.145378,2.510086,-2.920994
5,1789437791.356650591,0.53348591311,-0.261904984419,0.551887745618,1.77138922289,1.49642918178,-0.806289559036,26.182496,25.942868,44.530677,0.149426,2.506761,-2.93952
5,1789437791.361816645,0.53348591311,-0.261904984419,0.551887745618,1.77138922289,1.49642918178,-0.806289559036,26.2404,26.03545,44.314313,0.142068,2.510265,-2.934952
5,1789437791.366878510,0.53348591311,-0.261904984419,0.551887745618,1.77138922289,1.49642918178,-0.806289559036,26.244503,26.026248,44.567699,0.146706,2.511501,-2.945546
5,1789437791.371601343,0.53348591311,-0.261904984419,0.551887745618,1.77138922289,1.49642918178,-0.806289559036,26.228806,26.040384,44.617943,0.138,2.506552,-2.94198
5,1789437791.376649141,0.53348591311,-0.261904984419,0.551887745618,1.77138922289,1.49642918178,-0.806289559036,26.211693,26.001179,44.487065,0.143589,2.509282,-2.931459
5,1789437791.381754637,0.53348591311,-0.261904984419,0.551887745618,1.77138922289,1.49642918178,-0.806289559036,26.129504,25.962498,44.458817,0.143492,2.497977,-2.932812
5,1789437791.386612177,0.53348591311,-0.261904984419,0.551887745618,1.77138922289,1.49642918178,-0.806289559036,26.143398,25.956509,44.660251,0.143364,2.510188,-2.933504
5,1789437791.391720533,0.53348591311,-0.261904984419,0.551887745618,1.77138922289,1.49642918178,-0.806289559036,26.187437,25.976187,44.46054,0.142745,2.501303,-2.94349
5,1789437791.396996260,0.53348591311,-0.261904984419,0.551887745618,1.77138922289,1.49642918178,-0.806289559036,26.261372,25.962894,44.3567,0.145896,2.518237,-2.942488
5,1789437791.401773214,0.53348591311,-0.261904984419,0.551887745618,1.77138922289,1.49642918178,-0.806289559036,26.288604,26.052004,44.293414,0.136562,2.510349,-2.948573
5,1789437791.406773090,0.53348591311,-0.261904984419,0.551887745618,1.77138922289,1.49642918178,-0.806289559036,26.262924,26.043981,44.649575,0.146781,2.517532,-2.952238
5,1789437791.411860704,0.53348591311,-0.261904984419,0.551887745618,1.77138922289,1.49642918178,-0.806289559036,26.17443,26.097727,44.385327,0.135257,2.513544,-2.937097
5,1789437791.416824102,0.53348591311,-0.261904984419,0.551887745618,1.77138922289,1.49642918178,-0.806289559036,26.143177,26.022308,44.543577,0.14618,2.509398,-2.943361
5,1789437791.421642780,0.53348591311,-0.261904984419,0.551887745618,1.77138922289,1.49642918178,-0.806289559036,26.15512,26.003824,44.677903,0.143483,2.51194,-2.946338
5,1789437791.426604748,0.53348591311,-0.261904984419,0.551887745618,1.77138922289,1.49642918178,-0.806289559036,26.146011,26.00679,44.529527,0.146468,2.51192,-2.940019
5,1789437791.431782484,0.53348591311,-0.261904984419,0.551887745618,1.77138922289,1.49642918178,-0.806289559036,26.136119,25.987467,44.702356,0.146694,2.512549,-2.942422
5,1789437791.436564684,0.53348591311,-0.261904984419,0.551887745618,1.77138922289,1.49642918178,-0.806289559036,26.187039,25.985713,44.492105,0.146548,2.512864,-2.939906
5,1789437791.441537619,0.53348591311,-0.261904984419,0.551887745618,1.77138922289,1.49642918178,-0.806289559036,26.245996,25.971596,44.509795,0.146445,2.516552,-2.946047
5,1789437791.446804047,0.53348591311,-0.261904984419,0.551887745618,1.77138922289,1.49642918178,-0.806289559036,26.235706,26.026397,44.583996,0.140272,2.510264,-2.947108
5,1789437791.451627970,0.53348591311,-0.261904984419,0.551887745618,1.77138922289,1.49642918178,-0.806289559036,26.273828,26.004408,44.576997,0.146508,2.519931,-2.95054
5,1789437791.456575632,0.53348591311,-0.261904984419,0.551887745618,1.77138922289,1.49642918178,-0.806289559036,26.167499,26.060054,44.462446,0.139242,2.5088,-2.941812
5,1789437791.461977243,0.53348591311,-0.261904984419,0.551887745618,1.77138922289,1.49642918178,-0.806289559036,26.157318,26.074985,44.568323,0.146409,2.519081,-2.93853
5,1789437791.466891050,0.53348591311,-0.261904984419,0.551887745618,1.77138922289,1.49642918178,-0.806289559036,26.111452,26.029818,44.456725,0.145111,2.50531,-2.939834
5,1789437791.471675873,0.53348591311,-0.261904984419,0.551887745618,1.77138922289,1.49642918178,-0.806289559036,26.165543,25.969019,44.538103,0.150085,2.513,-2.940208
5,1789437791.476711750,0.53348591311,-0.261904984419,0.551887745618,1.77138922289,1.49642918178,-0.806289559036,26.195766,26.006095,44.478596,0.141178,2.508986,-2.943115
5,1789437791.481829882,0.53348591311,-0.261904984419,0.551887745618,1.77138922289,1.49642918178,-0.806289559036,26.319703,26.01135,44.605901,0.141706,2.515014,-2.950371
5,1789437791.486496449,0.53348591311,-0.261904984419,0.551887745618,1.77138922289,1.49642918178,-0.806289559036,26.286056,26.033382,44.436843,0.141615,2.509837,-2.946066
5,1789437791.491743565,0.53348591311,-0.261904984419,0.551887745618,1.77138922289,1.49642918178,-0.806289559036,26.128778,25.990328,44.540586,0.145466,2.511197,-2.932782
5,1789437791.496768951,0.53348591311,-0.261904984419,0.551887745618,1.77138922289,1.49642918178,-0.806289559036,26.144137,26.097773,44.639275,0.134005,2.505774,-2.942246
5,1789437791.501575947,0.53348591311,-0.261904984419,0.551887745618,1.77138922289,1.49642918178,-0.806289559036,26.151669,26.025069,44.543158,0.149119,2.506425,-2.944019
5,1789437791.506533384,0.53348591311,-0.261904984419,0.551887745618,1.77138922289,1.49642918178,-0.806289559036,26.190213,26.037715,44.375037,0.137079,2.512918,-2.937508
5,1789437791.511941910,0.53348591311,-0.261904984419,0.551887745618,1.77138922289,1.49642918178,-0.806289559036,26.183723,25.964112,44.236841,0.146683,2.504877,-2.937285
5,1789437791.516616344,0.53348591311,-0.261904984419,0.551887745618,1.77138922289,1.49642918178,-0.806289559036,26.200759,25.948275,44.546388,0.145325,2.508755,-2.941143
5,1789437791.521534204,0.53348591311,-0.261904984419,0.551887745618,1.77138922289,1.49642918178,-0.806289559036,26.246622,26.021558,44.34418,0.140154,2.512616,-2.945464
5,1789437791.526627541,0.53348591311,-0.261904984419,0.551887745618,1.77138922289,1.49642918178,-0.806289559036,26.211449,26.023276,44.48917,0.142486,2.507993,-2.936411
5,1789437791.531798840,0.53348591311,-0.261904984419,0.551887745618,1.77138922289,1.49642918178,-0.806289559036,26.188043,26.041408,44.676144,0.141988,2.511977,-2.935471
5,1789437791.536708117,0.53348591311,-0.261904984419,0.551887745618,1.77138922289,1.49642918178,-0.806289559036,26.127547,26.030593,44.480421,0.143486,2.505515,-2.942532
5,1789437791.541695595,0.53348591311,-0.261904984419,0.551887745618,1.77138922289,1.49642918178,-0.806289559036,26.161837,25.977528,44.48216,0.143167,2.506475,-2.940972
5,1789437791.546760559,0.53348591311,-0.261904984419,0.551887745618,1.77138922289,1.49642918178,-0.806289559036,26.121292,25.932525,44.645374,0.149647,2.505801,-2.943706
5,1789437791.551676750,0.53348591311,-0.261904984419,0.551887745618,1.77138922289,1.49642918178,-0.806289559036,26.242101,25.959931,44.430587,0.142599,2.510183,-2.937613
5,1789437791.556639433,0.53348591311,-0.261904984419,0.551887745618,1.77138922289,1.49642918178,-0.806289559036,26.293035,25.941474,44.35438,0.150143,2.511057,-2.938652
5,1789437791.561969519,0.53348591311,-0.261904984419,0.551887745618,1.77138922289,1.49642918178,-0.806289559036,26.263246,26.029337,44.365356,0.140267,2.513236,-2.931579
5,1789437791.566693068,0.53348591311,-0.261904984419,0.551887745618,1.77138922289,1.49642918178,-0.806289559036,26.198925,26.069251,44.615826,0.145193,2.512794,-2.938507
5,1789437791.571565866,0.53348591311,-0.261904984419,0.551887745618,1.77138922289,1.49642918178,-0.806289559036,26.134795,26.056805,44.391157,0.14601,2.511139,-2.933527
5,1789437791.576565981,0.53348591311,-0.261904984419,0.551887745618,1.77138922289,1.49642918178,-0.806289559036,26.14493,26.061038,44.515236,0.145138,2.512613,-2.943472
5,1789437791.581797123,0.53348591311,-0.261904984419,0.551887745618,1.77138922289,1.49642918178,-0.806289559036,26.181805,25.965756,44.625784,0.148351,2.505143,-2.950613
5,1789437791.586670876,0.53348591311,-0.261904984419,0.551887745618,1.77138922289,1.49642918178,-0.806289559036,26.250557,25.929644,44.542731,0.144827,2.51761,-2.942391
5,1789437791.591691732,0.53348591311,-0.261904984419,0.551887745618,1.77138922289,1.49642918178,-0.806289559036,26.257463,25.974967,44.453724,0.141948,2.510377,-2.940769
5,1789437791.596791267,0.53348591311,-0.261904984419,0.551887745618,1.77138922289,1.49642918178,-0.806289559036,26.246023,25.997526,44.721397,0.142516,2.517248,-2.947594
5,1789437791.601763248,0.53348591311,-0.261904984419,0.551887745618,1.77138922289,1.49642918178,-0.806289559036,26.206768,26.107157,44.56315,0.136375,2.510075,-2.948991
5,1789437791.606676579,0.53348591311,-0.261904984419,0.551887745618,1.77138922289,1.49642918178,-0.806289559036,26.18503,26.078814,44.372859,0.142568,2.514461,-2.945142
5,1789437791.611886740,0.53348591311,-0.261904984419,0.551887745618,1.77138922289,1.49642918178,-0.806289559036,26.163772,26.071887,44.363021,0.140827,2.50963,-2.94599
5,1789437791.616694450,0.53348591311,-0.261904984419,0.551887745618,1.77138922289,1.49642918178,-0.806289559036,26.211595,25.989099,44.591288,0.146919,2.516203,-2.947674
5,1789437791.621463299,0.53348591311,-0.261904984419,0.551887745618,1.77138922289,1.49642918178,-0.806289559036,26.183721,26.000018,44.393076,0.147535,2.511471,-2.944079
5,1789437791.626518250,0.53348591311,-0.261904984419,0.551887745618,1.77138922289,1.49642918178,-0.806289559036,26.194919,25.997689,44.503808,0.143566,2.510822,-2.93858
5,1789437791.631793976,0.53348591311,-0.261904984419,0.551887745618,1.77138922289,1.49642918178,-0.806289559036,26.207839,26.038018,44.535712,0.145443,2.513596,-2.941969
5,1789437791.636831999,0.53348591311,-0.261904984419,0.551887745618,1.77138922289,1.49642918178,-0.806289559036,26.261807,25.960171,44.52439,0.145168,2.514903,-2.94268
5,1789437791.641548634,0.53348591311,-0.261904984419,0.551887745618,1.77138922289,1.49642918178,-0.806289559036,26.203493,25.983084,44.613096,0.142238,2.508999,-2.940215
5,1789437791.646837711,0.53348591311,-0.261904984419,0.551887745618,1.77138922289,1.49642918178,-0.806289559036,26.255665,25.978058,44.525305,0.150115,2.517197,-2.941996
5,1789437791.651609421,0.53348591311,-0.261904984419,0.551887745618,1.77138922289,1.49642918178,-0.806289559036,26.227403,26.107248,44.43719,0.136644,2.507201,-2.946504
5,1789437791.656724453,0.53348591311,-0.261904984419,0.551887745618,1.77138922289,1.49642918178,-0.806289559036,26.147527,26.020692,44.788402,0.150673,2.515915,-2.946833
5,1789437791.661966562,0.53348591311,-0.261904984419,0.551887745618,1.77138922289,1.49642918178,-0.806289559036,26.067129,26.074072,44.518257,0.140074,2.504581,-2.936377
5,1789437791.666767597,0.53348591311,-0.261904984419,0.551887745618,1.77138922289,1.49642918178,-0.806289559036,26.159263,26.006218,44.52763,0.146417,2.512324,-2.935117
5,1789437791.671684027,0.53348591311,-0.261904984419,0.551887745618,1.77138922289,1.49642918178,-0.806289559036,26.243464,26.002964,44.524575,0.145544,2.512337,-2.949177
5,1789437791.677152395,0.53348591311,-0.261904984419,0.551887745618,1.77138922289,1.49642918178,-0.806289559036,26.238499,25.941247,44.387609,0.143779,2.506784,-2.935605
5,1789437791.681807280,0.53348591311,-0.261904984419,0.551887745618,1.77138922289,1.49642918178,-0.806289559036,26.221787,25.965631,44.46103,0.143752,2.514487,-2.935536
5,1789437791.686607122,0.53348591311,-0.261904984419,0.551887745618,1.77138922289,1.49642918178,-0.806289559036,26.184147,26.021264,44.514727,0.141529,2.502963,-2.944594
5,1789437791.691708326,0.53348591311,-0.261904984419,0.551887745618,1.77138922289,1.49642918178,-0.806289559036,26.2046,26.114721,44.649669,0.136885,2.515061,-2.946653
5,1789437791.696727037,0.53348591311,-0.261904984419,0.551887745618,1.77138922289,1.49642918178,-0.806289559036,26.093948,26.030495,44.524804,0.148361,2.498311,-2.938751
5,1789437791.701565504,0.53348591311,-0.261904984419,0.551887745618,1.77138922289,1.49642918178,-0.806289559036,26.15993,26.012542,44.452426,0.136553,2.513969,-2.929252
5,1789437791.706561565,0.53348591311,-0.261904984419,0.551887745618,1.77138922289,1.49642918178,-0.806289559036,26.144739,25.903793,44.640647,0.151832,2.500353,-2.947268
5,1789437791.712056398,0.53348591311,-0.261904984419,0.551887745618,1.77138922289,1.49642918178,-0.806289559036,26.238978,25.987182,44.472242,0.142931,2.51593,-2.940296
5,1789437791.716601133,0.53348591311,-0.261904984419,0.551887745618,1.77138922289,1.49642918178,-0.806289559036,26.277323,25.979031,44.341345,0.145557,2.511571,-2.94118
5,1789437791.721530437,0.53348591311,-0.261904984419,0.551887745618,1.77138922289,1.49642918178,-0.806289559036,26.270375,26.034805,44.377207,0.142644,2.513264,-2.93605
5,1789437791.726719856,0.53348591311,-0.261904984419,0.551887745618,1.77138922289,1.49642918178,-0.806289559036,26.204406,26.062019,44.569285,0.140501,2.513074,-2.938383
5,1789437791.731979370,0.53348591311,-0.261904984419,0.551887745618,1.77138922289,1.49642918178,-0.806289559036,26.119312,26.021354,44.426919,0.149426,2.506242,-2.940981
5,1789437791.736872435,0.53348591311,-0.261904984419,0.551887745618,1.77138922289,1.49642918178,-0.806289559036,26.129612,26.030921,44.510064,0.140922,2.510993,-2.940745
5,1789437791.741810322,0.53348591311,-0.261904984419,0.551887745618,1.77138922289,1.49642918178,-0.806289559036,26.129892,25.97048,44.654377,0.147593,2.506467,-2.943992
5,1789437791.746677160,0.53348591311,-0.261904984419,0.551887745618,1.77138922289,1.49642918178,-0.806289559036,26.281308,26.024713,44.473874,0.140798,2.51475,-2.945577
5,1789437791.751619101,0.53348591311,-0.261904984419,0.551887745618,1.77138922289,1.49642918178,-0.806289559036,26.269438,25.947573,44.536593,0.146799,2.512191,-2.947121
5,1789437791.756500244,0.53348591311,-0.261904984419,0.551887745618,1.77138922289,1.49642918178,-0.806289559036,26.300764,26.010472,44.649194,0.139791,2.518007,-2.946042
5,1789437791.761612654,0.53348591311,-0.261904984419,0.551887745618,1.77138922289,1.49642918178,-0.806289559036,26.182541,25.978323,44.527374,0.151521,2.5074,-2.935745
5,1789437791.766770601,0.53348591311,-0.261904984419,0.551887745618,1.77138922289,1.49642918178,-0.806289559036,26.133885,26.040711,44.389935,0.142438,2.516734,-2.933561
5,1789437791.771501064,0.53348591311,-0.261904984419,0.551887745618,1.77138922289,1.49642918178,-0.806289559036,26.150968,26.115631,44.339563,0.144446,2.510221,-2.949392
5,1789437791.776530504,0.53348591311,-0.261904984419,0.551887745618,1.77138922289,1.49642918178,-0.806289559036,26.161492,26.043663,44.664406,0.145354,2.511918,-2.949316
5,1789437791.781806231,0.53348591311,-0.261904984419,0.551887745618,1.77138922289,1.49642918178,-0.806289559036,26.156513,25.969055,44.361502,0.143301,2.510412,-2.928146
5,1789437791.786575079,0.53348591311,-0.261904984419,0.551887745618,1.77138922289,1.49642918178,-0.806289559036,26.203926,25.923551,44.529072,0.14703,2.514056,-2.939594
5,1789437791.791567326,0.53348591311,-0.261904984419,0.551887745618,1.77138922289,1.49642918178,-0.806289559036,26.261685,25.989932,44.562913,0.144218,2.507336,-2.9489
5,1789437791.796839952,0.53348591311,-0.261904984419,0.551887745618,1.77138922289,1.49642918178,-0.806289559036,26.260952,26.004248,44.482678,0.14358,2.511888,-2.940092
5,1789437791.801841259,0.53348591311,-0.261904984419,0.551887745618,1.77138922289,1.49642918178,-0.806289559036,26.22013,26.075989,44.463838,0.133687,2.510899,-2.940627
5,1789437791.806922674,0.53348591311,-0.261904984419,0.551887745618,1.77138922289,1.49642918178,-0.806289559036,26.092555,26.099883,44.73464,0.141602,2.508228,-2.946688
5,1789437791.812062740,0.53348591311,-0.261904984419,0.551887745618,1.77138922289,1.49642918178,-0.806289559036,26.101123,26.096326,44.534544,0.142152,2.508773,-2.943624
5,1789437791.816617489,0.53348591311,-0.261904984419,0.551887745618,1.77138922289,1.49642918178,-0.806289559036,26.139094,25.962697,44.396259,0.148998,2.504951,-2.936509
5,1789437791.821475506,0.53348591311,-0.261904984419,0.551887745618,1.77138922289,1.49642918178,-0.806289559036,26.251563,25.918643,44.514073,0.144554,2.514997,-2.93703
5,1789437791.826539040,0.53348591311,-0.261904984419,0.551887745618,1.77138922289,1.49642918178,-0.806289559036,26.333657,25.962268,44.572982,0.142487,2.5155,-2.94725
5,1789437791.831791401,0.53348591311,-0.261904984419,0.551887745618,1.77138922289,1.49642918178,-0.806289559036,26.240203,26.051467,44.512556,0.139895,2.514756,-2.95086
5,1789437791.836700439,0.53348591311,-0.261904984419,0.551887745618,1.77138922289,1.49642918178,-0.806289559036,26.14005,26.109365,44.525511,0.138812,2.508056,-2.943517
5,1789437791.841733456,0.53348591311,-0.261904984419,0.551887745618,1.77138922289,1.49642918178,-0.806289559036,26.118964,26.050718,44.638633,0.140737,2.507514,-2.942339
5,1789437791.846733809,0.53348591311,-0.261904984419,0.551887745618,1.77138922289,1.49642918178,-0.806289559036,26.153629,26.037033,44.574726,0.150995,2.509794,-2.935256
5,1789437791.851500034,0.53348591311,-0.261904984419,0.551887745618,1.77138922289,1.49642918178,-0.806289559036,26.152692,26.034675,44.594688,0.140615,2.506579,-2.94065
5,1789437791.856535435,0.53348591311,-0.261904984419,0.551887745618,1.77138922289,1.49642918178,-0.806289559036,26.145537,25.943208,44.522389,0.150486,2.507783,-2.93879
5,1789437791.861918688,0.53348591311,-0.261904984419,0.551887745618,1.77138922289,1.49642918178,-0.806289559036,26.159631,25.957457,44.486137,0.143044,2.510413,-2.937823
5,1789437791.866736412,0.53348591311,-0.261904984419,0.551887745618,1.77138922289,1.49642918178,-0.806289559036,26.178098,25.944174,44.630998,0.14365,2.501396,-2.947446
5,1789437791.871635914,0.53348591311,-0.261904984419,0.551887745618,1.77138922289,1.49642918178,-0.806289559036,26.206595,25.979179,44.518398,0.140857,2.512601,-2.934776
5,1789437791.876766205,0.53348591311,-0.261904984419,0.551887745618,1.77138922289,1.49642918178,-0.806289559036,26.245433,25.969405,44.377552,0.143142,2.509935,-2.94196
5,1789437791.881798983,0.53348591311,-0.261904984419,0.551887745618,1.77138922289,1.49642918178,-0.806289559036,26.249213,26.012016,44.390958,0.143158,2.517305,-2.938673
5,1789437791.886613131,0.53348591311,-0.261904984419,0.551887745618,1.77138922289,1.49642918178,-0.806289559036,26.214965,26.070029,44.527639,0.138723,2.510269,-2.941606
5,1789437791.891889095,0.53348591311,-0.261904984419,0.551887745618,1.77138922289,1.49642918178,-0.806289559036,26.147424,25.986357,44.462137,0.151499,2.514313,-2.941197
5,1789437791.896959543,0.53348591311,-0.261904984419,0.551887745618,1.77138922289,1.49642918178,-0.806289559036,26.142069,26.085599,44.489707,0.136335,2.509902,-2.942226
5,1789437791.901598692,0.53348591311,-0.261904984419,0.551887745618,1.77138922289,1.49642918178,-0.806289559036,26.085563,25.943255,44.702576,0.154487,2.506569,-2.94287
5,1789437791.906510592,0.53348591311,-0.261904984419,0.551887745618,1.77138922289,1.49642918178,-0.806289559036,26.254451,25.98075,44.453918,0.13952,2.514865,-2.940136
5,1789437791.912553787,0.53348591311,-0.261904984419,0.551887745618,1.77138922289,1.49642918178,-0.806289559036,26.27746,25.944715,44.503313,0.148005,2.512731,-2.944486
5,1789437791.916781902,0.53348591311,-0.261904984419,0.551887745618,1.77138922289,1.49642918178,-0.806289559036,26.260991,25.958978,44.693035,0.145137,2.516008,-2.941769
5,1789437791.921725750,0.53348591311,-0.261904984419,0.551887745618,1.77138922289,1.49642918178,-0.806289559036,26.201909,26.039951,44.509919,0.139361,2.51209,-2.940682
5,1789437791.926655293,0.53348591311,-0.261904984419,0.551887745618,1.77138922289,1.49642918178,-0.806289559036,26.091187,26.013078,44.369336,0.149612,2.505954,-2.936068
5,1789437791.931666613,0.53348591311,-0.261904984419,0.551887745618,1.77138922289,1.49642918178,-0.806289559036,26.110984,26.055786,44.334919,0.141522,2.510607,-2.933811
5,1789437791.936637640,0.53348591311,-0.261904984419,0.551887745618,1.77138922289,1.49642918178,-0.806289559036,26.185599,26.00921,44.606321,0.146115,2.51048,-2.944687
5,1789437791.941692114,0.53348591311,-0.261904984419,0.551887745618,1.77138922289,1.49642918178,-0.806289559036,26.219076,25.973491,44.423691,0.146196,2.513608,-2.935798
5,1789437791.946729660,0.53348591311,-0.261904984419,0.551887745618,1.77138922289,1.49642918178,-0.806289559036,26.22114,25.975169,44.544696,0.143975,2.512673,-2.941915
5,1789437791.951530695,0.53348591311,-0.261904984419,0.551887745618,1.77138922289,1.49642918178,-0.806289559036,26.252386,26.014295,44.663395,0.143196,2.512112,-2.949693
5,1789437791.956533670,0.53348591311,-0.261904984419,0.551887745618,1.77138922289,1.49642918178,-0.806289559036,26.174714,26.016828,44.461938,0.143369,2.502764,-2.936566
5,1789437791.961740017,0.53348591311,-0.261904984419,0.551887745618,1.77138922289,1.49642918178,-0.806289559036,26.168622,26.014524,44.532929,0.140152,2.512913,-2.943696
5,1789437791.966699839,0.53348591311,-0.261904984419,0.551887745618,1.77138922289,1.49642918178,-0.806289559036,26.139756,26.045157,44.666242,0.137965,2.502637,-2.942996
5,1789437791.971544504,0.53348591311,-0.261904984419,0.551887745618,1.77138922289,1.49642918178,-0.806289559036,26.173048,25.970457,44.553475,0.145265,2.513042,-2.942249
5,1789437791.976577759,0.53348591311,-0.261904984419,0.551887745618,1.77138922289,1.49642918178,-0.806289559036,26.146832,26.023166,44.320194,0.13843,2.505645,-2.937666
5,1789437791.981717348,0.53348591311,-0.261904984419,0.551887745618,1.77138922289,1.49642918178,-0.806289559036,26.181253,25.922298,44.454984,0.151552,2.512316,-2.933568
5,1789437791.986640930,0.53348591311,-0.261904984419,0.551887745618,1.77138922289,1.49642918178,-0.806289559036,26.290132,26.056914,44.569398,0.136985,2.513751,-2.944166
5,1789437791.991646528,0.53348591311,-0.261904984419,0.551887745618,1.77138922289,1.49642918178,-0.806289559036,26.260005,26.023567,44.442076,0.146297,2.514276,-2.942183
5,1789437791.997001171,0.53348591311,-0.261904984419,0.551887745618,1.77138922289,1.49642918178,-0.806289559036,26.193641,26.079207,44.499532,0.137042,2.509647,-2.941847
5,1789437792.001877785,0.53348591311,-0.261904984419,0.551887745618,1.77138922289,1.49642918178,-0.806289559036,26.172407,26.061164,44.662594,0.14215,2.506279,-2.94509
5,1789437792.006911039,0.53348591311,-0.261904984419,0.551887745618,1.77138922289,1.49642918178,-0.806289559036,26.123113,26.010466,44.504184,0.144653,2.509123,-2.938668
6,1789437844.581580877,0.533535017265,-0.261883842664,0.551857838569,-1.34683811689,-2.08922250919,1.9184624177,-1.588752,39.590711,33.663565,-1.494256,0.064309,-1.8755
6,1789437844.586381674,0.533535017265,-0.261883842664,0.551857838569,-1.34683811689,-2.08922250919,1.9184624177,-1.567025,39.611925,33.89547,-1.492848,0.063971,-1.882169
6,1789437844.591497898,0.533535017265,-0.261883842664,0.551857838569,-1.34683811689,-2.08922250919,1.9184624177,-1.552847,39.628852,33.718138,-1.494101,0.066733,-1.876216
6,1789437844.597036839,0.533535017265,-0.261883842664,0.551857838569,-1.34683811689,-2.08922250919,1.9184624177,-1.583384,39.634234,33.834496,-1.49585,0.065597,-1.879365
6,1789437844.601956367,0.533535017265,-0.261883842664,0.551857838569,-1.34683811689,-2.08922250919,1.9184624177,-1.638598,39.636068,33.900516,-1.49443,0.057266,-1.879788
6,1789437844.606886625,0.533535017265,-0.261883842664,0.551857838569,-1.34683811689,-2.08922250919,1.9184624177,-1.64972,39.596112,33.85892,-1.492399,0.062907,-1.875765
6,1789437844.611797810,0.533535017265,-0.261883842664,0.551857838569,-1.34683811689,-2.08922250919,1.9184624177,-1.680708,39.57981,33.799489,-1.494336,0.055387,-1.878884
6,1789437844.616758347,0.533535017265,-0.261883842664,0.551857838569,-1.34683811689,-2.08922250919,1.9184624177,-1.602808,39.57047,33.824172,-1.493732,0.063719,-1.873869
6,1789437844.621611834,0.533535017265,-0.261883842664,0.551857838569,-1.34683811689,-2.08922250919,1.9184624177,-1.604552,39.574066,33.820577,-1.490421,0.061544,-1.876533
6,1789437844.626702309,0.533535017265,-0.261883842664,0.551857838569,-1.34683811689,-2.08922250919,1.9184624177,-1.538088,39.589457,33.847252,-1.496315,0.070519,-1.876272
6,1789437844.631623983,0.533535017265,-0.261883842664,0.551857838569,-1.34683811689,-2.08922250919,1.9184624177,-1.591441,39.636399,33.713981,-1.494183,0.060439,-1.879711
6,1789437844.636688709,0.533535017265,-0.261883842664,0.551857838569,-1.34683811689,-2.08922250919,1.9184624177,-1.582213,39.660205,33.875114,-1.498798,0.066846,-1.883173
6,1789437844.641504049,0.533535017265,-0.261883842664,0.551857838569,-1.34683811689,-2.08922250919,1.9184624177,-1.659904,39.630844,33.740373,-1.495139,0.057053,-1.881096
6,1789437844.646981716,0.533535017265,-0.261883842664,0.551857838569,-1.34683811689,-2.08922250919,1.9184624177,-1.61965,39.62404,33.785791,-1.498916,0.061868,-1.881148
6,1789437844.651580334,0.533535017265,-0.261883842664,0.551857838569,-1.34683811689,-2.08922250919,1.9184624177,-1.62468,39.590547,33.909764,-1.491598,0.06221,-1.885138
6,1789437844.656534195,0.533535017265,-0.261883842664,0.551857838569,-1.34683811689,-2.08922250919,1.9184624177,-1.577291,39.592616,33.76612,-1.494559,0.062415,-1.881644
6,1789437844.661876440,0.533535017265,-0.261883842664,0.551857838569,-1.34683811689,-2.08922250919,1.9184624177,-1.534189,39.568061,33.8338,-1.492617,0.068445,-1.879154
6,1789437844.666922331,0.533535017265,-0.261883842664,0.551857838569,-1.34683811689,-2.08922250919,1.9184624177,-1.543905,39.61527,33.979209,-1.497977,0.063857,-1.888179
6,1789437844.671832323,0.533535017265,-0.261883842664,0.551857838569,-1.34683811689,-2.08922250919,1.9184624177,-1.584938,39.637268,33.839642,-1.497378,0.067676,-1.881844
6,1789437844.676676750,0.533535017265,-0.261883842664,0.551857838569,-1.34683811689,-2.08922250919,1.9184624177,-1.628489,39.666251,33.751948,-1.498258,0.058153,-1.885686
6,1789437844.681698322,0.533535017265,-0.261883842664,0.551857838569,-1.34683811689,-2.08922250919,1.9184624177,-1.653805,39.640869,33.614817,-1.49749,0.061686,-1.877528
6,1789437844.686463594,0.533535017265,-0.261883842664,0.551857838569,-1.34683811689,-2.08922250919,1.9184624177,-1.649977,39.618771,33.905581,-1.49252,0.061802,-1.881994
6,1789437844.691480637,0.533535017265,-0.261883842664,0.551857838569,-1.34683811689,-2.08922250919,1.9184624177,-1.611649,39.600706,33.670801,-1.493655,0.063532,-1.877019
6,1789437844.696949959,0.533535017265,-0.261883842664,0.551857838569,-1.34683811689,-2.08922250919,1.9184624177,-1.606649,39.567398,33.833863,-1.490869,0.06623,-1.879444
6,1789437844.701655865,0.533535017265,-0.261883842664,0.551857838569,-1.34683811689,-2.08922250919,1.9184624177,-1.56922,39.627532,33.877147,-1.496029,0.066034,-1.881791
6,1789437844.706454039,0.533535017265,-0.261883842664,0.551857838569,-1.34683811689,-2.08922250919,1.9184624177,-1.588606,39.650337,33.825108,-1.491282,0.063644,-1.879796
6,1789437844.711572170,0.533535017265,-0.261883842664,0.551857838569,-1.34683811689,-2.08922250919,1.9184624177,-1.585323,39.669612,33.824746,-1.498918,0.063016,-1.880092
6,1789437844.716846704,0.533535017265,-0.261883842664,0.551857838569,-1.34683811689,-2.08922250919,1.9184624177,-1.655293,39.604207,34.063638,-1.493177,0.059912,-1.882183
6,1789437844.721479893,0.533535017265,-0.261883842664,0.551857838569,-1.34683811689,-2.08922250919,1.9184624177,-1.638275,39.608765,33.792838,-1.496655,0.061178,-1.876585
6,1789437844.726745844,0.533535017265,-0.261883842664,0.551857838569,-1.34683811689,-2.08922250919,1.9184624177,-1.64986,39.558258,33.72785,-1.49198,0.05894,-1.876559
6,1789437844.731876850,0.533535017265,-0.261883842664,0.551857838569,-1.34683811689,-2.08922250919,1.9184624177,-1.626778,39.537233,33.710931,-1.492497,0.063234,-1.874836
6,1789437844.736714602,0.533535017265,-0.261883842664,0.551857838569,-1.34683811689,-2.08922250919,1.9184624177,-1.564798,39.607231,33.894595,-1.494234,0.068358,-1.882201
6,1789437844.741597652,0.533535017265,-0.261883842664,0.551857838569,-1.34683811689,-2.08922250919,1.9184624177,-1.566484,39.647759,33.668494,-1.49591,0.061328,-1.878955
6,1789437844.746670246,0.533535017265,-0.261883842664,0.551857838569,-1.34683811689,-2.08922250919,1.9184624177,-1.55095,39.651828,33.820679,-1.496158,0.065581,-1.88238
6,1789437844.751546621,0.533535017265,-0.261883842664,0.551857838569,-1.34683811689,-2.08922250919,1.9184624177,-1.599387,39.66284,33.911874,-1.499039,0.06263,-1.883967
6,1789437844.756549835,0.533535017265,-0.261883842664,0.551857838569,-1.34683811689,-2.08922250919,1.9184624177,-1.65687,39.609425,33.799234,-1.494344,0.05921,-1.878759
6,1789437844.761670828,0.533535017265,-0.261883842664,0.551857838569,-1.34683811689,-2.08922250919,1.9184624177,-1.66728,39.57175,33.805005,-1.493585,0.056725,-1.875085
6,1789437844.766733170,0.533535017265,-0.261883842664,0.551857838569,-1.34683811689,-2.08922250919,1.9184624177,-1.679701,39.617587,33.768828,-1.498626,0.05754,-1.880579
6,1789437844.771507502,0.533535017265,-0.261883842664,0.551857838569,-1.34683811689,-2.08922250919,1.9184624177,-1.666134,39.559995,33.847285,-1.487391,0.058549,-1.877674
6,1789437844.776700497,0.533535017265,-0.261883842664,0.551857838569,-1.34683811689,-2.08922250919,1.9184624177,-1.621524,39.560972,34.010287,-1.493256,0.064183,-1.879832
6,1789437844.781631947,0.533535017265,-0.261883842664,0.551857838569,-1.34683811689,-2.08922250919,1.9184624177,-1.543443,39.615449,33.854064,-1.495384,0.070417,-1.878068
6,1789437844.786723852,0.533535017265,-0.261883842664,0.551857838569,-1.34683811689,-2.08922250919,1.9184624177,-1.522693,39.653619,33.750664,-1.497477,0.064188,-1.879623
6,1789437844.791744471,0.533535017265,-0.261883842664,0.551857838569,-1.34683811689,-2.08922250919,1.9184624177,-1.569152,39.633884,33.750519,-1.497823,0.065289,-1.879522
6,1789437844.796928406,0.533535017265,-0.261883842664,0.551857838569,-1.34683811689,-2.08922250919,1.9184624177,-1.645228,39.60976,33.90472,-1.496298,0.057861,-1.882893
6,1789437844.801821232,0.533535017265,-0.261883842664,0.551857838569,-1.34683811689,-2.08922250919,1.9184624177,-1.660305,39.605944,33.705545,-1.496023,0.059498,-1.879119
6,1789437844.806674004,0.533535017265,-0.261883842664,0.551857838569,-1.34683811689,-2.08922250919,1.9184624177,-1.669472,39.590409,33.8385,-1.495071,0.057536,-1.883584
6,1789437844.811648369,0.533535017265,-0.261883842664,0.551857838569,-1.34683811689,-2.08922250919,1.9184624177,-1.608757,39.61589,33.894633,-1.496863,0.063283,-1.882791
6,1789437844.816643000,0.533535017265,-0.261883842664,0.551857838569,-1.34683811689,-2.08922250919,1.9184624177,-1.567305,39.607883,33.787244,-1.494223,0.066197,-1.87965
6,1789437844.821470737,0.533535017265,-0.261883842664,0.551857838569,-1.34683811689,-2.08922250919,1.9184624177,-1.543577,39.627476,33.786158,-1.493824,0.066727,-1.880391
6,1789437844.826567411,0.533535017265,-0.261883842664,0.551857838569,-1.34683811689,-2.08922250919,1.9184624177,-1.575036,39.620832,33.834356,-1.492951,0.064313,-1.879565
6,1789437844.831615210,0.533535017265,-0.261883842664,0.551857838569,-1.34683811689,-2.08922250919,1.9184624177,-1.603087,39.621134,33.838354,-1.496436,0.061492,-1.883324
6,1789437844.836452961,0.533535017265,-0.261883842664,0.551857838569,-1.34683811689,-2.08922250919,1.9184624177,-1.63702,39.652537,33.822001,-1.498557,0.05982,-1.882203
6,1789437844.841552019,0.533535017265,-0.261883842664,0.551857838569,-1.34683811689,-2.08922250919,1.9184624177,-1.635072,39.599001,33.499094,-1.496243,0.058185,-1.874294
6,1789437844.846921921,0.533535017265,-0.261883842664,0.551857838569,-1.34683811689,-2.08922250919,1.9184624177,-1.654892,39.606197,33.874234,-1.496352,0.062116,-1.878006
6,1789437844.851548433,0.533535017265,-0.261883842664,0.551857838569,-1.34683811689,-2.08922250919,1.9184624177,-1.638506,39.534782,33.702691,-1.488015,0.062011,-1.874341
6,1789437844.857008934,0.533535017265,-0.261883842664,0.551857838569,-1.34683811689,-2.08922250919,1.9184624177,-1.571492,39.562392,33.828141,-1.492673,0.067822,-1.876842
6,1789437844.862077951,0.533535017265,-0.261883842664,0.551857838569,-1.34683811689,-2.08922250919,1.9184624177,-1.588526,39.585934,33.936349,-1.491462,0.064854,-1.879572
6,1789437844.866813183,0.533535017265,-0.261883842664,0.551857838569,-1.34683811689,-2.08922250919,1.9184624177,-1.600086,39.669325,33.834086,-1.496309,0.063711,-1.880038
6,1789437844.871603251,0.533535017265,-0.261883842664,0.551857838569,-1.34683811689,-2.08922250919,1.9184624177,-1.628329,39.682883,33.813701,-1.496259,0.063053,-1.881371
6,1789437844.876615763,0.533535017265,-0.261883842664,0.551857838569,-1.34683811689,-2.08922250919,1.9184624177,-1.664494,39.674459,33.995064,-1.498324,0.059119,-1.884836
6,1789437844.881795883,0.533535017265,-0.261883842664,0.551857838569,-1.34683811689,-2.08922250919,1.9184624177,-1.661066,39.602273,33.828721,-1.491598,0.058745,-1.877784
6,1789437844.886568308,0.533535017265,-0.261883842664,0.551857838569,-1.34683811689,-2.08922250919,1.9184624177,-1.633288,39.564377,33.748073,-1.491871,0.061487,-1.875236
6,1789437844.891687870,0.533535017265,-0.261883842664,0.551857838569,-1.34683811689,-2.08922250919,1.9184624177,-1.599635,39.547689,33.673933,-1.490708,0.061668,-1.874932
6,1789437844.896666765,0.533535017265,-0.261883842664,0.551857838569,-1.34683811689,-2.08922250919,1.9184624177,-1.565814,39.587268,33.88644,-1.494049,0.066939,-1.881508
6,1789437844.901588917,0.533535017265,-0.261883842664,0.551857838569,-1.34683811689,-2.08922250919,1.9184624177,-1.558715,39.652817,33.742146,-1.497088,0.066299,-1.878903
6,1789437844.906957626,0.533535017265,-0.261883842664,0.551857838569,-1.34683811689,-2.08922250919,1.9184624177,-1.568351,39.659849,33.86357,-1.499477,0.067279,-1.884566
6,1789437844.911596298,0.533535017265,-0.261883842664,0.551857838569,-1.34683811689,-2.08922250919,1.9184624177,-1.590828,39.656079,33.869747,-1.498888,0.060444,-1.887385
6,1789437844.916662931,0.533535017265,-0.261883842664,0.551857838569,-1.34683811689,-2.08922250919,1.9184624177,-1.668527,39.603406,33.785004,-1.491863,0.060235,-1.881878
6,1789437844.921458006,0.533535017265,-0.261883842664,0.551857838569,-1.34683811689,-2.08922250919,1.9184624177,-1.670721,39.573052,33.822119,-1.495137,0.059614,-1.881804
6,1789437844.926662445,0.533535017265,-0.261883842664,0.551857838569,-1.34683811689,-2.08922250919,1.9184624177,-1.642527,39.566256,34.004559,-1.492442,0.062466,-1.883827
6,1789437844.931619406,0.533535017265,-0.261883842664,0.551857838569,-1.34683811689,-2.08922250919,1.9184624177,-1.563294,39.616437,33.805661,-1.49759,0.065182,-1.879881
6,1789437844.937085390,0.533535017265,-0.261883842664,0.551857838569,-1.34683811689,-2.08922250919,1.9184624177,-1.554399,39.642421,33.790925,-1.49702,0.065284,-1.877479
6,1789437844.941602468,0.533535017265,-0.261883842664,0.551857838569,-1.34683811689,-2.08922250919,1.9184624177,-1.559913,39.632984,33.679173,-1.497222,0.064334,-1.877615
6,1789437844.946562529,0.533535017265,-0.261883842664,0.551857838569,-1.34683811689,-2.08922250919,1.9184624177,-1.570963,39.643367,33.900524,-1.497281,0.063305,-1.885128
6,1789437844.951694965,0.533535017265,-0.261883842664,0.551857838569,-1.34683811689,-2.08922250919,1.9184624177,-1.650627,39.632501,33.702382,-1.492214,0.061029,-1.875121
6,1789437844.956420422,0.533535017265,-0.261883842664,0.551857838569,-1.34683811689,-2.08922250919,1.9184624177,-1.651315,39.582411,33.846025,-1.494324,0.060967,-1.878232
6,1789437844.961547613,0.533535017265,-0.261883842664,0.551857838569,-1.34683811689,-2.08922250919,1.9184624177,-1.655542,39.592426,33.917261,-1.494077,0.062893,-1.880159
6,1789437844.966721296,0.533535017265,-0.261883842664,0.551857838569,-1.34683811689,-2.08922250919,1.9184624177,-1.609681,39.610477,33.776634,-1.492156,0.06307,-1.874853
6,1789437844.971481562,0.533535017265,-0.261883842664,0.551857838569,-1.34683811689,-2.08922250919,1.9184624177,-1.558275,39.600015,33.8001,-1.493786,0.06525,-1.877391
6,1789437844.976607561,0.533535017265,-0.261883842664,0.551857838569,-1.34683811689,-2.08922250919,1.9184624177,-1.578156,39.603989,33.809884,-1.492038,0.065504,-1.87711
6,1789437844.981671333,0.533535017265,-0.261883842664,0.551857838569,-1.34683811689,-2.08922250919,1.9184624177,-1.540843,39.585498,33.81164,-1.495107,0.067304,-1.881668
6,1789437844.986433029,0.533535017265,-0.261883842664,0.551857838569,-1.34683811689,-2.08922250919,1.9184624177,-1.597029,39.643246,34.005144,-1.496264,0.064063,-1.883581
6,1789437844.991792440,0.533535017265,-0.261883842664,0.551857838569,-1.34683811689,-2.08922250919,1.9184624177,-1.634338,39.64175,33.831371,-1.495906,0.059582,-1.882164
6,1789437844.996926546,0.533535017265,-0.261883842664,0.551857838569,-1.34683811689,-2.08922250919,1.9184624177,-1.616568,39.647547,33.793386,-1.500648,0.06048,-1.882517
6,1789437845.001848221,0.533535017265,-0.261883842664,0.551857838569,-1.34683811689,-2.08922250919,1.9184624177,-1.689729,39.600991,33.869756,-1.494468,0.057409,-1.881491
6,1789437845.006635666,0.533535017265,-0.261883842664,0.551857838569,-1.34683811689,-2.08922250919,1.9184624177,-1.638001,39.599293,33.860882,-1.493625,0.065247,-1.88029
6,1789437845.011562347,0.533535017265,-0.261883842664,0.551857838569,-1.34683811689,-2.08922250919,1.9184624177,-1.625026,39.583424,33.818289,-1.491773,0.061459,-1.878085
6,1789437845.016630411,0.533535017265,-0.261883842664,0.551857838569,-1.34683811689,-2.08922250919,1.9184624177,-1.558275,39.588981,33.826634,-1.493055,0.069137,-1.877805
6,1789437845.021499395,0.533535017265,-0.261883842664,0.551857838569,-1.34683811689,-2.08922250919,1.9184624177,-1.578964,39.651579,33.885889,-1.4974,0.06438,-1.88246
6,1789437845.026671410,0.533535017265,-0.261883842664,0.551857838569,-1.34683811689,-2.08922250919,1.9184624177,-1.581402,39.670722,33.811242,-1.495012,0.065873,-1.882577
6,1789437845.031734943,0.533535017265,-0.261883842664,0.551857838569,-1.34683811689,-2.08922250919,1.9184624177,-1.632811,39.670025,33.813584,-1.497524,0.059317,-1.881785
6,1789437845.036573887,0.533535017265,-0.261883842664,0.551857838569,-1.34683811689,-2.08922250919,1.9184624177,-1.618162,39.617299,34.012667,-1.497454,0.063868,-1.884629
6,1789437845.041567087,0.533535017265,-0.261883842664,0.551857838569,-1.34683811689,-2.08922250919,1.9184624177,-1.688246,39.589222,33.793287,-1.49443,0.055716,-1.876875
6,1789437845.046746016,0.533535017265,-0.261883842664,0.551857838569,-1.34683811689,-2.08922250919,1.9184624177,-1.654,39.53686,33.834194,-1.490515,0.064197,-1.873256
6,1789437845.051745892,0.533535017265,-0.261883842664,0.551857838569,-1.34683811689,-2.08922250919,1.9184624177,-1.622678,39.564662,33.772921,-1.494474,0.059055,-1.877465
6,1789437845.056801558,0.533535017265,-0.261883842664,0.551857838569,-1.34683811689,-2.08922250919,1.9184624177,-1.568099,39.612214,33.856015,-1.495416,0.067664,-1.877104
6,1789437845.061849117,0.533535017265,-0.261883842664,0.551857838569,-1.34683811689,-2.08922250919,1.9184624177,-1.538843,39.657262,33.730149,-1.497673,0.065482,-1.880755
6,1789437845.066864967,0.533535017265,-0.261883842664,0.551857838569,-1.34683811689,-2.08922250919,1.9184624177,-1.589323,39.680825,33.829872,-1.498321,0.064023,-1.882781
6,1789437845.071597099,0.533535017265,-0.261883842664,0.551857838569,-1.34683811689,-2.08922250919,1.9184624177,-1.605647,39.646032,33.897583,-1.496171,0.06355,-1.887082
6,1789437845.076621532,0.533535017265,-0.261883842664,0.551857838569,-1.34683811689,-2.08922250919,1.9184624177,-1.68579,39.61849,33.78068,-1.49473,0.055808,-1.879174
6,1789437845.081647635,0.533535017265,-0.261883842664,0.551857838569,-1.34683811689,-2.08922250919,1.9184624177,-1.633592,39.563978,33.834752,-1.493488,0.061336,-1.879379
6,1789437845.086435556,0.533535017265,-0.261883842664,0.551857838569,-1.34683811689,-2.08922250919,1.9184624177,-1.617323,39.558536,33.968584,-1.494613,0.061541,-1.883029
6,1789437845.091455221,0.533535017265,-0.261883842664,0.551857838569,-1.34683811689,-2.08922250919,1.9184624177,-1.557723,39.582575,33.816641,-1.493203,0.068772,-1.87826
6,1789437845.096902370,0.533535017265,-0.261883842664,0.551857838569,-1.34683811689,-2.08922250919,1.9184624177,-1.540165,39.612058,33.756744,-1.496132,0.062275,-1.881758
6,1789437845.101695538,0.533535017265,-0.261883842664,0.551857838569,-1.34683811689,-2.08922250919,1.9184624177,-1.573633,39.631724,33.857846,-1.49689,0.065952,-1.882269
6,1789437845.106503963,0.533535017265,-0.261883842664,0.551857838569,-1.34683811689,-2.08922250919,1.9184624177,-1.645322,39.671381,33.868635,-1.4965,0.059043,-1.882349
6,1789437845.111717701,0.533535017265,-0.261883842664,0.551857838569,-1.34683811689,-2.08922250919,1.9184624177,-1.673814,39.614924,33.690138,-1.496122,0.057385,-1.877322
6,1789437845.116721869,0.533535017265,-0.261883842664,0.551857838569,-1.34683811689,-2.08922250919,1.9184624177,-1.646493,39.585569,33.846413,-1.493617,0.060846,-1.878015
6,1789437845.121696711,0.533535017265,-0.261883842664,0.551857838569,-1.34683811689,-2.08922250919,1.9184624177,-1.628659,39.580004,33.899547,-1.492485,0.062659,-1.879538
6,1789437845.126921892,0.533535017265,-0.261883842664,0.551857838569,-1.34683811689,-2.08922250919,1.9184624177,-1.595717,39.586076,33.788151,-1.490461,0.067419,-1.878882
6,1789437845.131892443,0.533535017265,-0.261883842664,0.551857838569,-1.34683811689,-2.08922250919,1.9184624177,-1.547595,39.61735,33.805764,-1.495986,0.066471,-1.879683
6,1789437845.136687517,0.533535017265,-0.261883842664,0.551857838569,-1.34683811689,-2.08922250919,1.9184624177,-1.590092,39.633458,34.013498,-1.491654,0.065931,-1.884001
6,1789437845.141586781,0.533535017265,-0.261883842664,0.551857838569,-1.34683811689,-2.08922250919,1.9184624177,-1.614688,39.659139,33.831094,-1.497489,0.059108,-1.882453
6,1789437845.146903038,0.533535017265,-0.261883842664,0.551857838569,-1.34683811689,-2.08922250919,1.9184624177,-1.627089,39.62659,33.85953,-1.497225,0.063312,-1.881476
6,1789437845.151590109,0.533535017265,-0.261883842664,0.551857838569,-1.34683811689,-2.08922250919,1.9184624177,-1.671357,39.596328,33.815456,-1.495907,0.057002,-1.880485
6,1789437845.156535149,0.533535017265,-0.261883842664,0.551857838569,-1.34683811689,-2.08922250919,1.9184624177,-1.637189,39.560505,33.883048,-1.491296,0.063797,-1.877953
6,1789437845.161633968,0.533535017265,-0.261883842664,0.551857838569,-1.34683811689,-2.08922250919,1.9184624177,-1.625369,39.563442,33.824475,-1.489967,0.061323,-1.880059
6,1789437845.166675091,0.533535017265,-0.261883842664,0.551857838569,-1.34683811689,-2.08922250919,1.9184624177,-1.604282,39.597954,33.807103,-1.493411,0.06392,-1.879076
6,1789437845.171457052,0.533535017265,-0.261883842664,0.551857838569,-1.34683811689,-2.08922250919,1.9184624177,-1.547402,39.638427,33.936015,-1.496464,0.06701,-1.885802
6,1789437845.176553965,0.533535017265,-0.261883842664,0.551857838569,-1.34683811689,-2.08922250919,1.9184624177,-1.558118,39.692609,33.78361,-1.500064,0.061456,-1.882917
6,1789437845.181669712,0.533535017265,-0.261883842664,0.551857838569,-1.34683811689,-2.08922250919,1.9184624177,-1.585611,39.65464,33.831347,-1.497315,0.064526,-1.881633
6,1789437845.186654568,0.533535017265,-0.261883842664,0.551857838569,-1.34683811689,-2.08922250919,1.9184624177,-1.576983,39.661457,33.801033,-1.498472,0.062124,-1.883487
6,1789437845.191807747,0.533535017265,-0.261883842664,0.551857838569,-1.34683811689,-2.08922250919,1.9184624177,-1.643202,39.64406,33.843095,-1.494545,0.060132,-1.880559
6,1789437845.196859121,0.533535017265,-0.261883842664,0.551857838569,-1.34683811689,-2.08922250919,1.9184624177,-1.672499,39.615805,33.818566,-1.49643,0.057535,-1.878489
6,1789437845.201623440,0.533535017265,-0.261883842664,0.551857838569,-1.34683811689,-2.08922250919,1.9184624177,-1.658699,39.572989,33.820357,-1.494207,0.059488,-1.876892
6,1789437845.206422091,0.533535017265,-0.261883842664,0.551857838569,-1.34683811689,-2.08922250919,1.9184624177,-1.627343,39.553331,33.821434,-1.49149,0.062103,-1.875803
6,1789437845.211600780,0.533535017265,-0.261883842664,0.551857838569,-1.34683811689,-2.08922250919,1.9184624177,-1.551907,39.535309,33.549471,-1.494324,0.062073,-1.870952
6,1789437845.216716766,0.533535017265,-0.261883842664,0.551857838569,-1.34683811689,-2.08922250919,1.9184624177,-1.551439,39.605849,33.87712,-1.495922,0.068573,-1.875313
6,1789437845.221575022,0.533535017265,-0.261883842664,0.551857838569,-1.34683811689,-2.08922250919,1.9184624177,-1.586281,39.631392,33.72593,-1.494957,0.06069,-1.877911
6,1789437845.226608992,0.533535017265,-0.261883842664,0.551857838569,-1.34683811689,-2.08922250919,1.9184624177,-1.596021,39.67376,33.796965,-1.499757,0.066022,-1.87969
6,1789437845.231736898,0.533535017265,-0.261883842664,0.551857838569,-1.34683811689,-2.08922250919,1.9184624177,-1.683963,39.654464,33.892809,-1.49681,0.055552,-1.88512
6,1789437845.236438751,0.533535017265,-0.261883842664,0.551857838569,-1.34683811689,-2.08922250919,1.9184624177,-1.655506,39.614741,33.778876,-1.494538,0.061205,-1.879705
6,1789437845.241464853,0.533535017265,-0.261883842664,0.551857838569,-1.34683811689,-2.08922250919,1.9184624177,-1.658759,39.566939,33.805115,-1.491107,0.060249,-1.880702
6,1789437845.246908903,0.533535017265,-0.261883842664,0.551857838569,-1.34683811689,-2.08922250919,1.9184624177,-1.599499,39.58512,33.977331,-1.494354,0.065322,-1.883098
6,1789437845.251606226,0.533535017265,-0.261883842664,0.551857838569,-1.34683811689,-2.08922250919,1.9184624177,-1.573389,39.611566,33.813455,-1.493154,0.066882,-1.880723
6,1789437845.256587744,0.533535017265,-0.261883842664,0.551857838569,-1.34683811689,-2.08922250919,1.9184624177,-1.56433,39.635139,33.833394,-1.496509,0.067376,-1.879865
6,1789437845.261714458,0.533535017265,-0.261883842664,0.551857838569,-1.34683811689,-2.08922250919,1.9184624177,-1.586787,39.640812,33.947814,-1.499244,0.063304,-1.884591
6,1789437845.266721487,0.533535017265,-0.261883842664,0.551857838569,-1.34683811689,-2.08922250919,1.9184624177,-1.619254,39.650711,33.829167,-1.497673,0.058132,-1.883778
6,1789437845.271507978,0.533535017265,-0.261883842664,0.551857838569,-1.34683811689,-2.08922250919,1.9184624177,-1.644704,39.597807,33.67155,-1.495916,0.061538,-1.876732
6,1789437845.276729345,0.533535017265,-0.261883842664,0.551857838569,-1.34683811689,-2.08922250919,1.9184624177,-1.670909,39.568997,33.741254,-1.491361,0.0585,-1.880093
6,1789437845.281741142,0.533535017265,-0.261883842664,0.551857838569,-1.34683811689,-2.08922250919,1.9184624177,-1.620147,39.581638,33.89953,-1.49472,0.064128,-1.879353
6,1789437845.286445618,0.533535017265,-0.261883842664,0.551857838569,-1.34683811689,-2.08922250919,1.9184624177,-1.596978,39.618094,33.732702,-1.494587,0.061335,-1.879437
6,1789437845.291721106,0.533535017265,-0.261883842664,0.551857838569,-1.34683811689,-2.08922250919,1.9184624177,-1.559875,39.644708,33.807558,-1.496302,0.06725,-1.878574
6,1789437845.296762943,0.533535017265,-0.261883842664,0.551857838569,-1.34683811689,-2.08922250919,1.9184624177,-1.593925,39.646972,33.995311,-1.493604,0.063608,-1.884035
6,1789437845.301654816,0.533535017265,-0.261883842664,0.551857838569,-1.34683811689,-2.08922250919,1.9184624177,-1.592123,39.633307,33.818136,-1.494573,0.062839,-1.878227
6,1789437845.306500912,0.533535017265,-0.261883842664,0.551857838569,-1.34683811689,-2.08922250919,1.9184624177,-1.626626,39.609231,33.808412,-1.495053,0.061098,-1.878592
6,1789437845.311637163,0.533535017265,-0.261883842664,0.551857838569,-1.34683811689,-2.08922250919,1.9184624177,-1.657567,39.594329,33.962066,-1.496623,0.059266,-1.881659
6,1789437845.316700459,0.533535017265,-0.261883842664,0.551857838569,-1.34683811689,-2.08922250919,1.9184624177,-1.663586,39.562035,33.895832,-1.490568,0.062539,-1.875859
6,1789437845.321556330,0.533535017265,-0.261883842664,0.551857838569,-1.34683811689,-2.08922250919,1.9184624177,-1.625404,39.55917,33.702896,-1.494263,0.062246,-1.874208
6,1789437845.326745510,0.533535017265,-0.261883842664,0.551857838569,-1.34683811689,-2.08922250919,1.9184624177,-1.575704,39.590602,33.872553,-1.492993,0.065848,-1.878587
6,1789437845.331661224,0.533535017265,-0.261883842664,0.551857838569,-1.34683811689,-2.08922250919,1.9184624177,-1.544647,39.62544,33.912005,-1.495801,0.067506,-1.883136
6,1789437845.336507082,0.533535017265,-0.261883842664,0.551857838569,-1.34683811689,-2.08922250919,1.9184624177,-1.585426,39.683158,33.774245,-1.496659,0.064479,-1.882639
6,1789437845.341536522,0.533535017265,-0.261883842664,0.551857838569,-1.34683811689,-2.08922250919,1.9184624177,-1.61318,39.644414,33.827277,-1.49685,0.060771,-1.884691
6,1789437845.346730471,0.533535017265,-0.261883842664,0.551857838569,-1.34683811689,-2.08922250919,1.9184624177,-1.703334,39.623893,33.994869,-1.495189,0.061744,-1.884477
6,1789437845.351639271,0.533535017265,-0.261883842664,0.551857838569,-1.34683811689,-2.08922250919,1.9184624177,-1.694561,39.578065,33.845824,-1.492404,0.057538,-1.878789
6,1789437845.356526852,0.533535017265,-0.261883842664,0.551857838569,-1.34683811689,-2.08922250919,1.9184624177,-1.598268,39.571065,33.8073,-1.493711,0.065488,-1.878619
6,1789437845.361636877,0.533535017265,-0.261883842664,0.551857838569,-1.34683811689,-2.08922250919,1.9184624177,-1.550709,39.611381,33.746141,-1.496439,0.063814,-1.882435
6,1789437845.366728783,0.533535017265,-0.261883842664,0.551857838569,-1.34683811689,-2.08922250919,1.9184624177,-1.559916,39.61838,33.867939,-1.493995,0.067118,-1.881581
6,1789437845.371497393,0.533535017265,-0.261883842664,0.551857838569,-1.34683811689,-2.08922250919,1.9184624177,-1.550161,39.656586,33.858298,-1.497014,0.067578,-1.881901
6,1789437845.376582861,0.533535017265,-0.261883842664,0.551857838569,-1.34683811689,-2.08922250919,1.9184624177,-1.608392,39.68392,33.804333,-1.49821,0.064446,-1.881218
6,1789437845.381911993,0.533535017265,-0.261883842664,0.551857838569,-1.34683811689,-2.08922250919,1.9184624177,-1.644165,39.643153,33.911078,-1.495525,0.060364,-1.884725
6,1789437845.386493921,0.533535017265,-0.261883842664,0.551857838569,-1.34683811689,-2.08922250919,1.9184624177,-1.654026,39.595285,33.697218,-1.496929,0.059005,-1.878461
6,1789437845.391708136,0.533535017265,-0.261883842664,0.551857838569,-1.34683811689,-2.08922250919,1.9184624177,-1.678162,39.557044,33.836306,-1.491298,0.059591,-1.87859
6,1789437845.397122860,0.533535017265,-0.261883842664,0.551857838569,-1.34683811689,-2.08922250919,1.9184624177,-1.646351,39.607109,33.732652,-1.492473,0.060819,-1.87954
6,1789437845.401593924,0.533535017265,-0.261883842664,0.551857838569,-1.34683811689,-2.08922250919,1.9184624177,-1.594847,39.596033,33.788235,-1.496384,0.062434,-1.879353
6,1789437845.406471014,0.533535017265,-0.261883842664,0.551857838569,-1.34683811689,-2.08922250919,1.9184624177,-1.556641,39.599979,34.012961,-1.495072,0.066346,-1.88405
6,1789437845.411562681,0.533535017265,-0.261883842664,0.551857838569,-1.34683811689,-2.08922250919,1.9184624177,-1.574985,39.608728,33.825984,-1.493559,0.062307,-1.879108
6,1789437845.416696072,0.533535017265,-0.261883842664,0.551857838569,-1.34683811689,-2.08922250919,1.9184624177,-1.537529,39.593925,33.802108,-1.497829,0.066306,-1.881933
6,1789437845.421528816,0.533535017265,-0.261883842664,0.551857838569,-1.34683811689,-2.08922250919,1.9184624177,-1.598573,39.616035,33.97219,-1.497526,0.061966,-1.886954
6,1789437845.426530123,0.533535017265,-0.261883842664,0.551857838569,-1.34683811689,-2.08922250919,1.9184624177,-1.611249,39.642262,33.846544,-1.498835,0.062576,-1.884014
6,1789437845.431664944,0.533535017265,-0.261883842664,0.551857838569,-1.34683811689,-2.08922250919,1.9184624177,-1.652025,39.63857,33.676813,-1.497555,0.05871,-1.87989
6,1789437845.436557055,0.533535017265,-0.261883842664,0.551857838569,-1.34683811689,-2.08922250919,1.9184624177,-1.646848,39.596296,33.756324,-1.494656,0.062677,-1.875931
6,1789437845.441646099,0.533535017265,-0.261883842664,0.551857838569,-1.34683811689,-2.08922250919,1.9184624177,-1.643616,39.586693,33.891003,-1.490039,0.063161,-1.879069
6,1789437845.446794271,0.533535017265,-0.261883842664,0.551857838569,-1.34683811689,-2.08922250919,1.9184624177,-1.586989,39.590837,33.739191,-1.491349,0.066638,-1.874493
6,1789437845.451637983,0.533535017265,-0.261883842664,0.551857838569,-1.34683811689,-2.08922250919,1.9184624177,-1.606176,39.610389,33.864334,-1.492478,0.065031,-1.878108
6,1789437845.456493139,0.533535017265,-0.261883842664,0.551857838569,-1.34683811689,-2.08922250919,1.9184624177,-1.561666,39.665537,33.98332,-1.499693,0.065821,-1.885528
6,1789437845.461692810,0.533535017265,-0.261883842664,0.551857838569,-1.34683811689,-2.08922250919,1.9184624177,-1.621761,39.668345,33.821639,-1.49629,0.06054,-1.882463
6,1789437845.466899872,0.533535017265,-0.261883842664,0.551857838569,-1.34683811689,-2.08922250919,1.9184624177,-1.599785,39.627239,33.770725,-1.497596,0.062862,-1.878742
6,1789437845.471664667,0.533535017265,-0.261883842664,0.551857838569,-1.34683811689,-2.08922250919,1.9184624177,-1.674228,39.573949,33.971517,-1.492536,0.058928,-1.881564
6,1789437845.476716518,0.533535017265,-0.261883842664,0.551857838569,-1.34683811689,-2.08922250919,1.9184624177,-1.650337,39.555716,33.84646,-1.490414,0.062078,-1.877737
6,1789437845.482303858,0.533535017265,-0.261883842664,0.551857838569,-1.34683811689,-2.08922250919,1.9184624177,-1.595274,39.554161,33.649717,-1.491212,0.063756,-1.872307
6,1789437845.486507416,0.533535017265,-0.261883842664,0.551857838569,-1.34683811689,-2.08922250919,1.9184624177,-1.566501,39.624552,33.805662,-1.49482,0.064125,-1.880085
6,1789437845.491746902,0.533535017265,-0.261883842664,0.551857838569,-1.34683811689,-2.08922250919,1.9184624177,-1.573811,39.679833,33.947555,-1.499986,0.065704,-1.884677
6,1789437845.496931076,0.533535017265,-0.261883842664,0.551857838569,-1.34683811689,-2.08922250919,1.9184624177,-1.618341,39.703071,33.763956,-1.498077,0.061525,-1.883728
6,1789437845.501624107,0.533535017265,-0.261883842664,0.551857838569,-1.34683811689,-2.08922250919,1.9184624177,-1.606948,39.655122,33.79224,-1.498238,0.059689,-1.883423
6,1789437845.506524324,0.533535017265,-0.261883842664,0.551857838569,-1.34683811689,-2.08922250919,1.9184624177,-1.701524,39.554216,33.995291,-1.492283,0.057393,-1.884361
6,1789437845.511563063,0.533535017265,-0.261883842664,0.551857838569,-1.34683811689,-2.08922250919,1.9184624177,-1.664128,39.569821,33.817859,-1.493294,0.060177,-1.878448
6,1789437845.516751766,0.533535017265,-0.261883842664,0.551857838569,-1.34683811689,-2.08922250919,1.9184624177,-1.623792,39.574862,33.817227,-1.492287,0.06311,-1.87854
6,1789437845.521661520,0.533535017265,-0.261883842664,0.551857838569,-1.34683811689,-2.08922250919,1.9184624177,-1.55458,39.616456,33.994019,-1.496642,0.064437,-1.884548
6,1789437845.526744604,0.533535017265,-0.261883842664,0.551857838569,-1.34683811689,-2.08922250919,1.9184624177,-1.540829,39.661758,33.84851,-1.494652,0.068638,-1.882153
6,1789437845.531825066,0.533535017265,-0.261883842664,0.551857838569,-1.34683811689,-2.08922250919,1.9184624177,-1.587744,39.673394,33.84549,-1.498164,0.065299,-1.884552
6,1789437845.536562920,0.533535017265,-0.261883842664,0.551857838569,-1.34683811689,-2.08922250919,1.9184624177,-1.613901,39.645374,33.849363,-1.492957,0.06149,-1.882397
6,1789437845.541604757,0.533535017265,-0.261883842664,0.551857838569,-1.34683811689,-2.08922250919,1.9184624177,-1.675712,39.621441,33.751852,-1.492735,0.058885,-1.879465
6,1789437845.546788931,0.533535017265,-0.261883842664,0.551857838569,-1.34683811689,-2.08922250919,1.9184624177,-1.701913,39.593799,33.835985,-1.490729,0.059516,-1.879031
6,1789437845.551567078,0.533535017265,-0.261883842664,0.551857838569,-1.34683811689,-2.08922250919,1.9184624177,-1.643328,39.604775,33.85542,-1.496083,0.062776,-1.878055
6,1789437845.556570530,0.533535017265,-0.261883842664,0.551857838569,-1.34683811689,-2.08922250919,1.9184624177,-1.588334,39.613758,33.924602,-1.495346,0.063354,-1.88143
6,1789437845.561597347,0.533535017265,-0.261883842664,0.551857838569,-1.34683811689,-2.08922250919,1.9184624177,-1.577887,39.602537,33.838655,-1.492716,0.066602,-1.876405
6,1789437845.566622257,0.533535017265,-0.261883842664,0.551857838569,-1.34683811689,-2.08922250919,1.9184624177,-1.577653,39.615643,33.842857,-1.495315,0.06642,-1.879792
6,1789437845.571435213,0.533535017265,-0.261883842664,0.551857838569,-1.34683811689,-2.08922250919,1.9184624177,-1.635701,39.618618,33.98006,-1.494817,0.061662,-1.881927
6,1789437845.576512575,0.533535017265,-0.261883842664,0.551857838569,-1.34683811689,-2.08922250919,1.9184624177,-1.63897,39.625491,33.865107,-1.494986,0.059685,-1.878274
6,1789437845.581459522,0.533535017265,-0.261883842664,0.551857838569,-1.34683811689,-2.08922250919,1.9184624177,-1.618524,39.59141,33.708176,-1.498061,0.060221,-1.877176
6,1789437845.586420059,0.533535017265,-0.261883842664,0.551857838569,-1.34683811689,-2.08922250919,1.9184624177,-1.649837,39.591798,33.701265,-1.492502,0.059984,-1.875747
6,1789437845.591447830,0.533535017265,-0.261883842664,0.551857838569,-1.34683811689,-2.08922250919,1.9184624177,-1.621204,39.565266,33.942557,-1.492195,0.06105,-1.881929
6,1789437845.596527576,0.533535017265,-0.261883842664,0.551857838569,-1.34683811689,-2.08922250919,1.9184624177,-1.566363,39.614598,33.740246,-1.494713,0.06654,-1.879956
6,1789437845.601358414,0.533535017265,-0.261883842664,0.551857838569,-1.34683811689,-2.08922250919,1.9184624177,-1.55875,39.637192,33.819333,-1.493898,0.063572,-1.883447
6,1789437845.606254101,0.533535017265,-0.261883842664,0.551857838569,-1.34683811689,-2.08922250919,1.9184624177,-1.569466,39.58115,33.718582,-1.490318,0.065524,-1.875877
6,1789437845.611658812,0.533535017265,-0.261883842664,0.551857838569,-1.34683811689,-2.08922250919,1.9184624177,-1.528619,39.611159,33.832923,-1.496808,0.068262,-1.879912
6,1789437845.616469145,0.533535017265,-0.261883842664,0.551857838569,-1.34683811689,-2.08922250919,1.9184624177,-1.598941,39.664797,34.013683,-1.494154,0.063877,-1.884248
6,1789437845.621347427,0.533535017265,-0.261883842664,0.551857838569,-1.34683811689,-2.08922250919,1.9184624177,-1.621144,39.672537,33.850919,-1.497482,0.062725,-1.881325
6,1789437845.626496077,0.533535017265,-0.261883842664,0.551857838569,-1.34683811689,-2.08922250919,1.9184624177,-1.691814,39.620535,33.818067,-1.494666,0.057411,-1.878895
6,1789437845.631538153,0.533535017265,-0.261883842664,0.551857838569,-1.34683811689,-2.08922250919,1.9184624177,-1.679936,39.584997,33.9727,-1.493243,0.058485,-1.880894
6,1789437845.636423349,0.533535017265,-0.261883842664,0.551857838569,-1.34683811689,-2.08922250919,1.9184624177,-1.629226,39.560862,33.79832,-1.492604,0.060317,-1.878976
6,1789437845.641457081,0.533535017265,-0.261883842664,0.551857838569,-1.34683811689,-2.08922250919,1.9184624177,-1.584817,39.571874,33.682344,-1.492757,0.064981,-1.875229
6,1789437845.646756411,0.533535017265,-0.261883842664,0.551857838569,-1.34683811689,-2.08922250919,1.9184624177,-1.536142,39.631076,33.795833,-1.495374,0.06637,-1.880178
6,1789437845.652073145,0.533535017265,-0.261883842664,0.551857838569,-1.34683811689,-2.08922250919,1.9184624177,-1.571553,39.675324,33.910976,-1.497189,0.065834,-1.884263
6,1789437845.656852245,0.533535017265,-0.261883842664,0.551857838569,-1.34683811689,-2.08922250919,1.9184624177,-1.59301,39.674759,33.694975,-1.497494,0.061345,-1.880028
6,1789437845.662230015,0.533535017265,-0.261883842664,0.551857838569,-1.34683811689,-2.08922250919,1.9184624177,-1.658854,39.645415,33.868126,-1.494808,0.057736,-1.882726
6,1789437845.667161942,0.533535017265,-0.261883842664,0.551857838569,-1.34683811689,-2.08922250919,1.9184624177,-1.65429,39.606146,34.046658,-1.495045,0.063979,-1.886727
6,1789437845.672240734,0.533535017265,-0.261883842664,0.551857838569,-1.34683811689,-2.08922250919,1.9184624177,-1.6148,39.608663,33.771819,-1.495724,0.060871,-1.884272
6,1789437845.678206921,0.533535017265,-0.261883842664,0.551857838569,-1.34683811689,-2.08922250919,1.9184624177,-1.57247,39.591025,33.78542,-1.493948,0.066352,-1.880744
6,1789437845.682066202,0.533535017265,-0.261883842664,0.551857838569,-1.34683811689,-2.08922250919,1.9184624177,-1.579199,39.611436,33.993537,-1.495413,0.063902,-1.884935
6,1789437845.686803818,0.533535017265,-0.261883842664,0.551857838569,-1.34683811689,-2.08922250919,1.9184624177,-1.550964,39.647606,33.843946,-1.498512,0.067971,-1.879007
6,1789437845.691726923,0.533535017265,-0.261883842664,0.551857838569,-1.34683811689,-2.08922250919,1.9184624177,-1.619165,39.629558,33.640845,-1.496222,0.05815,-1.879085
6,1789437845.696742773,0.533535017265,-0.261883842664,0.551857838569,-1.34683811689,-2.08922250919,1.9184624177,-1.640062,39.647635,33.709759,-1.500279,0.06117,-1.876319
6,1789437845.701545000,0.533535017265,-0.261883842664,0.551857838569,-1.34683811689,-2.08922250919,1.9184624177,-1.673709,39.602355,33.926902,-1.493828,0.058131,-1.880544
6,1789437845.706276417,0.533535017265,-0.261883842664,0.551857838569,-1.34683811689,-2.08922250919,1.9184624177,-1.625963,39.59396,33.781915,-1.49637,0.061665,-1.877505
6,1789437845.711541653,0.533535017265,-0.261883842664,0.551857838569,-1.34683811689,-2.08922250919,1.9184624177,-1.617134,39.585574,33.821641,-1.490124,0.064016,-1.875635
6,1789437845.716883898,0.533535017265,-0.261883842664,0.551857838569,-1.34683811689,-2.08922250919,1.9184624177,-1.633993,39.584738,33.796841,-1.492377,0.06164,-1.873847
6,1789437845.721485376,0.533535017265,-0.261883842664,0.551857838569,-1.34683811689,-2.08922250919,1.9184624177,-1.583252,39.606993,33.812251,-1.493898,0.065613,-1.875544
6,1789437845.726609945,0.533535017265,-0.261883842664,0.551857838569,-1.34683811689,-2.08922250919,1.9184624177,-1.600168,39.618537,33.832158,-1.495545,0.059388,-1.881526
6,1789437845.731457710,0.533535017265,-0.261883842664,0.551857838569,-1.34683811689,-2.08922250919,1.9184624177,-1.598254,39.643389,34.008418,-1.496912,0.062974,-1.881556
6,1789437845.736270189,0.533535017265,-0.261883842664,0.551857838569,-1.34683811689,-2.08922250919,1.9184624177,-1.629117,39.638449,33.823898,-1.496322,0.058542,-1.881058
6,1789437845.741365433,0.533535017265,-0.261883842664,0.551857838569,-1.34683811689,-2.08922250919,1.9184624177,-1.652942,39.586667,33.699411,-1.493892,0.062288,-1.876656
6,1789437845.746490955,0.533535017265,-0.261883842664,0.551857838569,-1.34683811689,-2.08922250919,1.9184624177,-1.6511,39.575004,33.729441,-1.491585,0.062246,-1.875244
6,1789437845.751337528,0.533535017265,-0.261883842664,0.551857838569,-1.34683811689,-2.08922250919,1.9184624177,-1.624764,39.596347,33.879441,-1.495026,0.06127,-1.880721
6,1789437845.756342888,0.533535017265,-0.261883842664,0.551857838569,-1.34683811689,-2.08922250919,1.9184624177,-1.580764,39.595629,33.707513,-1.494807,0.063758,-1.877251
6,1789437845.761568069,0.533535017265,-0.261883842664,0.551857838569,-1.34683811689,-2.08922250919,1.9184624177,-1.540172,39.635692,33.844682,-1.498482,0.065386,-1.884827
6,1789437845.766485214,0.533535017265,-0.261883842664,0.551857838569,-1.34683811689,-2.08922250919,1.9184624177,-1.577954,39.632268,33.977798,-1.498159,0.063508,-1.889256
6,1789437845.771282434,0.533535017265,-0.261883842664,0.551857838569,-1.34683811689,-2.08922250919,1.9184624177,-1.624568,39.650915,33.838261,-1.497968,0.061385,-1.88355
6,1789437845.776471138,0.533535017265,-0.261883842664,0.551857838569,-1.34683811689,-2.08922250919,1.9184624177,-1.655155,39.608895,33.848533,-1.49758,0.059208,-1.882969
6,1789437845.781505346,0.533535017265,-0.261883842664,0.551857838569,-1.34683811689,-2.08922250919,1.9184624177,-1.656894,39.608317,34.01305,-1.494682,0.06089,-1.884737
6,1789437845.786453247,0.533535017265,-0.261883842664,0.551857838569,-1.34683811689,-2.08922250919,1.9184624177,-1.608207,39.584642,33.832711,-1.494037,0.061281,-1.8808
6,1789437845.791426659,0.533535017265,-0.261883842664,0.551857838569,-1.34683811689,-2.08922250919,1.9184624177,-1.57005,39.612912,33.680215,-1.494104,0.066241,-1.876666
6,1789437845.796499491,0.533535017265,-0.261883842664,0.551857838569,-1.34683811689,-2.08922250919,1.9184624177,-1.549431,39.635428,33.678201,-1.495562,0.067954,-1.877871
6,1789437845.801300049,0.533535017265,-0.261883842664,0.551857838569,-1.34683811689,-2.08922250919,1.9184624177,-1.561027,39.648913,33.889707,-1.494911,0.064354,-1.886055
6,1789437845.806349516,0.533535017265,-0.261883842664,0.551857838569,-1.34683811689,-2.08922250919,1.9184624177,-1.619249,39.632085,33.721523,-1.494532,0.063118,-1.880557
6,1789437845.811583042,0.533535017265,-0.261883842664,0.551857838569,-1.34683811689,-2.08922250919,1.9184624177,-1.669445,39.636186,33.840012,-1.495631,0.060212,-1.88253
6,1789437845.816460133,0.533535017265,-0.261883842664,0.551857838569,-1.34683811689,-2.08922250919,1.9184624177,-1.62078,39.618148,33.732615,-1.494207,0.062431,-1.879396
6,1789437845.821321726,0.533535017265,-0.261883842664,0.551857838569,-1.34683811689,-2.08922250919,1.9184624177,-1.701071,39.602036,33.861607,-1.495391,0.056746,-1.880813
6,1789437845.826468945,0.533535017265,-0.261883842664,0.551857838569,-1.34683811689,-2.08922250919,1.9184624177,-1.724597,39.607903,33.978294,-1.493277,0.054325,-1.883944
6,1789437845.831530571,0.533535017265,-0.261883842664,0.551857838569,-1.34683811689,-2.08922250919,1.9184624177,-1.615683,39.612877,33.81475,-1.497892,0.061786,-1.880422
6,1789437845.836437464,0.533535017265,-0.261883842664,0.551857838569,-1.34683811689,-2.08922250919,1.9184624177,-1.539173,39.589181,33.787488,-1.493423,0.065582,-1.879449
6,1789437845.841476679,0.533535017265,-0.261883842664,0.551857838569,-1.34683811689,-2.08922250919,1.9184624177,-1.518324,39.617717,34.034466,-1.494099,0.06947,-1.88188
6,1789437845.846563578,0.533535017265,-0.261883842664,0.551857838569,-1.34683811689,-2.08922250919,1.9184624177,-1.543715,39.60751,33.860773,-1.493963,0.065837,-1.880257
6,1789437845.851433992,0.533535017265,-0.261883842664,0.551857838569,-1.34683811689,-2.08922250919,1.9184624177,-1.607745,39.625982,33.658953,-1.495673,0.06084,-1.879087
6,1789437845.856459618,0.533535017265,-0.261883842664,0.551857838569,-1.34683811689,-2.08922250919,1.9184624177,-1.661113,39.633532,33.671233,-1.496686,0.059093,-1.877406
6,1789437845.861658335,0.533535017265,-0.261883842664,0.551857838569,-1.34683811689,-2.08922250919,1.9184624177,-1.627439,39.652307,33.900586,-1.499229,0.058513,-1.885691
6,1789437845.866478920,0.533535017265,-0.261883842664,0.551857838569,-1.34683811689,-2.08922250919,1.9184624177,-1.604381,39.625606,33.662011,-1.495041,0.062958,-1.876855
6,1789437845.871429920,0.533535017265,-0.261883842664,0.551857838569,-1.34683811689,-2.08922250919,1.9184624177,-1.588936,39.563633,33.772555,-1.492939,0.064357,-1.877098
6,1789437845.876450539,0.533535017265,-0.261883842664,0.551857838569,-1.34683811689,-2.08922250919,1.9184624177,-1.602494,39.538294,33.955333,-1.489943,0.063775,-1.879226
6,1789437845.881595135,0.533535017265,-0.261883842664,0.551857838569,-1.34683811689,-2.08922250919,1.9184624177,-1.580805,39.595876,33.789294,-1.493832,0.064307,-1.878475
6,1789437845.886358976,0.533535017265,-0.261883842664,0.551857838569,-1.34683811689,-2.08922250919,1.9184624177,-1.604601,39.641067,33.779521,-1.498246,0.060558,-1.8794
6,1789437845.891608000,0.533535017265,-0.261883842664,0.551857838569,-1.34683811689,-2.08922250919,1.9184624177,-1.638032,39.701805,33.759971,-1.499048,0.05883,-1.88055
6,1789437845.896612644,0.533535017265,-0.261883842664,0.551857838569,-1.34683811689,-2.08922250919,1.9184624177,-1.639688,39.657748,33.879543,-1.497142,0.060959,-1.880997
6,1789437845.901408195,0.533535017265,-0.261883842664,0.551857838569,-1.34683811689,-2.08922250919,1.9184624177,-1.642989,39.609581,33.798161,-1.495661,0.058902,-1.879465
6,1789437845.906364202,0.533535017265,-0.261883842664,0.551857838569,-1.34683811689,-2.08922250919,1.9184624177,-1.616399,39.555572,33.816085,-1.49306,0.064641,-1.878995
6,1789437845.911569118,0.533535017265,-0.261883842664,0.551857838569,-1.34683811689,-2.08922250919,1.9184624177,-1.594962,39.551444,33.904931,-1.489334,0.062308,-1.882005
6,1789437845.916609526,0.533535017265,-0.261883842664,0.551857838569,-1.34683811689,-2.08922250919,1.9184624177,-1.544526,39.629407,33.69931,-1.496033,0.069131,-1.876059
6,1789437845.921557188,0.533535017265,-0.261883842664,0.551857838569,-1.34683811689,-2.08922250919,1.9184624177,-1.549151,39.675383,33.850901,-1.499173,0.063142,-1.887304
6,1789437845.926535845,0.533535017265,-0.261883842664,0.551857838569,-1.34683811689,-2.08922250919,1.9184624177,-1.576209,39.694795,33.955375,-1.502229,0.062801,-1.886021
6,1789437845.931585789,0.533535017265,-0.261883842664,0.551857838569,-1.34683811689,-2.08922250919,1.9184624177,-1.630295,39.642565,33.811638,-1.498799,0.059322,-1.88289
6,1789437845.936359882,0.533535017265,-0.261883842664,0.551857838569,-1.34683811689,-2.08922250919,1.9184624177,-1.679303,39.557806,33.770122,-1.494835,0.05651,-1.879586
6,1789437845.941409111,0.533535017265,-0.261883842664,0.551857838569,-1.34683811689,-2.08922250919,1.9184624177,-1.650556,39.519063,34.026633,-1.492539,0.062902,-1.881265
6,1789437845.946536779,0.533535017265,-0.261883842664,0.551857838569,-1.34683811689,-2.08922250919,1.9184624177,-1.60823,39.573297,33.805831,-1.494628,0.05854,-1.880367
6,1789437845.951439857,0.533535017265,-0.261883842664,0.551857838569,-1.34683811689,-2.08922250919,1.9184624177,-1.593014,39.601069,33.686469,-1.49272,0.066204,-1.872557
6,1789437845.956358910,0.533535017265,-0.261883842664,0.551857838569,-1.34683811689,-2.08922250919,1.9184624177,-1.56538,39.656771,33.688821,-1.497633,0.065337,-1.877401
6,1789437845.961607933,0.533535017265,-0.261883842664,0.551857838569,-1.34683811689,-2.08922250919,1.9184624177,-1.577414,39.684914,33.902603,-1.4976,0.066686,-1.88361
6,1789437845.966555834,0.533535017265,-0.261883842664,0.551857838569,-1.34683811689,-2.08922250919,1.9184624177,-1.597842,39.64555,33.678666,-1.494603,0.061304,-1.878423
6,1789437845.971330643,0.533535017265,-0.261883842664,0.551857838569,-1.34683811689,-2.08922250919,1.9184624177,-1.641221,39.592394,33.817304,-1.492512,0.057954,-1.879173
6,1789437845.976560593,0.533535017265,-0.261883842664,0.551857838569,-1.34683811689,-2.08922250919,1.9184624177,-1.660944,39.559355,33.939091,-1.491287,0.059917,-1.878255
6,1789437845.981731176,0.533535017265,-0.261883842664,0.551857838569,-1.34683811689,-2.08922250919,1.9184624177,-1.628585,39.603343,33.782104,-1.494222,0.059489,-1.877709
6,1789437845.986600161,0.533535017265,-0.261883842664,0.551857838569,-1.34683811689,-2.08922250919,1.9184624177,-1.58623,39.598626,33.782313,-1.495373,0.064608,-1.876921
6,1789437845.991623163,0.533535017265,-0.261883842664,0.551857838569,-1.34683811689,-2.08922250919,1.9184624177,-1.578921,39.611192,33.986299,-1.496714,0.063526,-1.883606
6,1789437845.996883631,0.533535017265,-0.261883842664,0.551857838569,-1.34683811689,-2.08922250919,1.9184624177,-1.577727,39.624127,33.868616,-1.494153,0.065856,-1.881323
6,1789437846.001520872,0.533535017265,-0.261883842664,0.551857838569,-1.34683811689,-2.08922250919,1.9184624177,-1.612752,39.629103,33.68716,-1.496559,0.061501,-1.878826
6,1789437846.006616831,0.533535017265,-0.261883842664,0.551857838569,-1.34683811689,-2.08922250919,1.9184624177,-1.613147,39.640076,33.678851,-1.496623,0.063882,-1.877966
6,1789437846.011759758,0.533535017265,-0.261883842664,0.551857838569,-1.34683811689,-2.08922250919,1.9184624177,-1.655392,39.615947,33.964388,-1.494519,0.060817,-1.88011
6,1789437846.016631365,0.533535017265,-0.261883842664,0.551857838569,-1.34683811689,-2.08922250919,1.9184624177,-1.638573,39.629287,33.724453,-1.49456,0.062448,-1.878717
6,1789437846.021523237,0.533535017265,-0.261883842664,0.551857838569,-1.34683811689,-2.08922250919,1.9184624177,-1.610819,39.601318,33.831088,-1.495901,0.062984,-1.881733
6,1789437846.026927471,0.533535017265,-0.261883842664,0.551857838569,-1.34683811689,-2.08922250919,1.9184624177,-1.638918,39.568515,33.684351,-1.492734,0.060692,-1.874426
6,1789437846.031855583,0.533535017265,-0.261883842664,0.551857838569,-1.34683811689,-2.08922250919,1.9184624177,-1.609614,39.587889,33.844344,-1.493954,0.063875,-1.879005
6,1789437846.036687136,0.533535017265,-0.261883842664,0.551857838569,-1.34683811689,-2.08922250919,1.9184624177,-1.579578,39.623249,33.953483,-1.493204,0.066436,-1.880521
6,1789437846.041747808,0.533535017265,-0.261883842664,0.551857838569,-1.34683811689,-2.08922250919,1.9184624177,-1.582448,39.645893,33.817406,-1.492367,0.063694,-1.8787
6,1789437846.046911955,0.533535017265,-0.261883842664,0.551857838569,-1.34683811689,-2.08922250919,1.9184624177,-1.601808,39.618107,33.843187,-1.494888,0.065309,-1.87974
6,1789437846.051810026,0.533535017265,-0.261883842664,0.551857838569,-1.34683811689,-2.08922250919,1.9184624177,-1.624464,39.619959,33.963515,-1.495776,0.059412,-1.886898
6,1789437846.056821346,0.533535017265,-0.261883842664,0.551857838569,-1.34683811689,-2.08922250919,1.9184624177,-1.674895,39.612008,33.809777,-1.494565,0.060534,-1.877824
6,1789437846.062045097,0.533535017265,-0.261883842664,0.551857838569,-1.34683811689,-2.08922250919,1.9184624177,-1.679725,39.592099,33.797463,-1.494047,0.05756,-1.880033
6,1789437846.067005157,0.533535017265,-0.261883842664,0.551857838569,-1.34683811689,-2.08922250919,1.9184624177,-1.646527,39.590463,33.820989,-1.494795,0.06194,-1.876277
6,1789437846.071608305,0.533535017265,-0.261883842664,0.551857838569,-1.34683811689,-2.08922250919,1.9184624177,-1.600975,39.592106,33.942996,-1.494519,0.064414,-1.881356
6,1789437846.076877117,0.533535017265,-0.261883842664,0.551857838569,-1.34683811689,-2.08922250919,1.9184624177,-1.565968,39.614289,33.815798,-1.495693,0.066708,-1.879182
6,1789437846.082036495,0.533535017265,-0.261883842664,0.551857838569,-1.34683811689,-2.08922250919,1.9184624177,-1.557392,39.645813,33.818813,-1.494654,0.068503,-1.883267
6,1789437846.086719036,0.533535017265,-0.261883842664,0.551857838569,-1.34683811689,-2.08922250919,1.9184624177,-1.577895,39.65142,33.923823,-1.499009,0.064579,-1.888021
6,1789437846.091640234,0.533535017265,-0.261883842664,0.551857838569,-1.34683811689,-2.08922250919,1.9184624177,-1.678839,39.665875,33.850387,-1.492992,0.061831,-1.881851
6,1789437846.096881390,0.533535017265,-0.261883842664,0.551857838569,-1.34683811689,-2.08922250919,1.9184624177,-1.687042,39.621463,33.841029,-1.496413,0.057886,-1.882016
6,1789437846.101675749,0.533535017265,-0.261883842664,0.551857838569,-1.34683811689,-2.08922250919,1.9184624177,-1.68065,39.623207,34.022854,-1.494612,0.06122,-1.884473
6,1789437846.106606007,0.533535017265,-0.261883842664,0.551857838569,-1.34683811689,-2.08922250919,1.9184624177,-1.601613,39.608156,33.797893,-1.495775,0.061273,-1.879331
6,1789437846.112032652,0.533535017265,-0.261883842664,0.551857838569,-1.34683811689,-2.08922250919,1.9184624177,-1.520616,39.603408,33.714307,-1.494745,0.067164,-1.878501
6,1789437846.116954803,0.533535017265,-0.261883842664,0.551857838569,-1.34683811689,-2.08922250919,1.9184624177,-1.538559,39.635417,33.552089,-1.496884,0.065864,-1.87538
6,1789437846.121827126,0.533535017265,-0.261883842664,0.551857838569,-1.34683811689,-2.08922250919,1.9184624177,-1.566694,39.63558,33.904859,-1.498113,0.065416,-1.881999
6,1789437846.126979113,0.533535017265,-0.261883842664,0.551857838569,-1.34683811689,-2.08922250919,1.9184624177,-1.659214,39.63618,33.705674,-1.496955,0.057765,-1.879375
6,1789437846.131694078,0.533535017265,-0.261883842664,0.551857838569,-1.34683811689,-2.08922250919,1.9184624177,-1.714108,39.633844,33.847252,-1.496247,0.059001,-1.877948
6,1789437846.136558056,0.533535017265,-0.261883842664,0.551857838569,-1.34683811689,-2.08922250919,1.9184624177,-1.704561,39.592911,33.953835,-1.492038,0.058849,-1.881102
6,1789437846.141594887,0.533535017265,-0.261883842664,0.551857838569,-1.34683811689,-2.08922250919,1.9184624177,-1.596258,39.604396,33.777818,-1.494578,0.061528,-1.880256
6,1789437846.146724939,0.533535017265,-0.261883842664,0.551857838569,-1.34683811689,-2.08922250919,1.9184624177,-1.541251,39.587776,33.792332,-1.494413,0.06547,-1.882356
6,1789437846.151565075,0.533535017265,-0.261883842664,0.551857838569,-1.34683811689,-2.08922250919,1.9184624177,-1.538204,39.602976,33.974957,-1.495364,0.06611,-1.884592
6,1789437846.156493664,0.533535017265,-0.261883842664,0.551857838569,-1.34683811689,-2.08922250919,1.9184624177,-1.576168,39.646068,33.824364,-1.496566,0.064497,-1.880077
6,1789437846.161739826,0.533535017265,-0.261883842664,0.551857838569,-1.34683811689,-2.08922250919,1.9184624177,-1.658866,39.641825,33.706184,-1.497469,0.058852,-1.878942
6,1789437846.166692972,0.533535017265,-0.261883842664,0.551857838569,-1.34683811689,-2.08922250919,1.9184624177,-1.671295,39.647067,33.581797,-1.498563,0.059379,-1.87509
6,1789437846.171473503,0.533535017265,-0.261883842664,0.551857838569,-1.34683811689,-2.08922250919,1.9184624177,-1.683254,39.59108,33.923579,-1.494063,0.05728,-1.882757
6,1789437846.176602840,0.533535017265,-0.261883842664,0.551857838569,-1.34683811689,-2.08922250919,1.9184624177,-1.608901,39.572174,33.688371,-1.495601,0.064268,-1.877431
6,1789437846.181601286,0.533535017265,-0.261883842664,0.551857838569,-1.34683811689,-2.08922250919,1.9184624177,-1.599966,39.539285,33.793771,-1.490238,0.063562,-1.881482
6,1789437846.186510801,0.533535017265,-0.261883842664,0.551857838569,-1.34683811689,-2.08922250919,1.9184624177,-1.538897,39.613645,33.923215,-1.49673,0.067759,-1.88178
6,1789437846.191826582,0.533535017265,-0.261883842664,0.551857838569,-1.34683811689,-2.08922250919,1.9184624177,-1.596717,39.604271,33.824411,-1.494258,0.061717,-1.880187
6,1789437846.196694374,0.533535017265,-0.261883842664,0.551857838569,-1.34683811689,-2.08922250919,1.9184624177,-1.626203,39.661153,33.825895,-1.49967,0.062861,-1.879336
6,1789437846.201414347,0.533535017265,-0.261883842664,0.551857838569,-1.34683811689,-2.08922250919,1.9184624177,-1.671664,39.644601,34.001308,-1.495761,0.058601,-1.886779
6,1789437846.206440210,0.533535017265,-0.261883842664,0.551857838569,-1.34683811689,-2.08922250919,1.9184624177,-1.647833,39.64198,33.861518,-1.495554,0.059324,-1.880748
6,1789437846.211650610,0.533535017265,-0.261883842664,0.551857838569,-1.34683811689,-2.08922250919,1.9184624177,-1.613339,39.593365,33.673263,-1.493502,0.06302,-1.875432
6,1789437846.216593504,0.533535017265,-0.261883842664,0.551857838569,-1.34683811689,-2.08922250919,1.9184624177,-1.58035,39.570217,33.544708,-1.492489,0.062123,-1.874296
6,1789437846.221420288,0.533535017265,-0.261883842664,0.551857838569,-1.34683811689,-2.08922250919,1.9184624177,-1.583129,39.587711,33.921045,-1.492727,0.065088,-1.877374
6,1789437846.226668835,0.533535017265,-0.261883842664,0.551857838569,-1.34683811689,-2.08922250919,1.9184624177,-1.576992,39.60107,33.680368,-1.493408,0.061445,-1.877058
6,1789437846.231632948,0.533535017265,-0.261883842664,0.551857838569,-1.34683811689,-2.08922250919,1.9184624177,-1.567378,39.66006,33.842066,-1.498512,0.06778,-1.880337
6,1789437846.236518383,0.533535017265,-0.261883842664,0.551857838569,-1.34683811689,-2.08922250919,1.9184624177,-1.568291,39.626142,33.6855,-1.49347,0.068217,-1.879148
6,1789437846.241613388,0.533535017265,-0.261883842664,0.551857838569,-1.34683811689,-2.08922250919,1.9184624177,-1.549862,39.66475,33.85384,-1.500057,0.065379,-1.885062
6,1789437846.246758699,0.533535017265,-0.261883842664,0.551857838569,-1.34683811689,-2.08922250919,1.9184624177,-1.59766,39.690092,33.947688,-1.499706,0.064021,-1.884857
6,1789437846.251649857,0.533535017265,-0.261883842664,0.551857838569,-1.34683811689,-2.08922250919,1.9184624177,-1.645748,39.619761,33.797673,-1.498309,0.059919,-1.88577
6,1789437846.256697655,0.533535017265,-0.261883842664,0.551857838569,-1.34683811689,-2.08922250919,1.9184624177,-1.689637,39.620128,33.821896,-1.493698,0.059406,-1.88226
6,1789437846.261832237,0.533535017265,-0.261883842664,0.551857838569,-1.34683811689,-2.08922250919,1.9184624177,-1.641835,39.563775,33.966192,-1.49251,0.05878,-1.884982
6,1789437846.266610384,0.533535017265,-0.261883842664,0.551857838569,-1.34683811689,-2.08922250919,1.9184624177,-1.566204,39.580929,33.821649,-1.493871,0.066043,-1.881363
6,1789437846.271469116,0.533535017265,-0.261883842664,0.551857838569,-1.34683811689,-2.08922250919,1.9184624177,-1.55218,39.638329,33.784169,-1.495498,0.06471,-1.881958
6,1789437846.276553392,0.533535017265,-0.261883842664,0.551857838569,-1.34683811689,-2.08922250919,1.9184624177,-1.549387,39.665544,33.827459,-1.495854,0.066595,-1.87791
6,1789437846.281640291,0.533535017265,-0.261883842664,0.551857838569,-1.34683811689,-2.08922250919,1.9184624177,-1.615317,39.620803,33.835403,-1.494161,0.063026,-1.87904
6,1789437846.286571980,0.533535017265,-0.261883842664,0.551857838569,-1.34683811689,-2.08922250919,1.9184624177,-1.639434,39.649632,33.814429,-1.497323,0.061711,-1.880863
6,1789437846.291520596,0.533535017265,-0.261883842664,0.551857838569,-1.34683811689,-2.08922250919,1.9184624177,-1.703777,39.601842,33.823342,-1.492481,0.056988,-1.881518
6,1789437846.296671391,0.533535017265,-0.261883842664,0.551857838569,-1.34683811689,-2.08922250919,1.9184624177,-1.654789,39.596031,33.934336,-1.494004,0.060295,-1.881471
6,1789437846.301476002,0.533535017265,-0.261883842664,0.551857838569,-1.34683811689,-2.08922250919,1.9184624177,-1.612506,39.573684,33.805651,-1.490718,0.064147,-1.879917
6,1789437846.306440592,0.533535017265,-0.261883842664,0.551857838569,-1.34683811689,-2.08922250919,1.9184624177,-1.568511,39.602255,33.808611,-1.494683,0.064197,-1.878034
6,1789437846.311768532,0.533535017265,-0.261883842664,0.551857838569,-1.34683811689,-2.08922250919,1.9184624177,-1.552744,39.614381,34.036265,-1.495723,0.067501,-1.880913
6,1789437846.316681623,0.533535017265,-0.261883842664,0.551857838569,-1.34683811689,-2.08922250919,1.9184624177,-1.580608,39.686148,33.825468,-1.498228,0.063425,-1.879668
6,1789437846.321585894,0.533535017265,-0.261883842664,0.551857838569,-1.34683811689,-2.08922250919,1.9184624177,-1.620507,39.630837,33.706994,-1.495531,0.062953,-1.877889
6,1789437846.326571703,0.533535017265,-0.261883842664,0.551857838569,-1.34683811689,-2.08922250919,1.9184624177,-1.669055,39.595143,33.534864,-1.496581,0.057685,-1.875295
6,1789437846.331619263,0.533535017265,-0.261883842664,0.551857838569,-1.34683811689,-2.08922250919,1.9184624177,-1.665184,39.620778,33.888374,-1.495361,0.05755,-1.881539
6,1789437846.336512327,0.533535017265,-0.261883842664,0.551857838569,-1.34683811689,-2.08922250919,1.9184624177,-1.649698,39.604981,33.728447,-1.492197,0.061062,-1.876175
6,1789437846.341577530,0.533535017265,-0.261883842664,0.551857838569,-1.34683811689,-2.08922250919,1.9184624177,-1.583319,39.599371,33.835033,-1.496326,0.065105,-1.878877
6,1789437846.346942425,0.533535017265,-0.261883842664,0.551857838569,-1.34683811689,-2.08922250919,1.9184624177,-1.532065,39.616906,33.974119,-1.495047,0.069262,-1.884859
6,1789437846.351536036,0.533535017265,-0.261883842664,0.551857838569,-1.34683811689,-2.08922250919,1.9184624177,-1.53504,39.654504,33.798105,-1.497744,0.063948,-1.885136
6,1789437846.356497049,0.533535017265,-0.261883842664,0.551857838569,-1.34683811689,-2.08922250919,1.9184624177,-1.571363,39.632973,33.808166,-1.497184,0.065732,-1.884363
6,1789437846.361860275,0.533535017265,-0.261883842664,0.551857838569,-1.34683811689,-2.08922250919,1.9184624177,-1.670577,39.64181,34.038493,-1.496809,0.055083,-1.887161
6,1789437846.366649866,0.533535017265,-0.261883842664,0.551857838569,-1.34683811689,-2.08922250919,1.9184624177,-1.696663,39.596769,33.825881,-1.494874,0.057386,-1.879746
6,1789437846.371698856,0.533535017265,-0.261883842664,0.551857838569,-1.34683811689,-2.08922250919,1.9184624177,-1.660671,39.587184,33.669607,-1.49646,0.056961,-1.878466
6,1789437846.376730919,0.533535017265,-0.261883842664,0.551857838569,-1.34683811689,-2.08922250919,1.9184624177,-1.606824,39.58999,33.543509,-1.494237,0.062154,-1.875178
6,1789437846.381609678,0.533535017265,-0.261883842664,0.551857838569,-1.34683811689,-2.08922250919,1.9184624177,-1.533171,39.611161,33.934553,-1.492605,0.068526,-1.880405
6,1789437846.386613607,0.533535017265,-0.261883842664,0.551857838569,-1.34683811689,-2.08922250919,1.9184624177,-1.514347,39.613736,33.688524,-1.496141,0.066449,-1.877221
6,1789437846.391722202,0.533535017265,-0.261883842664,0.551857838569,-1.34683811689,-2.08922250919,1.9184624177,-1.581065,39.629491,33.820781,-1.495327,0.064794,-1.876238
6,1789437846.396907568,0.533535017265,-0.261883842664,0.551857838569,-1.34683811689,-2.08922250919,1.9184624177,-1.652983,39.631785,33.953577,-1.495777,0.059825,-1.881271
6,1789437846.401521683,0.533535017265,-0.261883842664,0.551857838569,-1.34683811689,-2.08922250919,1.9184624177,-1.700984,39.648079,33.791808,-1.497566,0.058132,-1.877848
6,1789437846.406584024,0.533535017265,-0.261883842664,0.551857838569,-1.34683811689,-2.08922250919,1.9184624177,-1.692399,39.598976,33.788857,-1.493539,0.058018,-1.879581
6,1789437846.411605597,0.533535017265,-0.261883842664,0.551857838569,-1.34683811689,-2.08922250919,1.9184624177,-1.633802,39.575933,33.975367,-1.49417,0.063369,-1.884584
6,1789437846.416666985,0.533535017265,-0.261883842664,0.551857838569,-1.34683811689,-2.08922250919,1.9184624177,-1.582885,39.599178,33.826788,-1.492129,0.067468,-1.877979
6,1789437846.421528339,0.533535017265,-0.261883842664,0.551857838569,-1.34683811689,-2.08922250919,1.9184624177,-1.539421,39.616449,33.687866,-1.494414,0.065357,-1.877834
6,1789437846.426517010,0.533535017265,-0.261883842664,0.551857838569,-1.34683811689,-2.08922250919,1.9184624177,-1.599412,39.640791,33.869311,-1.495989,0.06467,-1.881081
6,1789437846.431687117,0.533535017265,-0.261883842664,0.551857838569,-1.34683811689,-2.08922250919,1.9184624177,-1.628544,39.669999,33.901263,-1.498492,0.061263,-1.885045
6,1789437846.436436892,0.533535017265,-0.261883842664,0.551857838569,-1.34683811689,-2.08922250919,1.9184624177,-1.677631,39.647739,33.830994,-1.493739,0.05945,-1.882525
6,1789437846.441483498,0.533535017265,-0.261883842664,0.551857838569,-1.34683811689,-2.08922250919,1.9184624177,-1.651206,39.641447,33.842112,-1.497466,0.063506,-1.886854
6,1789437846.446638346,0.533535017265,-0.261883842664,0.551857838569,-1.34683811689,-2.08922250919,1.9184624177,-1.626477,39.664376,33.805673,-1.498633,0.060471,-1.880694
6,1789437846.451653481,0.533535017265,-0.261883842664,0.551857838569,-1.34683811689,-2.08922250919,1.9184624177,-1.687596,39.623319,33.819484,-1.493969,0.0573,-1.878003
6,1789437846.456579447,0.533535017265,-0.261883842664,0.551857838569,-1.34683811689,-2.08922250919,1.9184624177,-1.634993,39.59822,33.892214,-1.493028,0.061845,-1.878435
6,1789437846.461745262,0.533535017265,-0.261883842664,0.551857838569,-1.34683811689,-2.08922250919,1.9184624177,-1.615537,39.566052,33.822772,-1.492194,0.06236,-1.874947
6,1789437846.466593504,0.533535017265,-0.261883842664,0.551857838569,-1.34683811689,-2.08922250919,1.9184624177,-1.551165,39.589024,33.807122,-1.493724,0.066036,-1.87873
6,1789437846.471395731,0.533535017265,-0.261883842664,0.551857838569,-1.34683811689,-2.08922250919,1.9184624177,-1.572827,39.619415,34.031524,-1.496209,0.065764,-1.884243
6,1789437846.476607561,0.533535017265,-0.261883842664,0.551857838569,-1.34683811689,-2.08922250919,1.9184624177,-1.602409,39.663235,33.831391,-1.498062,0.061031,-1.882045
6,1789437846.481824398,0.533535017265,-0.261883842664,0.551857838569,-1.34683811689,-2.08922250919,1.9184624177,-1.650346,39.619361,33.752604,-1.494773,0.059418,-1.878853
6,1789437846.486437798,0.533535017265,-0.261883842664,0.551857838569,-1.34683811689,-2.08922250919,1.9184624177,-1.656665,39.577807,33.533901,-1.496671,0.060199,-1.875538
6,1789437846.491611719,0.533535017265,-0.261883842664,0.551857838569,-1.34683811689,-2.08922250919,1.9184624177,-1.671064,39.593653,33.88635,-1.494341,0.0605,-1.882406
6,1789437846.496731043,0.533535017265,-0.261883842664,0.551857838569,-1.34683811689,-2.08922250919,1.9184624177,-1.606335,39.589468,33.68824,-1.49263,0.064166,-1.877661
6,1789437846.501453400,0.533535017265,-0.261883842664,0.551857838569,-1.34683811689,-2.08922250919,1.9184624177,-1.621197,39.593677,33.833378,-1.493141,0.065976,-1.879908
6,1789437846.506513596,0.533535017265,-0.261883842664,0.551857838569,-1.34683811689,-2.08922250919,1.9184624177,-1.560428,39.635111,33.902868,-1.497497,0.063069,-1.883566
6,1789437846.511806011,0.533535017265,-0.261883842664,0.551857838569,-1.34683811689,-2.08922250919,1.9184624177,-1.57051,39.651874,33.812641,-1.495156,0.062889,-1.881887
6,1789437846.516666174,0.533535017265,-0.261883842664,0.551857838569,-1.34683811689,-2.08922250919,1.9184624177,-1.604225,39.63884,33.832915,-1.497319,0.063317,-1.880675
6,1789437846.521574259,0.533535017265,-0.261883842664,0.551857838569,-1.34683811689,-2.08922250919,1.9184624177,-1.610194,39.6439,33.99268,-1.49848,0.062361,-1.885822
6,1789437846.526701450,0.533535017265,-0.261883842664,0.551857838569,-1.34683811689,-2.08922250919,1.9184624177,-1.644098,39.62276,33.815007,-1.493737,0.06019,-1.880569
6,1789437846.531646729,0.533535017265,-0.261883842664,0.551857838569,-1.34683811689,-2.08922250919,1.9184624177,-1.655239,39.574438,33.719072,-1.492562,0.060325,-1.876143
6,1789437846.536551952,0.533535017265,-0.261883842664,0.551857838569,-1.34683811689,-2.08922250919,1.9184624177,-1.64873,39.582556,33.519047,-1.495293,0.060357,-1.873106
6,1789437846.541544914,0.533535017265,-0.261883842664,0.551857838569,-1.34683811689,-2.08922250919,1.9184624177,-1.619052,39.616422,33.92369,-1.493595,0.065707,-1.881826
6,1789437846.546639681,0.533535017265,-0.261883842664,0.551857838569,-1.34683811689,-2.08922250919,1.9184624177,-1.558994,39.66269,33.711163,-1.495248,0.064638,-1.881179
6,1789437846.551488161,0.533535017265,-0.261883842664,0.551857838569,-1.34683811689,-2.08922250919,1.9184624177,-1.551148,39.671409,33.826628,-1.499256,0.065393,-1.884653
6,1789437846.556412935,0.533535017265,-0.261883842664,0.551857838569,-1.34683811689,-2.08922250919,1.9184624177,-1.614284,39.64904,33.937371,-1.495121,0.063539,-1.885436
6,1789437846.561813354,0.533535017265,-0.261883842664,0.551857838569,-1.34683811689,-2.08922250919,1.9184624177,-1.691619,39.638729,33.845665,-1.494565,0.060135,-1.87889
6,1789437846.566616774,0.533535017265,-0.261883842664,0.551857838569,-1.34683811689,-2.08922250919,1.9184624177,-1.693285,39.578385,33.818935,-1.494015,0.056961,-1.878165
6,1789437846.571425200,0.533535017265,-0.261883842664,0.551857838569,-1.34683811689,-2.08922250919,1.9184624177,-1.650342,39.558431,33.999947,-1.493268,0.05896,-1.881107
6,1789437846.576662302,0.533535017265,-0.261883842664,0.551857838569,-1.34683811689,-2.08922250919,1.9184624177,-1.582539,39.593662,33.853105,-1.496784,0.064179,-1.879292
7,1789437913.101685047,0.53342152399,-0.261903781953,0.551969489426,1.79790945582,1.09196606077,-0.232669559839,32.640137,8.53542,42.256132,1.020092,2.828251,-2.073251
7,1789437913.106667757,0.53342152399,-0.261903781953,0.551969489426,1.79790945582,1.09196606077,-0.232669559839,32.609239,8.449361,42.333857,1.019493,2.833145,-2.070101
7,1789437913.111916780,0.53342152399,-0.261903781953,0.551969489426,1.79790945582,1.09196606077,-0.232669559839,32.645584,8.420156,42.210101,1.024874,2.829234,-2.072278
7,1789437913.116795540,0.53342152399,-0.261903781953,0.551969489426,1.79790945582,1.09196606077,-0.232669559839,32.731136,8.477392,42.177021,1.019143,2.83589,-2.075109
7,1789437913.121556759,0.53342152399,-0.261903781953,0.551969489426,1.79790945582,1.09196606077,-0.232669559839,32.732125,8.535627,42.431444,1.017019,2.834104,-2.079498
7,1789437913.126666307,0.53342152399,-0.261903781953,0.551969489426,1.79790945582,1.09196606077,-0.232669559839,32.750629,8.607883,42.270996,1.013155,2.838526,-2.074736
7,1789437913.131822824,0.53342152399,-0.261903781953,0.551969489426,1.79790945582,1.09196606077,-0.232669559839,32.707303,8.618636,42.245592,1.013798,2.833411,-2.073776
7,1789437913.136590242,0.53342152399,-0.261903781953,0.551969489426,1.79790945582,1.09196606077,-0.232669559839,32.650184,8.555503,42.228852,1.016346,2.831869,-2.072477
7,1789437913.141665459,0.53342152399,-0.261903781953,0.551969489426,1.79790945582,1.09196606077,-0.232669559839,32.635662,8.50845,42.131076,1.016258,2.828776,-2.069608
7,1789437913.146538734,0.53342152399,-0.261903781953,0.551969489426,1.79790945582,1.09196606077,-0.232669559839,32.663191,8.481684,42.128283,1.019144,2.829851,-2.071191
7,1789437913.151772499,0.53342152399,-0.261903781953,0.551969489426,1.79790945582,1.09196606077,-0.232669559839,32.707796,8.502283,42.211704,1.015984,2.831969,-2.07726
7,1789437913.156629562,0.53342152399,-0.261903781953,0.551969489426,1.79790945582,1.09196606077,-0.232669559839,32.743256,8.495346,42.375243,1.017704,2.837792,-2.079121
7,1789437913.161700010,0.53342152399,-0.261903781953,0.551969489426,1.79790945582,1.09196606077,-0.232669559839,32.707384,8.501373,42.232737,1.020474,2.834488,-2.069369
7,1789437913.166863918,0.53342152399,-0.261903781953,0.551969489426,1.79790945582,1.09196606077,-0.232669559839,32.710005,8.487475,42.249843,1.024035,2.837389,-2.069999
7,1789437913.171784878,0.53342152399,-0.261903781953,0.551969489426,1.79790945582,1.09196606077,-0.232669559839,32.667487,8.556393,42.436825,1.019568,2.835514,-2.076022
7,1789437913.176890850,0.53342152399,-0.261903781953,0.551969489426,1.79790945582,1.09196606077,-0.232669559839,32.67029,8.571306,42.314411,1.023453,2.837412,-2.070826
7,1789437913.181866646,0.53342152399,-0.261903781953,0.551969489426,1.79790945582,1.09196606077,-0.232669559839,32.669906,8.629255,42.164714,1.014457,2.837005,-2.071607
7,1789437913.186718702,0.53342152399,-0.261903781953,0.551969489426,1.79790945582,1.09196606077,-0.232669559839,32.671765,8.540112,42.110483,1.021762,2.833221,-2.070627
7,1789437913.191672325,0.53342152399,-0.261903781953,0.551969489426,1.79790945582,1.09196606077,-0.232669559839,32.689956,8.497917,42.339785,1.01753,2.834362,-2.072334
7,1789437913.196510553,0.53342152399,-0.261903781953,0.551969489426,1.79790945582,1.09196606077,-0.232669559839,32.691947,8.41994,42.111646,1.023485,2.831855,-2.06939
7,1789437913.201567888,0.53342152399,-0.261903781953,0.551969489426,1.79790945582,1.09196606077,-0.232669559839,32.728078,8.508758,42.214603,1.012528,2.83385,-2.069039
7,1789437913.206759930,0.53342152399,-0.261903781953,0.551969489426,1.79790945582,1.09196606077,-0.232669559839,32.685621,8.543414,42.397365,1.015017,2.828708,-2.078108
7,1789437913.211661100,0.53342152399,-0.261903781953,0.551969489426,1.79790945582,1.09196606077,-0.232669559839,32.66234,8.608339,42.24441,1.012693,2.832812,-2.074582
7,1789437913.216575146,0.53342152399,-0.261903781953,0.551969489426,1.79790945582,1.09196606077,-0.232669559839,32.627757,8.553765,42.262905,1.016995,2.829446,-2.074833
7,1789437913.221538305,0.53342152399,-0.261903781953,0.551969489426,1.79790945582,1.09196606077,-0.232669559839,32.643187,8.478177,42.433319,1.022009,2.83194,-2.072274
7,1789437913.226667881,0.53342152399,-0.261903781953,0.551969489426,1.79790945582,1.09196606077,-0.232669559839,32.64574,8.515689,42.216588,1.016405,2.827819,-2.074662
7,1789437913.231714964,0.53342152399,-0.261903781953,0.551969489426,1.79790945582,1.09196606077,-0.232669559839,32.664491,8.456056,42.372917,1.015965,2.827674,-2.075529
7,1789437913.236582756,0.53342152399,-0.261903781953,0.551969489426,1.79790945582,1.09196606077,-0.232669559839,32.708625,8.468851,42.18483,1.014876,2.829948,-2.070535
7,1789437913.241667747,0.53342152399,-0.261903781953,0.551969489426,1.79790945582,1.09196606077,-0.232669559839,32.721421,8.48139,42.069274,1.016428,2.831456,-2.066927
7,1789437913.246702909,0.53342152399,-0.261903781953,0.551969489426,1.79790945582,1.09196606077,-0.232669559839,32.766704,8.530544,41.975837,1.013266,2.832749,-2.067227
7,1789437913.251696110,0.53342152399,-0.261903781953,0.551969489426,1.79790945582,1.09196606077,-0.232669559839,32.679181,8.562531,42.366135,1.017741,2.834497,-2.073693
7,1789437913.256799698,0.53342152399,-0.261903781953,0.551969489426,1.79790945582,1.09196606077,-0.232669559839,32.637465,8.568297,42.106127,1.018603,2.833581,-2.067484
7,1789437913.261680603,0.53342152399,-0.261903781953,0.551969489426,1.79790945582,1.09196606077,-0.232669559839,32.645798,8.566159,42.256864,1.020157,2.834693,-2.072208
7,1789437913.266550303,0.53342152399,-0.261903781953,0.551969489426,1.79790945582,1.09196606077,-0.232669559839,32.661221,8.546199,42.371573,1.019996,2.835312,-2.076089
7,1789437913.271721125,0.53342152399,-0.261903781953,0.551969489426,1.79790945582,1.09196606077,-0.232669559839,32.690631,8.521994,42.219297,1.021954,2.833927,-2.072281
7,1789437913.276767015,0.53342152399,-0.261903781953,0.551969489426,1.79790945582,1.09196606077,-0.232669559839,32.702618,8.451481,42.20165,1.020959,2.833043,-2.071355
7,1789437913.281745911,0.53342152399,-0.261903781953,0.551969489426,1.79790945582,1.09196606077,-0.232669559839,32.687697,8.42534,42.387494,1.018439,2.829742,-2.071702
7,1789437913.286592722,0.53342152399,-0.261903781953,0.551969489426,1.79790945582,1.09196606077,-0.232669559839,32.681244,8.475574,42.205289,1.017348,2.830727,-2.06933
7,1789437913.291828156,0.53342152399,-0.261903781953,0.551969489426,1.79790945582,1.09196606077,-0.232669559839,32.730644,8.575492,42.036276,1.011465,2.831122,-2.070712
7,1789437913.296561480,0.53342152399,-0.261903781953,0.551969489426,1.79790945582,1.09196606077,-0.232669559839,32.706384,8.612567,42.212025,1.012683,2.83141,-2.07157
7,1789437913.301622629,0.53342152399,-0.261903781953,0.551969489426,1.79790945582,1.09196606077,-0.232669559839,32.63896,8.565613,42.359447,1.015621,2.830071,-2.072499
7,1789437913.306802750,0.53342152399,-0.261903781953,0.551969489426,1.79790945582,1.09196606077,-0.232669559839,32.667823,8.476982,42.211657,1.020318,2.830847,-2.071297
7,1789437913.311753988,0.53342152399,-0.261903781953,0.551969489426,1.79790945582,1.09196606077,-0.232669559839,32.674221,8.411665,42.192553,1.024948,2.831721,-2.071239
7,1789437913.316653252,0.53342152399,-0.261903781953,0.551969489426,1.79790945582,1.09196606077,-0.232669559839,32.671368,8.418078,42.339818,1.023177,2.836564,-2.071738
7,1789437913.321545124,0.53342152399,-0.261903781953,0.551969489426,1.79790945582,1.09196606077,-0.232669559839,32.736789,8.527085,42.272218,1.019081,2.837852,-2.073681
7,1789437913.326665163,0.53342152399,-0.261903781953,0.551969489426,1.79790945582,1.09196606077,-0.232669559839,32.721628,8.630506,42.30771,1.018252,2.838391,-2.075294
7,1789437913.331622601,0.53342152399,-0.261903781953,0.551969489426,1.79790945582,1.09196606077,-0.232669559839,32.673076,8.632897,42.500399,1.015823,2.837292,-2.07718
7,1789437913.336507559,0.53342152399,-0.261903781953,0.551969489426,1.79790945582,1.09196606077,-0.232669559839,32.625666,8.563876,42.298256,1.020137,2.833296,-2.069636
7,1789437913.341767311,0.53342152399,-0.261903781953,0.551969489426,1.79790945582,1.09196606077,-0.232669559839,32.629463,8.456936,42.127064,1.02381,2.831351,-2.065701
7,1789437913.346696138,0.53342152399,-0.261903781953,0.551969489426,1.79790945582,1.09196606077,-0.232669559839,32.654647,8.441478,41.942178,1.021792,2.830639,-2.064885
7,1789437913.351726294,0.53342152399,-0.261903781953,0.551969489426,1.79790945582,1.09196606077,-0.232669559839,32.715903,8.480523,42.277964,1.018368,2.831616,-2.076467
7,1789437913.356684208,0.53342152399,-0.261903781953,0.551969489426,1.79790945582,1.09196606077,-0.232669559839,32.77952,8.563132,42.115443,1.012061,2.835006,-2.073158
7,1789437913.361724615,0.53342152399,-0.261903781953,0.551969489426,1.79790945582,1.09196606077,-0.232669559839,32.743854,8.57962,42.270304,1.01413,2.835968,-2.075345
7,1789437913.366604567,0.53342152399,-0.261903781953,0.551969489426,1.79790945582,1.09196606077,-0.232669559839,32.67707,8.559735,42.353177,1.016399,2.835309,-2.075958
7,1789437913.371645451,0.53342152399,-0.261903781953,0.551969489426,1.79790945582,1.09196606077,-0.232669559839,32.642767,8.503973,42.219496,1.022613,2.833394,-2.072164
7,1789437913.376888514,0.53342152399,-0.261903781953,0.551969489426,1.79790945582,1.09196606077,-0.232669559839,32.622288,8.515102,42.225756,1.02162,2.832018,-2.07437
7,1789437913.381649494,0.53342152399,-0.261903781953,0.551969489426,1.79790945582,1.09196606077,-0.232669559839,32.693044,8.521129,42.430921,1.020653,2.836117,-2.079621
7,1789437913.386652470,0.53342152399,-0.261903781953,0.551969489426,1.79790945582,1.09196606077,-0.232669559839,32.735536,8.560476,42.220564,1.017921,2.838221,-2.077161
7,1789437913.391814947,0.53342152399,-0.261903781953,0.551969489426,1.79790945582,1.09196606077,-0.232669559839,32.746731,8.539181,42.071709,1.018691,2.837238,-2.071086
7,1789437913.396619558,0.53342152399,-0.261903781953,0.551969489426,1.79790945582,1.09196606077,-0.232669559839,32.742886,8.517481,41.941446,1.017219,2.834582,-2.065185
7,1789437913.401531935,0.53342152399,-0.261903781953,0.551969489426,1.79790945582,1.09196606077,-0.232669559839,32.684888,8.551447,42.324751,1.015206,2.833091,-2.070396
7,1789437913.406809092,0.53342152399,-0.261903781953,0.551969489426,1.79790945582,1.09196606077,-0.232669559839,32.629738,8.527695,42.073375,1.017668,2.827926,-2.064981
7,1789437913.411553383,0.53342152399,-0.261903781953,0.551969489426,1.79790945582,1.09196606077,-0.232669559839,32.65154,8.521839,42.209831,1.015248,2.830616,-2.072694
7,1789437913.416656494,0.53342152399,-0.261903781953,0.551969489426,1.79790945582,1.09196606077,-0.232669559839,32.677016,8.514013,42.295114,1.017266,2.826563,-2.07818
7,1789437913.421500206,0.53342152399,-0.261903781953,0.551969489426,1.79790945582,1.09196606077,-0.232669559839,32.681647,8.48329,42.183237,1.018821,2.831082,-2.071605
7,1789437913.426687956,0.53342152399,-0.261903781953,0.551969489426,1.79790945582,1.09196606077,-0.232669559839,32.74206,8.485069,42.194771,1.016148,2.832275,-2.069933
7,1789437913.431703329,0.53342152399,-0.261903781953,0.551969489426,1.79790945582,1.09196606077,-0.232669559839,32.726418,8.513573,42.391528,1.018761,2.832547,-2.06919
7,1789437913.436794519,0.53342152399,-0.261903781953,0.551969489426,1.79790945582,1.09196606077,-0.232669559839,32.716801,8.473771,42.193685,1.018202,2.831212,-2.070753
7,1789437913.441794395,0.53342152399,-0.261903781953,0.551969489426,1.79790945582,1.09196606077,-0.232669559839,32.70638,8.467285,42.382495,1.015483,2.831076,-2.068903
7,1789437913.446668863,0.53342152399,-0.261903781953,0.551969489426,1.79790945582,1.09196606077,-0.232669559839,32.666416,8.489323,42.239043,1.017036,2.829911,-2.06568
7,1789437913.451598167,0.53342152399,-0.261903781953,0.551969489426,1.79790945582,1.09196606077,-0.232669559839,32.656126,8.531241,42.088977,1.016737,2.830829,-2.066602
7,1789437913.456848621,0.53342152399,-0.261903781953,0.551969489426,1.79790945582,1.09196606077,-0.232669559839,32.679153,8.596669,42.00338,1.01335,2.831873,-2.067989
7,1789437913.461605072,0.53342152399,-0.261903781953,0.551969489426,1.79790945582,1.09196606077,-0.232669559839,32.637896,8.590782,42.322608,1.01653,2.832443,-2.072137
7,1789437913.466619492,0.53342152399,-0.261903781953,0.551969489426,1.79790945582,1.09196606077,-0.232669559839,32.660531,8.519592,42.192109,1.022289,2.834066,-2.071812
7,1789437913.471666574,0.53342152399,-0.261903781953,0.551969489426,1.79790945582,1.09196606077,-0.232669559839,32.700255,8.466391,42.176509,1.021619,2.831401,-2.069822
7,1789437913.476743221,0.53342152399,-0.261903781953,0.551969489426,1.79790945582,1.09196606077,-0.232669559839,32.70153,8.422648,42.214332,1.025146,2.835112,-2.068822
7,1789437913.481707335,0.53342152399,-0.261903781953,0.551969489426,1.79790945582,1.09196606077,-0.232669559839,32.691717,8.533304,42.252528,1.018333,2.834977,-2.06869
7,1789437913.486706257,0.53342152399,-0.261903781953,0.551969489426,1.79790945582,1.09196606077,-0.232669559839,32.685611,8.56957,42.279306,1.019164,2.831736,-2.070003
7,1789437913.491679907,0.53342152399,-0.261903781953,0.551969489426,1.79790945582,1.09196606077,-0.232669559839,32.669278,8.569228,42.036551,1.013721,2.833081,-2.070362
7,1789437913.496660233,0.53342152399,-0.261903781953,0.551969489426,1.79790945582,1.09196606077,-0.232669559839,32.61589,8.551905,42.265745,1.015688,2.830819,-2.072803
7,1789437913.501683712,0.53342152399,-0.261903781953,0.551969489426,1.79790945582,1.09196606077,-0.232669559839,32.663969,8.447825,42.165225,1.023536,2.831345,-2.071082
7,1789437913.506894827,0.53342152399,-0.261903781953,0.551969489426,1.79790945582,1.09196606077,-0.232669559839,32.72203,8.452475,41.893358,1.020622,2.833883,-2.066014
7,1789437913.511770010,0.53342152399,-0.261903781953,0.551969489426,1.79790945582,1.09196606077,-0.232669559839,32.751351,8.521976,42.309057,1.021838,2.838435,-2.07386
7,1789437913.516575813,0.53342152399,-0.261903781953,0.551969489426,1.79790945582,1.09196606077,-0.232669559839,32.788318,8.580101,42.106809,1.014374,2.837709,-2.072533
7,1789437913.521597624,0.53342152399,-0.261903781953,0.551969489426,1.79790945582,1.09196606077,-0.232669559839,32.752782,8.622707,42.269346,1.012201,2.838462,-2.075885
7,1789437913.526669025,0.53342152399,-0.261903781953,0.551969489426,1.79790945582,1.09196606077,-0.232669559839,32.630643,8.560476,42.346352,1.019732,2.832664,-2.074726
7,1789437913.531702995,0.53342152399,-0.261903781953,0.551969489426,1.79790945582,1.09196606077,-0.232669559839,32.623285,8.498314,42.200059,1.019625,2.833684,-2.072618
7,1789437913.536554813,0.53342152399,-0.261903781953,0.551969489426,1.79790945582,1.09196606077,-0.232669559839,32.657066,8.432464,42.193473,1.023851,2.829722,-2.077052
7,1789437913.541663647,0.53342152399,-0.261903781953,0.551969489426,1.79790945582,1.09196606077,-0.232669559839,32.69361,8.45907,42.375856,1.019553,2.834563,-2.078958
7,1789437913.546552658,0.53342152399,-0.261903781953,0.551969489426,1.79790945582,1.09196606077,-0.232669559839,32.69756,8.538914,42.246407,1.016532,2.838182,-2.07233
7,1789437913.551651001,0.53342152399,-0.261903781953,0.551969489426,1.79790945582,1.09196606077,-0.232669559839,32.722321,8.542036,42.092886,1.018152,2.835203,-2.069661
7,1789437913.556792974,0.53342152399,-0.261903781953,0.551969489426,1.79790945582,1.09196606077,-0.232669559839,32.746176,8.542707,41.977925,1.014893,2.837602,-2.065421
7,1789437913.561771154,0.53342152399,-0.261903781953,0.551969489426,1.79790945582,1.09196606077,-0.232669559839,32.672788,8.503856,42.307992,1.024461,2.83046,-2.069377
7,1789437913.566592693,0.53342152399,-0.261903781953,0.551969489426,1.79790945582,1.09196606077,-0.232669559839,32.654148,8.535504,42.119442,1.017162,2.832509,-2.064773
7,1789437913.571610928,0.53342152399,-0.261903781953,0.551969489426,1.79790945582,1.09196606077,-0.232669559839,32.637013,8.507745,42.215252,1.019775,2.82596,-2.069677
7,1789437913.576797009,0.53342152399,-0.261903781953,0.551969489426,1.79790945582,1.09196606077,-0.232669559839,32.645836,8.527508,42.325622,1.017961,2.830697,-2.070042
7,1789437913.581872940,0.53342152399,-0.261903781953,0.551969489426,1.79790945582,1.09196606077,-0.232669559839,32.671967,8.503928,42.194607,1.016085,2.831638,-2.070269
7,1789437913.586611986,0.53342152399,-0.261903781953,0.551969489426,1.79790945582,1.09196606077,-0.232669559839,32.723659,8.445687,42.21703,1.01979,2.82905,-2.067766
7,1789437913.591696739,0.53342152399,-0.261903781953,0.551969489426,1.79790945582,1.09196606077,-0.232669559839,32.706417,8.459216,42.387684,1.01757,2.833123,-2.07135
7,1789437913.596740246,0.53342152399,-0.261903781953,0.551969489426,1.79790945582,1.09196606077,-0.232669559839,32.679463,8.535845,42.246461,1.016804,2.832523,-2.072934
7,1789437913.601540804,0.53342152399,-0.261903781953,0.551969489426,1.79790945582,1.09196606077,-0.232669559839,32.65682,8.586495,42.15652,1.014779,2.831482,-2.071291
7,1789437913.606741428,0.53342152399,-0.261903781953,0.551969489426,1.79790945582,1.09196606077,-0.232669559839,32.663631,8.588302,42.050891,1.015789,2.833368,-2.073254
7,1789437913.611661196,0.53342152399,-0.261903781953,0.551969489426,1.79790945582,1.09196606077,-0.232669559839,32.659834,8.559757,42.303498,1.017729,2.833875,-2.078223
7,1789437913.616574287,0.53342152399,-0.261903781953,0.551969489426,1.79790945582,1.09196606077,-0.232669559839,32.712245,8.498501,42.064792,1.021693,2.83329,-2.069826
7,1789437913.621485233,0.53342152399,-0.261903781953,0.551969489426,1.79790945582,1.09196606077,-0.232669559839,32.706781,8.46814,42.219987,1.022623,2.833647,-2.071572
7,1789437913.626643181,0.53342152399,-0.261903781953,0.551969489426,1.79790945582,1.09196606077,-0.232669559839,32.734484,8.51188,42.318215,1.016151,2.836469,-2.074053
7,1789437913.631750345,0.53342152399,-0.261903781953,0.551969489426,1.79790945582,1.09196606077,-0.232669559839,32.701975,8.585104,42.233575,1.014671,2.835996,-2.075098
7,1789437913.636606455,0.53342152399,-0.261903781953,0.551969489426,1.79790945582,1.09196606077,-0.232669559839,32.681292,8.592572,42.254361,1.016162,2.832756,-2.074115
7,1789437913.641862631,0.53342152399,-0.261903781953,0.551969489426,1.79790945582,1.09196606077,-0.232669559839,32.6598,8.541214,42.237831,1.018256,2.831482,-2.072677
7,1789437913.646580696,0.53342152399,-0.261903781953,0.551969489426,1.79790945582,1.09196606077,-0.232669559839,32.664041,8.558452,42.237147,1.015105,2.835238,-2.072744
7,1789437913.651614428,0.53342152399,-0.261903781953,0.551969489426,1.79790945582,1.09196606077,-0.232669559839,32.661488,8.5385,42.447042,1.018862,2.835904,-2.081362
7,1789437913.656631470,0.53342152399,-0.261903781953,0.551969489426,1.79790945582,1.09196606077,-0.232669559839,32.643433,8.56252,42.201108,1.016869,2.83518,-2.07813
7,1789437913.661654949,0.53342152399,-0.261903781953,0.551969489426,1.79790945582,1.09196606077,-0.232669559839,32.669543,8.502253,42.086583,1.021237,2.834286,-2.073761
7,1789437913.666527271,0.53342152399,-0.261903781953,0.551969489426,1.79790945582,1.09196606077,-0.232669559839,32.693372,8.491446,42.035778,1.018354,2.834861,-2.070301
7,1789437913.671559572,0.53342152399,-0.261903781953,0.551969489426,1.79790945582,1.09196606077,-0.232669559839,32.732859,8.498191,42.300329,1.01713,2.835788,-2.073602
7,1789437913.676722288,0.53342152399,-0.261903781953,0.551969489426,1.79790945582,1.09196606077,-0.232669559839,32.737425,8.538443,42.21057,1.016738,2.83303,-2.071979
7,1789437913.681684732,0.53342152399,-0.261903781953,0.551969489426,1.79790945582,1.09196606077,-0.232669559839,32.694781,8.543696,42.224696,1.01565,2.832139,-2.068973
7,1789437913.686478853,0.53342152399,-0.261903781953,0.551969489426,1.79790945582,1.09196606077,-0.232669559839,32.667408,8.574801,42.340822,1.016414,2.82977,-2.072583
7,1789437913.691725016,0.53342152399,-0.261903781953,0.551969489426,1.79790945582,1.09196606077,-0.232669559839,32.660199,8.570957,42.213149,1.016342,2.829207,-2.070953
7,1789437913.696690321,0.53342152399,-0.261903781953,0.551969489426,1.79790945582,1.09196606077,-0.232669559839,32.678456,8.531098,42.238943,1.016687,2.82997,-2.072028
7,1789437913.701794386,0.53342152399,-0.261903781953,0.551969489426,1.79790945582,1.09196606077,-0.232669559839,32.667361,8.473251,42.380282,1.019892,2.828082,-2.070813
7,1789437913.706839323,0.53342152399,-0.261903781953,0.551969489426,1.79790945582,1.09196606077,-0.232669559839,32.700221,8.428591,42.187283,1.021069,2.833083,-2.06238
7,1789437913.711765528,0.53342152399,-0.261903781953,0.551969489426,1.79790945582,1.09196606077,-0.232669559839,32.718472,8.455684,42.049545,1.019702,2.829313,-2.061734
7,1789437913.716625690,0.53342152399,-0.261903781953,0.551969489426,1.79790945582,1.09196606077,-0.232669559839,32.712085,8.532135,41.943187,1.017609,2.831937,-2.064452
7,1789437913.721613169,0.53342152399,-0.261903781953,0.551969489426,1.79790945582,1.09196606077,-0.232669559839,32.659302,8.647978,42.347893,1.009725,2.832441,-2.07404
7,1789437913.726667404,0.53342152399,-0.261903781953,0.551969489426,1.79790945582,1.09196606077,-0.232669559839,32.6722,8.622834,42.124976,1.013645,2.831088,-2.073876
7,1789437913.731640339,0.53342152399,-0.261903781953,0.551969489426,1.79790945582,1.09196606077,-0.232669559839,32.65135,8.528484,42.235287,1.016697,2.831716,-2.07423
7,1789437913.736516237,0.53342152399,-0.261903781953,0.551969489426,1.79790945582,1.09196606077,-0.232669559839,32.644844,8.423252,42.325986,1.023021,2.831842,-2.075276
7,1789437913.741730452,0.53342152399,-0.261903781953,0.551969489426,1.79790945582,1.09196606077,-0.232669559839,32.688038,8.44351,42.169584,1.020493,2.832861,-2.074056
7,1789437913.746585369,0.53342152399,-0.261903781953,0.551969489426,1.79790945582,1.09196606077,-0.232669559839,32.71022,8.456013,42.216526,1.021373,2.833057,-2.073816
7,1789437913.751638412,0.53342152399,-0.261903781953,0.551969489426,1.79790945582,1.09196606077,-0.232669559839,32.733052,8.544438,42.440292,1.016589,2.838858,-2.0793
7,1789437913.756751537,0.53342152399,-0.261903781953,0.551969489426,1.79790945582,1.09196606077,-0.232669559839,32.72181,8.643115,42.295327,1.014671,2.838025,-2.077364
7,1789437913.761599064,0.53342152399,-0.261903781953,0.551969489426,1.79790945582,1.09196606077,-0.232669559839,32.731343,8.572308,42.13615,1.017221,2.83735,-2.071684
7,1789437913.766613483,0.53342152399,-0.261903781953,0.551969489426,1.79790945582,1.09196606077,-0.232669559839,32.638946,8.508086,42.019506,1.023997,2.833798,-2.063029
7,1789437913.771573305,0.53342152399,-0.261903781953,0.551969489426,1.79790945582,1.09196606077,-0.232669559839,32.611399,8.462612,42.282963,1.025266,2.831375,-2.067234
7,1789437913.776664019,0.53342152399,-0.261903781953,0.551969489426,1.79790945582,1.09196606077,-0.232669559839,32.698532,8.477045,42.084329,1.022846,2.833816,-2.069071
7,1789437913.781545162,0.53342152399,-0.261903781953,0.551969489426,1.79790945582,1.09196606077,-0.232669559839,32.742441,8.504706,42.23804,1.017575,2.834629,-2.071915
7,1789437913.786535263,0.53342152399,-0.261903781953,0.551969489426,1.79790945582,1.09196606077,-0.232669559839,32.747203,8.534175,42.33114,1.018563,2.83648,-2.071827
7,1789437913.791883707,0.53342152399,-0.261903781953,0.551969489426,1.79790945582,1.09196606077,-0.232669559839,32.716067,8.541181,42.235927,1.016513,2.832564,-2.067646
7,1789437913.796667814,0.53342152399,-0.261903781953,0.551969489426,1.79790945582,1.09196606077,-0.232669559839,32.660739,8.494402,42.211747,1.021687,2.831117,-2.065244
7,1789437913.801621437,0.53342152399,-0.261903781953,0.551969489426,1.79790945582,1.09196606077,-0.232669559839,32.6187,8.504579,42.247751,1.01814,2.831342,-2.066045
7,1789437913.806793451,0.53342152399,-0.261903781953,0.551969489426,1.79790945582,1.09196606077,-0.232669559839,32.649663,8.502255,42.221538,1.020611,2.831029,-2.071052
7,1789437913.811865330,0.53342152399,-0.261903781953,0.551969489426,1.79790945582,1.09196606077,-0.232669559839,32.679355,8.533809,42.198463,1.017737,2.834561,-2.073678
7,1789437913.816499949,0.53342152399,-0.261903781953,0.551969489426,1.79790945582,1.09196606077,-0.232669559839,32.727602,8.558058,41.979479,1.014637,2.833982,-2.070988
7,1789437913.821490526,0.53342152399,-0.261903781953,0.551969489426,1.79790945582,1.09196606077,-0.232669559839,32.751153,8.52267,42.297671,1.017976,2.835886,-2.075456
7,1789437913.826647758,0.53342152399,-0.261903781953,0.551969489426,1.79790945582,1.09196606077,-0.232669559839,32.696291,8.500917,42.108513,1.016931,2.833456,-2.065508
7,1789437913.831597805,0.53342152399,-0.261903781953,0.551969489426,1.79790945582,1.09196606077,-0.232669559839,32.688293,8.497674,42.203226,1.017526,2.833297,-2.070504
7,1789437913.836587429,0.53342152399,-0.261903781953,0.551969489426,1.79790945582,1.09196606077,-0.232669559839,32.672719,8.587501,42.303206,1.011872,2.831346,-2.078749
7,1789437913.841658592,0.53342152399,-0.261903781953,0.551969489426,1.79790945582,1.09196606077,-0.232669559839,32.668508,8.567402,42.24643,1.015941,2.830365,-2.079443
7,1789437913.846540213,0.53342152399,-0.261903781953,0.551969489426,1.79790945582,1.09196606077,-0.232669559839,32.659548,8.547731,42.241315,1.011304,2.828583,-2.076741
7,1789437913.851715565,0.53342152399,-0.261903781953,0.551969489426,1.79790945582,1.09196606077,-0.232669559839,32.686361,8.458283,42.35334,1.017918,2.83085,-2.075829
7,1789437913.856922388,0.53342152399,-0.261903781953,0.551969489426,1.79790945582,1.09196606077,-0.232669559839,32.681313,8.461171,42.184014,1.01864,2.831679,-2.07091
7,1789437913.861623287,0.53342152399,-0.261903781953,0.551969489426,1.79790945582,1.09196606077,-0.232669559839,32.683527,8.440772,42.405569,1.022037,2.828729,-2.078382
7,1789437913.866551399,0.53342152399,-0.261903781953,0.551969489426,1.79790945582,1.09196606077,-0.232669559839,32.739638,8.520304,42.217607,1.016014,2.837259,-2.072876
7,1789437913.871460438,0.53342152399,-0.261903781953,0.551969489426,1.79790945582,1.09196606077,-0.232669559839,32.691193,8.533914,42.18096,1.017064,2.833553,-2.073051
7,1789437913.876658916,0.53342152399,-0.261903781953,0.551969489426,1.79790945582,1.09196606077,-0.232669559839,32.722585,8.558531,41.991805,1.012403,2.836117,-2.068745
7,1789437913.881518602,0.53342152399,-0.261903781953,0.551969489426,1.79790945582,1.09196606077,-0.232669559839,32.64302,8.567304,42.348168,1.018242,2.831815,-2.073639
7,1789437913.886654377,0.53342152399,-0.261903781953,0.551969489426,1.79790945582,1.09196606077,-0.232669559839,32.685762,8.545046,42.132689,1.017967,2.833627,-2.068187
7,1789437913.891840696,0.53342152399,-0.261903781953,0.551969489426,1.79790945582,1.09196606077,-0.232669559839,32.661048,8.514643,42.226766,1.017969,2.830589,-2.073783
7,1789437913.896654129,0.53342152399,-0.261903781953,0.551969489426,1.79790945582,1.09196606077,-0.232669559839,32.723204,8.489497,42.321131,1.018891,2.833835,-2.078454
7,1789437913.901681423,0.53342152399,-0.261903781953,0.551969489426,1.79790945582,1.09196606077,-0.232669559839,32.710964,8.508884,42.196878,1.016453,2.833894,-2.074612
7,1789437913.906950951,0.53342152399,-0.261903781953,0.551969489426,1.79790945582,1.09196606077,-0.232669559839,32.720843,8.47445,42.266111,1.0208,2.834055,-2.071777
7,1789437913.911559820,0.53342152399,-0.261903781953,0.551969489426,1.79790945582,1.09196606077,-0.232669559839,32.696399,8.541377,42.418538,1.014643,2.835268,-2.075666
7,1789437913.916765690,0.53342152399,-0.261903781953,0.551969489426,1.79790945582,1.09196606077,-0.232669559839,32.655232,8.543777,42.260932,1.01994,2.833948,-2.069503
7,1789437913.921658993,0.53342152399,-0.261903781953,0.551969489426,1.79790945582,1.09196606077,-0.232669559839,32.633573,8.565634,42.205094,1.018554,2.834417,-2.069578
7,1789437913.926757336,0.53342152399,-0.261903781953,0.551969489426,1.79790945582,1.09196606077,-0.232669559839,32.655736,8.531221,42.056765,1.01933,2.831953,-2.069327
7,1789437913.931617498,0.53342152399,-0.261903781953,0.551969489426,1.79790945582,1.09196606077,-0.232669559839,32.684739,8.485674,42.300448,1.023071,2.833019,-2.073895
7,1789437913.936513901,0.53342152399,-0.261903781953,0.551969489426,1.79790945582,1.09196606077,-0.232669559839,32.684925,8.458123,42.057691,1.023727,2.831945,-2.068375
7,1789437913.941745520,0.53342152399,-0.261903781953,0.551969489426,1.79790945582,1.09196606077,-0.232669559839,32.741757,8.477271,42.196091,1.020819,2.835033,-2.068787
7,1789437913.946547270,0.53342152399,-0.261903781953,0.551969489426,1.79790945582,1.09196606077,-0.232669559839,32.71974,8.549714,42.332893,1.01606,2.833217,-2.071116
7,1789437913.951579332,0.53342152399,-0.261903781953,0.551969489426,1.79790945582,1.09196606077,-0.232669559839,32.671489,8.578672,42.260268,1.016507,2.834084,-2.070043
7,1789437913.956805229,0.53342152399,-0.261903781953,0.551969489426,1.79790945582,1.09196606077,-0.232669559839,32.678559,8.588354,42.285935,1.011547,2.832827,-2.071624
7,1789437913.961669922,0.53342152399,-0.261903781953,0.551969489426,1.79790945582,1.09196606077,-0.232669559839,32.643663,8.488479,42.398053,1.020307,2.828637,-2.077485
7,1789437913.966967583,0.53342152399,-0.261903781953,0.551969489426,1.79790945582,1.09196606077,-0.232669559839,32.646219,8.445651,42.1847,1.023199,2.830831,-2.070569
7,1789437913.971571207,0.53342152399,-0.261903781953,0.551969489426,1.79790945582,1.09196606077,-0.232669559839,32.660908,8.453017,42.189431,1.023021,2.831422,-2.073516
7,1789437913.976714849,0.53342152399,-0.261903781953,0.551969489426,1.79790945582,1.09196606077,-0.232669559839,32.726279,8.562233,42.252926,1.013449,2.836217,-2.074427
7,1789437913.981690407,0.53342152399,-0.261903781953,0.551969489426,1.79790945582,1.09196606077,-0.232669559839,32.716186,8.640105,42.336539,1.012344,2.836859,-2.074834
7,1789437913.986608267,0.53342152399,-0.261903781953,0.551969489426,1.79790945582,1.09196606077,-0.232669559839,32.714234,8.56963,42.258025,1.016223,2.837551,-2.071033
7,1789437913.991820097,0.53342152399,-0.261903781953,0.551969489426,1.79790945582,1.09196606077,-0.232669559839,32.661765,8.492143,42.173712,1.021011,2.833356,-2.07159
7,1789437913.996586561,0.53342152399,-0.261903781953,0.551969489426,1.79790945582,1.09196606077,-0.232669559839,32.639473,8.437531,42.310181,1.026256,2.830627,-2.07371
7,1789437914.001657009,0.53342152399,-0.261903781953,0.551969489426,1.79790945582,1.09196606077,-0.232669559839,32.634841,8.530353,42.189144,1.020645,2.830235,-2.074235
7,1789437914.006807089,0.53342152399,-0.261903781953,0.551969489426,1.79790945582,1.09196606077,-0.232669559839,32.683376,8.591878,42.283184,1.013882,2.833265,-2.073421
7,1789437914.011642933,0.53342152399,-0.261903781953,0.551969489426,1.79790945582,1.09196606077,-0.232669559839,32.701018,8.598746,42.447203,1.010452,2.834519,-2.075496
7,1789437914.016641378,0.53342152399,-0.261903781953,0.551969489426,1.79790945582,1.09196606077,-0.232669559839,32.727158,8.498173,42.19833,1.017122,2.832574,-2.067669
7,1789437914.021579742,0.53342152399,-0.261903781953,0.551969489426,1.79790945582,1.09196606077,-0.232669559839,32.700453,8.39028,42.118156,1.022775,2.830584,-2.065102
7,1789437914.026666164,0.53342152399,-0.261903781953,0.551969489426,1.79790945582,1.09196606077,-0.232669559839,32.676185,8.391038,42.027148,1.022522,2.830219,-2.063843
7,1789437914.031695366,0.53342152399,-0.261903781953,0.551969489426,1.79790945582,1.09196606077,-0.232669559839,32.659021,8.54014,42.321555,1.018879,2.832596,-2.072556
7,1789437914.036598206,0.53342152399,-0.261903781953,0.551969489426,1.79790945582,1.09196606077,-0.232669559839,32.662504,8.631794,42.15393,1.016454,2.83238,-2.073144
7,1789437914.041791677,0.53342152399,-0.261903781953,0.551969489426,1.79790945582,1.09196606077,-0.232669559839,32.710789,8.636887,42.299955,1.011637,2.836624,-2.074427
7,1789437914.046517611,0.53342152399,-0.261903781953,0.551969489426,1.79790945582,1.09196606077,-0.232669559839,32.692066,8.508936,42.302834,1.02068,2.833363,-2.072379
7,1789437914.051545858,0.53342152399,-0.261903781953,0.551969489426,1.79790945582,1.09196606077,-0.232669559839,32.710457,8.404654,42.138063,1.023741,2.835474,-2.063784
7,1789437914.056689501,0.53342152399,-0.261903781953,0.551969489426,1.79790945582,1.09196606077,-0.232669559839,32.722112,8.41265,42.149084,1.022611,2.833755,-2.068952
7,1789437914.061618805,0.53342152399,-0.261903781953,0.551969489426,1.79790945582,1.09196606077,-0.232669559839,32.729573,8.547725,42.418021,1.01634,2.834346,-2.082221
7,1789437914.066659689,0.53342152399,-0.261903781953,0.551969489426,1.79790945582,1.09196606077,-0.232669559839,32.689832,8.518932,42.200462,1.018002,2.833931,-2.066276
7,1789437914.071508408,0.53342152399,-0.261903781953,0.551969489426,1.79790945582,1.09196606077,-0.232669559839,32.746064,8.529594,42.41864,1.017164,2.833588,-2.075722
7,1789437914.076728582,0.53342152399,-0.261903781953,0.551969489426,1.79790945582,1.09196606077,-0.232669559839,32.725694,8.584602,42.251162,1.014929,2.835639,-2.075786
7,1789437914.081553936,0.53342152399,-0.261903781953,0.551969489426,1.79790945582,1.09196606077,-0.232669559839,32.646393,8.532603,42.185905,1.017456,2.832203,-2.076087
7,1789437914.086613178,0.53342152399,-0.261903781953,0.551969489426,1.79790945582,1.09196606077,-0.232669559839,32.614167,8.510814,42.142451,1.018309,2.830021,-2.074255
7,1789437914.091747999,0.53342152399,-0.261903781953,0.551969489426,1.79790945582,1.09196606077,-0.232669559839,32.629422,8.491691,42.261631,1.021067,2.831164,-2.075201
7,1789437914.096880913,0.53342152399,-0.261903781953,0.551969489426,1.79790945582,1.09196606077,-0.232669559839,32.679872,8.512332,42.091808,1.019829,2.835673,-2.070214
7,1789437914.101750374,0.53342152399,-0.261903781953,0.551969489426,1.79790945582,1.09196606077,-0.232669559839,32.728129,8.526737,42.236837,1.015542,2.838246,-2.072394
7,1789437914.106853724,0.53342152399,-0.261903781953,0.551969489426,1.79790945582,1.09196606077,-0.232669559839,32.746336,8.544351,42.350336,1.01882,2.83983,-2.077204
7,1789437914.111683846,0.53342152399,-0.261903781953,0.551969489426,1.79790945582,1.09196606077,-0.232669559839,32.691133,8.558818,42.261984,1.018615,2.837375,-2.074542
7,1789437914.116610765,0.53342152399,-0.261903781953,0.551969489426,1.79790945582,1.09196606077,-0.232669559839,32.667843,8.543454,42.278129,1.019597,2.834257,-2.076453
7,1789437914.121582031,0.53342152399,-0.261903781953,0.551969489426,1.79790945582,1.09196606077,-0.232669559839,32.624032,8.526692,42.409317,1.021222,2.829373,-2.076352
7,1789437914.126658916,0.53342152399,-0.261903781953,0.551969489426,1.79790945582,1.09196606077,-0.232669559839,32.652304,8.532562,42.278178,1.018082,2.835336,-2.070151
7,1789437914.131658792,0.53342152399,-0.261903781953,0.551969489426,1.79790945582,1.09196606077,-0.232669559839,32.69368,8.523784,42.139867,1.017135,2.831101,-2.069728
7,1789437914.136509418,0.53342152399,-0.261903781953,0.551969489426,1.79790945582,1.09196606077,-0.232669559839,32.729863,8.443641,42.234064,1.020394,2.834071,-2.068222
7,1789437914.141800880,0.53342152399,-0.261903781953,0.551969489426,1.79790945582,1.09196606077,-0.232669559839,32.73142,8.485911,42.257913,1.016193,2.832887,-2.071171
7,1789437914.146645784,0.53342152399,-0.261903781953,0.551969489426,1.79790945582,1.09196606077,-0.232669559839,32.685853,8.499665,42.080715,1.020792,2.831473,-2.065716
7,1789437914.151607275,0.53342152399,-0.261903781953,0.551969489426,1.79790945582,1.09196606077,-0.232669559839,32.626808,8.53808,42.262568,1.018245,2.830742,-2.068762
7,1789437914.156927347,0.53342152399,-0.261903781953,0.551969489426,1.79790945582,1.09196606077,-0.232669559839,32.626309,8.615159,42.38021,1.015485,2.829894,-2.071381
7,1789437914.161715508,0.53342152399,-0.261903781953,0.551969489426,1.79790945582,1.09196606077,-0.232669559839,32.601799,8.597223,42.246142,1.018673,2.828806,-2.067895
7,1789437914.166719913,0.53342152399,-0.261903781953,0.551969489426,1.79790945582,1.09196606077,-0.232669559839,32.66668,8.516751,42.243789,1.019289,2.831891,-2.068615
7,1789437914.171635866,0.53342152399,-0.261903781953,0.551969489426,1.79790945582,1.09196606077,-0.232669559839,32.700185,8.470259,42.130143,1.021718,2.833977,-2.069457
7,1789437914.176663876,0.53342152399,-0.261903781953,0.551969489426,1.79790945582,1.09196606077,-0.232669559839,32.733933,8.462253,42.182754,1.019541,2.837656,-2.071038
7,1789437914.181576252,0.53342152399,-0.261903781953,0.551969489426,1.79790945582,1.09196606077,-0.232669559839,32.734589,8.481884,42.216043,1.020947,2.834114,-2.074124
7,1789437914.186535835,0.53342152399,-0.261903781953,0.551969489426,1.79790945582,1.09196606077,-0.232669559839,32.710711,8.595951,42.129297,1.013602,2.835761,-2.070351
7,1789437914.191773176,0.53342152399,-0.261903781953,0.551969489426,1.79790945582,1.09196606077,-0.232669559839,32.640735,8.606466,42.341506,1.013663,2.831293,-2.078196
7,1789437914.196737051,0.53342152399,-0.261903781953,0.551969489426,1.79790945582,1.09196606077,-0.232669559839,32.628679,8.564811,42.145926,1.014345,2.8307,-2.072125
7,1789437914.201585770,0.53342152399,-0.261903781953,0.551969489426,1.79790945582,1.09196606077,-0.232669559839,32.622511,8.467325,42.202344,1.0189,2.82933,-2.071439
7,1789437914.206874609,0.53342152399,-0.261903781953,0.551969489426,1.79790945582,1.09196606077,-0.232669559839,32.707721,8.435216,42.259882,1.019931,2.831141,-2.075966
7,1789437914.211593866,0.53342152399,-0.261903781953,0.551969489426,1.79790945582,1.09196606077,-0.232669559839,32.737229,8.467228,42.139773,1.019648,2.835021,-2.075131
7,1789437914.216498613,0.53342152399,-0.261903781953,0.551969489426,1.79790945582,1.09196606077,-0.232669559839,32.744497,8.548124,42.23736,1.016302,2.83396,-2.072645
7,1789437914.221634626,0.53342152399,-0.261903781953,0.551969489426,1.79790945582,1.09196606077,-0.232669559839,32.715894,8.605942,42.468799,1.016401,2.838178,-2.073242
7,1789437914.226749420,0.53342152399,-0.261903781953,0.551969489426,1.79790945582,1.09196606077,-0.232669559839,32.64021,8.635176,42.273691,1.016237,2.831183,-2.067998
7,1789437914.231875896,0.53342152399,-0.261903781953,0.551969489426,1.79790945582,1.09196606077,-0.232669559839,32.619096,8.539565,42.201745,1.022821,2.833831,-2.065686
7,1789437914.236662865,0.53342152399,-0.261903781953,0.551969489426,1.79790945582,1.09196606077,-0.232669559839,32.650018,8.446658,42.139242,1.02451,2.83221,-2.069745
7,1789437914.241702080,0.53342152399,-0.261903781953,0.551969489426,1.79790945582,1.09196606077,-0.232669559839,32.713607,8.448095,42.229127,1.021834,2.835555,-2.07134
7,1789437914.246684313,0.53342152399,-0.261903781953,0.551969489426,1.79790945582,1.09196606077,-0.232669559839,32.728135,8.450282,42.063881,1.023467,2.834666,-2.070023
7,1789437914.251677275,0.53342152399,-0.261903781953,0.551969489426,1.79790945582,1.09196606077,-0.232669559839,32.754021,8.5512,42.225024,1.014747,2.835046,-2.074492
7,1789437914.257317543,0.53342152399,-0.261903781953,0.551969489426,1.79790945582,1.09196606077,-0.232669559839,32.730879,8.581182,42.328609,1.013861,2.83459,-2.073889
7,1789437914.261723042,0.53342152399,-0.261903781953,0.551969489426,1.79790945582,1.09196606077,-0.232669559839,32.640132,8.53869,42.235769,1.016288,2.829337,-2.068158
7,1789437914.266553402,0.53342152399,-0.261903781953,0.551969489426,1.79790945582,1.09196606077,-0.232669559839,32.668015,8.531182,42.26313,1.012538,2.835212,-2.07382
7,1789437914.271486521,0.53342152399,-0.261903781953,0.551969489426,1.79790945582,1.09196606077,-0.232669559839,32.639321,8.474831,42.428674,1.022268,2.827487,-2.081882
7,1789437914.276682377,0.53342152399,-0.261903781953,0.551969489426,1.79790945582,1.09196606077,-0.232669559839,32.629907,8.499649,42.233837,1.02091,2.830182,-2.069195
7,1789437914.281623840,0.53342152399,-0.261903781953,0.551969489426,1.79790945582,1.09196606077,-0.232669559839,32.630654,8.499813,42.411624,1.019303,2.830373,-2.074556
7,1789437914.286686182,0.53342152399,-0.261903781953,0.551969489426,1.79790945582,1.09196606077,-0.232669559839,32.640453,8.523763,42.284682,1.019513,2.832129,-2.072325
7,1789437914.291745901,0.53342152399,-0.261903781953,0.551969489426,1.79790945582,1.09196606077,-0.232669559839,32.679685,8.515177,42.190476,1.016655,2.832008,-2.07299
7,1789437914.296739101,0.53342152399,-0.261903781953,0.551969489426,1.79790945582,1.09196606077,-0.232669559839,32.701593,8.512145,42.199462,1.018157,2.833532,-2.073013
7,1789437914.301715612,0.53342152399,-0.261903781953,0.551969489426,1.79790945582,1.09196606077,-0.232669559839,32.703673,8.516197,42.300012,1.017287,2.836978,-2.073797
7,1789437914.306754112,0.53342152399,-0.261903781953,0.551969489426,1.79790945582,1.09196606077,-0.232669559839,32.691804,8.535825,42.101707,1.01936,2.832962,-2.070237
7,1789437914.311602831,0.53342152399,-0.261903781953,0.551969489426,1.79790945582,1.09196606077,-0.232669559839,32.663552,8.538048,42.249726,1.018833,2.836176,-2.070443
7,1789437914.316580057,0.53342152399,-0.261903781953,0.551969489426,1.79790945582,1.09196606077,-0.232669559839,32.639698,8.584415,42.363152,1.018005,2.833717,-2.075883
7,1789437914.321499586,0.53342152399,-0.261903781953,0.551969489426,1.79790945582,1.09196606077,-0.232669559839,32.673164,8.573101,42.211744,1.020919,2.83593,-2.077265
7,1789437914.326671362,0.53342152399,-0.261903781953,0.551969489426,1.79790945582,1.09196606077,-0.232669559839,32.697102,8.529531,42.237445,1.016626,2.833972,-2.072533
7,1789437914.331629992,0.53342152399,-0.261903781953,0.551969489426,1.79790945582,1.09196606077,-0.232669559839,32.741507,8.491049,42.378216,1.017594,2.834513,-2.077523
7,1789437914.336600304,0.53342152399,-0.261903781953,0.551969489426,1.79790945582,1.09196606077,-0.232669559839,32.725311,8.458286,42.186005,1.020087,2.831215,-2.06963
7,1789437914.341752052,0.53342152399,-0.261903781953,0.551969489426,1.79790945582,1.09196606077,-0.232669559839,32.691284,8.472585,42.134628,1.016935,2.831416,-2.066763
7,1789437914.346637487,0.53342152399,-0.261903781953,0.551969489426,1.79790945582,1.09196606077,-0.232669559839,32.648306,8.515132,42.304587,1.01703,2.829942,-2.071633
7,1789437914.351617336,0.53342152399,-0.261903781953,0.551969489426,1.79790945582,1.09196606077,-0.232669559839,32.644946,8.582834,42.330141,1.016329,2.830461,-2.073466
7,1789437914.356751442,0.53342152399,-0.261903781953,0.551969489426,1.79790945582,1.09196606077,-0.232669559839,32.628417,8.575403,42.142156,1.017799,2.831278,-2.068546
7,1789437914.361903429,0.53342152399,-0.261903781953,0.551969489426,1.79790945582,1.09196606077,-0.232669559839,32.664202,8.520365,42.204608,1.017448,2.832697,-2.069807
7,1789437914.366814375,0.53342152399,-0.261903781953,0.551969489426,1.79790945582,1.09196606077,-0.232669559839,32.690868,8.476365,42.307063,1.024446,2.832309,-2.069615
7,1789437914.375977278,0.53342152399,-0.261903781953,0.551969489426,1.79790945582,1.09196606077,-0.232669559839,32.69211,8.49274,42.227818,1.021274,2.835017,-2.066421
7,1789437914.376941919,0.53342152399,-0.261903781953,0.551969489426,1.79790945582,1.09196606077,-0.232669559839,32.755335,8.529234,42.179559,1.018434,2.837763,-2.067354
7,1789437914.384616852,0.53342152399,-0.261903781953,0.551969489426,1.79790945582,1.09196606077,-0.232669559839,32.713886,8.578492,42.199985,1.017719,2.836447,-2.072679
7,1789437914.386404753,0.53342152399,-0.261903781953,0.551969489426,1.79790945582,1.09196606077,-0.232669559839,32.678052,8.586495,42.253421,1.014428,2.835615,-2.074354
7,1789437914.391573429,0.53342152399,-0.261903781953,0.551969489426,1.79790945582,1.09196606077,-0.232669559839,32.662255,8.52796,42.209465,1.016334,2.83091,-2.07294
7,1789437914.396583796,0.53342152399,-0.261903781953,0.551969489426,1.79790945582,1.09196606077,-0.232669559839,32.645557,8.465128,41.862631,1.017189,2.827906,-2.068608
7,1789437914.401958466,0.53342152399,-0.261903781953,0.551969489426,1.79790945582,1.09196606077,-0.232669559839,32.640388,8.435843,42.258157,1.018459,2.828421,-2.071355
7,1789437914.406737089,0.53342152399,-0.261903781953,0.551969489426,1.79790945582,1.09196606077,-0.232669559839,32.723362,8.433116,42.136485,1.018237,2.832802,-2.071258
7,1789437914.411502123,0.53342152399,-0.261903781953,0.551969489426,1.79790945582,1.09196606077,-0.232669559839,32.772504,8.525105,42.169464,1.01379,2.83523,-2.074136
7,1789437914.416353703,0.53342152399,-0.261903781953,0.551969489426,1.79790945582,1.09196606077,-0.232669559839,32.731119,8.546883,42.338609,1.018244,2.836097,-2.073145
7,1789437914.421453238,0.53342152399,-0.261903781953,0.551969489426,1.79790945582,1.09196606077,-0.232669559839,32.704459,8.595593,42.179288,1.017147,2.834949,-2.068223
7,1789437914.426515102,0.53342152399,-0.261903781953,0.551969489426,1.79790945582,1.09196606077,-0.232669559839,32.633254,8.589725,42.252335,1.018448,2.831796,-2.069523
7,1789437914.431515217,0.53342152399,-0.261903781953,0.551969489426,1.79790945582,1.09196606077,-0.232669559839,32.598484,8.559856,42.450012,1.021391,2.831354,-2.074051
7,1789437914.436450243,0.53342152399,-0.261903781953,0.551969489426,1.79790945582,1.09196606077,-0.232669559839,32.648582,8.553159,42.237845,1.017917,2.833929,-2.07246
7,1789437914.441538334,0.53342152399,-0.261903781953,0.551969489426,1.79790945582,1.09196606077,-0.232669559839,32.719853,8.502168,42.17698,1.019817,2.833104,-2.06947
7,1789437914.446324587,0.53342152399,-0.261903781953,0.551969489426,1.79790945582,1.09196606077,-0.232669559839,32.726376,8.481724,42.2728,1.017411,2.834861,-2.07338
7,1789437914.451384783,0.53342152399,-0.261903781953,0.551969489426,1.79790945582,1.09196606077,-0.232669559839,32.718295,8.446834,42.261426,1.020485,2.832119,-2.068826
7,1789437914.456523418,0.53342152399,-0.261903781953,0.551969489426,1.79790945582,1.09196606077,-0.232669559839,32.687816,8.484896,42.08114,1.018838,2.832013,-2.06527
7,1789437914.461324215,0.53342152399,-0.261903781953,0.551969489426,1.79790945582,1.09196606077,-0.232669559839,32.616026,8.507181,42.238976,1.020132,2.82881,-2.066029
7,1789437914.466363430,0.53342152399,-0.261903781953,0.551969489426,1.79790945582,1.09196606077,-0.232669559839,32.644394,8.559321,42.349332,1.016443,2.832353,-2.072748
7,1789437914.471330643,0.53342152399,-0.261903781953,0.551969489426,1.79790945582,1.09196606077,-0.232669559839,32.673475,8.558499,42.186132,1.019579,2.829463,-2.070312
7,1789437914.476518393,0.53342152399,-0.261903781953,0.551969489426,1.79790945582,1.09196606077,-0.232669559839,32.71227,8.504468,42.205155,1.02118,2.834369,-2.069192
7,1789437914.481381655,0.53342152399,-0.261903781953,0.551969489426,1.79790945582,1.09196606077,-0.232669559839,32.752963,8.482542,42.382672,1.020602,2.836444,-2.074382
7,1789437914.486352921,0.53342152399,-0.261903781953,0.551969489426,1.79790945582,1.09196606077,-0.232669559839,32.64523,8.44295,42.198942,1.021521,2.831765,-2.067197
7,1789437914.491508961,0.53342152399,-0.261903781953,0.551969489426,1.79790945582,1.09196606077,-0.232669559839,32.695438,8.512651,42.372536,1.02011,2.831821,-2.075646
7,1789437914.496582747,0.53342152399,-0.261903781953,0.551969489426,1.79790945582,1.09196606077,-0.232669559839,32.751425,8.571691,42.254833,1.016206,2.841129,-2.072697
7,1789437914.501519442,0.53342152399,-0.261903781953,0.551969489426,1.79790945582,1.09196606077,-0.232669559839,32.734523,8.562172,42.214042,1.017614,2.835798,-2.069539
7,1789437914.506531000,0.53342152399,-0.261903781953,0.551969489426,1.79790945582,1.09196606077,-0.232669559839,32.681428,8.522308,42.311655,1.020355,2.834652,-2.066542
7,1789437914.511477232,0.53342152399,-0.261903781953,0.551969489426,1.79790945582,1.09196606077,-0.232669559839,32.632005,8.525003,42.279705,1.019557,2.833039,-2.069409
7,1789437914.516387224,0.53342152399,-0.261903781953,0.551969489426,1.79790945582,1.09196606077,-0.232669559839,32.615594,8.519204,42.075281,1.018488,2.829213,-2.069651
7,1789437914.521310091,0.53342152399,-0.261903781953,0.551969489426,1.79790945582,1.09196606077,-0.232669559839,32.656353,8.550535,42.215671,1.012996,2.831399,-2.074986
7,1789437914.526436090,0.53342152399,-0.261903781953,0.551969489426,1.79790945582,1.09196606077,-0.232669559839,32.709139,8.492318,42.329838,1.016067,2.829561,-2.07931
7,1789437914.531466722,0.53342152399,-0.261903781953,0.551969489426,1.79790945582,1.09196606077,-0.232669559839,32.72876,8.48825,42.152225,1.015301,2.834998,-2.07313
7,1789437914.536525011,0.53342152399,-0.261903781953,0.551969489426,1.79790945582,1.09196606077,-0.232669559839,32.706225,8.460541,42.192212,1.017926,2.831485,-2.07162
7,1789437914.541511774,0.53342152399,-0.261903781953,0.551969489426,1.79790945582,1.09196606077,-0.232669559839,32.661658,8.512249,42.405537,1.016296,2.832587,-2.072201
7,1789437914.546378613,0.53342152399,-0.261903781953,0.551969489426,1.79790945582,1.09196606077,-0.232669559839,32.633158,8.59295,42.285411,1.015628,2.833844,-2.071973
7,1789437914.551462889,0.53342152399,-0.261903781953,0.551969489426,1.79790945582,1.09196606077,-0.232669559839,32.643498,8.62808,42.241294,1.015448,2.832657,-2.076797
7,1789437914.556737900,0.53342152399,-0.261903781953,0.551969489426,1.79790945582,1.09196606077,-0.232669559839,32.661734,8.566785,42.412804,1.017243,2.834925,-2.079655
7,1789437914.561947823,0.53342152399,-0.261903781953,0.551969489426,1.79790945582,1.09196606077,-0.232669559839,32.68361,8.485702,42.241665,1.020802,2.831008,-2.069946
7,1789437914.566545725,0.53342152399,-0.261903781953,0.551969489426,1.79790945582,1.09196606077,-0.232669559839,32.715181,8.424338,42.060491,1.026442,2.834051,-2.066143
7,1789437914.571515560,0.53342152399,-0.261903781953,0.551969489426,1.79790945582,1.09196606077,-0.232669559839,32.724191,8.471756,42.209949,1.01847,2.836356,-2.065612
7,1789437914.576588869,0.53342152399,-0.261903781953,0.551969489426,1.79790945582,1.09196606077,-0.232669559839,32.700119,8.559251,42.357548,1.01956,2.835855,-2.073064
7,1789437914.581465244,0.53342152399,-0.261903781953,0.551969489426,1.79790945582,1.09196606077,-0.232669559839,32.724946,8.62456,42.264672,1.013581,2.836493,-2.073133
7,1789437914.586461544,0.53342152399,-0.261903781953,0.551969489426,1.79790945582,1.09196606077,-0.232669559839,32.648495,8.584402,42.254696,1.018948,2.831851,-2.074022
7,1789437914.591646910,0.53342152399,-0.261903781953,0.551969489426,1.79790945582,1.09196606077,-0.232669559839,32.607349,8.474903,42.231233,1.021362,2.829094,-2.070913
7,1789437914.596570969,0.53342152399,-0.261903781953,0.551969489426,1.79790945582,1.09196606077,-0.232669559839,32.633782,8.438523,42.213993,1.023061,2.831121,-2.069602
7,1789437914.601504087,0.53342152399,-0.261903781953,0.551969489426,1.79790945582,1.09196606077,-0.232669559839,32.698013,8.457768,42.184898,1.024015,2.832934,-2.070237
7,1789437914.606717348,0.53342152399,-0.261903781953,0.551969489426,1.79790945582,1.09196606077,-0.232669559839,32.781857,8.56487,41.865067,1.015341,2.841179,-2.065915
7,1789437914.611752510,0.53342152399,-0.261903781953,0.551969489426,1.79790945582,1.09196606077,-0.232669559839,32.76799,8.609538,42.313483,1.015425,2.840523,-2.077171
7,1789437914.616458893,0.53342152399,-0.261903781953,0.551969489426,1.79790945582,1.09196606077,-0.232669559839,32.696292,8.593452,42.185916,1.015518,2.838288,-2.069569
7,1789437914.621664524,0.53342152399,-0.261903781953,0.551969489426,1.79790945582,1.09196606077,-0.232669559839,32.609407,8.482578,42.114121,1.022826,2.829759,-2.068398
7,1789437914.626681089,0.53342152399,-0.261903781953,0.551969489426,1.79790945582,1.09196606077,-0.232669559839,32.612543,8.442807,42.32207,1.022879,2.829947,-2.072096
7,1789437914.631583929,0.53342152399,-0.261903781953,0.551969489426,1.79790945582,1.09196606077,-0.232669559839,32.678574,8.489506,42.118748,1.021231,2.831319,-2.071237
7,1789437914.636467218,0.53342152399,-0.261903781953,0.551969489426,1.79790945582,1.09196606077,-0.232669559839,32.703111,8.540616,42.22937,1.015893,2.832892,-2.071895
7,1789437914.641616344,0.53342152399,-0.261903781953,0.551969489426,1.79790945582,1.09196606077,-0.232669559839,32.707695,8.577111,42.448308,1.014135,2.833832,-2.074784
7,1789437914.646540403,0.53342152399,-0.261903781953,0.551969489426,1.79790945582,1.09196606077,-0.232669559839,32.68311,8.545928,42.259087,1.017018,2.831669,-2.070911
7,1789437914.651400089,0.53342152399,-0.261903781953,0.551969489426,1.79790945582,1.09196606077,-0.232669559839,32.623326,8.488139,42.208854,1.020014,2.830347,-2.067195
7,1789437914.656531811,0.53342152399,-0.261903781953,0.551969489426,1.79790945582,1.09196606077,-0.232669559839,32.649846,8.476457,42.360817,1.020333,2.829402,-2.071265
7,1789437914.661498308,0.53342152399,-0.261903781953,0.551969489426,1.79790945582,1.09196606077,-0.232669559839,32.684869,8.573165,42.301017,1.017972,2.833985,-2.073804
7,1789437914.666481972,0.53342152399,-0.261903781953,0.551969489426,1.79790945582,1.09196606077,-0.232669559839,32.716838,8.60891,42.161726,1.015823,2.834868,-2.073674
7,1789437914.671472788,0.53342152399,-0.261903781953,0.551969489426,1.79790945582,1.09196606077,-0.232669559839,32.72052,8.609023,42.260904,1.014208,2.836083,-2.075572
7,1789437914.676598310,0.53342152399,-0.261903781953,0.551969489426,1.79790945582,1.09196606077,-0.232669559839,32.688722,8.492507,42.344403,1.020965,2.834221,-2.075435
7,1789437914.681550741,0.53342152399,-0.261903781953,0.551969489426,1.79790945582,1.09196606077,-0.232669559839,32.676187,8.44249,42.140679,1.021458,2.834387,-2.068473
7,1789437914.686538696,0.53342152399,-0.261903781953,0.551969489426,1.79790945582,1.09196606077,-0.232669559839,32.650525,8.428261,42.182934,1.025376,2.830762,-2.071667
7,1789437914.691583157,0.53342152399,-0.261903781953,0.551969489426,1.79790945582,1.09196606077,-0.232669559839,32.641281,8.564051,42.397153,1.018187,2.834094,-2.077833
7,1789437914.696573019,0.53342152399,-0.261903781953,0.551969489426,1.79790945582,1.09196606077,-0.232669559839,32.694939,8.544824,42.277592,1.016968,2.832135,-2.070908
7,1789437914.701586246,0.53342152399,-0.261903781953,0.551969489426,1.79790945582,1.09196606077,-0.232669559839,32.646242,8.572134,42.43443,1.014148,2.833389,-2.071767
7,1789437914.706562281,0.53342152399,-0.261903781953,0.551969489426,1.79790945582,1.09196606077,-0.232669559839,32.604402,8.510242,42.246613,1.020869,2.827233,-2.067332
7,1789437914.711481094,0.53342152399,-0.261903781953,0.551969489426,1.79790945582,1.09196606077,-0.232669559839,32.652768,8.51678,42.186789,1.016736,2.83002,-2.069573
7,1789437914.716497421,0.53342152399,-0.261903781953,0.551969489426,1.79790945582,1.09196606077,-0.232669559839,32.663269,8.487857,42.367649,1.019944,2.832071,-2.078706
7,1789437914.721460581,0.53342152399,-0.261903781953,0.551969489426,1.79790945582,1.09196606077,-0.232669559839,32.689697,8.513351,42.248005,1.016925,2.832728,-2.077857
7,1789437914.726585865,0.53342152399,-0.261903781953,0.551969489426,1.79790945582,1.09196606077,-0.232669559839,32.729955,8.515194,42.071186,1.018182,2.837669,-2.071258
7,1789437914.731516123,0.53342152399,-0.261903781953,0.551969489426,1.79790945582,1.09196606077,-0.232669559839,32.730025,8.498587,42.184753,1.021984,2.836005,-2.070148
7,1789437914.736365080,0.53342152399,-0.261903781953,0.551969489426,1.79790945582,1.09196606077,-0.232669559839,32.733077,8.545047,42.320651,1.016266,2.837536,-2.072519
7,1789437914.741589785,0.53342152399,-0.261903781953,0.551969489426,1.79790945582,1.09196606077,-0.232669559839,32.645532,8.564401,42.167657,1.018503,2.834886,-2.069655
7,1789437914.746479273,0.53342152399,-0.261903781953,0.551969489426,1.79790945582,1.09196606077,-0.232669559839,32.627418,8.564871,42.274322,1.016285,2.831453,-2.073275
7,1789437914.751469135,0.53342152399,-0.261903781953,0.551969489426,1.79790945582,1.09196606077,-0.232669559839,32.60986,8.530453,42.433203,1.020383,2.831367,-2.078777
7,1789437914.756604910,0.53342152399,-0.261903781953,0.551969489426,1.79790945582,1.09196606077,-0.232669559839,32.671217,8.515943,42.214106,1.016055,2.833324,-2.075641
7,1789437914.761544704,0.53342152399,-0.261903781953,0.551969489426,1.79790945582,1.09196606077,-0.232669559839,32.732387,8.398867,42.176759,1.023884,2.832985,-2.069128
7,1789437914.766417503,0.53342152399,-0.261903781953,0.551969489426,1.79790945582,1.09196606077,-0.232669559839,32.754411,8.414885,42.153113,1.018085,2.838538,-2.0657
7,1789437914.771435261,0.53342152399,-0.261903781953,0.551969489426,1.79790945582,1.09196606077,-0.232669559839,32.732419,8.489611,42.220543,1.020779,2.832067,-2.065371
7,1789437914.776563883,0.53342152399,-0.261903781953,0.551969489426,1.79790945582,1.09196606077,-0.232669559839,32.71441,8.612317,42.245062,1.013311,2.83562,-2.067745
7,1789437914.781479120,0.53342152399,-0.261903781953,0.551969489426,1.79790945582,1.09196606077,-0.232669559839,32.660409,8.629378,42.242478,1.015441,2.833368,-2.075935
7,1789437914.786420584,0.53342152399,-0.261903781953,0.551969489426,1.79790945582,1.09196606077,-0.232669559839,32.630773,8.552124,42.340318,1.017924,2.832855,-2.072497
7,1789437914.791542530,0.53342152399,-0.261903781953,0.551969489426,1.79790945582,1.09196606077,-0.232669559839,32.634476,8.404679,42.13406,1.025512,2.831147,-2.066975
7,1789437914.796420097,0.53342152399,-0.261903781953,0.551969489426,1.79790945582,1.09196606077,-0.232669559839,32.686741,8.409578,42.14378,1.020667,2.830879,-2.066645
7,1789437914.801415920,0.53342152399,-0.261903781953,0.551969489426,1.79790945582,1.09196606077,-0.232669559839,32.722121,8.445792,42.394482,1.020467,2.835363,-2.072693
7,1789437914.806700945,0.53342152399,-0.261903781953,0.551969489426,1.79790945582,1.09196606077,-0.232669559839,32.745078,8.599733,42.255852,1.011031,2.835717,-2.072719
7,1789437914.811413765,0.53342152399,-0.261903781953,0.551969489426,1.79790945582,1.09196606077,-0.232669559839,32.69293,8.587045,42.284654,1.01505,2.836359,-2.072096
7,1789437914.816587210,0.53342152399,-0.261903781953,0.551969489426,1.79790945582,1.09196606077,-0.232669559839,32.654649,8.549615,42.42852,1.014604,2.833114,-2.081624
7,1789437914.821619034,0.53342152399,-0.261903781953,0.551969489426,1.79790945582,1.09196606077,-0.232669559839,32.650662,8.480624,42.255351,1.021414,2.832525,-2.073001
7,1789437914.826608181,0.53342152399,-0.261903781953,0.551969489426,1.79790945582,1.09196606077,-0.232669559839,32.639706,8.46413,42.031513,1.021368,2.828555,-2.067659
7,1789437914.831496716,0.53342152399,-0.261903781953,0.551969489426,1.79790945582,1.09196606077,-0.232669559839,32.676694,8.52478,42.131464,1.016236,2.833884,-2.068833
7,1789437914.836540699,0.53342152399,-0.261903781953,0.551969489426,1.79790945582,1.09196606077,-0.232669559839,32.695196,8.583282,42.345319,1.015281,2.835036,-2.075139
7,1789437914.841602087,0.53342152399,-0.261903781953,0.551969489426,1.79790945582,1.09196606077,-0.232669559839,32.724605,8.562516,42.121847,1.01571,2.83567,-2.068992
7,1789437914.846447468,0.53342152399,-0.261903781953,0.551969489426,1.79790945582,1.09196606077,-0.232669559839,32.723186,8.520365,42.233475,1.016682,2.835763,-2.068776
7,1789437914.851449966,0.53342152399,-0.261903781953,0.551969489426,1.79790945582,1.09196606077,-0.232669559839,32.659508,8.459651,42.373641,1.020248,2.830116,-2.068784
7,1789437914.856712818,0.53342152399,-0.261903781953,0.551969489426,1.79790945582,1.09196606077,-0.232669559839,32.638595,8.495199,42.25292,1.018208,2.830735,-2.06875
7,1789437914.861446381,0.53342152399,-0.261903781953,0.551969489426,1.79790945582,1.09196606077,-0.232669559839,32.614929,8.546581,42.219785,1.016209,2.829009,-2.072624
7,1789437914.866465569,0.53342152399,-0.261903781953,0.551969489426,1.79790945582,1.09196606077,-0.232669559839,32.678088,8.528859,42.436079,1.015677,2.832025,-2.07669
7,1789437914.871530533,0.53342152399,-0.261903781953,0.551969489426,1.79790945582,1.09196606077,-0.232669559839,32.711339,8.522397,42.256387,1.019343,2.836038,-2.07207
7,1789437914.876595974,0.53342152399,-0.261903781953,0.551969489426,1.79790945582,1.09196606077,-0.232669559839,32.762266,8.444894,42.020861,1.022627,2.836465,-2.067468
7,1789437914.881540060,0.53342152399,-0.261903781953,0.551969489426,1.79790945582,1.09196606077,-0.232669559839,32.727935,8.482259,42.106545,1.020966,2.836071,-2.066434
7,1789437914.886560202,0.53342152399,-0.261903781953,0.551969489426,1.79790945582,1.09196606077,-0.232669559839,32.676083,8.521028,42.343544,1.022602,2.834602,-2.070057
7,1789437914.891843319,0.53342152399,-0.261903781953,0.551969489426,1.79790945582,1.09196606077,-0.232669559839,32.622694,8.615244,42.161628,1.01648,2.833841,-2.067892
7,1789437914.897140026,0.53342152399,-0.261903781953,0.551969489426,1.79790945582,1.09196606077,-0.232669559839,32.651736,8.591684,42.309142,1.016849,2.832326,-2.07487
7,1789437914.901654482,0.53342152399,-0.261903781953,0.551969489426,1.79790945582,1.09196606077,-0.232669559839,32.667039,8.551364,42.403074,1.01784,2.832805,-2.080095
7,1789437914.906741858,0.53342152399,-0.261903781953,0.551969489426,1.79790945582,1.09196606077,-0.232669559839,32.662472,8.529183,42.243008,1.018289,2.830868,-2.069295
7,1789437914.911513090,0.53342152399,-0.261903781953,0.551969489426,1.79790945582,1.09196606077,-0.232669559839,32.653999,8.463892,42.341873,1.02198,2.830799,-2.071283
7,1789437914.916487455,0.53342152399,-0.261903781953,0.551969489426,1.79790945582,1.09196606077,-0.232669559839,32.66054,8.454378,42.234474,1.024328,2.830649,-2.068509
7,1789437914.921440363,0.53342152399,-0.261903781953,0.551969489426,1.79790945582,1.09196606077,-0.232669559839,32.730134,8.54766,42.231217,1.016964,2.833906,-2.070605
7,1789437914.926667213,0.53342152399,-0.261903781953,0.551969489426,1.79790945582,1.09196606077,-0.232669559839,32.750041,8.571075,42.111434,1.014554,2.833609,-2.069957
7,1789437914.931505442,0.53342152399,-0.261903781953,0.551969489426,1.79790945582,1.09196606077,-0.232669559839,32.720523,8.581876,42.2544,1.01292,2.834245,-2.067705
7,1789437914.936435223,0.53342152399,-0.261903781953,0.551969489426,1.79790945582,1.09196606077,-0.232669559839,32.705071,8.481042,42.106626,1.020329,2.832179,-2.066822
7,1789437914.941605806,0.53342152399,-0.261903781953,0.551969489426,1.79790945582,1.09196606077,-0.232669559839,32.663386,8.467446,41.968649,1.020105,2.82985,-2.066019
7,1789437914.946460724,0.53342152399,-0.261903781953,0.551969489426,1.79790945582,1.09196606077,-0.232669559839,32.648612,8.479035,42.317145,1.019771,2.832406,-2.075158
7,1789437914.951603413,0.53342152399,-0.261903781953,0.551969489426,1.79790945582,1.09196606077,-0.232669559839,32.657623,8.551548,42.143426,1.015924,2.832275,-2.073511
7,1789437914.956866026,0.53342152399,-0.261903781953,0.551969489426,1.79790945582,1.09196606077,-0.232669559839,32.682271,8.582995,42.26246,1.015951,2.835334,-2.074558
7,1789437914.961759329,0.53342152399,-0.261903781953,0.551969489426,1.79790945582,1.09196606077,-0.232669559839,32.72873,8.529824,42.390419,1.017222,2.837303,-2.075525
7,1789437914.966592550,0.53342152399,-0.261903781953,0.551969489426,1.79790945582,1.09196606077,-0.232669559839,32.749656,8.48695,42.19489,1.019737,2.835949,-2.069498
7,1789437914.971598864,0.53342152399,-0.261903781953,0.551969489426,1.79790945582,1.09196606077,-0.232669559839,32.734456,8.471272,42.216101,1.021348,2.837042,-2.067624
7,1789437914.976689339,0.53342152399,-0.261903781953,0.551969489426,1.79790945582,1.09196606077,-0.232669559839,32.669739,8.531426,42.420935,1.016073,2.832013,-2.074455
7,1789437914.981660366,0.53342152399,-0.261903781953,0.551969489426,1.79790945582,1.09196606077,-0.232669559839,32.666813,8.59482,42.270822,1.014643,2.835491,-2.075212
7,1789437914.986540556,0.53342152399,-0.261903781953,0.551969489426,1.79790945582,1.09196606077,-0.232669559839,32.620882,8.584608,42.119213,1.015452,2.828626,-2.071704
7,1789437914.991675377,0.53342152399,-0.261903781953,0.551969489426,1.79790945582,1.09196606077,-0.232669559839,32.659796,8.496174,42.11628,1.018841,2.833561,-2.066532
7,1789437914.996550322,0.53342152399,-0.261903781953,0.551969489426,1.79790945582,1.09196606077,-0.232669559839,32.682631,8.443164,42.296229,1.022093,2.831654,-2.070486
7,1789437915.001568556,0.53342152399,-0.261903781953,0.551969489426,1.79790945582,1.09196606077,-0.232669559839,32.731364,8.431479,42.062205,1.021723,2.833128,-2.065082
7,1789437915.006671190,0.53342152399,-0.261903781953,0.551969489426,1.79790945582,1.09196606077,-0.232669559839,32.706734,8.475,42.250807,1.021159,2.833074,-2.069749
7,1789437915.011605263,0.53342152399,-0.261903781953,0.551969489426,1.79790945582,1.09196606077,-0.232669559839,32.658312,8.579389,42.386535,1.014612,2.832923,-2.072758
7,1789437915.016592503,0.53342152399,-0.261903781953,0.551969489426,1.79790945582,1.09196606077,-0.232669559839,32.644904,8.601026,42.283195,1.016756,2.833013,-2.073565
7,1789437915.021640301,0.53342152399,-0.261903781953,0.551969489426,1.79790945582,1.09196606077,-0.232669559839,32.623649,8.543885,42.254656,1.020011,2.831383,-2.073921
7,1789437915.026668549,0.53342152399,-0.261903781953,0.551969489426,1.79790945582,1.09196606077,-0.232669559839,32.652632,8.490067,42.4034,1.020002,2.831169,-2.073701
7,1789437915.031557798,0.53342152399,-0.261903781953,0.551969489426,1.79790945582,1.09196606077,-0.232669559839,32.69987,8.464101,42.229923,1.023192,2.834175,-2.071092
7,1789437915.036674261,0.53342152399,-0.261903781953,0.551969489426,1.79790945582,1.09196606077,-0.232669559839,32.748297,8.519211,42.2011,1.01758,2.836865,-2.071558
7,1789437915.041620255,0.53342152399,-0.261903781953,0.551969489426,1.79790945582,1.09196606077,-0.232669559839,32.734663,8.559614,42.235109,1.015956,2.837491,-2.073784
7,1789437915.046473265,0.53342152399,-0.261903781953,0.551969489426,1.79790945582,1.09196606077,-0.232669559839,32.707179,8.555657,42.340292,1.017537,2.835375,-2.078263
7,1789437915.051557779,0.53342152399,-0.261903781953,0.551969489426,1.79790945582,1.09196606077,-0.232669559839,32.658682,8.550011,42.269326,1.017188,2.8352,-2.076028
7,1789437915.056715488,0.53342152399,-0.261903781953,0.551969489426,1.79790945582,1.09196606077,-0.232669559839,32.635849,8.531626,42.227658,1.01905,2.828918,-2.073514
7,1789437915.061623812,0.53342152399,-0.261903781953,0.551969489426,1.79790945582,1.09196606077,-0.232669559839,32.648752,8.48734,42.363636,1.019632,2.831463,-2.07532
7,1789437915.066565275,0.53342152399,-0.261903781953,0.551969489426,1.79790945582,1.09196606077,-0.232669559839,32.714997,8.505381,42.242133,1.018623,2.833984,-2.075434
7,1789437915.071508169,0.53342152399,-0.261903781953,0.551969489426,1.79790945582,1.09196606077,-0.232669559839,32.781167,8.50633,42.190251,1.015284,2.837994,-2.072314
7,1789437915.076669455,0.53342152399,-0.261903781953,0.551969489426,1.79790945582,1.09196606077,-0.232669559839,32.753418,8.495101,42.41187,1.019598,2.837512,-2.073471
7,1789437915.081596851,0.53342152399,-0.261903781953,0.551969489426,1.79790945582,1.09196606077,-0.232669559839,32.678658,8.528633,42.24178,1.020189,2.83381,-2.069779
7,1789437915.086669207,0.53342152399,-0.261903781953,0.551969489426,1.79790945582,1.09196606077,-0.232669559839,32.638987,8.588714,42.135109,1.016806,2.834063,-2.066809
7,1789437915.091689825,0.53342152399,-0.261903781953,0.551969489426,1.79790945582,1.09196606077,-0.232669559839,32.606714,8.550884,42.028258,1.021803,2.829314,-2.064114
7,1789437915.096676350,0.53342152399,-0.261903781953,0.551969489426,1.79790945582,1.09196606077,-0.232669559839,32.642564,8.570251,42.326704,1.015403,2.833465,-2.069216
8,1789438024.346514702,0.533498827031,-0.26188176956,0.551859796166,-1.80312555935,-1.14452087517,1.70575811357,1.181939,42.071353,31.440564,-1.738794,0.070176,-2.192128
8,1789438024.351461649,0.533498827031,-0.26188176956,0.551859796166,-1.80312555935,-1.14452087517,1.70575811357,1.161732,42.108237,31.311786,-1.742102,0.069304,-2.191436
8,1789438024.356601954,0.533498827031,-0.26188176956,0.551859796166,-1.80312555935,-1.14452087517,1.70575811357,1.150834,42.109028,31.155538,-1.743674,0.068277,-2.1903
8,1789438024.361659765,0.533498827031,-0.26188176956,0.551859796166,-1.80312555935,-1.14452087517,1.70575811357,1.166051,42.117839,31.472004,-1.74221,0.069756,-2.196159
8,1789438024.366405010,0.533498827031,-0.26188176956,0.551859796166,-1.80312555935,-1.14452087517,1.70575811357,1.167977,42.055433,31.279569,-1.740098,0.069966,-2.18784
8,1789438024.371527672,0.533498827031,-0.26188176956,0.551859796166,-1.80312555935,-1.14452087517,1.70575811357,1.202727,42.036329,31.434758,-1.738341,0.073798,-2.189239
8,1789438024.376685858,0.533498827031,-0.26188176956,0.551859796166,-1.80312555935,-1.14452087517,1.70575811357,1.186802,42.026529,31.496699,-1.738201,0.075108,-2.191133
8,1789438024.381550550,0.533498827031,-0.26188176956,0.551859796166,-1.80312555935,-1.14452087517,1.70575811357,1.180189,42.087647,31.420204,-1.741312,0.072233,-2.193096
8,1789438024.386700869,0.533498827031,-0.26188176956,0.551859796166,-1.80312555935,-1.14452087517,1.70575811357,1.165151,42.129934,31.402598,-1.744181,0.069972,-2.198973
8,1789438024.391770124,0.533498827031,-0.26188176956,0.551859796166,-1.80312555935,-1.14452087517,1.70575811357,1.182094,42.145859,31.260209,-1.747077,0.068488,-2.20103
8,1789438024.396477699,0.533498827031,-0.26188176956,0.551859796166,-1.80312555935,-1.14452087517,1.70575811357,1.157639,42.133415,31.405871,-1.744725,0.069428,-2.202993
8,1789438024.401610613,0.533498827031,-0.26188176956,0.551859796166,-1.80312555935,-1.14452087517,1.70575811357,1.154229,42.067095,31.334091,-1.743014,0.070679,-2.194719
8,1789438024.406669378,0.533498827031,-0.26188176956,0.551859796166,-1.80312555935,-1.14452087517,1.70575811357,1.193985,42.049231,31.122249,-1.742538,0.073639,-2.186797
8,1789438024.411642313,0.533498827031,-0.26188176956,0.551859796166,-1.80312555935,-1.14452087517,1.70575811357,1.184655,42.026959,31.538063,-1.738831,0.073703,-2.194652
8,1789438024.416440725,0.533498827031,-0.26188176956,0.551859796166,-1.80312555935,-1.14452087517,1.70575811357,1.20619,42.069074,31.325822,-1.742745,0.07519,-2.193507
8,1789438024.421528101,0.533498827031,-0.26188176956,0.551859796166,-1.80312555935,-1.14452087517,1.70575811357,1.180304,42.128872,31.453984,-1.744874,0.071853,-2.201631
8,1789438024.426806688,0.533498827031,-0.26188176956,0.551859796166,-1.80312555935,-1.14452087517,1.70575811357,1.177875,42.164175,31.524912,-1.746001,0.070385,-2.204253
8,1789438024.431643248,0.533498827031,-0.26188176956,0.551859796166,-1.80312555935,-1.14452087517,1.70575811357,1.159764,42.149656,31.410916,-1.744045,0.068774,-2.199863
8,1789438024.436624527,0.533498827031,-0.26188176956,0.551859796166,-1.80312555935,-1.14452087517,1.70575811357,1.152095,42.068196,31.394544,-1.743646,0.068494,-2.191932
8,1789438024.441843510,0.533498827031,-0.26188176956,0.551859796166,-1.80312555935,-1.14452087517,1.70575811357,1.141789,42.021391,31.565881,-1.742123,0.068774,-2.189141
8,1789438024.446640015,0.533498827031,-0.26188176956,0.551859796166,-1.80312555935,-1.14452087517,1.70575811357,1.156667,42.030625,31.413955,-1.73775,0.069308,-2.185114
8,1789438024.451704979,0.533498827031,-0.26188176956,0.551859796166,-1.80312555935,-1.14452087517,1.70575811357,1.204179,42.05326,31.27933,-1.740871,0.07025,-2.187912
8,1789438024.456719398,0.533498827031,-0.26188176956,0.551859796166,-1.80312555935,-1.14452087517,1.70575811357,1.215642,42.060641,31.137166,-1.744278,0.06725,-2.189944
8,1789438024.461732149,0.533498827031,-0.26188176956,0.551859796166,-1.80312555935,-1.14452087517,1.70575811357,1.182666,42.142141,31.470395,-1.745571,0.067143,-2.197571
8,1789438024.466461897,0.533498827031,-0.26188176956,0.551859796166,-1.80312555935,-1.14452087517,1.70575811357,1.160026,42.115968,31.300151,-1.744509,0.066772,-2.193253
8,1789438024.471610785,0.533498827031,-0.26188176956,0.551859796166,-1.80312555935,-1.14452087517,1.70575811357,1.144419,42.072149,31.405427,-1.742899,0.067915,-2.191002
8,1789438024.476688623,0.533498827031,-0.26188176956,0.551859796166,-1.80312555935,-1.14452087517,1.70575811357,1.124938,42.032961,31.518343,-1.742141,0.068965,-2.189864
8,1789438024.481513262,0.533498827031,-0.26188176956,0.551859796166,-1.80312555935,-1.14452087517,1.70575811357,1.140042,42.030328,31.408602,-1.74095,0.066411,-2.188906
8,1789438024.486766577,0.533498827031,-0.26188176956,0.551859796166,-1.80312555935,-1.14452087517,1.70575811357,1.184286,42.054124,31.406486,-1.742417,0.072,-2.189729
8,1789438024.492015839,0.533498827031,-0.26188176956,0.551859796166,-1.80312555935,-1.14452087517,1.70575811357,1.208425,42.069151,31.629087,-1.743403,0.071115,-2.202473
8,1789438024.496631384,0.533498827031,-0.26188176956,0.551859796166,-1.80312555935,-1.14452087517,1.70575811357,1.197353,42.171832,31.421264,-1.746515,0.072114,-2.198855
8,1789438024.501471996,0.533498827031,-0.26188176956,0.551859796166,-1.80312555935,-1.14452087517,1.70575811357,1.156772,42.112222,31.353439,-1.740377,0.070709,-2.194506
8,1789438024.506630659,0.533498827031,-0.26188176956,0.551859796166,-1.80312555935,-1.14452087517,1.70575811357,1.1673,42.107905,31.189288,-1.745985,0.069948,-2.192322
8,1789438024.511657000,0.533498827031,-0.26188176956,0.551859796166,-1.80312555935,-1.14452087517,1.70575811357,1.12717,42.075708,31.463481,-1.739535,0.070892,-2.195368
8,1789438024.516653776,0.533498827031,-0.26188176956,0.551859796166,-1.80312555935,-1.14452087517,1.70575811357,1.141812,42.077831,31.3799,-1.742105,0.068361,-2.195521
8,1789438024.521682978,0.533498827031,-0.26188176956,0.551859796166,-1.80312555935,-1.14452087517,1.70575811357,1.181372,42.070897,31.398491,-1.740713,0.075379,-2.194692
8,1789438024.526766062,0.533498827031,-0.26188176956,0.551859796166,-1.80312555935,-1.14452087517,1.70575811357,1.185545,42.048109,31.243497,-1.74062,0.071971,-2.186809
8,1789438024.531485558,0.533498827031,-0.26188176956,0.551859796166,-1.80312555935,-1.14452087517,1.70575811357,1.172641,42.0096,31.364987,-1.740196,0.069373,-2.186551
8,1789438024.536587715,0.533498827031,-0.26188176956,0.551859796166,-1.80312555935,-1.14452087517,1.70575811357,1.160661,42.024195,31.519632,-1.738219,0.070902,-2.188785
8,1789438024.541727543,0.533498827031,-0.26188176956,0.551859796166,-1.80312555935,-1.14452087517,1.70575811357,1.188743,42.085596,31.409603,-1.742993,0.071133,-2.194026
8,1789438024.546689272,0.533498827031,-0.26188176956,0.551859796166,-1.80312555935,-1.14452087517,1.70575811357,1.205776,42.137379,31.410609,-1.743127,0.071054,-2.199718
8,1789438024.551675320,0.533498827031,-0.26188176956,0.551859796166,-1.80312555935,-1.14452087517,1.70575811357,1.183283,42.140548,31.413122,-1.745276,0.068799,-2.198332
8,1789438024.556649208,0.533498827031,-0.26188176956,0.551859796166,-1.80312555935,-1.14452087517,1.70575811357,1.164916,42.124645,31.402063,-1.74333,0.074551,-2.192711
8,1789438024.561692953,0.533498827031,-0.26188176956,0.551859796166,-1.80312555935,-1.14452087517,1.70575811357,1.129503,42.015313,31.404694,-1.739965,0.068901,-2.191123
8,1789438024.566551447,0.533498827031,-0.26188176956,0.551859796166,-1.80312555935,-1.14452087517,1.70575811357,1.160393,42.029218,31.328629,-1.740038,0.070907,-2.185937
8,1789438024.571604490,0.533498827031,-0.26188176956,0.551859796166,-1.80312555935,-1.14452087517,1.70575811357,1.164913,42.011223,31.521049,-1.737863,0.072332,-2.193712
8,1789438024.576795816,0.533498827031,-0.26188176956,0.551859796166,-1.80312555935,-1.14452087517,1.70575811357,1.23677,42.105179,31.31891,-1.745203,0.07557,-2.198115
8,1789438024.581571579,0.533498827031,-0.26188176956,0.551859796166,-1.80312555935,-1.14452087517,1.70575811357,1.232781,42.126266,31.478356,-1.742772,0.075632,-2.203491
8,1789438024.586688519,0.533498827031,-0.26188176956,0.551859796166,-1.80312555935,-1.14452087517,1.70575811357,1.212177,42.164232,31.470923,-1.746063,0.074017,-2.202621
8,1789438024.591685772,0.533498827031,-0.26188176956,0.551859796166,-1.80312555935,-1.14452087517,1.70575811357,1.122287,42.113829,31.363899,-1.741558,0.070758,-2.193763
8,1789438024.596737862,0.533498827031,-0.26188176956,0.551859796166,-1.80312555935,-1.14452087517,1.70575811357,1.112528,42.050283,31.414661,-1.740751,0.066833,-2.19111
8,1789438024.601498604,0.533498827031,-0.26188176956,0.551859796166,-1.80312555935,-1.14452087517,1.70575811357,1.12343,42.011518,31.57918,-1.738746,0.070508,-2.192427
8,1789438024.606659889,0.533498827031,-0.26188176956,0.551859796166,-1.80312555935,-1.14452087517,1.70575811357,1.19141,42.044011,31.42084,-1.741365,0.072603,-2.192397
8,1789438024.611701250,0.533498827031,-0.26188176956,0.551859796166,-1.80312555935,-1.14452087517,1.70575811357,1.250686,42.120696,31.333206,-1.744566,0.075015,-2.194993
8,1789438024.616498709,0.533498827031,-0.26188176956,0.551859796166,-1.80312555935,-1.14452087517,1.70575811357,1.237969,42.116215,31.193075,-1.743349,0.073114,-2.195596
8,1789438024.621611595,0.533498827031,-0.26188176956,0.551859796166,-1.80312555935,-1.14452087517,1.70575811357,1.185042,42.145555,31.468315,-1.74645,0.070963,-2.198505
8,1789438024.626671314,0.533498827031,-0.26188176956,0.551859796166,-1.80312555935,-1.14452087517,1.70575811357,1.105194,42.070338,31.250318,-1.740931,0.063654,-2.189546
8,1789438024.631460905,0.533498827031,-0.26188176956,0.551859796166,-1.80312555935,-1.14452087517,1.70575811357,1.105112,42.056589,31.378854,-1.745106,0.067745,-2.190066
8,1789438024.636540651,0.533498827031,-0.26188176956,0.551859796166,-1.80312555935,-1.14452087517,1.70575811357,1.125342,42.009224,31.4942,-1.739779,0.066619,-2.193656
8,1789438024.641760349,0.533498827031,-0.26188176956,0.551859796166,-1.80312555935,-1.14452087517,1.70575811357,1.231176,42.075373,31.356594,-1.745569,0.074051,-2.191736
8,1789438024.646703005,0.533498827031,-0.26188176956,0.551859796166,-1.80312555935,-1.14452087517,1.70575811357,1.233295,42.080855,31.424509,-1.744161,0.071429,-2.196333
8,1789438024.651706696,0.533498827031,-0.26188176956,0.551859796166,-1.80312555935,-1.14452087517,1.70575811357,1.197277,42.124559,31.591515,-1.748259,0.06997,-2.196989
8,1789438024.656672955,0.533498827031,-0.26188176956,0.551859796166,-1.80312555935,-1.14452087517,1.70575811357,1.144341,42.095006,31.46469,-1.739788,0.06825,-2.19496
8,1789438024.661682129,0.533498827031,-0.26188176956,0.551859796166,-1.80312555935,-1.14452087517,1.70575811357,1.124956,42.111429,31.329732,-1.745511,0.06592,-2.192245
8,1789438024.666481256,0.533498827031,-0.26188176956,0.551859796166,-1.80312555935,-1.14452087517,1.70575811357,1.105242,42.037609,31.345778,-1.742629,0.067237,-2.193436
8,1789438024.671588182,0.533498827031,-0.26188176956,0.551859796166,-1.80312555935,-1.14452087517,1.70575811357,1.192917,42.10454,31.445835,-1.746132,0.067519,-2.195124
8,1789438024.676609516,0.533498827031,-0.26188176956,0.551859796166,-1.80312555935,-1.14452087517,1.70575811357,1.199804,42.074189,31.276947,-1.74586,0.072001,-2.189315
8,1789438024.681531191,0.533498827031,-0.26188176956,0.551859796166,-1.80312555935,-1.14452087517,1.70575811357,1.201905,42.072377,31.436187,-1.743648,0.070308,-2.194894
8,1789438024.686529636,0.533498827031,-0.26188176956,0.551859796166,-1.80312555935,-1.14452087517,1.70575811357,1.170254,42.085075,31.494199,-1.742631,0.075412,-2.192993
8,1789438024.691671610,0.533498827031,-0.26188176956,0.551859796166,-1.80312555935,-1.14452087517,1.70575811357,1.165564,42.072436,31.422912,-1.740669,0.06691,-2.197946
8,1789438024.696622133,0.533498827031,-0.26188176956,0.551859796166,-1.80312555935,-1.14452087517,1.70575811357,1.175764,42.098856,31.38588,-1.744267,0.071251,-2.197421
8,1789438024.701526642,0.533498827031,-0.26188176956,0.551859796166,-1.80312555935,-1.14452087517,1.70575811357,1.163466,42.104321,31.576004,-1.746391,0.066564,-2.201378
8,1789438024.706581354,0.533498827031,-0.26188176956,0.551859796166,-1.80312555935,-1.14452087517,1.70575811357,1.171739,42.111121,31.40084,-1.743664,0.07111,-2.193815
8,1789438024.711651564,0.533498827031,-0.26188176956,0.551859796166,-1.80312555935,-1.14452087517,1.70575811357,1.158779,42.049803,31.276756,-1.740847,0.070201,-2.189619
8,1789438024.716556787,0.533498827031,-0.26188176956,0.551859796166,-1.80312555935,-1.14452087517,1.70575811357,1.175063,42.04426,31.232781,-1.741011,0.070201,-2.187914
8,1789438024.721637487,0.533498827031,-0.26188176956,0.551859796166,-1.80312555935,-1.14452087517,1.70575811357,1.171336,42.023009,31.504822,-1.739554,0.070321,-2.192416
8,1789438024.726602554,0.533498827031,-0.26188176956,0.551859796166,-1.80312555935,-1.14452087517,1.70575811357,1.21196,42.082869,31.397815,-1.741482,0.073005,-2.195428
8,1789438024.731383324,0.533498827031,-0.26188176956,0.551859796166,-1.80312555935,-1.14452087517,1.70575811357,1.191324,42.114602,31.43209,-1.742326,0.072145,-2.197618
8,1789438024.736535788,0.533498827031,-0.26188176956,0.551859796166,-1.80312555935,-1.14452087517,1.70575811357,1.203518,42.098422,31.28649,-1.744334,0.072087,-2.195378
8,1789438024.741848230,0.533498827031,-0.26188176956,0.551859796166,-1.80312555935,-1.14452087517,1.70575811357,1.18584,42.117257,31.444461,-1.744503,0.072484,-2.201643
8,1789438024.746529341,0.533498827031,-0.26188176956,0.551859796166,-1.80312555935,-1.14452087517,1.70575811357,1.167181,42.144556,31.500229,-1.743522,0.071196,-2.201994
8,1789438024.751451731,0.533498827031,-0.26188176956,0.551859796166,-1.80312555935,-1.14452087517,1.70575811357,1.186163,42.111885,31.375875,-1.742698,0.071724,-2.19791
8,1789438024.756503344,0.533498827031,-0.26188176956,0.551859796166,-1.80312555935,-1.14452087517,1.70575811357,1.150702,42.045746,31.392108,-1.741242,0.070223,-2.193247
8,1789438024.761578798,0.533498827031,-0.26188176956,0.551859796166,-1.80312555935,-1.14452087517,1.70575811357,1.183357,42.045441,31.39724,-1.74164,0.073323,-2.189509
8,1789438024.766515017,0.533498827031,-0.26188176956,0.551859796166,-1.80312555935,-1.14452087517,1.70575811357,1.18372,42.019105,31.391303,-1.739006,0.073376,-2.193283
8,1789438024.771834373,0.533498827031,-0.26188176956,0.551859796166,-1.80312555935,-1.14452087517,1.70575811357,1.207346,42.045426,31.401312,-1.739425,0.073707,-2.192898
8,1789438024.776728868,0.533498827031,-0.26188176956,0.551859796166,-1.80312555935,-1.14452087517,1.70575811357,1.236018,42.10802,31.213316,-1.742256,0.07349,-2.188377
8,1789438024.781629086,0.533498827031,-0.26188176956,0.551859796166,-1.80312555935,-1.14452087517,1.70575811357,1.180475,42.108975,31.485259,-1.741783,0.072407,-2.199306
8,1789438024.786799908,0.533498827031,-0.26188176956,0.551859796166,-1.80312555935,-1.14452087517,1.70575811357,1.164448,42.122242,31.339,-1.744046,0.069778,-2.19188
8,1789438024.791737080,0.533498827031,-0.26188176956,0.551859796166,-1.80312555935,-1.14452087517,1.70575811357,1.10828,42.041228,31.415874,-1.737719,0.068034,-2.190181
8,1789438024.796540499,0.533498827031,-0.26188176956,0.551859796166,-1.80312555935,-1.14452087517,1.70575811357,1.143681,42.042349,31.468456,-1.741311,0.070007,-2.191999
8,1789438024.801568031,0.533498827031,-0.26188176956,0.551859796166,-1.80312555935,-1.14452087517,1.70575811357,1.170116,42.015559,31.373918,-1.737791,0.070332,-2.186755
8,1789438024.806643963,0.533498827031,-0.26188176956,0.551859796166,-1.80312555935,-1.14452087517,1.70575811357,1.2157,42.062785,31.448618,-1.741954,0.073672,-2.192433
8,1789438024.811618805,0.533498827031,-0.26188176956,0.551859796166,-1.80312555935,-1.14452087517,1.70575811357,1.224294,42.09436,31.595356,-1.743498,0.074748,-2.199909
8,1789438024.816400290,0.533498827031,-0.26188176956,0.551859796166,-1.80312555935,-1.14452087517,1.70575811357,1.199089,42.118456,31.451112,-1.744194,0.071596,-2.197394
8,1789438024.821696281,0.533498827031,-0.26188176956,0.551859796166,-1.80312555935,-1.14452087517,1.70575811357,1.133942,42.12323,31.386608,-1.743956,0.067189,-2.19757
8,1789438024.827937603,0.533498827031,-0.26188176956,0.551859796166,-1.80312555935,-1.14452087517,1.70575811357,1.134747,42.066513,31.253526,-1.742996,0.067806,-2.192989
8,1789438024.833283186,0.533498827031,-0.26188176956,0.551859796166,-1.80312555935,-1.14452087517,1.70575811357,1.126814,42.082998,31.443465,-1.743568,0.068518,-2.196538
8,1789438024.836845875,0.533498827031,-0.26188176956,0.551859796166,-1.80312555935,-1.14452087517,1.70575811357,1.142607,42.046482,31.304228,-1.741854,0.071134,-2.189781
8,1789438024.843791008,0.533498827031,-0.26188176956,0.551859796166,-1.80312555935,-1.14452087517,1.70575811357,1.230686,42.078408,31.408292,-1.74807,0.07629,-2.194157
8,1789438024.846564293,0.533498827031,-0.26188176956,0.551859796166,-1.80312555935,-1.14452087517,1.70575811357,1.196632,42.070374,31.525662,-1.742699,0.070658,-2.203266
8,1789438024.851466656,0.533498827031,-0.26188176956,0.551859796166,-1.80312555935,-1.14452087517,1.70575811357,1.204676,42.137524,31.356421,-1.747952,0.07386,-2.198269
8,1789438024.856473923,0.533498827031,-0.26188176956,0.551859796166,-1.80312555935,-1.14452087517,1.70575811357,1.142278,42.094615,31.384708,-1.745279,0.064853,-2.198897
8,1789438024.861476660,0.533498827031,-0.26188176956,0.551859796166,-1.80312555935,-1.14452087517,1.70575811357,1.134267,42.11657,31.587664,-1.747667,0.065916,-2.19998
8,1789438024.868067741,0.533498827031,-0.26188176956,0.551859796166,-1.80312555935,-1.14452087517,1.70575811357,1.12606,42.069965,31.422791,-1.741616,0.067969,-2.191829
8,1789438024.871969938,0.533498827031,-0.26188176956,0.551859796166,-1.80312555935,-1.14452087517,1.70575811357,1.186185,42.06496,31.350818,-1.744119,0.068634,-2.190041
8,1789438024.876494646,0.533498827031,-0.26188176956,0.551859796166,-1.80312555935,-1.14452087517,1.70575811357,1.217514,42.041812,31.36776,-1.745024,0.072571,-2.190525
8,1789438024.881277323,0.533498827031,-0.26188176956,0.551859796166,-1.80312555935,-1.14452087517,1.70575811357,1.202076,42.046197,31.475084,-1.739731,0.070692,-2.193666
8,1789438024.886556625,0.533498827031,-0.26188176956,0.551859796166,-1.80312555935,-1.14452087517,1.70575811357,1.170975,42.091059,31.289421,-1.742843,0.069658,-2.187662
8,1789438024.891670942,0.533498827031,-0.26188176956,0.551859796166,-1.80312555935,-1.14452087517,1.70575811357,1.155214,42.058293,31.449572,-1.740978,0.067874,-2.192501
8,1789438024.896525860,0.533498827031,-0.26188176956,0.551859796166,-1.80312555935,-1.14452087517,1.70575811357,1.123199,42.110338,31.48378,-1.741974,0.068344,-2.1947
8,1789438024.901316881,0.533498827031,-0.26188176956,0.551859796166,-1.80312555935,-1.14452087517,1.70575811357,1.129656,42.087773,31.368924,-1.740577,0.066743,-2.1908
8,1789438024.906466722,0.533498827031,-0.26188176956,0.551859796166,-1.80312555935,-1.14452087517,1.70575811357,1.187267,42.064068,31.396154,-1.74446,0.069902,-2.190659
8,1789438024.911529064,0.533498827031,-0.26188176956,0.551859796166,-1.80312555935,-1.14452087517,1.70575811357,1.174772,42.037324,31.613797,-1.741168,0.07133,-2.19409
8,1789438024.916425705,0.533498827031,-0.26188176956,0.551859796166,-1.80312555935,-1.14452087517,1.70575811357,1.186197,42.034342,31.407619,-1.739643,0.07308,-2.188801
8,1789438024.921421051,0.533498827031,-0.26188176956,0.551859796166,-1.80312555935,-1.14452087517,1.70575811357,1.1845,42.041876,31.348288,-1.741404,0.070923,-2.191356
8,1789438024.926519156,0.533498827031,-0.26188176956,0.551859796166,-1.80312555935,-1.14452087517,1.70575811357,1.187588,42.104401,31.393624,-1.743514,0.072447,-2.198336
8,1789438024.931303978,0.533498827031,-0.26188176956,0.551859796166,-1.80312555935,-1.14452087517,1.70575811357,1.167719,42.156158,31.50024,-1.743896,0.073374,-2.201797
8,1789438024.936455488,0.533498827031,-0.26188176956,0.551859796166,-1.80312555935,-1.14452087517,1.70575811357,1.17478,42.15737,31.384397,-1.747436,0.0734,-2.198414
8,1789438024.941513062,0.533498827031,-0.26188176956,0.551859796166,-1.80312555935,-1.14452087517,1.70575811357,1.136671,42.1227,31.372822,-1.743961,0.068989,-2.200293
8,1789438024.946452618,0.533498827031,-0.26188176956,0.551859796166,-1.80312555935,-1.14452087517,1.70575811357,1.1493,42.12107,31.413441,-1.741133,0.071397,-2.191734
8,1789438024.951297283,0.533498827031,-0.26188176956,0.551859796166,-1.80312555935,-1.14452087517,1.70575811357,1.120082,42.069992,31.369849,-1.742887,0.070315,-2.189673
8,1789438024.956429005,0.533498827031,-0.26188176956,0.551859796166,-1.80312555935,-1.14452087517,1.70575811357,1.126694,42.021848,31.377524,-1.737873,0.068945,-2.190703
8,1789438024.961437225,0.533498827031,-0.26188176956,0.551859796166,-1.80312555935,-1.14452087517,1.70575811357,1.149324,42.038147,31.393447,-1.740769,0.070261,-2.192335
8,1789438024.966264009,0.533498827031,-0.26188176956,0.551859796166,-1.80312555935,-1.14452087517,1.70575811357,1.216652,42.078433,31.409878,-1.741921,0.072711,-2.193623
8,1789438024.971447468,0.533498827031,-0.26188176956,0.551859796166,-1.80312555935,-1.14452087517,1.70575811357,1.213054,42.108969,31.605135,-1.744108,0.074795,-2.19967
8,1789438024.976475954,0.533498827031,-0.26188176956,0.551859796166,-1.80312555935,-1.14452087517,1.70575811357,1.203622,42.125494,31.435236,-1.744362,0.073497,-2.195427
8,1789438024.981480360,0.533498827031,-0.26188176956,0.551859796166,-1.80312555935,-1.14452087517,1.70575811357,1.176955,42.095583,31.365271,-1.74404,0.068438,-2.19295
8,1789438024.986694336,0.533498827031,-0.26188176956,0.551859796166,-1.80312555935,-1.14452087517,1.70575811357,1.126272,42.042269,31.276061,-1.742897,0.066551,-2.190441
8,1789438024.991445303,0.533498827031,-0.26188176956,0.551859796166,-1.80312555935,-1.14452087517,1.70575811357,1.144266,42.023325,31.439621,-1.741428,0.068377,-2.192685
8,1789438024.996398449,0.533498827031,-0.26188176956,0.551859796166,-1.80312555935,-1.14452087517,1.70575811357,1.142221,42.047501,31.286842,-1.742158,0.069849,-2.189129
8,1789438025.001317739,0.533498827031,-0.26188176956,0.551859796166,-1.80312555935,-1.14452087517,1.70575811357,1.207801,42.057985,31.43051,-1.740429,0.074775,-2.191986
8,1789438025.006378174,0.533498827031,-0.26188176956,0.551859796166,-1.80312555935,-1.14452087517,1.70575811357,1.2169,42.117088,31.525301,-1.744254,0.075237,-2.197115
8,1789438025.011472464,0.533498827031,-0.26188176956,0.551859796166,-1.80312555935,-1.14452087517,1.70575811357,1.184808,42.117036,31.415781,-1.742902,0.072653,-2.196069
8,1789438025.016358137,0.533498827031,-0.26188176956,0.551859796166,-1.80312555935,-1.14452087517,1.70575811357,1.16282,42.117849,31.415747,-1.744124,0.07316,-2.196039
8,1789438025.021505356,0.533498827031,-0.26188176956,0.551859796166,-1.80312555935,-1.14452087517,1.70575811357,1.104718,42.068448,31.596284,-1.742247,0.065921,-2.200273
8,1789438025.026453257,0.533498827031,-0.26188176956,0.551859796166,-1.80312555935,-1.14452087517,1.70575811357,1.105563,42.086866,31.410959,-1.742797,0.067505,-2.193625
8,1789438025.031271696,0.533498827031,-0.26188176956,0.551859796166,-1.80312555935,-1.14452087517,1.70575811357,1.148307,42.051043,31.399072,-1.742742,0.069693,-2.188762
8,1789438025.036438465,0.533498827031,-0.26188176956,0.551859796166,-1.80312555935,-1.14452087517,1.70575811357,1.2079,42.07155,31.447314,-1.744641,0.073299,-2.193341
8,1789438025.041683912,0.533498827031,-0.26188176956,0.551859796166,-1.80312555935,-1.14452087517,1.70575811357,1.204851,42.063442,31.494166,-1.742238,0.074104,-2.193024
8,1789438025.046632051,0.533498827031,-0.26188176956,0.551859796166,-1.80312555935,-1.14452087517,1.70575811357,1.19999,42.088236,31.317576,-1.742945,0.073822,-2.193075
8,1789438025.051541328,0.533498827031,-0.26188176956,0.551859796166,-1.80312555935,-1.14452087517,1.70575811357,1.125227,42.078558,31.396612,-1.742058,0.066167,-2.197023
8,1789438025.056554556,0.533498827031,-0.26188176956,0.551859796166,-1.80312555935,-1.14452087517,1.70575811357,1.129553,42.113097,31.478647,-1.744825,0.067675,-2.198098
8,1789438025.061650991,0.533498827031,-0.26188176956,0.551859796166,-1.80312555935,-1.14452087517,1.70575811357,1.11813,42.107873,31.362369,-1.742339,0.067559,-2.195084
8,1789438025.066415310,0.533498827031,-0.26188176956,0.551859796166,-1.80312555935,-1.14452087517,1.70575811357,1.158661,42.08999,31.385264,-1.744123,0.070702,-2.191773
8,1789438025.071649075,0.533498827031,-0.26188176956,0.551859796166,-1.80312555935,-1.14452087517,1.70575811357,1.200257,42.051353,31.560063,-1.743793,0.075701,-2.192253
8,1789438025.076734066,0.533498827031,-0.26188176956,0.551859796166,-1.80312555935,-1.14452087517,1.70575811357,1.196589,42.041456,31.400973,-1.740144,0.071755,-2.193317
8,1789438025.081602097,0.533498827031,-0.26188176956,0.551859796166,-1.80312555935,-1.14452087517,1.70575811357,1.168378,42.05162,31.377102,-1.74308,0.072381,-2.190641
8,1789438025.086632013,0.533498827031,-0.26188176956,0.551859796166,-1.80312555935,-1.14452087517,1.70575811357,1.134584,42.080239,31.513449,-1.742998,0.069091,-2.199362
8,1789438025.092799187,0.533498827031,-0.26188176956,0.551859796166,-1.80312555935,-1.14452087517,1.70575811357,1.129748,42.126912,31.43138,-1.744505,0.068021,-2.19863
8,1789438025.097124100,0.533498827031,-0.26188176956,0.551859796166,-1.80312555935,-1.14452087517,1.70575811357,1.188232,42.133008,31.249727,-1.74642,0.070361,-2.195445
8,1789438025.101745605,0.533498827031,-0.26188176956,0.551859796166,-1.80312555935,-1.14452087517,1.70575811357,1.189556,42.098895,31.358966,-1.746558,0.070391,-2.196823
8,1789438025.107043266,0.533498827031,-0.26188176956,0.551859796166,-1.80312555935,-1.14452087517,1.70575811357,1.162078,42.05816,31.49699,-1.742281,0.070661,-2.191571
8,1789438025.112126112,0.533498827031,-0.26188176956,0.551859796166,-1.80312555935,-1.14452087517,1.70575811357,1.17536,42.005016,31.323633,-1.740281,0.074497,-2.188655
8,1789438025.116943836,0.533498827031,-0.26188176956,0.551859796166,-1.80312555935,-1.14452087517,1.70575811357,1.146174,42.036938,31.399435,-1.741433,0.069614,-2.194561
8,1789438025.122490883,0.533498827031,-0.26188176956,0.551859796166,-1.80312555935,-1.14452087517,1.70575811357,1.147941,42.111788,31.589032,-1.744884,0.071671,-2.198443
8,1789438025.126795530,0.533498827031,-0.26188176956,0.551859796166,-1.80312555935,-1.14452087517,1.70575811357,1.189567,42.158074,31.42725,-1.743266,0.069922,-2.201251
8,1789438025.131488800,0.533498827031,-0.26188176956,0.551859796166,-1.80312555935,-1.14452087517,1.70575811357,1.202676,42.138166,31.404272,-1.746972,0.07297,-2.197515
8,1789438025.136826038,0.533498827031,-0.26188176956,0.551859796166,-1.80312555935,-1.14452087517,1.70575811357,1.156252,42.074152,31.396074,-1.742865,0.071693,-2.190612
8,1789438025.141940594,0.533498827031,-0.26188176956,0.551859796166,-1.80312555935,-1.14452087517,1.70575811357,1.149387,42.039317,31.429122,-1.739789,0.069665,-2.187345
8,1789438025.146662951,0.533498827031,-0.26188176956,0.551859796166,-1.80312555935,-1.14452087517,1.70575811357,1.089753,41.983352,31.385306,-1.73546,0.067606,-2.185627
8,1789438025.151582003,0.533498827031,-0.26188176956,0.551859796166,-1.80312555935,-1.14452087517,1.70575811357,1.157931,42.020644,31.406197,-1.739898,0.071549,-2.189849
8,1789438025.156595469,0.533498827031,-0.26188176956,0.551859796166,-1.80312555935,-1.14452087517,1.70575811357,1.166247,42.059174,31.379098,-1.742264,0.071299,-2.189511
8,1789438025.161616087,0.533498827031,-0.26188176956,0.551859796166,-1.80312555935,-1.14452087517,1.70575811357,1.146,42.001902,31.377387,-1.739334,0.070202,-2.190509
8,1789438025.166494608,0.533498827031,-0.26188176956,0.551859796166,-1.80312555935,-1.14452087517,1.70575811357,1.14416,42.024135,31.455199,-1.739791,0.068566,-2.194671
8,1789438025.172166824,0.533498827031,-0.26188176956,0.551859796166,-1.80312555935,-1.14452087517,1.70575811357,1.176927,42.086138,31.346542,-1.743925,0.070483,-2.192752
8,1789438025.176813841,0.533498827031,-0.26188176956,0.551859796166,-1.80312555935,-1.14452087517,1.70575811357,1.211699,42.173188,31.428624,-1.747808,0.071059,-2.20022
8,1789438025.181695938,0.533498827031,-0.26188176956,0.551859796166,-1.80312555935,-1.14452087517,1.70575811357,1.201129,42.159129,31.564665,-1.747132,0.072983,-2.202237
8,1789438025.186798573,0.533498827031,-0.26188176956,0.551859796166,-1.80312555935,-1.14452087517,1.70575811357,1.149728,42.073844,31.404484,-1.741897,0.069448,-2.191466
8,1789438025.191606045,0.533498827031,-0.26188176956,0.551859796166,-1.80312555935,-1.14452087517,1.70575811357,1.115026,41.98152,31.357079,-1.736844,0.068145,-2.185724
8,1789438025.196512938,0.533498827031,-0.26188176956,0.551859796166,-1.80312555935,-1.14452087517,1.70575811357,1.166294,41.976262,31.464873,-1.738676,0.071966,-2.187708
8,1789438025.201402426,0.533498827031,-0.26188176956,0.551859796166,-1.80312555935,-1.14452087517,1.70575811357,1.167329,42.006401,31.485478,-1.73572,0.072457,-2.192629
8,1789438025.206599712,0.533498827031,-0.26188176956,0.551859796166,-1.80312555935,-1.14452087517,1.70575811357,1.223861,42.141436,31.281659,-1.743714,0.075023,-2.192345
8,1789438025.211579800,0.533498827031,-0.26188176956,0.551859796166,-1.80312555935,-1.14452087517,1.70575811357,1.220455,42.162388,31.428483,-1.74516,0.07363,-2.199998
8,1789438025.216365576,0.533498827031,-0.26188176956,0.551859796166,-1.80312555935,-1.14452087517,1.70575811357,1.179112,42.144413,31.511705,-1.74485,0.070182,-2.200658
8,1789438025.221676826,0.533498827031,-0.26188176956,0.551859796166,-1.80312555935,-1.14452087517,1.70575811357,1.129237,42.062361,31.323625,-1.740822,0.069929,-2.189509
8,1789438025.226636887,0.533498827031,-0.26188176956,0.551859796166,-1.80312555935,-1.14452087517,1.70575811357,1.106873,42.005298,31.381149,-1.737894,0.067755,-2.188395
8,1789438025.231514215,0.533498827031,-0.26188176956,0.551859796166,-1.80312555935,-1.14452087517,1.70575811357,1.1557,42.004543,31.562862,-1.737352,0.074003,-2.190495
8,1789438025.236651659,0.533498827031,-0.26188176956,0.551859796166,-1.80312555935,-1.14452087517,1.70575811357,1.205096,42.057463,31.434461,-1.74043,0.074123,-2.195558
8,1789438025.241828203,0.533498827031,-0.26188176956,0.551859796166,-1.80312555935,-1.14452087517,1.70575811357,1.233522,42.163518,31.422134,-1.747735,0.07738,-2.197603
8,1789438025.246546268,0.533498827031,-0.26188176956,0.551859796166,-1.80312555935,-1.14452087517,1.70575811357,1.227573,42.17247,31.601971,-1.744929,0.075325,-2.208074
8,1789438025.251494884,0.533498827031,-0.26188176956,0.551859796166,-1.80312555935,-1.14452087517,1.70575811357,1.154531,42.180266,31.432389,-1.746228,0.069425,-2.204132
8,1789438025.256435156,0.533498827031,-0.26188176956,0.551859796166,-1.80312555935,-1.14452087517,1.70575811357,1.090988,42.077586,31.237093,-1.741679,0.068591,-2.191594
8,1789438025.261541367,0.533498827031,-0.26188176956,0.551859796166,-1.80312555935,-1.14452087517,1.70575811357,1.107042,42.042369,31.31919,-1.744778,0.068851,-2.192384
8,1789438025.266359329,0.533498827031,-0.26188176956,0.551859796166,-1.80312555935,-1.14452087517,1.70575811357,1.148373,42.044231,31.513098,-1.739335,0.071733,-2.193063
8,1789438025.271442175,0.533498827031,-0.26188176956,0.551859796166,-1.80312555935,-1.14452087517,1.70575811357,1.232308,42.081761,31.316719,-1.745093,0.075316,-2.193375
8,1789438025.276549339,0.533498827031,-0.26188176956,0.551859796166,-1.80312555935,-1.14452087517,1.70575811357,1.22807,42.114207,31.421263,-1.747889,0.074834,-2.198199
8,1789438025.281356335,0.533498827031,-0.26188176956,0.551859796166,-1.80312555935,-1.14452087517,1.70575811357,1.180525,42.122984,31.63154,-1.745665,0.071105,-2.201147
8,1789438025.286396742,0.533498827031,-0.26188176956,0.551859796166,-1.80312555935,-1.14452087517,1.70575811357,1.171305,42.128666,31.415131,-1.746176,0.06688,-2.197168
8,1789438025.291634321,0.533498827031,-0.26188176956,0.551859796166,-1.80312555935,-1.14452087517,1.70575811357,1.108908,42.078124,31.359677,-1.74302,0.064115,-2.190989
8,1789438025.296575785,0.533498827031,-0.26188176956,0.551859796166,-1.80312555935,-1.14452087517,1.70575811357,1.110624,42.043087,31.356189,-1.742538,0.064849,-2.186924
8,1789438025.301492929,0.533498827031,-0.26188176956,0.551859796166,-1.80312555935,-1.14452087517,1.70575811357,1.158813,42.048755,31.431019,-1.743791,0.069994,-2.186052
8,1789438025.306595802,0.533498827031,-0.26188176956,0.551859796166,-1.80312555935,-1.14452087517,1.70575811357,1.200663,42.071969,31.389913,-1.742375,0.070297,-2.188673
8,1789438025.311590195,0.533498827031,-0.26188176956,0.551859796166,-1.80312555935,-1.14452087517,1.70575811357,1.218009,42.080934,31.33496,-1.74253,0.070438,-2.188124
8,1789438025.316544056,0.533498827031,-0.26188176956,0.551859796166,-1.80312555935,-1.14452087517,1.70575811357,1.18255,42.078758,31.529157,-1.742178,0.068884,-2.195163
8,1789438025.321652412,0.533498827031,-0.26188176956,0.551859796166,-1.80312555935,-1.14452087517,1.70575811357,1.1551,42.09767,31.322106,-1.742008,0.069285,-2.190724
8,1789438025.326591253,0.533498827031,-0.26188176956,0.551859796166,-1.80312555935,-1.14452087517,1.70575811357,1.146253,42.07536,31.373664,-1.742506,0.066227,-2.193733
8,1789438025.331388235,0.533498827031,-0.26188176956,0.551859796166,-1.80312555935,-1.14452087517,1.70575811357,1.161101,42.067408,31.531107,-1.744981,0.067189,-2.193995
8,1789438025.336557865,0.533498827031,-0.26188176956,0.551859796166,-1.80312555935,-1.14452087517,1.70575811357,1.136,42.061138,31.378469,-1.741195,0.068119,-2.190331
8,1789438025.341723919,0.533498827031,-0.26188176956,0.551859796166,-1.80312555935,-1.14452087517,1.70575811357,1.164633,42.071535,31.377133,-1.744881,0.070781,-2.190883
8,1789438025.346490383,0.533498827031,-0.26188176956,0.551859796166,-1.80312555935,-1.14452087517,1.70575811357,1.198426,42.046814,31.568779,-1.742272,0.073759,-2.198936
8,1789438025.351485491,0.533498827031,-0.26188176956,0.551859796166,-1.80312555935,-1.14452087517,1.70575811357,1.210036,42.081018,31.494703,-1.742159,0.073806,-2.198878
8,1789438025.356513262,0.533498827031,-0.26188176956,0.551859796166,-1.80312555935,-1.14452087517,1.70575811357,1.208413,42.111983,31.278455,-1.744027,0.074892,-2.194306
8,1789438025.361613750,0.533498827031,-0.26188176956,0.551859796166,-1.80312555935,-1.14452087517,1.70575811357,1.166439,42.107824,31.342401,-1.742751,0.071803,-2.195452
8,1789438025.366497755,0.533498827031,-0.26188176956,0.551859796166,-1.80312555935,-1.14452087517,1.70575811357,1.204799,42.140899,31.278499,-1.745951,0.071616,-2.194775
8,1789438025.371612072,0.533498827031,-0.26188176956,0.551859796166,-1.80312555935,-1.14452087517,1.70575811357,1.152393,42.138267,31.329005,-1.743642,0.068961,-2.198607
8,1789438025.376671314,0.533498827031,-0.26188176956,0.551859796166,-1.80312555935,-1.14452087517,1.70575811357,1.140166,42.124542,31.477688,-1.743287,0.069619,-2.198581
8,1789438025.381631851,0.533498827031,-0.26188176956,0.551859796166,-1.80312555935,-1.14452087517,1.70575811357,1.132505,42.098474,31.319961,-1.741611,0.070361,-2.192034
8,1789438025.386744022,0.533498827031,-0.26188176956,0.551859796166,-1.80312555935,-1.14452087517,1.70575811357,1.152452,42.045165,31.408444,-1.741575,0.071483,-2.19458
8,1789438025.392284393,0.533498827031,-0.26188176956,0.551859796166,-1.80312555935,-1.14452087517,1.70575811357,1.190387,42.060284,31.52558,-1.74194,0.076487,-2.196545
8,1789438025.396721125,0.533498827031,-0.26188176956,0.551859796166,-1.80312555935,-1.14452087517,1.70575811357,1.178381,42.0771,31.449754,-1.740885,0.074898,-2.197756
8,1789438025.401452065,0.533498827031,-0.26188176956,0.551859796166,-1.80312555935,-1.14452087517,1.70575811357,1.21412,42.113075,31.435481,-1.743674,0.077549,-2.200829
8,1789438025.406716585,0.533498827031,-0.26188176956,0.551859796166,-1.80312555935,-1.14452087517,1.70575811357,1.171875,42.119536,31.565687,-1.743126,0.071346,-2.207706
8,1789438025.411691666,0.533498827031,-0.26188176956,0.551859796166,-1.80312555935,-1.14452087517,1.70575811357,1.145628,42.145312,31.399791,-1.746039,0.070964,-2.200768
8,1789438025.416539669,0.533498827031,-0.26188176956,0.551859796166,-1.80312555935,-1.14452087517,1.70575811357,1.139008,42.080691,31.426669,-1.739765,0.071904,-2.195007
8,1789438025.421695232,0.533498827031,-0.26188176956,0.551859796166,-1.80312555935,-1.14452087517,1.70575811357,1.179729,42.044094,31.345177,-1.740685,0.073249,-2.193155
8,1789438025.426864624,0.533498827031,-0.26188176956,0.551859796166,-1.80312555935,-1.14452087517,1.70575811357,1.172449,42.020662,31.504385,-1.740247,0.072515,-2.192432
8,1789438025.431622505,0.533498827031,-0.26188176956,0.551859796166,-1.80312555935,-1.14452087517,1.70575811357,1.207423,42.057366,31.313541,-1.74206,0.073866,-2.189469
8,1789438025.436731577,0.533498827031,-0.26188176956,0.551859796166,-1.80312555935,-1.14452087517,1.70575811357,1.180538,42.082129,31.447645,-1.741443,0.071129,-2.193494
8,1789438025.441810369,0.533498827031,-0.26188176956,0.551859796166,-1.80312555935,-1.14452087517,1.70575811357,1.192119,42.115556,31.544046,-1.743281,0.071565,-2.197463
8,1789438025.446662903,0.533498827031,-0.26188176956,0.551859796166,-1.80312555935,-1.14452087517,1.70575811357,1.158388,42.107221,31.401686,-1.742765,0.068653,-2.193542
8,1789438025.451668262,0.533498827031,-0.26188176956,0.551859796166,-1.80312555935,-1.14452087517,1.70575811357,1.153477,42.064596,31.381058,-1.742454,0.066602,-2.188795
8,1789438025.456461430,0.533498827031,-0.26188176956,0.551859796166,-1.80312555935,-1.14452087517,1.70575811357,1.129756,42.039296,31.538967,-1.742344,0.065703,-2.188938
8,1789438025.461671352,0.533498827031,-0.26188176956,0.551859796166,-1.80312555935,-1.14452087517,1.70575811357,1.143099,42.023562,31.423543,-1.741439,0.067251,-2.185079
8,1789438025.466397285,0.533498827031,-0.26188176956,0.551859796166,-1.80312555935,-1.14452087517,1.70575811357,1.178952,42.062203,31.273182,-1.740944,0.068773,-2.186083
8,1789438025.471610546,0.533498827031,-0.26188176956,0.551859796166,-1.80312555935,-1.14452087517,1.70575811357,1.2142,42.083597,31.397118,-1.742774,0.072554,-2.189837
8,1789438025.476737976,0.533498827031,-0.26188176956,0.551859796166,-1.80312555935,-1.14452087517,1.70575811357,1.18694,42.111828,31.571534,-1.743676,0.072243,-2.19764
8,1789438025.481585264,0.533498827031,-0.26188176956,0.551859796166,-1.80312555935,-1.14452087517,1.70575811357,1.168221,42.130828,31.323075,-1.743846,0.070441,-2.196181
8,1789438025.486621857,0.533498827031,-0.26188176956,0.551859796166,-1.80312555935,-1.14452087517,1.70575811357,1.124843,42.110702,31.423534,-1.746162,0.06669,-2.197721
8,1789438025.491868258,0.533498827031,-0.26188176956,0.551859796166,-1.80312555935,-1.14452087517,1.70575811357,1.119489,42.101397,31.553028,-1.746368,0.066453,-2.198187
8,1789438025.496543407,0.533498827031,-0.26188176956,0.551859796166,-1.80312555935,-1.14452087517,1.70575811357,1.141719,42.063572,31.408451,-1.742433,0.068384,-2.195017
8,1789438025.501590014,0.533498827031,-0.26188176956,0.551859796166,-1.80312555935,-1.14452087517,1.70575811357,1.184042,42.08421,31.360301,-1.747517,0.073857,-2.195473
8,1789438025.506658077,0.533498827031,-0.26188176956,0.551859796166,-1.80312555935,-1.14452087517,1.70575811357,1.214861,42.063059,31.602459,-1.744519,0.072638,-2.201411
8,1789438025.511668921,0.533498827031,-0.26188176956,0.551859796166,-1.80312555935,-1.14452087517,1.70575811357,1.206309,42.098601,31.44163,-1.745302,0.073314,-2.197191
8,1789438025.516489506,0.533498827031,-0.26188176956,0.551859796166,-1.80312555935,-1.14452087517,1.70575811357,1.188784,42.115568,31.266268,-1.745837,0.073883,-2.196314
8,1789438025.521565199,0.533498827031,-0.26188176956,0.551859796166,-1.80312555935,-1.14452087517,1.70575811357,1.150417,42.112481,31.369065,-1.743597,0.06609,-2.196933
8,1789438025.526658535,0.533498827031,-0.26188176956,0.551859796166,-1.80312555935,-1.14452087517,1.70575811357,1.126127,42.10875,31.483395,-1.74427,0.069949,-2.194727
8,1789438025.531497955,0.533498827031,-0.26188176956,0.551859796166,-1.80312555935,-1.14452087517,1.70575811357,1.12378,42.049619,31.302795,-1.740141,0.066586,-2.191286
8,1789438025.536553621,0.533498827031,-0.26188176956,0.551859796166,-1.80312555935,-1.14452087517,1.70575811357,1.169432,42.064919,31.402132,-1.742447,0.073997,-2.19242
8,1789438025.541754723,0.533498827031,-0.26188176956,0.551859796166,-1.80312555935,-1.14452087517,1.70575811357,1.187124,42.055166,31.575073,-1.740774,0.07397,-2.194873
8,1789438025.546695232,0.533498827031,-0.26188176956,0.551859796166,-1.80312555935,-1.14452087517,1.70575811357,1.200523,42.086931,31.435623,-1.741692,0.075979,-2.18865
8,1789438025.551468849,0.533498827031,-0.26188176956,0.551859796166,-1.80312555935,-1.14452087517,1.70575811357,1.167746,42.07005,31.431073,-1.736528,0.071785,-2.192108
8,1789438025.556590796,0.533498827031,-0.26188176956,0.551859796166,-1.80312555935,-1.14452087517,1.70575811357,1.174608,42.098124,31.125209,-1.742669,0.071075,-2.191505
8,1789438025.561625719,0.533498827031,-0.26188176956,0.551859796166,-1.80312555935,-1.14452087517,1.70575811357,1.121848,42.106399,31.417295,-1.740129,0.065808,-2.195884
8,1789438025.566500664,0.533498827031,-0.26188176956,0.551859796166,-1.80312555935,-1.14452087517,1.70575811357,1.144435,42.089201,31.275483,-1.742816,0.071026,-2.190551
8,1789438025.571659565,0.533498827031,-0.26188176956,0.551859796166,-1.80312555935,-1.14452087517,1.70575811357,1.158835,42.04853,31.284794,-1.740225,0.071678,-2.190283
8,1789438025.576700687,0.533498827031,-0.26188176956,0.551859796166,-1.80312555935,-1.14452087517,1.70575811357,1.124518,42.085503,31.273963,-1.745118,0.069848,-2.191641
8,1789438025.581534386,0.533498827031,-0.26188176956,0.551859796166,-1.80312555935,-1.14452087517,1.70575811357,1.164472,42.058667,31.20309,-1.740975,0.07098,-2.189078
8,1789438025.586531878,0.533498827031,-0.26188176956,0.551859796166,-1.80312555935,-1.14452087517,1.70575811357,1.210768,42.049234,31.541176,-1.742568,0.076935,-2.192296
8,1789438025.591887474,0.533498827031,-0.26188176956,0.551859796166,-1.80312555935,-1.14452087517,1.70575811357,1.216862,42.04916,31.303419,-1.739683,0.074395,-2.189928
8,1789438025.596642256,0.533498827031,-0.26188176956,0.551859796166,-1.80312555935,-1.14452087517,1.70575811357,1.209469,42.082132,31.382298,-1.746025,0.070125,-2.193665
8,1789438025.601505280,0.533498827031,-0.26188176956,0.551859796166,-1.80312555935,-1.14452087517,1.70575811357,1.147857,42.050166,31.57182,-1.740826,0.066052,-2.197895
8,1789438025.606600046,0.533498827031,-0.26188176956,0.551859796166,-1.80312555935,-1.14452087517,1.70575811357,1.127388,42.094419,31.410912,-1.741387,0.06588,-2.193881
8,1789438025.611641645,0.533498827031,-0.26188176956,0.551859796166,-1.80312555935,-1.14452087517,1.70575811357,1.127573,42.095956,31.385985,-1.742955,0.069738,-2.191484
8,1789438025.616457462,0.533498827031,-0.26188176956,0.551859796166,-1.80312555935,-1.14452087517,1.70575811357,1.177301,42.088028,31.566234,-1.742596,0.07046,-2.195121
8,1789438025.621604443,0.533498827031,-0.26188176956,0.551859796166,-1.80312555935,-1.14452087517,1.70575811357,1.183334,42.080963,31.420784,-1.744069,0.071775,-2.186608
8,1789438025.626659155,0.533498827031,-0.26188176956,0.551859796166,-1.80312555935,-1.14452087517,1.70575811357,1.167562,42.020262,31.274012,-1.736706,0.071298,-2.185104
8,1789438025.631491899,0.533498827031,-0.26188176956,0.551859796166,-1.80312555935,-1.14452087517,1.70575811357,1.181393,42.043357,31.296596,-1.74071,0.074292,-2.188302
8,1789438025.636486292,0.533498827031,-0.26188176956,0.551859796166,-1.80312555935,-1.14452087517,1.70575811357,1.17209,42.065962,31.516298,-1.741473,0.069343,-2.197387
8,1789438025.641532183,0.533498827031,-0.26188176956,0.551859796166,-1.80312555935,-1.14452087517,1.70575811357,1.181053,42.109631,31.296044,-1.745329,0.069638,-2.195553
8,1789438025.646375656,0.533498827031,-0.26188176956,0.551859796166,-1.80312555935,-1.14452087517,1.70575811357,1.156376,42.130593,31.43049,-1.746729,0.07018,-2.198935
8,1789438025.651337385,0.533498827031,-0.26188176956,0.551859796166,-1.80312555935,-1.14452087517,1.70575811357,1.146775,42.091941,31.532174,-1.743398,0.070632,-2.199157
8,1789438025.656465292,0.533498827031,-0.26188176956,0.551859796166,-1.80312555935,-1.14452087517,1.70575811357,1.1274,42.045179,31.35782,-1.742818,0.07094,-2.191248
8,1789438025.661465883,0.533498827031,-0.26188176956,0.551859796166,-1.80312555935,-1.14452087517,1.70575811357,1.144474,42.026948,31.386018,-1.742629,0.070577,-2.190992
8,1789438025.666369200,0.533498827031,-0.26188176956,0.551859796166,-1.80312555935,-1.14452087517,1.70575811357,1.161203,42.076257,31.608148,-1.741523,0.073807,-2.197718
8,1789438025.671495438,0.533498827031,-0.26188176956,0.551859796166,-1.80312555935,-1.14452087517,1.70575811357,1.197803,42.109204,31.469743,-1.743106,0.073477,-2.197134
8,1789438025.676481009,0.533498827031,-0.26188176956,0.551859796166,-1.80312555935,-1.14452087517,1.70575811357,1.207607,42.148871,31.248139,-1.747062,0.071555,-2.196408
8,1789438025.681268454,0.533498827031,-0.26188176956,0.551859796166,-1.80312555935,-1.14452087517,1.70575811357,1.184683,42.158551,31.2926,-1.746468,0.071144,-2.197875
8,1789438025.686413527,0.533498827031,-0.26188176956,0.551859796166,-1.80312555935,-1.14452087517,1.70575811357,1.140519,42.098367,31.479245,-1.744541,0.067446,-2.19765
8,1789438025.691971779,0.533498827031,-0.26188176956,0.551859796166,-1.80312555935,-1.14452087517,1.70575811357,1.096033,42.046975,31.250713,-1.743373,0.066124,-2.188858
8,1789438025.696622610,0.533498827031,-0.26188176956,0.551859796166,-1.80312555935,-1.14452087517,1.70575811357,1.130138,42.034525,31.386915,-1.740813,0.070328,-2.190512
8,1789438025.701477528,0.533498827031,-0.26188176956,0.551859796166,-1.80312555935,-1.14452087517,1.70575811357,1.15443,42.018037,31.577576,-1.739299,0.073111,-2.193184
8,1789438025.706677437,0.533498827031,-0.26188176956,0.551859796166,-1.80312555935,-1.14452087517,1.70575811357,1.230703,42.115487,31.399928,-1.743349,0.076937,-2.193736
8,1789438025.711617470,0.533498827031,-0.26188176956,0.551859796166,-1.80312555935,-1.14452087517,1.70575811357,1.204188,42.119966,31.432575,-1.74352,0.072949,-2.197211
8,1789438025.716410637,0.533498827031,-0.26188176956,0.551859796166,-1.80312555935,-1.14452087517,1.70575811357,1.14857,42.115807,31.10649,-1.745451,0.066497,-2.192169
8,1789438025.721569061,0.533498827031,-0.26188176956,0.551859796166,-1.80312555935,-1.14452087517,1.70575811357,1.123309,42.11598,31.409746,-1.742163,0.069259,-2.19437
8,1789438025.726685047,0.533498827031,-0.26188176956,0.551859796166,-1.80312555935,-1.14452087517,1.70575811357,1.093374,42.034543,31.295112,-1.740103,0.065277,-2.190319
8,1789438025.731491804,0.533498827031,-0.26188176956,0.551859796166,-1.80312555935,-1.14452087517,1.70575811357,1.161848,42.052196,31.168322,-1.744675,0.073048,-2.181081
8,1789438025.736535549,0.533498827031,-0.26188176956,0.551859796166,-1.80312555935,-1.14452087517,1.70575811357,1.196805,42.02821,31.531124,-1.740454,0.071394,-2.19334
8,1789438025.741943121,0.533498827031,-0.26188176956,0.551859796166,-1.80312555935,-1.14452087517,1.70575811357,1.213206,42.078587,31.292687,-1.745776,0.074643,-2.190905
8,1789438025.746545553,0.533498827031,-0.26188176956,0.551859796166,-1.80312555935,-1.14452087517,1.70575811357,1.201682,42.077632,31.44384,-1.742551,0.072331,-2.195788
8,1789438025.751544714,0.533498827031,-0.26188176956,0.551859796166,-1.80312555935,-1.14452087517,1.70575811357,1.183982,42.111868,31.544375,-1.746892,0.069416,-2.203506
8,1789438025.756675959,0.533498827031,-0.26188176956,0.551859796166,-1.80312555935,-1.14452087517,1.70575811357,1.12849,42.100494,31.407138,-1.745442,0.065325,-2.196383
8,1789438025.761700153,0.533498827031,-0.26188176956,0.551859796166,-1.80312555935,-1.14452087517,1.70575811357,1.124042,42.059197,31.394546,-1.744759,0.068605,-2.191877
8,1789438025.766703844,0.533498827031,-0.26188176956,0.551859796166,-1.80312555935,-1.14452087517,1.70575811357,1.127856,42.034952,31.574132,-1.745,0.06765,-2.196079
8,1789438025.771842241,0.533498827031,-0.26188176956,0.551859796166,-1.80312555935,-1.14452087517,1.70575811357,1.174294,42.056498,31.399628,-1.740083,0.07239,-2.188141
8,1789438025.776895523,0.533498827031,-0.26188176956,0.551859796166,-1.80312555935,-1.14452087517,1.70575811357,1.180459,42.052357,31.250056,-1.739861,0.072456,-2.188586
8,1789438025.781509876,0.533498827031,-0.26188176956,0.551859796166,-1.80312555935,-1.14452087517,1.70575811357,1.212592,42.080677,31.256909,-1.740886,0.074814,-2.190032
8,1789438025.786535025,0.533498827031,-0.26188176956,0.551859796166,-1.80312555935,-1.14452087517,1.70575811357,1.181151,42.04653,31.242288,-1.741293,0.070978,-2.187696
8,1789438025.791709423,0.533498827031,-0.26188176956,0.551859796166,-1.80312555935,-1.14452087517,1.70575811357,1.218529,42.090788,31.260855,-1.743246,0.073956,-2.193645
8,1789438025.796674967,0.533498827031,-0.26188176956,0.551859796166,-1.80312555935,-1.14452087517,1.70575811357,1.193987,42.148473,31.551019,-1.743798,0.07446,-2.204908
8,1789438025.801553011,0.533498827031,-0.26188176956,0.551859796166,-1.80312555935,-1.14452087517,1.70575811357,1.169364,42.163267,31.299121,-1.746966,0.071868,-2.199643
8,1789438025.806544781,0.533498827031,-0.26188176956,0.551859796166,-1.80312555935,-1.14452087517,1.70575811357,1.111189,42.114717,31.421676,-1.743443,0.070307,-2.198601
8,1789438025.811706781,0.533498827031,-0.26188176956,0.551859796166,-1.80312555935,-1.14452087517,1.70575811357,1.118187,42.065019,31.50071,-1.742028,0.068729,-2.195514
8,1789438025.816509247,0.533498827031,-0.26188176956,0.551859796166,-1.80312555935,-1.14452087517,1.70575811357,1.143855,42.02118,31.397009,-1.737919,0.071494,-2.189824
8,1789438025.821758032,0.533498827031,-0.26188176956,0.551859796166,-1.80312555935,-1.14452087517,1.70575811357,1.196612,42.010278,31.412093,-1.741175,0.073831,-2.191714
8,1789438025.826845884,0.533498827031,-0.26188176956,0.551859796166,-1.80312555935,-1.14452087517,1.70575811357,1.26399,42.070891,31.607384,-1.743794,0.077,-2.197712
8,1789438025.831586599,0.533498827031,-0.26188176956,0.551859796166,-1.80312555935,-1.14452087517,1.70575811357,1.202517,42.12574,31.470465,-1.742416,0.073886,-2.19671
8,1789438025.836738586,0.533498827031,-0.26188176956,0.551859796166,-1.80312555935,-1.14452087517,1.70575811357,1.164521,42.121981,31.263334,-1.7434,0.070155,-2.192659
8,1789438025.842008114,0.533498827031,-0.26188176956,0.551859796166,-1.80312555935,-1.14452087517,1.70575811357,1.13301,42.085419,31.209969,-1.742882,0.068724,-2.191056
8,1789438025.846729517,0.533498827031,-0.26188176956,0.551859796166,-1.80312555935,-1.14452087517,1.70575811357,1.096453,42.062296,31.468608,-1.741085,0.067184,-2.192365
8,1789438025.851587772,0.533498827031,-0.26188176956,0.551859796166,-1.80312555935,-1.14452087517,1.70575811357,1.146187,42.036666,31.273586,-1.738222,0.070661,-2.185537
8,1789438025.856708288,0.533498827031,-0.26188176956,0.551859796166,-1.80312555935,-1.14452087517,1.70575811357,1.198783,42.027347,31.390385,-1.741126,0.07207,-2.187949
8,1789438025.861752033,0.533498827031,-0.26188176956,0.551859796166,-1.80312555935,-1.14452087517,1.70575811357,1.202131,42.055587,31.550365,-1.740153,0.074717,-2.192696
8,1789438025.866565228,0.533498827031,-0.26188176956,0.551859796166,-1.80312555935,-1.14452087517,1.70575811357,1.203402,42.083346,31.447563,-1.740806,0.075021,-2.193106
8,1789438025.871651411,0.533498827031,-0.26188176956,0.551859796166,-1.80312555935,-1.14452087517,1.70575811357,1.172213,42.091333,31.42673,-1.743149,0.070586,-2.195095
8,1789438025.876909494,0.533498827031,-0.26188176956,0.551859796166,-1.80312555935,-1.14452087517,1.70575811357,1.133606,42.087911,31.587838,-1.742179,0.068721,-2.199479
8,1789438025.881681442,0.533498827031,-0.26188176956,0.551859796166,-1.80312555935,-1.14452087517,1.70575811357,1.140968,42.088154,31.412706,-1.744115,0.070411,-2.198196
8,1789438025.886731148,0.533498827031,-0.26188176956,0.551859796166,-1.80312555935,-1.14452087517,1.70575811357,1.147719,42.065725,31.392119,-1.74369,0.068609,-2.193494
8,1789438025.892258644,0.533498827031,-0.26188176956,0.551859796166,-1.80312555935,-1.14452087517,1.70575811357,1.150998,42.061076,31.163961,-1.74315,0.073293,-2.183982
8,1789438025.896742821,0.533498827031,-0.26188176956,0.551859796166,-1.80312555935,-1.14452087517,1.70575811357,1.177741,42.051437,31.525989,-1.741484,0.072368,-2.196711
8,1789438025.901884556,0.533498827031,-0.26188176956,0.551859796166,-1.80312555935,-1.14452087517,1.70575811357,1.19218,42.097697,31.269793,-1.745616,0.072716,-2.194047
8,1789438025.906933069,0.533498827031,-0.26188176956,0.551859796166,-1.80312555935,-1.14452087517,1.70575811357,1.172364,42.108741,31.429521,-1.745014,0.067087,-2.199811
8,1789438025.911765814,0.533498827031,-0.26188176956,0.551859796166,-1.80312555935,-1.14452087517,1.70575811357,1.179671,42.149915,31.572024,-1.747947,0.070555,-2.203737
8,1789438025.916548491,0.533498827031,-0.26188176956,0.551859796166,-1.80312555935,-1.14452087517,1.70575811357,1.161193,42.121515,31.402782,-1.745984,0.068427,-2.198959
8,1789438025.921630859,0.533498827031,-0.26188176956,0.551859796166,-1.80312555935,-1.14452087517,1.70575811357,1.169629,42.090844,31.382235,-1.747038,0.067712,-2.194042
8,1789438025.926688671,0.533498827031,-0.26188176956,0.551859796166,-1.80312555935,-1.14452087517,1.70575811357,1.143206,42.049072,31.55086,-1.745359,0.068363,-2.193025
8,1789438025.931474447,0.533498827031,-0.26188176956,0.551859796166,-1.80312555935,-1.14452087517,1.70575811357,1.128899,42.041514,31.427124,-1.741305,0.069593,-2.188665
8,1789438025.936786413,0.533498827031,-0.26188176956,0.551859796166,-1.80312555935,-1.14452087517,1.70575811357,1.181323,42.047096,31.250628,-1.740958,0.07079,-2.188355
8,1789438025.941911221,0.533498827031,-0.26188176956,0.551859796166,-1.80312555935,-1.14452087517,1.70575811357,1.18136,42.061223,31.202352,-1.739984,0.07114,-2.189556
8,1789438025.946644306,0.533498827031,-0.26188176956,0.551859796166,-1.80312555935,-1.14452087517,1.70575811357,1.174697,42.117074,31.501672,-1.745467,0.072878,-2.194599
8,1789438025.951572657,0.533498827031,-0.26188176956,0.551859796166,-1.80312555935,-1.14452087517,1.70575811357,1.131372,42.106592,31.302306,-1.741106,0.069079,-2.191608
8,1789438025.956589222,0.533498827031,-0.26188176956,0.551859796166,-1.80312555935,-1.14452087517,1.70575811357,1.121762,42.112328,31.386575,-1.74321,0.070945,-2.19105
8,1789438025.961814642,0.533498827031,-0.26188176956,0.551859796166,-1.80312555935,-1.14452087517,1.70575811357,1.104138,42.04053,31.496541,-1.737728,0.06703,-2.192293
8,1789438025.966679811,0.533498827031,-0.26188176956,0.551859796166,-1.80312555935,-1.14452087517,1.70575811357,1.127544,42.042284,31.392165,-1.741291,0.068143,-2.187361
8,1789438025.971794844,0.533498827031,-0.26188176956,0.551859796166,-1.80312555935,-1.14452087517,1.70575811357,1.180796,42.020327,31.394826,-1.738339,0.071213,-2.191241
8,1789438025.977226973,0.533498827031,-0.26188176956,0.551859796166,-1.80312555935,-1.14452087517,1.70575811357,1.273398,42.090886,31.612478,-1.744646,0.076033,-2.200659
8,1789438025.981516361,0.533498827031,-0.26188176956,0.551859796166,-1.80312555935,-1.14452087517,1.70575811357,1.21392,42.096481,31.46839,-1.741166,0.074786,-2.197819
8,1789438025.986571789,0.533498827031,-0.26188176956,0.551859796166,-1.80312555935,-1.14452087517,1.70575811357,1.224735,42.112015,31.278328,-1.747935,0.074535,-2.19436
8,1789438025.991953850,0.533498827031,-0.26188176956,0.551859796166,-1.80312555935,-1.14452087517,1.70575811357,1.123846,42.062293,31.207623,-1.744043,0.065675,-2.192801
8,1789438025.996561766,0.533498827031,-0.26188176956,0.551859796166,-1.80312555935,-1.14452087517,1.70575811357,1.193712,42.147837,31.241881,-1.746735,0.072046,-2.194373
8,1789438026.001558304,0.533498827031,-0.26188176956,0.551859796166,-1.80312555935,-1.14452087517,1.70575811357,1.155995,42.123078,31.132864,-1.745934,0.069635,-2.192845
8,1789438026.006758451,0.533498827031,-0.26188176956,0.551859796166,-1.80312555935,-1.14452087517,1.70575811357,1.145086,42.081626,31.471458,-1.744295,0.065892,-2.196745
8,1789438026.011859655,0.533498827031,-0.26188176956,0.551859796166,-1.80312555935,-1.14452087517,1.70575811357,1.13299,42.029646,31.250941,-1.739964,0.069713,-2.188233
8,1789438026.016560078,0.533498827031,-0.26188176956,0.551859796166,-1.80312555935,-1.14452087517,1.70575811357,1.190765,42.015867,31.430361,-1.741039,0.072481,-2.192124
8,1789438026.021828413,0.533498827031,-0.26188176956,0.551859796166,-1.80312555935,-1.14452087517,1.70575811357,1.207733,42.083257,31.507272,-1.741774,0.076969,-2.196407
8,1789438026.026704550,0.533498827031,-0.26188176956,0.551859796166,-1.80312555935,-1.14452087517,1.70575811357,1.19827,42.14831,31.421812,-1.742522,0.076536,-2.197932
8,1789438026.031567812,0.533498827031,-0.26188176956,0.551859796166,-1.80312555935,-1.14452087517,1.70575811357,1.157973,42.150784,31.424006,-1.744639,0.072888,-2.203005
8,1789438026.036802292,0.533498827031,-0.26188176956,0.551859796166,-1.80312555935,-1.14452087517,1.70575811357,1.122465,42.138316,31.601158,-1.744874,0.067445,-2.203316
8,1789438026.041832447,0.533498827031,-0.26188176956,0.551859796166,-1.80312555935,-1.14452087517,1.70575811357,1.129128,42.089784,31.399681,-1.7418,0.070464,-2.194594
8,1789438026.046676397,0.533498827031,-0.26188176956,0.551859796166,-1.80312555935,-1.14452087517,1.70575811357,1.142571,42.013504,31.375369,-1.740349,0.070273,-2.19187
8,1789438026.051479340,0.533498827031,-0.26188176956,0.551859796166,-1.80312555935,-1.14452087517,1.70575811357,1.194991,42.021393,31.406304,-1.741507,0.075537,-2.189292
8,1789438026.056620598,0.533498827031,-0.26188176956,0.551859796166,-1.80312555935,-1.14452087517,1.70575811357,1.192516,42.049585,31.512364,-1.741558,0.074592,-2.193182
8,1789438026.061721563,0.533498827031,-0.26188176956,0.551859796166,-1.80312555935,-1.14452087517,1.70575811357,1.185165,42.082807,31.416411,-1.743689,0.071601,-2.195582
8,1789438026.066566944,0.533498827031,-0.26188176956,0.551859796166,-1.80312555935,-1.14452087517,1.70575811357,1.175416,42.107219,31.422014,-1.743432,0.070505,-2.198265
8,1789438026.071694613,0.533498827031,-0.26188176956,0.551859796166,-1.80312555935,-1.14452087517,1.70575811357,1.155153,42.114731,31.520205,-1.744196,0.066731,-2.201442
8,1789438026.076917171,0.533498827031,-0.26188176956,0.551859796166,-1.80312555935,-1.14452087517,1.70575811357,1.165136,42.07714,31.41611,-1.741527,0.068194,-2.196179
8,1789438026.081641436,0.533498827031,-0.26188176956,0.551859796166,-1.80312555935,-1.14452087517,1.70575811357,1.180959,42.071566,31.37813,-1.744266,0.07261,-2.190022
8,1789438026.086605787,0.533498827031,-0.26188176956,0.551859796166,-1.80312555935,-1.14452087517,1.70575811357,1.164519,42.013844,31.563046,-1.740082,0.068823,-2.19096
8,1789438026.092066288,0.533498827031,-0.26188176956,0.551859796166,-1.80312555935,-1.14452087517,1.70575811357,1.153489,42.027659,31.40528,-1.740394,0.069027,-2.184684
8,1789438026.096640825,0.533498827031,-0.26188176956,0.551859796166,-1.80312555935,-1.14452087517,1.70575811357,1.149202,42.05255,31.303963,-1.742383,0.068765,-2.19024
8,1789438026.101631403,0.533498827031,-0.26188176956,0.551859796166,-1.80312555935,-1.14452087517,1.70575811357,1.179667,42.068391,31.146161,-1.743373,0.068425,-2.190097
8,1789438026.106630325,0.533498827031,-0.26188176956,0.551859796166,-1.80312555935,-1.14452087517,1.70575811357,1.20522,42.127705,31.517279,-1.744966,0.072353,-2.196657
8,1789438026.111660480,0.533498827031,-0.26188176956,0.551859796166,-1.80312555935,-1.14452087517,1.70575811357,1.195634,42.091027,31.306709,-1.743531,0.069138,-2.194633
8,1789438026.116472006,0.533498827031,-0.26188176956,0.551859796166,-1.80312555935,-1.14452087517,1.70575811357,1.158545,42.059637,31.405847,-1.745138,0.072042,-2.190153
8,1789438026.121746540,0.533498827031,-0.26188176956,0.551859796166,-1.80312555935,-1.14452087517,1.70575811357,1.104783,42.040159,31.507905,-1.739356,0.066829,-2.190942
8,1789438026.126681328,0.533498827031,-0.26188176956,0.551859796166,-1.80312555935,-1.14452087517,1.70575811357,1.106722,42.045998,31.389368,-1.742129,0.066971,-2.189347
8,1789438026.131454945,0.533498827031,-0.26188176956,0.551859796166,-1.80312555935,-1.14452087517,1.70575811357,1.159391,42.064933,31.409615,-1.743085,0.06908,-2.194161
8,1789438026.136589527,0.533498827031,-0.26188176956,0.551859796166,-1.80312555935,-1.14452087517,1.70575811357,1.186943,42.105217,31.621372,-1.745761,0.071179,-2.201603
8,1789438026.141958952,0.533498827031,-0.26188176956,0.551859796166,-1.80312555935,-1.14452087517,1.70575811357,1.216552,42.163858,31.409773,-1.746723,0.075751,-2.199816
8,1789438026.146608591,0.533498827031,-0.26188176956,0.551859796166,-1.80312555935,-1.14452087517,1.70575811357,1.207343,42.127763,31.275972,-1.746899,0.071596,-2.196343
8,1789438026.151511669,0.533498827031,-0.26188176956,0.551859796166,-1.80312555935,-1.14452087517,1.70575811357,1.133984,42.0858,31.136507,-1.744167,0.067973,-2.190496
8,1789438026.156414509,0.533498827031,-0.26188176956,0.551859796166,-1.80312555935,-1.14452087517,1.70575811357,1.10194,42.049855,31.484716,-1.744607,0.066736,-2.193926
8,1789438026.161497593,0.533498827031,-0.26188176956,0.551859796166,-1.80312555935,-1.14452087517,1.70575811357,1.111455,42.040081,31.256004,-1.744524,0.066725,-2.191347
8,1789438026.166505098,0.533498827031,-0.26188176956,0.551859796166,-1.80312555935,-1.14452087517,1.70575811357,1.209971,42.059351,31.441763,-1.743626,0.073293,-2.196919
8,1789438026.171430826,0.533498827031,-0.26188176956,0.551859796166,-1.80312555935,-1.14452087517,1.70575811357,1.237231,42.105746,31.512553,-1.744872,0.076098,-2.199184
8,1789438026.176458836,0.533498827031,-0.26188176956,0.551859796166,-1.80312555935,-1.14452087517,1.70575811357,1.229661,42.109387,31.413684,-1.7451,0.074972,-2.19707
8,1789438026.181238174,0.533498827031,-0.26188176956,0.551859796166,-1.80312555935,-1.14452087517,1.70575811357,1.175372,42.086062,31.380669,-1.741013,0.071437,-2.194704
8,1789438026.186389446,0.533498827031,-0.26188176956,0.551859796166,-1.80312555935,-1.14452087517,1.70575811357,1.106591,42.061613,31.572919,-1.741118,0.066974,-2.197163
8,1789438026.191489697,0.533498827031,-0.26188176956,0.551859796166,-1.80312555935,-1.14452087517,1.70575811357,1.093287,42.040245,31.396026,-1.739323,0.067103,-2.191082
8,1789438026.196480036,0.533498827031,-0.26188176956,0.551859796166,-1.80312555935,-1.14452087517,1.70575811357,1.159959,42.047263,31.248745,-1.741888,0.066319,-2.190093
8,1789438026.201331854,0.533498827031,-0.26188176956,0.551859796166,-1.80312555935,-1.14452087517,1.70575811357,1.210065,42.064869,31.144729,-1.743191,0.073411,-2.18435
8,1789438026.206398010,0.533498827031,-0.26188176956,0.551859796166,-1.80312555935,-1.14452087517,1.70575811357,1.175161,42.062704,31.230276,-1.74478,0.070745,-2.189534
8,1789438026.211453676,0.533498827031,-0.26188176956,0.551859796166,-1.80312555935,-1.14452087517,1.70575811357,1.199657,42.03034,31.16172,-1.743631,0.073902,-2.185169
8,1789438026.216396570,0.533498827031,-0.26188176956,0.551859796166,-1.80312555935,-1.14452087517,1.70575811357,1.205626,42.064382,31.501477,-1.741893,0.073906,-2.194358
8,1789438026.221665382,0.533498827031,-0.26188176956,0.551859796166,-1.80312555935,-1.14452087517,1.70575811357,1.166043,42.058658,31.404844,-1.740979,0.072411,-2.190816
8,1789438026.226543188,0.533498827031,-0.26188176956,0.551859796166,-1.80312555935,-1.14452087517,1.70575811357,1.135023,42.081584,31.425856,-1.741037,0.068687,-2.195889
8,1789438026.231447458,0.533498827031,-0.26188176956,0.551859796166,-1.80312555935,-1.14452087517,1.70575811357,1.144347,42.101095,31.408249,-1.744492,0.066609,-2.195516
8,1789438026.236584663,0.533498827031,-0.26188176956,0.551859796166,-1.80312555935,-1.14452087517,1.70575811357,1.153989,42.106008,31.397338,-1.741811,0.068218,-2.196444
8,1789438026.241557598,0.533498827031,-0.26188176956,0.551859796166,-1.80312555935,-1.14452087517,1.70575811357,1.168467,42.046859,31.422251,-1.742549,0.070913,-2.191681
8,1789438026.246579170,0.533498827031,-0.26188176956,0.551859796166,-1.80312555935,-1.14452087517,1.70575811357,1.190474,42.04131,31.545842,-1.742721,0.07408,-2.189539
8,1789438026.251446009,0.533498827031,-0.26188176956,0.551859796166,-1.80312555935,-1.14452087517,1.70575811357,1.176744,42.011985,31.417989,-1.737238,0.070927,-2.188269
8,1789438026.256459475,0.533498827031,-0.26188176956,0.551859796166,-1.80312555935,-1.14452087517,1.70575811357,1.20057,42.022006,31.34111,-1.741249,0.071318,-2.189806
8,1789438026.261535883,0.533498827031,-0.26188176956,0.551859796166,-1.80312555935,-1.14452087517,1.70575811357,1.164676,42.051494,31.173278,-1.740166,0.071548,-2.190232
8,1789438026.266355276,0.533498827031,-0.26188176956,0.551859796166,-1.80312555935,-1.14452087517,1.70575811357,1.178792,42.12805,31.500504,-1.743598,0.072616,-2.201556
8,1789438026.271717548,0.533498827031,-0.26188176956,0.551859796166,-1.80312555935,-1.14452087517,1.70575811357,1.174983,42.12676,31.314343,-1.744922,0.070481,-2.19576
8,1789438026.276603937,0.533498827031,-0.26188176956,0.551859796166,-1.80312555935,-1.14452087517,1.70575811357,1.162315,42.099914,31.389272,-1.744545,0.069887,-2.195369
8,1789438026.281503677,0.533498827031,-0.26188176956,0.551859796166,-1.80312555935,-1.14452087517,1.70575811357,1.127685,42.041167,31.46512,-1.740976,0.069836,-2.194211
8,1789438026.286563873,0.533498827031,-0.26188176956,0.551859796166,-1.80312555935,-1.14452087517,1.70575811357,1.14206,42.04768,31.376869,-1.740536,0.070771,-2.191012
8,1789438026.291844606,0.533498827031,-0.26188176956,0.551859796166,-1.80312555935,-1.14452087517,1.70575811357,1.176593,42.035539,31.408405,-1.742167,0.072607,-2.1944
8,1789438026.296620131,0.533498827031,-0.26188176956,0.551859796166,-1.80312555935,-1.14452087517,1.70575811357,1.228347,42.097824,31.591502,-1.745041,0.073014,-2.202616
8,1789438026.301696062,0.533498827031,-0.26188176956,0.551859796166,-1.80312555935,-1.14452087517,1.70575811357,1.230494,42.143525,31.442742,-1.746568,0.07585,-2.202461
8,1789438026.306611300,0.533498827031,-0.26188176956,0.551859796166,-1.80312555935,-1.14452087517,1.70575811357,1.175549,42.127515,31.30406,-1.744905,0.070103,-2.196447
8,1789438026.311689615,0.533498827031,-0.26188176956,0.551859796166,-1.80312555935,-1.14452087517,1.70575811357,1.144949,42.082233,31.110174,-1.744267,0.069935,-2.189216
8,1789438026.316419840,0.533498827031,-0.26188176956,0.551859796166,-1.80312555935,-1.14452087517,1.70575811357,1.072986,42.023096,31.474851,-1.739669,0.066508,-2.194273
8,1789438026.321684837,0.533498827031,-0.26188176956,0.551859796166,-1.80312555935,-1.14452087517,1.70575811357,1.127504,42.040318,31.225161,-1.741326,0.069267,-2.186932
8,1789438026.326792955,0.533498827031,-0.26188176956,0.551859796166,-1.80312555935,-1.14452087517,1.70575811357,1.179804,42.023948,31.440524,-1.742125,0.071981,-2.191653
8,1789438026.331483364,0.533498827031,-0.26188176956,0.551859796166,-1.80312555935,-1.14452087517,1.70575811357,1.213312,42.089654,31.527875,-1.742623,0.073692,-2.195487
8,1789438026.336560488,0.533498827031,-0.26188176956,0.551859796166,-1.80312555935,-1.14452087517,1.70575811357,1.208011,42.114836,31.408349,-1.74365,0.072858,-2.194782
8,1789438026.341740847,0.533498827031,-0.26188176956,0.551859796166,-1.80312555935,-1.14452087517,1.70575811357,1.186944,42.108987,31.417321,-1.745694,0.067098,-2.195602
8,1789438026.346651793,0.533498827031,-0.26188176956,0.551859796166,-1.80312555935,-1.14452087517,1.70575811357,1.099584,42.059058,31.616397,-1.743438,0.064724,-2.193277
