sample_index,wall_time_s,tcp_x_m,tcp_y_m,tcp_z_m,tcp_rx_rad,tcp_ry_rad,tcp_rz_rad,fx_n,fy_n,fz_n,tx_nm,ty_nm,tz_nm
1,1789438685.856017113,0.53386547624,-0.269939267282,0.540026107979,-1.91338297713,2.21308432758,-0.249529854115,-4.056322,1.355634,53.705946,1.339158,1.401974,3.60099
1,1789438685.861327648,0.53386547624,-0.269939267282,0.540026107979,-1.91338297713,2.21308432758,-0.249529854115,-4.095749,1.392602,53.904271,1.335884,1.399333,3.59637
1,1789438685.867003441,0.53386547624,-0.269939267282,0.540026107979,-1.91338297713,2.21308432758,-0.249529854115,-4.134685,1.354109,53.671972,1.339273,1.396762,3.602463
1,1789438685.871951818,0.53386547624,-0.269939267282,0.540026107979,-1.91338297713,2.21308432758,-0.249529854115,-4.149943,1.374504,53.655515,1.336213,1.394687,3.603558
1,1789438685.876822233,0.53386547624,-0.269939267282,0.540026107979,-1.91338297713,2.21308432758,-0.249529854115,-4.115908,1.356664,53.689795,1.338646,1.397068,3.601997
1,1789438685.881373644,0.53386547624,-0.269939267282,0.540026107979,-1.91338297713,2.21308432758,-0.249529854115,-4.043058,1.34197,53.713813,1.338494,1.401518,3.600094
1,1789438685.886579514,0.53386547624,-0.269939267282,0.540026107979,-1.91338297713,2.21308432758,-0.249529854115,-4.009518,1.374732,53.713098,1.335291,1.399603,3.599311
1,1789438685.891630173,0.53386547624,-0.269939267282,0.540026107979,-1.91338297713,2.21308432758,-0.249529854115,-3.998056,1.352058,53.672291,1.337342,1.401232,3.597243
1,1789438685.896331549,0.53386547624,-0.269939267282,0.540026107979,-1.91338297713,2.21308432758,-0.249529854115,-4.059168,1.390238,53.783903,1.334464,1.399251,3.596795
1,1789438685.901412964,0.53386547624,-0.269939267282,0.540026107979,-1.91338297713,2.21308432758,-0.249529854115,-4.113639,1.384489,53.661516,1.337021,1.39753,3.601684
1,1789438685.906412840,0.53386547624,-0.269939267282,0.540026107979,-1.91338297713,2.21308432758,-0.249529854115,-4.152292,1.372975,53.67186,1.339419,1.396579,3.602252
1,1789438685.911608219,0.53386547624,-0.269939267282,0.540026107979,-1.91338297713,2.21308432758,-0.249529854115,-4.113217,1.398041,53.869739,1.334425,1.397696,3.597915
1,1789438685.916399479,0.53386547624,-0.269939267282,0.540026107979,-1.91338297713,2.21308432758,-0.249529854115,-4.085897,1.357543,53.679456,1.338607,1.398226,3.60147
1,1789438685.921575069,0.53386547624,-0.269939267282,0.540026107979,-1.91338297713,2.21308432758,-0.249529854115,-4.013373,1.349013,53.595469,1.33698,1.402121,3.601865
1,1789438685.926680565,0.53386547624,-0.269939267282,0.540026107979,-1.91338297713,2.21308432758,-0.249529854115,-3.993684,1.357026,53.457457,1.334545,1.402778,3.602947
1,1789438685.931308746,0.53386547624,-0.269939267282,0.540026107979,-1.91338297713,2.21308432758,-0.249529854115,-4.037747,1.380981,53.790155,1.337765,1.400801,3.594994
1,1789438685.936319828,0.53386547624,-0.269939267282,0.540026107979,-1.91338297713,2.21308432758,-0.249529854115,-4.11241,1.397082,53.592164,1.338292,1.399893,3.599098
1,1789438685.941166639,0.53386547624,-0.269939267282,0.540026107979,-1.91338297713,2.21308432758,-0.249529854115,-4.167521,1.404556,53.673664,1.336314,1.397284,3.597294
1,1789438685.946433783,0.53386547624,-0.269939267282,0.540026107979,-1.91338297713,2.21308432758,-0.249529854115,-4.153101,1.374932,53.761086,1.336875,1.393666,3.599465
1,1789438685.951647520,0.53386547624,-0.269939267282,0.540026107979,-1.91338297713,2.21308432758,-0.249529854115,-4.12395,1.370172,53.685674,1.337696,1.39946,3.599507
1,1789438685.956236839,0.53386547624,-0.269939267282,0.540026107979,-1.91338297713,2.21308432758,-0.249529854115,-4.049818,1.37419,53.703675,1.33472,1.399057,3.599149
1,1789438685.961379766,0.53386547624,-0.269939267282,0.540026107979,-1.91338297713,2.21308432758,-0.249529854115,-3.988605,1.365965,53.843462,1.336991,1.400263,3.593424
1,1789438685.966180801,0.53386547624,-0.269939267282,0.540026107979,-1.91338297713,2.21308432758,-0.249529854115,-4.007222,1.385555,53.68175,1.33523,1.403416,3.597436
1,1789438685.971310377,0.53386547624,-0.269939267282,0.540026107979,-1.91338297713,2.21308432758,-0.249529854115,-4.04962,1.388137,53.565372,1.334072,1.398486,3.59983
1,1789438685.977364063,0.53386547624,-0.269939267282,0.540026107979,-1.91338297713,2.21308432758,-0.249529854115,-4.092909,1.378809,53.38655,1.337504,1.399283,3.604613
1,1789438685.981289148,0.53386547624,-0.269939267282,0.540026107979,-1.91338297713,2.21308432758,-0.249529854115,-4.168151,1.386419,53.74647,1.337507,1.3953,3.596093
1,1789438685.986732006,0.53386547624,-0.269939267282,0.540026107979,-1.91338297713,2.21308432758,-0.249529854115,-4.137415,1.350559,53.558537,1.337594,1.397409,3.601399
1,1789438685.991546154,0.53386547624,-0.269939267282,0.540026107979,-1.91338297713,2.21308432758,-0.249529854115,-4.094244,1.353498,53.714149,1.336917,1.39715,3.599742
1,1789438685.996706963,0.53386547624,-0.269939267282,0.540026107979,-1.91338297713,2.21308432758,-0.249529854115,-4.021087,1.387218,53.836218,1.338849,1.4039,3.595012
1,1789438686.001718998,0.53386547624,-0.269939267282,0.540026107979,-1.91338297713,2.21308432758,-0.249529854115,-4.02404,1.373175,53.694259,1.337877,1.401403,3.599319
1,1789438686.006352901,0.53386547624,-0.269939267282,0.540026107979,-1.91338297713,2.21308432758,-0.249529854115,-4.048101,1.408456,53.725589,1.336484,1.401735,3.595325
1,1789438686.011702538,0.53386547624,-0.269939267282,0.540026107979,-1.91338297713,2.21308432758,-0.249529854115,-4.101658,1.394174,53.824412,1.33886,1.402614,3.593128
1,1789438686.016687393,0.53386547624,-0.269939267282,0.540026107979,-1.91338297713,2.21308432758,-0.249529854115,-4.143477,1.39207,53.672503,1.336293,1.395103,3.596376
1,1789438686.021718264,0.53386547624,-0.269939267282,0.540026107979,-1.91338297713,2.21308432758,-0.249529854115,-4.152027,1.384627,53.63029,1.336468,1.397324,3.599467
1,1789438686.026629686,0.53386547624,-0.269939267282,0.540026107979,-1.91338297713,2.21308432758,-0.249529854115,-4.114098,1.356384,53.675021,1.339941,1.398888,3.598609
1,1789438686.031352997,0.53386547624,-0.269939267282,0.540026107979,-1.91338297713,2.21308432758,-0.249529854115,-4.056235,1.369797,53.807507,1.33917,1.402531,3.594393
1,1789438686.036762953,0.53386547624,-0.269939267282,0.540026107979,-1.91338297713,2.21308432758,-0.249529854115,-4.024467,1.359028,53.710323,1.339496,1.402177,3.597796
1,1789438686.041522503,0.53386547624,-0.269939267282,0.540026107979,-1.91338297713,2.21308432758,-0.249529854115,-4.001188,1.396822,53.727486,1.335472,1.402887,3.59681
1,1789438686.046433449,0.53386547624,-0.269939267282,0.540026107979,-1.91338297713,2.21308432758,-0.249529854115,-3.999318,1.398248,53.69329,1.337126,1.403417,3.592729
1,1789438686.051680803,0.53386547624,-0.269939267282,0.540026107979,-1.91338297713,2.21308432758,-0.249529854115,-4.004357,1.411048,53.717362,1.3384,1.402965,3.590079
1,1789438686.057054758,0.53386547624,-0.269939267282,0.540026107979,-1.91338297713,2.21308432758,-0.249529854115,-4.038374,1.396671,53.679376,1.337833,1.405068,3.589865
1,1789438686.061567783,0.53386547624,-0.269939267282,0.540026107979,-1.91338297713,2.21308432758,-0.249529854115,-4.111966,1.386644,53.656135,1.338055,1.397361,3.59204
1,1789438686.066403866,0.53386547624,-0.269939267282,0.540026107979,-1.91338297713,2.21308432758,-0.249529854115,-4.148782,1.379511,53.649145,1.338296,1.398391,3.593672
1,1789438686.071463346,0.53386547624,-0.269939267282,0.540026107979,-1.91338297713,2.21308432758,-0.249529854115,-4.152054,1.374128,53.879585,1.336872,1.395522,3.592004
1,1789438686.076860666,0.53386547624,-0.269939267282,0.540026107979,-1.91338297713,2.21308432758,-0.249529854115,-4.092166,1.385158,53.687952,1.33928,1.402411,3.595169
1,1789438686.081341267,0.53386547624,-0.269939267282,0.540026107979,-1.91338297713,2.21308432758,-0.249529854115,-4.030485,1.403401,53.71465,1.337304,1.402634,3.594386
1,1789438686.086418390,0.53386547624,-0.269939267282,0.540026107979,-1.91338297713,2.21308432758,-0.249529854115,-3.992892,1.399634,53.518387,1.33586,1.404018,3.594022
1,1789438686.091368198,0.53386547624,-0.269939267282,0.540026107979,-1.91338297713,2.21308432758,-0.249529854115,-4.039788,1.406305,53.771681,1.339338,1.40323,3.589112
1,1789438686.096630573,0.53386547624,-0.269939267282,0.540026107979,-1.91338297713,2.21308432758,-0.249529854115,-4.078382,1.427145,53.526473,1.334404,1.400228,3.592605
1,1789438686.101483107,0.53386547624,-0.269939267282,0.540026107979,-1.91338297713,2.21308432758,-0.249529854115,-4.143355,1.38589,53.71208,1.339714,1.396411,3.591971
1,1789438686.106457949,0.53386547624,-0.269939267282,0.540026107979,-1.91338297713,2.21308432758,-0.249529854115,-4.148848,1.407593,53.749281,1.334413,1.396886,3.591975
1,1789438686.111683846,0.53386547624,-0.269939267282,0.540026107979,-1.91338297713,2.21308432758,-0.249529854115,-4.09805,1.363113,53.623676,1.338782,1.400011,3.595571
1,1789438686.116395235,0.53386547624,-0.269939267282,0.540026107979,-1.91338297713,2.21308432758,-0.249529854115,-4.039835,1.38515,53.729212,1.337233,1.401975,3.591758
1,1789438686.121595621,0.53386547624,-0.269939267282,0.540026107979,-1.91338297713,2.21308432758,-0.249529854115,-4.017788,1.396245,53.910319,1.335827,1.402749,3.588589
1,1789438686.126767159,0.53386547624,-0.269939267282,0.540026107979,-1.91338297713,2.21308432758,-0.249529854115,-4.014531,1.39764,53.701528,1.340701,1.404676,3.592113
1,1789438686.131536484,0.53386547624,-0.269939267282,0.540026107979,-1.91338297713,2.21308432758,-0.249529854115,-4.079551,1.447747,53.618695,1.335845,1.401128,3.592048
1,1789438686.136294365,0.53386547624,-0.269939267282,0.540026107979,-1.91338297713,2.21308432758,-0.249529854115,-4.124545,1.412792,53.508634,1.338367,1.398899,3.592937
1,1789438686.141542912,0.53386547624,-0.269939267282,0.540026107979,-1.91338297713,2.21308432758,-0.249529854115,-4.169672,1.417954,53.736846,1.338902,1.398628,3.589986
1,1789438686.146589041,0.53386547624,-0.269939267282,0.540026107979,-1.91338297713,2.21308432758,-0.249529854115,-4.127732,1.410024,53.547654,1.335077,1.398243,3.594106
1,1789438686.151580811,0.53386547624,-0.269939267282,0.540026107979,-1.91338297713,2.21308432758,-0.249529854115,-4.071076,1.374116,53.672442,1.339297,1.397739,3.590662
1,1789438686.156470299,0.53386547624,-0.269939267282,0.540026107979,-1.91338297713,2.21308432758,-0.249529854115,-4.031671,1.401466,53.797908,1.338248,1.404719,3.588229
1,1789438686.161764622,0.53386547624,-0.269939267282,0.540026107979,-1.91338297713,2.21308432758,-0.249529854115,-4.010716,1.418048,53.682752,1.337612,1.405488,3.592032
1,1789438686.166380644,0.53386547624,-0.269939267282,0.540026107979,-1.91338297713,2.21308432758,-0.249529854115,-4.02996,1.404902,53.691974,1.338957,1.402447,3.591672
1,1789438686.171319962,0.53386547624,-0.269939267282,0.540026107979,-1.91338297713,2.21308432758,-0.249529854115,-4.085329,1.431691,53.850735,1.335494,1.400941,3.585684
1,1789438686.176593304,0.53386547624,-0.269939267282,0.540026107979,-1.91338297713,2.21308432758,-0.249529854115,-4.157097,1.416533,53.653824,1.337877,1.398905,3.59051
1,1789438686.181408882,0.53386547624,-0.269939267282,0.540026107979,-1.91338297713,2.21308432758,-0.249529854115,-4.114036,1.397609,53.598041,1.336059,1.397965,3.590588
1,1789438686.186770201,0.53386547624,-0.269939267282,0.540026107979,-1.91338297713,2.21308432758,-0.249529854115,-4.073303,1.397462,53.69227,1.335642,1.399046,3.591535
1,1789438686.191453218,0.53386547624,-0.269939267282,0.540026107979,-1.91338297713,2.21308432758,-0.249529854115,-4.01219,1.385393,53.736435,1.339769,1.403917,3.590601
1,1789438686.196877718,0.53386547624,-0.269939267282,0.540026107979,-1.91338297713,2.21308432758,-0.249529854115,-3.998064,1.418748,53.722015,1.340517,1.4065,3.58737
1,1789438686.201343536,0.53386547624,-0.269939267282,0.540026107979,-1.91338297713,2.21308432758,-0.249529854115,-4.008329,1.39894,53.686839,1.338145,1.405302,3.588697
1,1789438686.206457376,0.53386547624,-0.269939267282,0.540026107979,-1.91338297713,2.21308432758,-0.249529854115,-4.049601,1.411895,53.787919,1.338832,1.399772,3.587145
1,1789438686.211830854,0.53386547624,-0.269939267282,0.540026107979,-1.91338297713,2.21308432758,-0.249529854115,-4.127224,1.418237,53.652948,1.337854,1.399326,3.59
1,1789438686.216451406,0.53386547624,-0.269939267282,0.540026107979,-1.91338297713,2.21308432758,-0.249529854115,-4.144993,1.380752,53.690459,1.337678,1.399059,3.590353
1,1789438686.221311569,0.53386547624,-0.269939267282,0.540026107979,-1.91338297713,2.21308432758,-0.249529854115,-4.101584,1.396468,53.893614,1.336016,1.399911,3.583359
1,1789438686.226617336,0.53386547624,-0.269939267282,0.540026107979,-1.91338297713,2.21308432758,-0.249529854115,-4.05687,1.393778,53.694913,1.340053,1.400158,3.587275
1,1789438686.231476784,0.53386547624,-0.269939267282,0.540026107979,-1.91338297713,2.21308432758,-0.249529854115,-3.979709,1.419528,53.691839,1.33598,1.40611,3.585921
1,1789438686.236591101,0.53386547624,-0.269939267282,0.540026107979,-1.91338297713,2.21308432758,-0.249529854115,-4.007596,1.411625,53.615023,1.336154,1.399558,3.589717
1,1789438686.241249084,0.53386547624,-0.269939267282,0.540026107979,-1.91338297713,2.21308432758,-0.249529854115,-4.037726,1.422817,53.79294,1.34101,1.403171,3.584648
1,1789438686.246285677,0.53386547624,-0.269939267282,0.540026107979,-1.91338297713,2.21308432758,-0.249529854115,-4.117161,1.412585,53.572522,1.337712,1.402415,3.592545
1,1789438686.251581907,0.53386547624,-0.269939267282,0.540026107979,-1.91338297713,2.21308432758,-0.249529854115,-4.173598,1.431716,53.68968,1.337606,1.396312,3.589242
1,1789438686.256357670,0.53386547624,-0.269939267282,0.540026107979,-1.91338297713,2.21308432758,-0.249529854115,-4.059318,1.4307,53.541251,1.335095,1.400534,3.590123
1,1789438686.261607647,0.53386547624,-0.269939267282,0.540026107979,-1.91338297713,2.21308432758,-0.249529854115,-4.11209,1.427696,53.667329,1.337069,1.398061,3.58707
1,1789438686.266343832,0.53386547624,-0.269939267282,0.540026107979,-1.91338297713,2.21308432758,-0.249529854115,-4.137507,1.410056,53.766634,1.34029,1.403269,3.585703
1,1789438686.271368265,0.53386547624,-0.269939267282,0.540026107979,-1.91338297713,2.21308432758,-0.249529854115,-4.095073,1.439381,53.666206,1.338285,1.402623,3.586783
1,1789438686.276767015,0.53386547624,-0.269939267282,0.540026107979,-1.91338297713,2.21308432758,-0.249529854115,-4.019195,1.408385,53.725911,1.336128,1.403544,3.583605
1,1789438686.281229973,0.53386547624,-0.269939267282,0.540026107979,-1.91338297713,2.21308432758,-0.249529854115,-4.006439,1.436028,53.914318,1.338657,1.399888,3.578476
1,1789438686.286756039,0.53386547624,-0.269939267282,0.540026107979,-1.91338297713,2.21308432758,-0.249529854115,-4.009781,1.451777,53.733294,1.339378,1.408586,3.582646
1,1789438686.291433334,0.53386547624,-0.269939267282,0.540026107979,-1.91338297713,2.21308432758,-0.249529854115,-4.070291,1.453386,53.672816,1.338553,1.402408,3.58494
1,1789438686.296295404,0.53386547624,-0.269939267282,0.540026107979,-1.91338297713,2.21308432758,-0.249529854115,-4.088076,1.454609,53.694654,1.336677,1.398424,3.58053
1,1789438686.301286459,0.53386547624,-0.269939267282,0.540026107979,-1.91338297713,2.21308432758,-0.249529854115,-4.111517,1.410675,53.734939,1.339908,1.396615,3.582503
1,1789438686.306310892,0.53386547624,-0.269939267282,0.540026107979,-1.91338297713,2.21308432758,-0.249529854115,-4.073466,1.414351,53.589925,1.335735,1.402567,3.585749
1,1789438686.311358452,0.53386547624,-0.269939267282,0.540026107979,-1.91338297713,2.21308432758,-0.249529854115,-4.030334,1.406836,53.720998,1.33836,1.400644,3.586115
1,1789438686.316596031,0.53386547624,-0.269939267282,0.540026107979,-1.91338297713,2.21308432758,-0.249529854115,-4.002631,1.433494,53.851763,1.339249,1.40385,3.580606
1,1789438686.321920395,0.53386547624,-0.269939267282,0.540026107979,-1.91338297713,2.21308432758,-0.249529854115,-4.031686,1.43592,53.708096,1.341637,1.406887,3.584261
1,1789438686.326845169,0.53386547624,-0.269939267282,0.540026107979,-1.91338297713,2.21308432758,-0.249529854115,-4.067403,1.445762,53.761834,1.338059,1.404392,3.582592
1,1789438686.331364155,0.53386547624,-0.269939267282,0.540026107979,-1.91338297713,2.21308432758,-0.249529854115,-4.105384,1.458773,53.88968,1.336483,1.39935,3.580383
1,1789438686.337339163,0.53386547624,-0.269939267282,0.540026107979,-1.91338297713,2.21308432758,-0.249529854115,-4.148291,1.417302,53.682812,1.339494,1.397437,3.584948
1,1789438686.341745377,0.53386547624,-0.269939267282,0.540026107979,-1.91338297713,2.21308432758,-0.249529854115,-4.11372,1.415907,53.657593,1.338755,1.402167,3.587285
1,1789438686.346597672,0.53386547624,-0.269939267282,0.540026107979,-1.91338297713,2.21308432758,-0.249529854115,-4.07065,1.417077,53.583137,1.337077,1.402113,3.58731
1,1789438686.351872921,0.53386547624,-0.269939267282,0.540026107979,-1.91338297713,2.21308432758,-0.249529854115,-4.002358,1.425891,53.79712,1.33843,1.403861,3.581427
1,1789438686.356373310,0.53386547624,-0.269939267282,0.540026107979,-1.91338297713,2.21308432758,-0.249529854115,-3.999292,1.433435,53.706836,1.339568,1.405059,3.583301
1,1789438686.361476660,0.53386547624,-0.269939267282,0.540026107979,-1.91338297713,2.21308432758,-0.249529854115,-4.013771,1.465603,53.714099,1.338083,1.406268,3.581942
1,1789438686.366962671,0.53386547624,-0.269939267282,0.540026107979,-1.91338297713,2.21308432758,-0.249529854115,-4.070631,1.461091,53.794507,1.33809,1.40206,3.579278
1,1789438686.371457338,0.53386547624,-0.269939267282,0.540026107979,-1.91338297713,2.21308432758,-0.249529854115,-4.089966,1.459488,53.656784,1.338738,1.400298,3.580252
1,1789438686.376519918,0.53386547624,-0.269939267282,0.540026107979,-1.91338297713,2.21308432758,-0.249529854115,-4.137858,1.442556,53.705895,1.338121,1.398282,3.581783
1,1789438686.381727934,0.53386547624,-0.269939267282,0.540026107979,-1.91338297713,2.21308432758,-0.249529854115,-4.09137,1.436603,53.887253,1.340803,1.402927,3.579265
1,1789438686.386590242,0.53386547624,-0.269939267282,0.540026107979,-1.91338297713,2.21308432758,-0.249529854115,-4.036867,1.449547,53.740506,1.338403,1.403513,3.580713
1,1789438686.391538382,0.53386547624,-0.269939267282,0.540026107979,-1.91338297713,2.21308432758,-0.249529854115,-3.993986,1.416281,53.727635,1.338524,1.403895,3.578633
1,1789438686.396349192,0.53386547624,-0.269939267282,0.540026107979,-1.91338297713,2.21308432758,-0.249529854115,-3.986831,1.409556,53.636706,1.336426,1.405593,3.580268
1,1789438686.401963949,0.53386547624,-0.269939267282,0.540026107979,-1.91338297713,2.21308432758,-0.249529854115,-4.058738,1.415995,53.757594,1.337686,1.403713,3.579914
1,1789438686.406864405,0.53386547624,-0.269939267282,0.540026107979,-1.91338297713,2.21308432758,-0.249529854115,-4.087525,1.45164,53.613464,1.335,1.400079,3.582413
1,1789438686.411741257,0.53386547624,-0.269939267282,0.540026107979,-1.91338297713,2.21308432758,-0.249529854115,-4.109341,1.45135,53.702638,1.340526,1.399274,3.579707
1,1789438686.416543722,0.53386547624,-0.269939267282,0.540026107979,-1.91338297713,2.21308432758,-0.249529854115,-4.134524,1.448221,53.817833,1.339879,1.40245,3.576316
1,1789438686.421719551,0.53386547624,-0.269939267282,0.540026107979,-1.91338297713,2.21308432758,-0.249529854115,-4.08147,1.433498,53.679992,1.339095,1.402521,3.583651
1,1789438686.426884651,0.53386547624,-0.269939267282,0.540026107979,-1.91338297713,2.21308432758,-0.249529854115,-4.014239,1.404801,53.72132,1.339273,1.404548,3.580693
1,1789438686.431443691,0.53386547624,-0.269939267282,0.540026107979,-1.91338297713,2.21308432758,-0.249529854115,-4.01798,1.449095,53.907656,1.337078,1.406794,3.574841
1,1789438686.436874390,0.53386547624,-0.269939267282,0.540026107979,-1.91338297713,2.21308432758,-0.249529854115,-4.014656,1.457786,53.717176,1.336946,1.406148,3.577916
1,1789438686.441549301,0.53386547624,-0.269939267282,0.540026107979,-1.91338297713,2.21308432758,-0.249529854115,-4.084978,1.447631,53.668015,1.338454,1.400565,3.581614
1,1789438686.446368694,0.53386547624,-0.269939267282,0.540026107979,-1.91338297713,2.21308432758,-0.249529854115,-4.10518,1.439532,53.780938,1.339606,1.399219,3.576234
1,1789438686.451399088,0.53386547624,-0.269939267282,0.540026107979,-1.91338297713,2.21308432758,-0.249529854115,-4.124975,1.454751,53.74943,1.338703,1.400365,3.580007
1,1789438686.456625700,0.53386547624,-0.269939267282,0.540026107979,-1.91338297713,2.21308432758,-0.249529854115,-4.093477,1.423703,53.542564,1.33824,1.398401,3.584624
1,1789438686.461441994,0.53386547624,-0.269939267282,0.540026107979,-1.91338297713,2.21308432758,-0.249529854115,-4.009793,1.400594,53.746736,1.341755,1.405556,3.579167
1,1789438686.466152668,0.53386547624,-0.269939267282,0.540026107979,-1.91338297713,2.21308432758,-0.249529854115,-4.026423,1.457158,53.750446,1.338884,1.402372,3.574881
1,1789438686.471344471,0.53386547624,-0.269939267282,0.540026107979,-1.91338297713,2.21308432758,-0.249529854115,-3.989101,1.430111,53.846574,1.340145,1.407839,3.571596
1,1789438686.476676941,0.53386547624,-0.269939267282,0.540026107979,-1.91338297713,2.21308432758,-0.249529854115,-4.008381,1.441208,53.713332,1.338495,1.406044,3.575462
1,1789438686.481270790,0.53386547624,-0.269939267282,0.540026107979,-1.91338297713,2.21308432758,-0.249529854115,-4.028966,1.453112,53.694969,1.335897,1.403007,3.575237
1,1789438686.486405373,0.53386547624,-0.269939267282,0.540026107979,-1.91338297713,2.21308432758,-0.249529854115,-4.081826,1.457715,53.839474,1.338044,1.400153,3.57198
1,1789438686.491332293,0.53386547624,-0.269939267282,0.540026107979,-1.91338297713,2.21308432758,-0.249529854115,-4.115153,1.464585,53.720947,1.335374,1.401101,3.573636
1,1789438686.496340752,0.53386547624,-0.269939267282,0.540026107979,-1.91338297713,2.21308432758,-0.249529854115,-4.052411,1.434849,53.64967,1.335202,1.401184,3.575914
1,1789438686.501427650,0.53386547624,-0.269939267282,0.540026107979,-1.91338297713,2.21308432758,-0.249529854115,-4.026815,1.430066,53.789884,1.337624,1.400987,3.570261
1,1789438686.506455898,0.53386547624,-0.269939267282,0.540026107979,-1.91338297713,2.21308432758,-0.249529854115,-3.967529,1.419432,53.758606,1.339206,1.408092,3.575021
1,1789438686.511510611,0.53386547624,-0.269939267282,0.540026107979,-1.91338297713,2.21308432758,-0.249529854115,-3.963451,1.455128,53.585244,1.334201,1.406485,3.576943
1,1789438686.516405344,0.53386547624,-0.269939267282,0.540026107979,-1.91338297713,2.21308432758,-0.249529854115,-3.975246,1.438772,53.607407,1.33708,1.404584,3.573009
1,1789438686.521172523,0.53386547624,-0.269939267282,0.540026107979,-1.91338297713,2.21308432758,-0.249529854115,-4.076588,1.468027,53.773254,1.339241,1.400204,3.571199
1,1789438686.526851654,0.53386547624,-0.269939267282,0.540026107979,-1.91338297713,2.21308432758,-0.249529854115,-4.138707,1.452339,53.6297,1.33967,1.402382,3.574928
1,1789438686.531295538,0.53386547624,-0.269939267282,0.540026107979,-1.91338297713,2.21308432758,-0.249529854115,-4.138859,1.431495,53.696982,1.33854,1.401675,3.57639
1,1789438686.536480188,0.53386547624,-0.269939267282,0.540026107979,-1.91338297713,2.21308432758,-0.249529854115,-4.063226,1.451846,53.895727,1.336902,1.401393,3.572467
1,1789438686.541756153,0.53386547624,-0.269939267282,0.540026107979,-1.91338297713,2.21308432758,-0.249529854115,-4.006131,1.436896,53.724449,1.340647,1.405798,3.576614
1,1789438686.546425104,0.53386547624,-0.269939267282,0.540026107979,-1.91338297713,2.21308432758,-0.249529854115,-3.996576,1.439922,53.678027,1.33747,1.40596,3.57673
1,1789438686.551458359,0.53386547624,-0.269939267282,0.540026107979,-1.91338297713,2.21308432758,-0.249529854115,-3.962631,1.456301,53.791211,1.337462,1.408305,3.571867
1,1789438686.556551695,0.53386547624,-0.269939267282,0.540026107979,-1.91338297713,2.21308432758,-0.249529854115,-4.038484,1.473342,53.74907,1.339925,1.401516,3.573774
1,1789438686.561527729,0.53386547624,-0.269939267282,0.540026107979,-1.91338297713,2.21308432758,-0.249529854115,-4.0708,1.472526,53.562269,1.338057,1.40376,3.573544
1,1789438686.566677570,0.53386547624,-0.269939267282,0.540026107979,-1.91338297713,2.21308432758,-0.249529854115,-4.130017,1.480655,53.703161,1.337704,1.399559,3.573867
1,1789438686.571752548,0.53386547624,-0.269939267282,0.540026107979,-1.91338297713,2.21308432758,-0.249529854115,-4.086866,1.448782,53.782635,1.337851,1.39919,3.57125
1,1789438686.576556206,0.53386547624,-0.269939267282,0.540026107979,-1.91338297713,2.21308432758,-0.249529854115,-4.041116,1.455171,53.631108,1.335643,1.401258,3.575846
1,1789438686.581681252,0.53386547624,-0.269939267282,0.540026107979,-1.91338297713,2.21308432758,-0.249529854115,-3.996709,1.427849,53.746073,1.340751,1.406175,3.572602
1,1789438686.586899519,0.53386547624,-0.269939267282,0.540026107979,-1.91338297713,2.21308432758,-0.249529854115,-4.003175,1.470902,53.937647,1.338202,1.407912,3.570126
1,1789438686.591459036,0.53386547624,-0.269939267282,0.540026107979,-1.91338297713,2.21308432758,-0.249529854115,-4.040708,1.476394,53.740999,1.341299,1.404498,3.574876
1,1789438686.596631289,0.53386547624,-0.269939267282,0.540026107979,-1.91338297713,2.21308432758,-0.249529854115,-4.066301,1.476007,53.70251,1.338765,1.403631,3.573962
1,1789438686.601518154,0.53386547624,-0.269939267282,0.540026107979,-1.91338297713,2.21308432758,-0.249529854115,-4.155057,1.45578,53.875566,1.341062,1.399428,3.571073
1,1789438686.607369661,0.53386547624,-0.269939267282,0.540026107979,-1.91338297713,2.21308432758,-0.249529854115,-4.112712,1.459946,53.739187,1.338492,1.401776,3.573455
1,1789438686.611553431,0.53386547624,-0.269939267282,0.540026107979,-1.91338297713,2.21308432758,-0.249529854115,-4.086428,1.456411,53.68742,1.338986,1.398957,3.575819
1,1789438686.616281509,0.53386547624,-0.269939267282,0.540026107979,-1.91338297713,2.21308432758,-0.249529854115,-4.007156,1.441066,53.710058,1.339143,1.407132,3.573437
1,1789438686.621556997,0.53386547624,-0.269939267282,0.540026107979,-1.91338297713,2.21308432758,-0.249529854115,-3.993229,1.478254,53.665411,1.336402,1.404361,3.574199
1,1789438686.626810789,0.53386547624,-0.269939267282,0.540026107979,-1.91338297713,2.21308432758,-0.249529854115,-3.996175,1.449445,53.704724,1.342544,1.406874,3.569835
1,1789438686.631487131,0.53386547624,-0.269939267282,0.540026107979,-1.91338297713,2.21308432758,-0.249529854115,-4.055919,1.491135,53.747228,1.335871,1.406329,3.573061
1,1789438686.636835814,0.53386547624,-0.269939267282,0.540026107979,-1.91338297713,2.21308432758,-0.249529854115,-4.111795,1.443523,53.87745,1.338099,1.398463,3.57234
1,1789438686.641538143,0.53386547624,-0.269939267282,0.540026107979,-1.91338297713,2.21308432758,-0.249529854115,-4.120259,1.426161,53.699261,1.341301,1.404407,3.572108
1,1789438686.646725178,0.53386547624,-0.269939267282,0.540026107979,-1.91338297713,2.21308432758,-0.249529854115,-4.102804,1.460263,53.744703,1.33717,1.399321,3.576811
1,1789438686.651721716,0.53386547624,-0.269939267282,0.540026107979,-1.91338297713,2.21308432758,-0.249529854115,-3.999236,1.411615,53.807345,1.339745,1.406644,3.570239
1,1789438686.656511068,0.53386547624,-0.269939267282,0.540026107979,-1.91338297713,2.21308432758,-0.249529854115,-3.999733,1.462581,53.770335,1.340261,1.405092,3.569917
1,1789438686.661529303,0.53386547624,-0.269939267282,0.540026107979,-1.91338297713,2.21308432758,-0.249529854115,-3.946791,1.468184,53.569711,1.338361,1.411246,3.573289
1,1789438686.666150808,0.53386547624,-0.269939267282,0.540026107979,-1.91338297713,2.21308432758,-0.249529854115,-4.013921,1.457938,53.700804,1.339848,1.401914,3.572776
1,1789438686.671349287,0.53386547624,-0.269939267282,0.540026107979,-1.91338297713,2.21308432758,-0.249529854115,-4.067222,1.454098,53.794064,1.339896,1.405012,3.567171
1,1789438686.676744223,0.53386547624,-0.269939267282,0.540026107979,-1.91338297713,2.21308432758,-0.249529854115,-3.958337,1.465774,53.564331,1.340914,1.409317,3.569522
1,1789438686.681215525,0.53386547624,-0.269939267282,0.540026107979,-1.91338297713,2.21308432758,-0.249529854115,-4.032999,1.486571,53.680717,1.337001,1.403241,3.57183
1,1789438686.686399221,0.53386547624,-0.269939267282,0.540026107979,-1.91338297713,2.21308432758,-0.249529854115,-4.072526,1.486871,53.80984,1.340983,1.405265,3.565155
1,1789438686.691312551,0.53386547624,-0.269939267282,0.540026107979,-1.91338297713,2.21308432758,-0.249529854115,-4.110657,1.502457,53.632645,1.339149,1.402599,3.570561
1,1789438686.696374893,0.53386547624,-0.269939267282,0.540026107979,-1.91338297713,2.21308432758,-0.249529854115,-4.061854,1.467093,53.695277,1.338554,1.401367,3.569033
1,1789438686.701465130,0.53386547624,-0.269939267282,0.540026107979,-1.91338297713,2.21308432758,-0.249529854115,-4.019823,1.480087,53.880463,1.337807,1.404277,3.562685
1,1789438686.706454277,0.53386547624,-0.269939267282,0.540026107979,-1.91338297713,2.21308432758,-0.249529854115,-3.97782,1.473861,53.672972,1.338866,1.404787,3.567027
1,1789438686.711415768,0.53386547624,-0.269939267282,0.540026107979,-1.91338297713,2.21308432758,-0.249529854115,-3.950611,1.455539,53.670707,1.336789,1.408082,3.566066
1,1789438686.716506004,0.53386547624,-0.269939267282,0.540026107979,-1.91338297713,2.21308432758,-0.249529854115,-3.978944,1.46491,53.88089,1.3377,1.406128,3.563288
1,1789438686.721591234,0.53386547624,-0.269939267282,0.540026107979,-1.91338297713,2.21308432758,-0.249529854115,-4.013651,1.475543,53.694952,1.337684,1.40412,3.569137
1,1789438686.726756811,0.53386547624,-0.269939267282,0.540026107979,-1.91338297713,2.21308432758,-0.249529854115,-4.085207,1.483879,53.556275,1.338342,1.399674,3.56909
1,1789438686.731295347,0.53386547624,-0.269939267282,0.540026107979,-1.91338297713,2.21308432758,-0.249529854115,-4.086761,1.47558,53.64031,1.339447,1.400815,3.569448
1,1789438686.736448526,0.53386547624,-0.269939267282,0.540026107979,-1.91338297713,2.21308432758,-0.249529854115,-4.063676,1.461452,53.795169,1.337788,1.404936,3.567805
1,1789438686.741516829,0.53386547624,-0.269939267282,0.540026107979,-1.91338297713,2.21308432758,-0.249529854115,-4.012668,1.496019,53.602817,1.336539,1.404256,3.569644
1,1789438686.746430874,0.53386547624,-0.269939267282,0.540026107979,-1.91338297713,2.21308432758,-0.249529854115,-3.975314,1.454651,53.720771,1.341002,1.405482,3.568018
1,1789438686.751741886,0.53386547624,-0.269939267282,0.540026107979,-1.91338297713,2.21308432758,-0.249529854115,-3.966656,1.479472,53.900736,1.336729,1.410975,3.564591
1,1789438686.756385803,0.53386547624,-0.269939267282,0.540026107979,-1.91338297713,2.21308432758,-0.249529854115,-4.042459,1.483503,53.744361,1.340516,1.403671,3.56479
1,1789438686.761533737,0.53386547624,-0.269939267282,0.540026107979,-1.91338297713,2.21308432758,-0.249529854115,-4.073052,1.465578,53.709319,1.340497,1.404582,3.566381
1,1789438686.766424894,0.53386547624,-0.269939267282,0.540026107979,-1.91338297713,2.21308432758,-0.249529854115,-4.107607,1.504762,53.87273,1.336939,1.402005,3.563266
1,1789438686.771479607,0.53386547624,-0.269939267282,0.540026107979,-1.91338297713,2.21308432758,-0.249529854115,-4.075712,1.457989,53.694208,1.340969,1.403905,3.568621
1,1789438686.776704073,0.53386547624,-0.269939267282,0.540026107979,-1.91338297713,2.21308432758,-0.249529854115,-4.048194,1.466682,53.576228,1.341104,1.402889,3.570413
1,1789438686.781466961,0.53386547624,-0.269939267282,0.540026107979,-1.91338297713,2.21308432758,-0.249529854115,-3.992491,1.44688,53.689492,1.3425,1.410872,3.566426
1,1789438686.786319256,0.53386547624,-0.269939267282,0.540026107979,-1.91338297713,2.21308432758,-0.249529854115,-3.976736,1.481899,53.81608,1.335839,1.409559,3.563815
1,1789438686.791268349,0.53386547624,-0.269939267282,0.540026107979,-1.91338297713,2.21308432758,-0.249529854115,-3.998744,1.496906,53.706226,1.3388,1.405607,3.564393
1,1789438686.796372652,0.53386547624,-0.269939267282,0.540026107979,-1.91338297713,2.21308432758,-0.249529854115,-4.02683,1.515031,53.667541,1.338638,1.406965,3.563465
1,1789438686.801316977,0.53386547624,-0.269939267282,0.540026107979,-1.91338297713,2.21308432758,-0.249529854115,-4.096694,1.491937,53.68008,1.336294,1.399025,3.564788
1,1789438686.806433439,0.53386547624,-0.269939267282,0.540026107979,-1.91338297713,2.21308432758,-0.249529854115,-4.070499,1.458529,53.651475,1.33937,1.405107,3.565171
1,1789438686.811368942,0.53386547624,-0.269939267282,0.540026107979,-1.91338297713,2.21308432758,-0.249529854115,-4.058233,1.477031,53.69317,1.336511,1.399626,3.567439
1,1789438686.816356182,0.53386547624,-0.269939267282,0.540026107979,-1.91338297713,2.21308432758,-0.249529854115,-3.968091,1.435427,53.526079,1.339588,1.405925,3.568632
1,1789438686.821481943,0.53386547624,-0.269939267282,0.540026107979,-1.91338297713,2.21308432758,-0.249529854115,-3.971748,1.482844,53.810449,1.339708,1.406834,3.565852
1,1789438686.826810360,0.53386547624,-0.269939267282,0.540026107979,-1.91338297713,2.21308432758,-0.249529854115,-3.968164,1.484495,53.609883,1.339739,1.406383,3.568472
1,1789438686.831390619,0.53386547624,-0.269939267282,0.540026107979,-1.91338297713,2.21308432758,-0.249529854115,-4.022845,1.478133,53.643354,1.343266,1.406355,3.565962
1,1789438686.836654186,0.53386547624,-0.269939267282,0.540026107979,-1.91338297713,2.21308432758,-0.249529854115,-4.068487,1.503465,53.835299,1.33877,1.404055,3.563365
1,1789438686.841439724,0.53386547624,-0.269939267282,0.540026107979,-1.91338297713,2.21308432758,-0.249529854115,-4.101803,1.488105,53.641644,1.341705,1.402227,3.570367
1,1789438686.846396923,0.53386547624,-0.269939267282,0.540026107979,-1.91338297713,2.21308432758,-0.249529854115,-4.070763,1.482753,53.718442,1.338617,1.402113,3.565924
1,1789438686.851184130,0.53386547624,-0.269939267282,0.540026107979,-1.91338297713,2.21308432758,-0.249529854115,-4.03982,1.496402,53.874631,1.337913,1.405282,3.558881
1,1789438686.856209993,0.53386547624,-0.269939267282,0.540026107979,-1.91338297713,2.21308432758,-0.249529854115,-3.983003,1.464215,53.704943,1.340926,1.405854,3.563738
1,1789438686.861514330,0.53386547624,-0.269939267282,0.540026107979,-1.91338297713,2.21308432758,-0.249529854115,-3.972244,1.480425,53.732255,1.337082,1.407252,3.563484
1,1789438686.866325855,0.53386547624,-0.269939267282,0.540026107979,-1.91338297713,2.21308432758,-0.249529854115,-4.000188,1.472998,53.91463,1.337617,1.407533,3.561118
1,1789438686.871241331,0.53386547624,-0.269939267282,0.540026107979,-1.91338297713,2.21308432758,-0.249529854115,-4.03799,1.478174,53.67954,1.336508,1.402127,3.564902
1,1789438686.876844406,0.53386547624,-0.269939267282,0.540026107979,-1.91338297713,2.21308432758,-0.249529854115,-4.083356,1.475129,53.509629,1.336855,1.401132,3.569236
1,1789438686.881379604,0.53386547624,-0.269939267282,0.540026107979,-1.91338297713,2.21308432758,-0.249529854115,-4.086066,1.479181,53.637264,1.340514,1.404669,3.567855
1,1789438686.886389256,0.53386547624,-0.269939267282,0.540026107979,-1.91338297713,2.21308432758,-0.249529854115,-4.067827,1.481966,53.482013,1.33829,1.403376,3.563554
1,1789438686.891548634,0.53386547624,-0.269939267282,0.540026107979,-1.91338297713,2.21308432758,-0.249529854115,-4.091815,1.489706,53.522208,1.337221,1.403163,3.565435
1,1789438686.896444321,0.53386547624,-0.269939267282,0.540026107979,-1.91338297713,2.21308432758,-0.249529854115,-4.05817,1.497331,53.7735,1.337964,1.401654,3.559237
1,1789438686.902077913,0.53386547624,-0.269939267282,0.540026107979,-1.91338297713,2.21308432758,-0.249529854115,-3.985607,1.471565,53.599671,1.33983,1.409611,3.562212
1,1789438686.906326294,0.53386547624,-0.269939267282,0.540026107979,-1.91338297713,2.21308432758,-0.249529854115,-3.965678,1.483367,53.74584,1.339083,1.408949,3.560353
1,1789438686.911480427,0.53386547624,-0.269939267282,0.540026107979,-1.91338297713,2.21308432758,-0.249529854115,-3.931974,1.507299,53.879582,1.338273,1.41036,3.556632
1,1789438686.916498184,0.53386547624,-0.269939267282,0.540026107979,-1.91338297713,2.21308432758,-0.249529854115,-4.041702,1.513851,53.732003,1.341531,1.402688,3.562507
1,1789438686.921406031,0.53386547624,-0.269939267282,0.540026107979,-1.91338297713,2.21308432758,-0.249529854115,-4.083511,1.511017,53.708195,1.339975,1.409022,3.559821
1,1789438686.926640272,0.53386547624,-0.269939267282,0.540026107979,-1.91338297713,2.21308432758,-0.249529854115,-4.120154,1.519272,53.891526,1.337311,1.402301,3.557249
1,1789438686.931718826,0.53386547624,-0.269939267282,0.540026107979,-1.91338297713,2.21308432758,-0.249529854115,-4.070228,1.485498,53.699958,1.342888,1.402302,3.559867
1,1789438686.936353207,0.53386547624,-0.269939267282,0.540026107979,-1.91338297713,2.21308432758,-0.249529854115,-4.010074,1.496483,53.547659,1.338824,1.406252,3.564184
1,1789438686.941236973,0.53386547624,-0.269939267282,0.540026107979,-1.91338297713,2.21308432758,-0.249529854115,-3.963138,1.469618,53.555035,1.339735,1.409465,3.563453
1,1789438686.946424484,0.53386547624,-0.269939267282,0.540026107979,-1.91338297713,2.21308432758,-0.249529854115,-3.968065,1.497669,53.84034,1.340066,1.40863,3.555106
1,1789438686.951567173,0.53386547624,-0.269939267282,0.540026107979,-1.91338297713,2.21308432758,-0.249529854115,-3.990326,1.516638,53.589101,1.339565,1.404857,3.56061
1,1789438686.956288338,0.53386547624,-0.269939267282,0.540026107979,-1.91338297713,2.21308432758,-0.249529854115,-4.050829,1.510936,53.715578,1.337955,1.405343,3.558209
1,1789438686.961375952,0.53386547624,-0.269939267282,0.540026107979,-1.91338297713,2.21308432758,-0.249529854115,-4.098469,1.509391,53.789034,1.338983,1.403299,3.557302
1,1789438686.966366768,0.53386547624,-0.269939267282,0.540026107979,-1.91338297713,2.21308432758,-0.249529854115,-4.103563,1.494005,53.681014,1.341545,1.402875,3.559657
1,1789438686.971313238,0.53386547624,-0.269939267282,0.540026107979,-1.91338297713,2.21308432758,-0.249529854115,-4.05342,1.509236,53.708214,1.339213,1.406129,3.559553
1,1789438686.976798773,0.53386547624,-0.269939267282,0.540026107979,-1.91338297713,2.21308432758,-0.249529854115,-3.986462,1.496329,53.714076,1.338776,1.406108,3.557431
1,1789438686.981392384,0.53386547624,-0.269939267282,0.540026107979,-1.91338297713,2.21308432758,-0.249529854115,-3.931652,1.489859,53.732065,1.342391,1.408901,3.557369
1,1789438686.986364126,0.53386547624,-0.269939267282,0.540026107979,-1.91338297713,2.21308432758,-0.249529854115,-3.934498,1.498443,53.614772,1.338078,1.409702,3.559855
1,1789438686.991485119,0.53386547624,-0.269939267282,0.540026107979,-1.91338297713,2.21308432758,-0.249529854115,-3.985186,1.510177,53.444517,1.338118,1.40549,3.563526
1,1789438686.996469021,0.53386547624,-0.269939267282,0.540026107979,-1.91338297713,2.21308432758,-0.249529854115,-4.037443,1.492497,53.774709,1.339443,1.404345,3.554269
1,1789438687.001405239,0.53386547624,-0.269939267282,0.540026107979,-1.91338297713,2.21308432758,-0.249529854115,-4.075241,1.486274,53.569292,1.337436,1.402268,3.559654
1,1789438687.006338596,0.53386547624,-0.269939267282,0.540026107979,-1.91338297713,2.21308432758,-0.249529854115,-4.057456,1.476773,53.677037,1.339116,1.401876,3.557109
1,1789438687.011504889,0.53386547624,-0.269939267282,0.540026107979,-1.91338297713,2.21308432758,-0.249529854115,-3.982363,1.489089,53.804175,1.33667,1.407512,3.555747
1,1789438687.016449213,0.53386547624,-0.269939267282,0.540026107979,-1.91338297713,2.21308432758,-0.249529854115,-3.951797,1.499436,53.698924,1.337479,1.406774,3.559795
1,1789438687.021557808,0.53386547624,-0.269939267282,0.540026107979,-1.91338297713,2.21308432758,-0.249529854115,-3.951379,1.492118,53.730047,1.340229,1.408814,3.556043
1,1789438687.026738405,0.53386547624,-0.269939267282,0.540026107979,-1.91338297713,2.21308432758,-0.249529854115,-4.001245,1.512051,53.946019,1.341451,1.412135,3.551483
1,1789438687.031362534,0.53386547624,-0.269939267282,0.540026107979,-1.91338297713,2.21308432758,-0.249529854115,-4.055112,1.530448,53.728868,1.339386,1.405605,3.554635
1,1789438687.036568403,0.53386547624,-0.269939267282,0.540026107979,-1.91338297713,2.21308432758,-0.249529854115,-4.068722,1.506034,53.533259,1.341423,1.402249,3.560265
1,1789438687.041614771,0.53386547624,-0.269939267282,0.540026107979,-1.91338297713,2.21308432758,-0.249529854115,-4.075812,1.504736,53.55357,1.33657,1.403715,3.561616
1,1789438687.046455145,0.53386547624,-0.269939267282,0.540026107979,-1.91338297713,2.21308432758,-0.249529854115,-4.028166,1.498442,53.851058,1.34052,1.404287,3.555482
1,1789438687.051936150,0.53386547624,-0.269939267282,0.540026107979,-1.91338297713,2.21308432758,-0.249529854115,-4.000021,1.489396,53.634875,1.343167,1.407506,3.560508
1,1789438687.056225300,0.53386547624,-0.269939267282,0.540026107979,-1.91338297713,2.21308432758,-0.249529854115,-3.96072,1.490617,53.756534,1.338934,1.411249,3.555407
1,1789438687.061482906,0.53386547624,-0.269939267282,0.540026107979,-1.91338297713,2.21308432758,-0.249529854115,-4.005799,1.498509,53.876629,1.342754,1.40985,3.554565
1,1789438687.066848516,0.53386547624,-0.269939267282,0.540026107979,-1.91338297713,2.21308432758,-0.249529854115,-4.012078,1.536378,53.720023,1.337497,1.407563,3.555186
1,1789438687.071205616,0.53386547624,-0.269939267282,0.540026107979,-1.91338297713,2.21308432758,-0.249529854115,-4.054944,1.556385,53.703979,1.337698,1.40058,3.555931
1,1789438687.076472282,0.53386547624,-0.269939267282,0.540026107979,-1.91338297713,2.21308432758,-0.249529854115,-4.083473,1.517771,53.895365,1.338822,1.403505,3.553828
1,1789438687.081449509,0.53386547624,-0.269939267282,0.540026107979,-1.91338297713,2.21308432758,-0.249529854115,-4.076042,1.50819,53.732004,1.340524,1.403344,3.556516
1,1789438687.086696863,0.53386547624,-0.269939267282,0.540026107979,-1.91338297713,2.21308432758,-0.249529854115,-4.018237,1.462885,53.553319,1.342607,1.409076,3.562236
1,1789438687.091537714,0.53386547624,-0.269939267282,0.540026107979,-1.91338297713,2.21308432758,-0.249529854115,-3.959108,1.500915,53.570659,1.337858,1.407862,3.561189
1,1789438687.096343994,0.53386547624,-0.269939267282,0.540026107979,-1.91338297713,2.21308432758,-0.249529854115,-3.949557,1.512031,53.565364,1.337456,1.408753,3.557781
1,1789438687.101440191,0.53386547624,-0.269939267282,0.540026107979,-1.91338297713,2.21308432758,-0.249529854115,-3.941401,1.477588,53.475174,1.344074,1.40878,3.559733
1,1789438687.106681108,0.53386547624,-0.269939267282,0.540026107979,-1.91338297713,2.21308432758,-0.249529854115,-3.952309,1.524091,53.858124,1.341954,1.412674,3.548787
1,1789438687.111480713,0.53386547624,-0.269939267282,0.540026107979,-1.91338297713,2.21308432758,-0.249529854115,-3.975596,1.520449,53.582851,1.340288,1.408957,3.556966
1,1789438687.116956472,0.53386547624,-0.269939267282,0.540026107979,-1.91338297713,2.21308432758,-0.249529854115,-4.048707,1.529154,53.717414,1.339985,1.403995,3.553052
1,1789438687.121334314,0.53386547624,-0.269939267282,0.540026107979,-1.91338297713,2.21308432758,-0.249529854115,-4.093535,1.530502,53.822762,1.34142,1.407239,3.549243
1,1789438687.126924515,0.53386547624,-0.269939267282,0.540026107979,-1.91338297713,2.21308432758,-0.249529854115,-4.103746,1.515905,53.746184,1.341409,1.402504,3.553452
1,1789438687.131329298,0.53386547624,-0.269939267282,0.540026107979,-1.91338297713,2.21308432758,-0.249529854115,-4.013768,1.496179,53.708706,1.339808,1.406199,3.553894
1,1789438687.137159824,0.53386547624,-0.269939267282,0.540026107979,-1.91338297713,2.21308432758,-0.249529854115,-3.94459,1.503353,53.905874,1.33951,1.408851,3.549317
1,1789438687.141434908,0.53386547624,-0.269939267282,0.540026107979,-1.91338297713,2.21308432758,-0.249529854115,-3.924257,1.509953,53.765523,1.342868,1.413901,3.549289
1,1789438687.146567106,0.53386547624,-0.269939267282,0.540026107979,-1.91338297713,2.21308432758,-0.249529854115,-3.973197,1.514325,53.712277,1.338215,1.408951,3.550417
1,1789438687.151302338,0.53386547624,-0.269939267282,0.540026107979,-1.91338297713,2.21308432758,-0.249529854115,-3.995031,1.526225,53.683579,1.337237,1.406125,3.549516
1,1789438687.156476736,0.53386547624,-0.269939267282,0.540026107979,-1.91338297713,2.21308432758,-0.249529854115,-4.078421,1.525605,53.708009,1.340276,1.399341,3.552452
1,1789438687.161480904,0.53386547624,-0.269939267282,0.540026107979,-1.91338297713,2.21308432758,-0.249529854115,-4.09461,1.509294,53.700779,1.343191,1.407087,3.554708
1,1789438687.166960478,0.53386547624,-0.269939267282,0.540026107979,-1.91338297713,2.21308432758,-0.249529854115,-4.060797,1.538833,53.720286,1.33895,1.407562,3.555284
1,1789438687.171636343,0.53386547624,-0.269939267282,0.540026107979,-1.91338297713,2.21308432758,-0.249529854115,-3.974115,1.509198,53.824773,1.338411,1.407309,3.55082
1,1789438687.177369356,0.53386547624,-0.269939267282,0.540026107979,-1.91338297713,2.21308432758,-0.249529854115,-3.9279,1.510538,53.729503,1.340295,1.41031,3.549694
1,1789438687.181385279,0.53386547624,-0.269939267282,0.540026107979,-1.91338297713,2.21308432758,-0.249529854115,-3.946467,1.522141,53.725717,1.338328,1.408674,3.553069
1,1789438687.186671257,0.53386547624,-0.269939267282,0.540026107979,-1.91338297713,2.21308432758,-0.249529854115,-3.985191,1.529483,53.91148,1.341175,1.410663,3.546907
1,1789438687.192066908,0.53386547624,-0.269939267282,0.540026107979,-1.91338297713,2.21308432758,-0.249529854115,-4.042437,1.566093,53.753233,1.3405,1.405812,3.552147
1,1789438687.196465969,0.53386547624,-0.269939267282,0.540026107979,-1.91338297713,2.21308432758,-0.249529854115,-4.057543,1.573033,53.603826,1.338754,1.403591,3.551506
1,1789438687.202215195,0.53386547624,-0.269939267282,0.540026107979,-1.91338297713,2.21308432758,-0.249529854115,-4.051574,1.52689,53.48019,1.340266,1.403882,3.556084
1,1789438687.206436396,0.53386547624,-0.269939267282,0.540026107979,-1.91338297713,2.21308432758,-0.249529854115,-4.020461,1.521587,53.812594,1.33944,1.405779,3.548648
1,1789438687.211808681,0.53386547624,-0.269939267282,0.540026107979,-1.91338297713,2.21308432758,-0.249529854115,-3.971632,1.500194,53.594934,1.340153,1.410218,3.552956
1,1789438687.217227697,0.53386547624,-0.269939267282,0.540026107979,-1.91338297713,2.21308432758,-0.249529854115,-3.935018,1.504544,53.712173,1.335653,1.409763,3.55056
1,1789438687.221762657,0.53386547624,-0.269939267282,0.540026107979,-1.91338297713,2.21308432758,-0.249529854115,-3.959282,1.535665,53.852203,1.336083,1.408589,3.550556
1,1789438687.226516247,0.53386547624,-0.269939267282,0.540026107979,-1.91338297713,2.21308432758,-0.249529854115,-4.033129,1.534879,53.706454,1.342679,1.407676,3.552325
1,1789438687.232268333,0.53386547624,-0.269939267282,0.540026107979,-1.91338297713,2.21308432758,-0.249529854115,-4.067457,1.536173,53.717923,1.340844,1.407721,3.553738
1,1789438687.236305952,0.53386547624,-0.269939267282,0.540026107979,-1.91338297713,2.21308432758,-0.249529854115,-4.068789,1.533191,53.901022,1.338177,1.402975,3.551325
1,1789438687.241415739,0.53386547624,-0.269939267282,0.540026107979,-1.91338297713,2.21308432758,-0.249529854115,-4.027969,1.53619,53.750982,1.344321,1.409947,3.551256
1,1789438687.246454000,0.53386547624,-0.269939267282,0.540026107979,-1.91338297713,2.21308432758,-0.249529854115,-3.978318,1.518915,53.670506,1.340265,1.409404,3.55351
1,1789438687.251225948,0.53386547624,-0.269939267282,0.540026107979,-1.91338297713,2.21308432758,-0.249529854115,-3.914319,1.495306,53.594448,1.341535,1.411672,3.552855
1,1789438687.256383419,0.53386547624,-0.269939267282,0.540026107979,-1.91338297713,2.21308432758,-0.249529854115,-3.973915,1.530406,53.865112,1.34149,1.409117,3.546829
1,1789438687.261629343,0.53386547624,-0.269939267282,0.540026107979,-1.91338297713,2.21308432758,-0.249529854115,-4.004358,1.529238,53.605505,1.342489,1.4074,3.553254
1,1789438687.266265392,0.53386547624,-0.269939267282,0.540026107979,-1.91338297713,2.21308432758,-0.249529854115,-4.064258,1.52391,53.730953,1.340888,1.407876,3.550177
1,1789438687.271376610,0.53386547624,-0.269939267282,0.540026107979,-1.91338297713,2.21308432758,-0.249529854115,-4.083027,1.55971,53.805241,1.336885,1.402911,3.549384
1,1789438687.276930571,0.53386547624,-0.269939267282,0.540026107979,-1.91338297713,2.21308432758,-0.249529854115,-4.061274,1.514965,53.704409,1.342604,1.405603,3.550839
1,1789438687.281462669,0.53386547624,-0.269939267282,0.540026107979,-1.91338297713,2.21308432758,-0.249529854115,-4.015469,1.522466,53.757746,1.339778,1.40732,3.54945
1,1789438687.286403418,0.53386547624,-0.269939267282,0.540026107979,-1.91338297713,2.21308432758,-0.249529854115,-3.951393,1.492255,53.948055,1.34251,1.41087,3.546721
1,1789438687.291610718,0.53386547624,-0.269939267282,0.540026107979,-1.91338297713,2.21308432758,-0.249529854115,-3.932073,1.521014,53.778247,1.342806,1.412756,3.551332
1,1789438687.296490908,0.53386547624,-0.269939267282,0.540026107979,-1.91338297713,2.21308432758,-0.249529854115,-3.934959,1.561839,53.599091,1.336643,1.409119,3.549223
1,1789438687.301543951,0.53386547624,-0.269939267282,0.540026107979,-1.91338297713,2.21308432758,-0.249529854115,-4.018309,1.535024,53.425768,1.341048,1.406824,3.551217
1,1789438687.306358576,0.53386547624,-0.269939267282,0.540026107979,-1.91338297713,2.21308432758,-0.249529854115,-4.010752,1.554141,53.515729,1.341145,1.406436,3.549071
1,1789438687.311532974,0.53386547624,-0.269939267282,0.540026107979,-1.91338297713,2.21308432758,-0.249529854115,-4.070617,1.551146,53.805041,1.341206,1.406347,3.543551
1,1789438687.316316366,0.53386547624,-0.269939267282,0.540026107979,-1.91338297713,2.21308432758,-0.249529854115,-4.067618,1.538926,53.57933,1.34027,1.404823,3.547944
1,1789438687.321322441,0.53386547624,-0.269939267282,0.540026107979,-1.91338297713,2.21308432758,-0.249529854115,-4.029677,1.523667,53.749402,1.341137,1.406568,3.543872
1,1789438687.326788902,0.53386547624,-0.269939267282,0.540026107979,-1.91338297713,2.21308432758,-0.249529854115,-3.971599,1.516572,53.834521,1.340853,1.409657,3.54522
1,1789438687.331437349,0.53386547624,-0.269939267282,0.540026107979,-1.91338297713,2.21308432758,-0.249529854115,-3.938832,1.536087,53.750306,1.338338,1.41276,3.545208
1,1789438687.336475372,0.53386547624,-0.269939267282,0.540026107979,-1.91338297713,2.21308432758,-0.249529854115,-3.949658,1.554742,53.721334,1.338135,1.409668,3.544061
1,1789438687.341336489,0.53386547624,-0.269939267282,0.540026107979,-1.91338297713,2.21308432758,-0.249529854115,-3.992873,1.55382,53.656051,1.340146,1.409185,3.54384
1,1789438687.346431732,0.53386547624,-0.269939267282,0.540026107979,-1.91338297713,2.21308432758,-0.249529854115,-4.063268,1.576822,53.736535,1.342092,1.405927,3.547228
1,1789438687.351668596,0.53386547624,-0.269939267282,0.540026107979,-1.91338297713,2.21308432758,-0.249529854115,-4.062694,1.560027,53.672511,1.34107,1.407791,3.548259
1,1789438687.356564045,0.53386547624,-0.269939267282,0.540026107979,-1.91338297713,2.21308432758,-0.249529854115,-4.025107,1.540878,53.436932,1.340863,1.404567,3.552146
1,1789438687.361646652,0.53386547624,-0.269939267282,0.540026107979,-1.91338297713,2.21308432758,-0.249529854115,-3.991985,1.548244,53.804608,1.339362,1.408428,3.543608
1,1789438687.366802216,0.53386547624,-0.269939267282,0.540026107979,-1.91338297713,2.21308432758,-0.249529854115,-3.951285,1.527374,53.624586,1.341704,1.409541,3.547788
1,1789438687.371698618,0.53386547624,-0.269939267282,0.540026107979,-1.91338297713,2.21308432758,-0.249529854115,-3.916524,1.539198,53.776387,1.340308,1.415556,3.544301
1,1789438687.376654863,0.53386547624,-0.269939267282,0.540026107979,-1.91338297713,2.21308432758,-0.249529854115,-3.97616,1.5503,53.851492,1.340664,1.408787,3.543874
1,1789438687.381640196,0.53386547624,-0.269939267282,0.540026107979,-1.91338297713,2.21308432758,-0.249529854115,-4.037447,1.553037,53.741019,1.342476,1.408526,3.544512
1,1789438687.386363029,0.53386547624,-0.269939267282,0.540026107979,-1.91338297713,2.21308432758,-0.249529854115,-4.072818,1.575306,53.693471,1.338219,1.40693,3.543571
1,1789438687.391449928,0.53386547624,-0.269939267282,0.540026107979,-1.91338297713,2.21308432758,-0.249529854115,-4.079863,1.550709,53.912793,1.340882,1.402699,3.540603
1,1789438687.396399975,0.53386547624,-0.269939267282,0.540026107979,-1.91338297713,2.21308432758,-0.249529854115,-4.049555,1.538438,53.735394,1.340873,1.408454,3.546999
1,1789438687.401507139,0.53386547624,-0.269939267282,0.540026107979,-1.91338297713,2.21308432758,-0.249529854115,-3.962195,1.535953,53.651336,1.341601,1.409226,3.546942
1,1789438687.406314135,0.53386547624,-0.269939267282,0.540026107979,-1.91338297713,2.21308432758,-0.249529854115,-3.9041,1.54153,53.531646,1.341618,1.413048,3.548204
1,1789438687.411498070,0.53386547624,-0.269939267282,0.540026107979,-1.91338297713,2.21308432758,-0.249529854115,-3.934138,1.565857,53.868634,1.340608,1.409091,3.542904
1,1789438687.416366816,0.53386547624,-0.269939267282,0.540026107979,-1.91338297713,2.21308432758,-0.249529854115,-3.983621,1.549049,53.610948,1.34164,1.412104,3.545102
1,1789438687.421338081,0.53386547624,-0.269939267282,0.540026107979,-1.91338297713,2.21308432758,-0.249529854115,-4.065639,1.555896,53.723951,1.34065,1.404013,3.544998
1,1789438687.426664114,0.53386547624,-0.269939267282,0.540026107979,-1.91338297713,2.21308432758,-0.249529854115,-4.06601,1.524564,53.793895,1.34318,1.408131,3.542663
1,1789438687.431353331,0.53386547624,-0.269939267282,0.540026107979,-1.91338297713,2.21308432758,-0.249529854115,-4.049383,1.539004,53.743734,1.341209,1.408266,3.546341
1,1789438687.436481237,0.53386547624,-0.269939267282,0.540026107979,-1.91338297713,2.21308432758,-0.249529854115,-3.972027,1.525119,53.702946,1.342021,1.408376,3.54414
1,1789438687.441591740,0.53386547624,-0.269939267282,0.540026107979,-1.91338297713,2.21308432758,-0.249529854115,-3.969658,1.507476,53.948089,1.342921,1.413876,3.540898
1,1789438687.446486950,0.53386547624,-0.269939267282,0.540026107979,-1.91338297713,2.21308432758,-0.249529854115,-3.963598,1.55432,53.793718,1.341065,1.411267,3.542856
1,1789438687.451391697,0.53386547624,-0.269939267282,0.540026107979,-1.91338297713,2.21308432758,-0.249529854115,-3.957879,1.540362,53.590229,1.340747,1.413018,3.543902
1,1789438687.456180811,0.53386547624,-0.269939267282,0.540026107979,-1.91338297713,2.21308432758,-0.249529854115,-4.021041,1.57039,53.450124,1.340246,1.405182,3.548531
1,1789438687.461452007,0.53386547624,-0.269939267282,0.540026107979,-1.91338297713,2.21308432758,-0.249529854115,-4.051194,1.58499,53.824563,1.339055,1.409751,3.538318
1,1789438687.466209650,0.53386547624,-0.269939267282,0.540026107979,-1.91338297713,2.21308432758,-0.249529854115,-4.073812,1.544691,53.723841,1.342673,1.404765,3.545034
1,1789438687.471212387,0.53386547624,-0.269939267282,0.540026107979,-1.91338297713,2.21308432758,-0.249529854115,-4.015765,1.534971,53.727512,1.341058,1.409376,3.541994
1,1789438687.476792812,0.53386547624,-0.269939267282,0.540026107979,-1.91338297713,2.21308432758,-0.249529854115,-3.948677,1.534039,53.796564,1.341549,1.411906,3.53882
1,1789438687.481398821,0.53386547624,-0.269939267282,0.540026107979,-1.91338297713,2.21308432758,-0.249529854115,-3.92554,1.532403,53.722928,1.341462,1.411751,3.539345
1,1789438687.486364365,0.53386547624,-0.269939267282,0.540026107979,-1.91338297713,2.21308432758,-0.249529854115,-3.920462,1.561382,53.725885,1.33565,1.410491,3.541071
1,1789438687.491369963,0.53386547624,-0.269939267282,0.540026107979,-1.91338297713,2.21308432758,-0.249529854115,-3.96192,1.538629,53.785828,1.338438,1.406328,3.537265
1,1789438687.496386051,0.53386547624,-0.269939267282,0.540026107979,-1.91338297713,2.21308432758,-0.249529854115,-4.025295,1.587523,53.684144,1.337438,1.406415,3.537401
1,1789438687.501495361,0.53386547624,-0.269939267282,0.540026107979,-1.91338297713,2.21308432758,-0.249529854115,-4.071338,1.538768,53.64435,1.34319,1.405113,3.541786
1,1789438687.506416321,0.53386547624,-0.269939267282,0.540026107979,-1.91338297713,2.21308432758,-0.249529854115,-4.020107,1.537925,53.446282,1.336289,1.407461,3.546506
1,1789438687.511486530,0.53386547624,-0.269939267282,0.540026107979,-1.91338297713,2.21308432758,-0.249529854115,-3.982077,1.534588,53.81368,1.340962,1.407482,3.543409
1,1789438687.516208887,0.53386547624,-0.269939267282,0.540026107979,-1.91338297713,2.21308432758,-0.249529854115,-4.014631,1.550179,53.412319,1.339794,1.407328,3.542422
1,1789438687.521290302,0.53386547624,-0.269939267282,0.540026107979,-1.91338297713,2.21308432758,-0.249529854115,-3.95281,1.580181,53.828001,1.338098,1.411218,3.534769
1,1789438687.526898623,0.53386547624,-0.269939267282,0.540026107979,-1.91338297713,2.21308432758,-0.249529854115,-3.922959,1.571002,53.666993,1.339426,1.408876,3.538771
1,1789438687.531220198,0.53386547624,-0.269939267282,0.540026107979,-1.91338297713,2.21308432758,-0.249529854115,-3.906835,1.584196,53.772597,1.338737,1.411263,3.535051
1,1789438687.536237001,0.53386547624,-0.269939267282,0.540026107979,-1.91338297713,2.21308432758,-0.249529854115,-3.966105,1.587611,53.861841,1.341209,1.412427,3.532606
1,1789438687.541419268,0.53386547624,-0.269939267282,0.540026107979,-1.91338297713,2.21308432758,-0.249529854115,-4.034307,1.581761,53.737273,1.341533,1.409383,3.535941
1,1789438687.546390295,0.53386547624,-0.269939267282,0.540026107979,-1.91338297713,2.21308432758,-0.249529854115,-4.065874,1.574487,53.74916,1.34207,1.407158,3.537385
1,1789438687.552014828,0.53386547624,-0.269939267282,0.540026107979,-1.91338297713,2.21308432758,-0.249529854115,-4.036736,1.555192,53.909482,1.3406,1.407098,3.532867
1,1789438687.556275129,0.53386547624,-0.269939267282,0.540026107979,-1.91338297713,2.21308432758,-0.249529854115,-3.986893,1.55206,53.739522,1.339774,1.407795,3.537455
1,1789438687.561390400,0.53386547624,-0.269939267282,0.540026107979,-1.91338297713,2.21308432758,-0.249529854115,-3.939155,1.561214,53.648276,1.338272,1.409087,3.538778
1,1789438687.566758394,0.53386547624,-0.269939267282,0.540026107979,-1.91338297713,2.21308432758,-0.249529854115,-3.88462,1.537769,53.576422,1.340535,1.413207,3.541056
1,1789438687.571380854,0.53386547624,-0.269939267282,0.540026107979,-1.91338297713,2.21308432758,-0.249529854115,-3.944308,1.587125,53.854752,1.341465,1.410998,3.533909
1,1789438687.576702118,0.53386547624,-0.269939267282,0.540026107979,-1.91338297713,2.21308432758,-0.249529854115,-3.971693,1.562044,53.592284,1.341281,1.412587,3.538982
1,1789438687.581344604,0.53386547624,-0.269939267282,0.540026107979,-1.91338297713,2.21308432758,-0.249529854115,-4.03781,1.576642,53.711099,1.338501,1.404508,3.536595
1,1789438687.586380482,0.53386547624,-0.269939267282,0.540026107979,-1.91338297713,2.21308432758,-0.249529854115,-4.052238,1.540075,53.789946,1.343198,1.407659,3.533875
1,1789438687.591293812,0.53386547624,-0.269939267282,0.540026107979,-1.91338297713,2.21308432758,-0.249529854115,-4.021226,1.550874,53.684276,1.338864,1.410248,3.538095
1,1789438687.596495628,0.53386547624,-0.269939267282,0.540026107979,-1.91338297713,2.21308432758,-0.249529854115,-3.948741,1.557875,53.7308,1.336917,1.407105,3.537799
1,1789438687.602166891,0.53386547624,-0.269939267282,0.540026107979,-1.91338297713,2.21308432758,-0.249529854115,-3.91541,1.538236,53.907513,1.343199,1.413186,3.532416
1,1789438687.606632471,0.53386547624,-0.269939267282,0.540026107979,-1.91338297713,2.21308432758,-0.249529854115,-3.958274,1.589958,53.802128,1.341891,1.414066,3.536309
1,1789438687.611583710,0.53386547624,-0.269939267282,0.540026107979,-1.91338297713,2.21308432758,-0.249529854115,-3.975795,1.55779,53.661969,1.342173,1.415091,3.536173
1,1789438687.616364002,0.53386547624,-0.269939267282,0.540026107979,-1.91338297713,2.21308432758,-0.249529854115,-4.013988,1.560744,53.528386,1.341644,1.406006,3.539007
1,1789438687.621479273,0.53386547624,-0.269939267282,0.540026107979,-1.91338297713,2.21308432758,-0.249529854115,-4.045328,1.564406,53.809033,1.342124,1.407642,3.53408
1,1789438687.626728535,0.53386547624,-0.269939267282,0.540026107979,-1.91338297713,2.21308432758,-0.249529854115,-4.051342,1.565275,53.613585,1.342804,1.409597,3.540303
1,1789438687.631229401,0.53386547624,-0.269939267282,0.540026107979,-1.91338297713,2.21308432758,-0.249529854115,-3.995825,1.539059,53.769962,1.340802,1.409517,3.533269
1,1789438687.636883736,0.53386547624,-0.269939267282,0.540026107979,-1.91338297713,2.21308432758,-0.249529854115,-3.926274,1.582441,53.879001,1.342941,1.412258,3.531677
1,1789438687.641464949,0.53386547624,-0.269939267282,0.540026107979,-1.91338297713,2.21308432758,-0.249529854115,-3.92384,1.554995,53.761303,1.344248,1.41298,3.534004
1,1789438687.646459818,0.53386547624,-0.269939267282,0.540026107979,-1.91338297713,2.21308432758,-0.249529854115,-3.951711,1.578895,53.777945,1.339048,1.413236,3.532674
1,1789438687.651252985,0.53386547624,-0.269939267282,0.540026107979,-1.91338297713,2.21308432758,-0.249529854115,-4.020005,1.605098,53.906202,1.338159,1.407203,3.530518
1,1789438687.656216621,0.53386547624,-0.269939267282,0.540026107979,-1.91338297713,2.21308432758,-0.249529854115,-4.055862,1.593452,53.741537,1.342495,1.40803,3.532401
1,1789438687.661499500,0.53386547624,-0.269939267282,0.540026107979,-1.91338297713,2.21308432758,-0.249529854115,-4.056976,1.560965,53.730281,1.339471,1.403493,3.536912
1,1789438687.666469097,0.53386547624,-0.269939267282,0.540026107979,-1.91338297713,2.21308432758,-0.249529854115,-3.998746,1.529381,53.708984,1.341232,1.410324,3.53611
1,1789438687.671253681,0.53386547624,-0.269939267282,0.540026107979,-1.91338297713,2.21308432758,-0.249529854115,-3.967615,1.554029,53.763346,1.340434,1.409572,3.53498
1,1789438687.676631451,0.53386547624,-0.269939267282,0.540026107979,-1.91338297713,2.21308432758,-0.249529854115,-3.922443,1.567985,53.751125,1.343579,1.414221,3.533513
1,1789438687.681449175,0.53386547624,-0.269939267282,0.540026107979,-1.91338297713,2.21308432758,-0.249529854115,-3.940306,1.579519,53.727594,1.341613,1.412945,3.536184
1,1789438687.686439753,0.53386547624,-0.269939267282,0.540026107979,-1.91338297713,2.21308432758,-0.249529854115,-3.967557,1.601234,53.821737,1.338942,1.410988,3.530512
1,1789438687.691383839,0.53386547624,-0.269939267282,0.540026107979,-1.91338297713,2.21308432758,-0.249529854115,-4.018922,1.584875,53.695089,1.340928,1.407578,3.532492
1,1789438687.696481943,0.53386547624,-0.269939267282,0.540026107979,-1.91338297713,2.21308432758,-0.249529854115,-4.056025,1.559296,53.725696,1.34106,1.406249,3.534211
1,1789438687.701455116,0.53386547624,-0.269939267282,0.540026107979,-1.91338297713,2.21308432758,-0.249529854115,-4.025718,1.564361,53.926707,1.33692,1.408691,3.532157
1,1789438687.706443548,0.53386547624,-0.269939267282,0.540026107979,-1.91338297713,2.21308432758,-0.249529854115,-3.984099,1.540133,53.776654,1.342402,1.408659,3.537528
1,1789438687.711359262,0.53386547624,-0.269939267282,0.540026107979,-1.91338297713,2.21308432758,-0.249529854115,-3.9314,1.546543,53.737462,1.338583,1.41373,3.536868
1,1789438687.716471910,0.53386547624,-0.269939267282,0.540026107979,-1.91338297713,2.21308432758,-0.249529854115,-3.927039,1.550575,53.596095,1.340931,1.413081,3.535549
1,1789438687.721221447,0.53386547624,-0.269939267282,0.540026107979,-1.91338297713,2.21308432758,-0.249529854115,-3.920565,1.610705,53.832017,1.338414,1.412471,3.531313
1,1789438687.726562262,0.53386547624,-0.269939267282,0.540026107979,-1.91338297713,2.21308432758,-0.249529854115,-3.888092,1.571887,53.681999,1.341341,1.413644,3.530869
1,1789438687.731243849,0.53386547624,-0.269939267282,0.540026107979,-1.91338297713,2.21308432758,-0.249529854115,-3.960614,1.595631,53.856137,1.339455,1.413424,3.528976
1,1789438687.736240625,0.53386547624,-0.269939267282,0.540026107979,-1.91338297713,2.21308432758,-0.249529854115,-4.009773,1.615346,53.640195,1.342907,1.410623,3.533255
1,1789438687.741443157,0.53386547624,-0.269939267282,0.540026107979,-1.91338297713,2.21308432758,-0.249529854115,-4.059317,1.576721,53.704579,1.345356,1.409971,3.532829
1,1789438687.746346474,0.53386547624,-0.269939267282,0.540026107979,-1.91338297713,2.21308432758,-0.249529854115,-4.062603,1.611713,53.8396,1.340342,1.406696,3.52939
1,1789438687.751346588,0.53386547624,-0.269939267282,0.540026107979,-1.91338297713,2.21308432758,-0.249529854115,-3.995864,1.565108,53.676247,1.341408,1.411322,3.532875
1,1789438687.756426334,0.53386547624,-0.269939267282,0.540026107979,-1.91338297713,2.21308432758,-0.249529854115,-3.937449,1.583113,53.732006,1.336518,1.408863,3.532584
1,1789438687.761661768,0.53386547624,-0.269939267282,0.540026107979,-1.91338297713,2.21308432758,-0.249529854115,-3.90789,1.551749,53.943486,1.342227,1.417086,3.525912
1,1789438687.766295195,0.53386547624,-0.269939267282,0.540026107979,-1.91338297713,2.21308432758,-0.249529854115,-3.932113,1.597591,53.810955,1.344608,1.415323,3.529998
1,1789438687.771502733,0.53386547624,-0.269939267282,0.540026107979,-1.91338297713,2.21308432758,-0.249529854115,-3.971439,1.59743,53.728069,1.342752,1.414026,3.530397
1,1789438687.776649475,0.53386547624,-0.269939267282,0.540026107979,-1.91338297713,2.21308432758,-0.249529854115,-4.022481,1.617396,53.683861,1.340069,1.407799,3.531095
1,1789438687.781354427,0.53386547624,-0.269939267282,0.540026107979,-1.91338297713,2.21308432758,-0.249529854115,-4.036295,1.592947,53.793312,1.34276,1.405936,3.529539
1,1789438687.786501408,0.53386547624,-0.269939267282,0.540026107979,-1.91338297713,2.21308432758,-0.249529854115,-3.995094,1.558655,53.595952,1.338993,1.409662,3.535001
1,1789438687.792128563,0.53386547624,-0.269939267282,0.540026107979,-1.91338297713,2.21308432758,-0.249529854115,-3.955993,1.566918,53.748943,1.338126,1.408946,3.53155
1,1789438687.796443224,0.53386547624,-0.269939267282,0.540026107979,-1.91338297713,2.21308432758,-0.249529854115,-3.89189,1.550125,53.83281,1.343116,1.413963,3.526195
1,1789438687.801312685,0.53386547624,-0.269939267282,0.540026107979,-1.91338297713,2.21308432758,-0.249529854115,-3.910576,1.591842,53.73664,1.341209,1.416334,3.530279
1,1789438687.806370020,0.53386547624,-0.269939267282,0.540026107979,-1.91338297713,2.21308432758,-0.249529854115,-3.937904,1.588071,53.748657,1.342796,1.413855,3.525668
1,1789438687.811370611,0.53386547624,-0.269939267282,0.540026107979,-1.91338297713,2.21308432758,-0.249529854115,-4.009339,1.624935,53.914136,1.339575,1.40825,3.523542
1,1789438687.816786766,0.53386547624,-0.269939267282,0.540026107979,-1.91338297713,2.21308432758,-0.249529854115,-4.052915,1.588032,53.716959,1.343021,1.408366,3.528558
1,1789438687.821765900,0.53386547624,-0.269939267282,0.540026107979,-1.91338297713,2.21308432758,-0.249529854115,-4.032747,1.596184,53.636998,1.338966,1.408451,3.53106
1,1789438687.826665401,0.53386547624,-0.269939267282,0.540026107979,-1.91338297713,2.21308432758,-0.249529854115,-3.984605,1.544728,53.68456,1.342207,1.410364,3.532227
1,1789438687.831480026,0.53386547624,-0.269939267282,0.540026107979,-1.91338297713,2.21308432758,-0.249529854115,-3.903231,1.565178,53.861306,1.342513,1.413641,3.526462
1,1789438687.836669207,0.53386547624,-0.269939267282,0.540026107979,-1.91338297713,2.21308432758,-0.249529854115,-3.901217,1.584726,53.664669,1.341989,1.414836,3.531748
1,1789438687.844619513,0.53386547624,-0.269939267282,0.540026107979,-1.91338297713,2.21308432758,-0.249529854115,-3.92626,1.580644,53.770799,1.340977,1.412672,3.527923
1,1789438687.846763849,0.53386547624,-0.269939267282,0.540026107979,-1.91338297713,2.21308432758,-0.249529854115,-3.988007,1.63929,53.852374,1.339867,1.411778,3.52607
1,1789438687.851795673,0.53386547624,-0.269939267282,0.540026107979,-1.91338297713,2.21308432758,-0.249529854115,-4.04593,1.621231,53.716333,1.342469,1.407046,3.527838
1,1789438687.857326031,0.53386547624,-0.269939267282,0.540026107979,-1.91338297713,2.21308432758,-0.249529854115,-4.038579,1.600747,53.745084,1.340699,1.409126,3.528763
2,1789438737.615872622,0.533926724505,-0.269878660147,0.539876024224,-1.47723505068,1.7041639901,-0.801994326192,-11.041449,29.405137,43.301348,-0.240235,0.242445,-0.343302
2,1789438737.620934725,0.533926724505,-0.269878660147,0.539876024224,-1.47723505068,1.7041639901,-0.801994326192,-11.082571,29.381555,43.097205,-0.240043,0.24267,-0.336768
2,1789438737.625945807,0.533926724505,-0.269878660147,0.539876024224,-1.47723505068,1.7041639901,-0.801994326192,-11.044065,29.36786,43.494091,-0.236881,0.245312,-0.344542
2,1789438737.630901098,0.533926724505,-0.269878660147,0.539876024224,-1.47723505068,1.7041639901,-0.801994326192,-10.98049,29.356776,43.324262,-0.239531,0.246269,-0.339759
2,1789438737.636053562,0.533926724505,-0.269878660147,0.539876024224,-1.47723505068,1.7041639901,-0.801994326192,-10.958541,29.384396,43.427409,-0.238942,0.24574,-0.345504
2,1789438737.641044378,0.533926724505,-0.269878660147,0.539876024224,-1.47723505068,1.7041639901,-0.801994326192,-10.97803,29.388099,43.551822,-0.239457,0.245826,-0.349331
2,1789438737.645964146,0.533926724505,-0.269878660147,0.539876024224,-1.47723505068,1.7041639901,-0.801994326192,-11.004234,29.415104,43.396233,-0.238131,0.246745,-0.347739
2,1789438737.651036263,0.533926724505,-0.269878660147,0.539876024224,-1.47723505068,1.7041639901,-0.801994326192,-11.047801,29.423782,43.429607,-0.238829,0.242732,-0.344689
2,1789438737.656054735,0.533926724505,-0.269878660147,0.539876024224,-1.47723505068,1.7041639901,-0.801994326192,-11.062046,29.399324,43.590246,-0.238375,0.245875,-0.348677
2,1789438737.660960913,0.533926724505,-0.269878660147,0.539876024224,-1.47723505068,1.7041639901,-0.801994326192,-11.053468,29.412388,43.402473,-0.239397,0.243436,-0.344039
2,1789438737.665850401,0.533926724505,-0.269878660147,0.539876024224,-1.47723505068,1.7041639901,-0.801994326192,-11.013197,29.405389,43.310681,-0.239319,0.243818,-0.343119
2,1789438737.670887709,0.533926724505,-0.269878660147,0.539876024224,-1.47723505068,1.7041639901,-0.801994326192,-10.971396,29.380967,43.165107,-0.241571,0.246413,-0.340493
2,1789438737.675967932,0.533926724505,-0.269878660147,0.539876024224,-1.47723505068,1.7041639901,-0.801994326192,-10.962044,29.382287,43.504613,-0.237682,0.246943,-0.349641
2,1789438737.680815935,0.533926724505,-0.269878660147,0.539876024224,-1.47723505068,1.7041639901,-0.801994326192,-10.980786,29.40689,43.288896,-0.240314,0.245119,-0.345019
2,1789438737.685879707,0.533926724505,-0.269878660147,0.539876024224,-1.47723505068,1.7041639901,-0.801994326192,-10.984135,29.382604,43.377233,-0.240207,0.246723,-0.34778
2,1789438737.691128254,0.533926724505,-0.269878660147,0.539876024224,-1.47723505068,1.7041639901,-0.801994326192,-11.059986,29.430272,43.473574,-0.242205,0.242099,-0.346421
2,1789438737.695929289,0.533926724505,-0.269878660147,0.539876024224,-1.47723505068,1.7041639901,-0.801994326192,-11.073753,29.368063,43.376264,-0.238112,0.242312,-0.342855
2,1789438737.700885773,0.533926724505,-0.269878660147,0.539876024224,-1.47723505068,1.7041639901,-0.801994326192,-11.059431,29.363988,43.4429,-0.241136,0.245122,-0.34147
2,1789438737.705909729,0.533926724505,-0.269878660147,0.539876024224,-1.47723505068,1.7041639901,-0.801994326192,-11.08531,29.375402,43.391719,-0.236311,0.24345,-0.338779
2,1789438737.710975170,0.533926724505,-0.269878660147,0.539876024224,-1.47723505068,1.7041639901,-0.801994326192,-11.057882,29.367603,43.426993,-0.238805,0.243772,-0.339909
2,1789438737.716002464,0.533926724505,-0.269878660147,0.539876024224,-1.47723505068,1.7041639901,-0.801994326192,-11.02103,29.345416,43.637575,-0.239058,0.244658,-0.347951
2,1789438737.721038342,0.533926724505,-0.269878660147,0.539876024224,-1.47723505068,1.7041639901,-0.801994326192,-10.981717,29.364716,43.451081,-0.237073,0.246865,-0.348089
2,1789438737.725981712,0.533926724505,-0.269878660147,0.539876024224,-1.47723505068,1.7041639901,-0.801994326192,-10.983899,29.411584,43.296516,-0.241812,0.24501,-0.346137
2,1789438737.730872631,0.533926724505,-0.269878660147,0.539876024224,-1.47723505068,1.7041639901,-0.801994326192,-10.996541,29.385553,43.240045,-0.240766,0.243692,-0.3466
2,1789438737.735955000,0.533926724505,-0.269878660147,0.539876024224,-1.47723505068,1.7041639901,-0.801994326192,-11.045756,29.423506,43.488254,-0.242384,0.242538,-0.348888
2,1789438737.741211891,0.533926724505,-0.269878660147,0.539876024224,-1.47723505068,1.7041639901,-0.801994326192,-11.046059,29.375551,43.258076,-0.238,0.2424,-0.341067
2,1789438737.745912790,0.533926724505,-0.269878660147,0.539876024224,-1.47723505068,1.7041639901,-0.801994326192,-11.053399,29.40233,43.415863,-0.241565,0.244917,-0.341116
2,1789438737.751172781,0.533926724505,-0.269878660147,0.539876024224,-1.47723505068,1.7041639901,-0.801994326192,-11.016783,29.353357,43.543381,-0.236628,0.246538,-0.342494
2,1789438737.756050587,0.533926724505,-0.269878660147,0.539876024224,-1.47723505068,1.7041639901,-0.801994326192,-10.984186,29.393004,43.426273,-0.236429,0.245753,-0.346348
2,1789438737.761055470,0.533926724505,-0.269878660147,0.539876024224,-1.47723505068,1.7041639901,-0.801994326192,-10.980449,29.395152,43.462689,-0.239297,0.244387,-0.346988
2,1789438737.765862226,0.533926724505,-0.269878660147,0.539876024224,-1.47723505068,1.7041639901,-0.801994326192,-10.965609,29.427281,43.608254,-0.240508,0.248085,-0.354939
2,1789438737.771061659,0.533926724505,-0.269878660147,0.539876024224,-1.47723505068,1.7041639901,-0.801994326192,-11.033283,29.41942,43.452929,-0.23896,0.241319,-0.347809
2,1789438737.776027679,0.533926724505,-0.269878660147,0.539876024224,-1.47723505068,1.7041639901,-0.801994326192,-11.053705,29.410481,43.410417,-0.238464,0.245472,-0.344703
2,1789438737.780991554,0.533926724505,-0.269878660147,0.539876024224,-1.47723505068,1.7041639901,-0.801994326192,-11.062077,29.385792,43.414235,-0.238372,0.244586,-0.342183
2,1789438737.786042452,0.533926724505,-0.269878660147,0.539876024224,-1.47723505068,1.7041639901,-0.801994326192,-11.046614,29.381326,43.453278,-0.237546,0.244041,-0.341022
2,1789438737.791066408,0.533926724505,-0.269878660147,0.539876024224,-1.47723505068,1.7041639901,-0.801994326192,-10.979692,29.384973,43.31261,-0.238882,0.246945,-0.341377
2,1789438737.795886993,0.533926724505,-0.269878660147,0.539876024224,-1.47723505068,1.7041639901,-0.801994326192,-10.974278,29.402749,43.435387,-0.239775,0.246444,-0.346389
2,1789438737.800885677,0.533926724505,-0.269878660147,0.539876024224,-1.47723505068,1.7041639901,-0.801994326192,-10.961556,29.401115,43.532305,-0.237891,0.249107,-0.349636
2,1789438737.805968523,0.533926724505,-0.269878660147,0.539876024224,-1.47723505068,1.7041639901,-0.801994326192,-11.022004,29.424985,43.389994,-0.239482,0.247312,-0.34572
2,1789438737.811097860,0.533926724505,-0.269878660147,0.539876024224,-1.47723505068,1.7041639901,-0.801994326192,-11.051746,29.425998,43.398504,-0.238756,0.245044,-0.346533
2,1789438737.815889359,0.533926724505,-0.269878660147,0.539876024224,-1.47723505068,1.7041639901,-0.801994326192,-11.051817,29.411424,43.573917,-0.243294,0.243791,-0.347407
2,1789438737.820964098,0.533926724505,-0.269878660147,0.539876024224,-1.47723505068,1.7041639901,-0.801994326192,-11.059371,29.380201,43.365948,-0.239312,0.243993,-0.343579
2,1789438737.826090336,0.533926724505,-0.269878660147,0.539876024224,-1.47723505068,1.7041639901,-0.801994326192,-11.001841,29.368983,43.302781,-0.239854,0.243805,-0.341994
2,1789438737.830882788,0.533926724505,-0.269878660147,0.539876024224,-1.47723505068,1.7041639901,-0.801994326192,-10.954099,29.356111,43.214164,-0.237969,0.247727,-0.34467
2,1789438737.836029291,0.533926724505,-0.269878660147,0.539876024224,-1.47723505068,1.7041639901,-0.801994326192,-10.982027,29.374104,43.508157,-0.237515,0.244637,-0.347559
2,1789438737.841108322,0.533926724505,-0.269878660147,0.539876024224,-1.47723505068,1.7041639901,-0.801994326192,-10.979904,29.41334,43.313208,-0.23919,0.246752,-0.347236
2,1789438737.846076012,0.533926724505,-0.269878660147,0.539876024224,-1.47723505068,1.7041639901,-0.801994326192,-11.028165,29.407434,43.408219,-0.239245,0.24159,-0.346528
2,1789438737.851202250,0.533926724505,-0.269878660147,0.539876024224,-1.47723505068,1.7041639901,-0.801994326192,-11.062074,29.423108,43.49152,-0.240104,0.242336,-0.34682
2,1789438737.856102467,0.533926724505,-0.269878660147,0.539876024224,-1.47723505068,1.7041639901,-0.801994326192,-11.04661,29.375176,43.369865,-0.237687,0.242954,-0.340906
2,1789438737.861053705,0.533926724505,-0.269878660147,0.539876024224,-1.47723505068,1.7041639901,-0.801994326192,-11.034714,29.379962,43.394993,-0.241475,0.242698,-0.342713
2,1789438737.866116762,0.533926724505,-0.269878660147,0.539876024224,-1.47723505068,1.7041639901,-0.801994326192,-11.001386,29.374333,43.607228,-0.239396,0.246934,-0.349422
2,1789438737.871026993,0.533926724505,-0.269878660147,0.539876024224,-1.47723505068,1.7041639901,-0.801994326192,-10.992242,29.394471,43.441751,-0.237986,0.246138,-0.348341
2,1789438737.876167774,0.533926724505,-0.269878660147,0.539876024224,-1.47723505068,1.7041639901,-0.801994326192,-10.979369,29.38563,43.357897,-0.238855,0.246976,-0.348262
2,1789438737.880943537,0.533926724505,-0.269878660147,0.539876024224,-1.47723505068,1.7041639901,-0.801994326192,-11.025557,29.400517,43.3701,-0.241019,0.241741,-0.347039
2,1789438737.886112452,0.533926724505,-0.269878660147,0.539876024224,-1.47723505068,1.7041639901,-0.801994326192,-11.088063,29.402069,43.494589,-0.239564,0.242401,-0.344723
2,1789438737.891122341,0.533926724505,-0.269878660147,0.539876024224,-1.47723505068,1.7041639901,-0.801994326192,-11.088806,29.39241,43.263987,-0.239463,0.243331,-0.337201
2,1789438737.895906925,0.533926724505,-0.269878660147,0.539876024224,-1.47723505068,1.7041639901,-0.801994326192,-11.052982,29.391867,43.435765,-0.237615,0.243981,-0.340375
2,1789438737.901084423,0.533926724505,-0.269878660147,0.539876024224,-1.47723505068,1.7041639901,-0.801994326192,-11.030268,29.387859,43.539541,-0.238065,0.246255,-0.34521
2,1789438737.905915737,0.533926724505,-0.269878660147,0.539876024224,-1.47723505068,1.7041639901,-0.801994326192,-10.979491,29.366505,43.400765,-0.236722,0.246239,-0.344575
2,1789438737.911031485,0.533926724505,-0.269878660147,0.539876024224,-1.47723505068,1.7041639901,-0.801994326192,-10.976365,29.393816,43.443661,-0.242558,0.245786,-0.347049
2,1789438737.915934801,0.533926724505,-0.269878660147,0.539876024224,-1.47723505068,1.7041639901,-0.801994326192,-11.010613,29.372024,43.528623,-0.239119,0.244372,-0.346362
2,1789438737.921059132,0.533926724505,-0.269878660147,0.539876024224,-1.47723505068,1.7041639901,-0.801994326192,-10.987569,29.375514,43.406699,-0.238108,0.246243,-0.346812
2,1789438737.925994396,0.533926724505,-0.269878660147,0.539876024224,-1.47723505068,1.7041639901,-0.801994326192,-10.96887,29.396313,43.410538,-0.24121,0.247839,-0.350254
2,1789438737.930922747,0.533926724505,-0.269878660147,0.539876024224,-1.47723505068,1.7041639901,-0.801994326192,-11.000113,29.437704,43.622379,-0.238609,0.242013,-0.352581
2,1789438737.936009169,0.533926724505,-0.269878660147,0.539876024224,-1.47723505068,1.7041639901,-0.801994326192,-11.033336,29.405043,43.399302,-0.239915,0.246871,-0.345663
2,1789438737.941001415,0.533926724505,-0.269878660147,0.539876024224,-1.47723505068,1.7041639901,-0.801994326192,-11.069336,29.426818,43.349312,-0.237101,0.242653,-0.342515
2,1789438737.945825100,0.533926724505,-0.269878660147,0.539876024224,-1.47723505068,1.7041639901,-0.801994326192,-11.032617,29.361624,43.411797,-0.237376,0.243408,-0.343771
2,1789438737.950878143,0.533926724505,-0.269878660147,0.539876024224,-1.47723505068,1.7041639901,-0.801994326192,-11.050038,29.400287,43.498666,-0.239043,0.243724,-0.341876
2,1789438737.955911398,0.533926724505,-0.269878660147,0.539876024224,-1.47723505068,1.7041639901,-0.801994326192,-11.010442,29.36736,43.27656,-0.238246,0.247861,-0.340456
2,1789438737.960977077,0.533926724505,-0.269878660147,0.539876024224,-1.47723505068,1.7041639901,-0.801994326192,-10.954392,29.384436,43.432298,-0.24023,0.247141,-0.34821
2,1789438737.965817451,0.533926724505,-0.269878660147,0.539876024224,-1.47723505068,1.7041639901,-0.801994326192,-10.97778,29.388038,43.487634,-0.240104,0.245457,-0.348753
2,1789438737.970986843,0.533926724505,-0.269878660147,0.539876024224,-1.47723505068,1.7041639901,-0.801994326192,-11.008039,29.413022,43.386664,-0.239786,0.245924,-0.347973
2,1789438737.975891113,0.533926724505,-0.269878660147,0.539876024224,-1.47723505068,1.7041639901,-0.801994326192,-11.066828,29.459196,43.418483,-0.24152,0.244414,-0.345855
2,1789438737.980924129,0.533926724505,-0.269878660147,0.539876024224,-1.47723505068,1.7041639901,-0.801994326192,-11.080232,29.396727,43.430811,-0.236786,0.245719,-0.343478
2,1789438737.985935688,0.533926724505,-0.269878660147,0.539876024224,-1.47723505068,1.7041639901,-0.801994326192,-11.061478,29.406824,43.43909,-0.237241,0.245645,-0.344188
2,1789438737.991052389,0.533926724505,-0.269878660147,0.539876024224,-1.47723505068,1.7041639901,-0.801994326192,-11.014882,29.374082,43.35806,-0.238411,0.246295,-0.342124
2,1789438737.995924950,0.533926724505,-0.269878660147,0.539876024224,-1.47723505068,1.7041639901,-0.801994326192,-10.952019,29.357188,43.251536,-0.23989,0.246945,-0.34463
2,1789438738.000852108,0.533926724505,-0.269878660147,0.539876024224,-1.47723505068,1.7041639901,-0.801994326192,-10.969974,29.383457,43.514985,-0.241514,0.246397,-0.348961
2,1789438738.005925655,0.533926724505,-0.269878660147,0.539876024224,-1.47723505068,1.7041639901,-0.801994326192,-10.981199,29.406188,43.297048,-0.239356,0.24605,-0.345677
2,1789438738.010923624,0.533926724505,-0.269878660147,0.539876024224,-1.47723505068,1.7041639901,-0.801994326192,-11.024894,29.41814,43.397583,-0.241252,0.24501,-0.34704
2,1789438738.015831709,0.533926724505,-0.269878660147,0.539876024224,-1.47723505068,1.7041639901,-0.801994326192,-11.071036,29.397517,43.492011,-0.237762,0.243127,-0.346315
2,1789438738.020925283,0.533926724505,-0.269878660147,0.539876024224,-1.47723505068,1.7041639901,-0.801994326192,-11.050536,29.391912,43.385877,-0.237932,0.244866,-0.342475
2,1789438738.026104212,0.533926724505,-0.269878660147,0.539876024224,-1.47723505068,1.7041639901,-0.801994326192,-11.043667,29.353675,43.441963,-0.239149,0.244223,-0.342145
2,1789438738.030852079,0.533926724505,-0.269878660147,0.539876024224,-1.47723505068,1.7041639901,-0.801994326192,-10.989724,29.369358,43.597554,-0.239219,0.244651,-0.349887
2,1789438738.036060572,0.533926724505,-0.269878660147,0.539876024224,-1.47723505068,1.7041639901,-0.801994326192,-10.98019,29.380388,43.408336,-0.24028,0.24441,-0.345936
2,1789438738.041081667,0.533926724505,-0.269878660147,0.539876024224,-1.47723505068,1.7041639901,-0.801994326192,-10.975031,29.388482,43.351068,-0.238804,0.246493,-0.346711
2,1789438738.045969009,0.533926724505,-0.269878660147,0.539876024224,-1.47723505068,1.7041639901,-0.801994326192,-11.008582,29.400345,43.331626,-0.239756,0.244303,-0.34758
2,1789438738.050995350,0.533926724505,-0.269878660147,0.539876024224,-1.47723505068,1.7041639901,-0.801994326192,-11.064715,29.416031,43.486879,-0.240271,0.240918,-0.343893
2,1789438738.055988550,0.533926724505,-0.269878660147,0.539876024224,-1.47723505068,1.7041639901,-0.801994326192,-11.039534,29.377265,43.261353,-0.240237,0.242796,-0.338851
2,1789438738.060972452,0.533926724505,-0.269878660147,0.539876024224,-1.47723505068,1.7041639901,-0.801994326192,-11.018198,29.374787,43.422422,-0.240336,0.243428,-0.34292
2,1789438738.065849304,0.533926724505,-0.269878660147,0.539876024224,-1.47723505068,1.7041639901,-0.801994326192,-11.014572,29.388775,43.53852,-0.240984,0.245358,-0.345928
2,1789438738.071013451,0.533926724505,-0.269878660147,0.539876024224,-1.47723505068,1.7041639901,-0.801994326192,-10.976219,29.361669,43.342195,-0.238128,0.245091,-0.346456
2,1789438738.075992107,0.533926724505,-0.269878660147,0.539876024224,-1.47723505068,1.7041639901,-0.801994326192,-10.98166,29.397878,43.432626,-0.242127,0.246091,-0.348179
2,1789438738.080825567,0.533926724505,-0.269878660147,0.539876024224,-1.47723505068,1.7041639901,-0.801994326192,-11.003125,29.398026,43.583836,-0.240469,0.243459,-0.353053
2,1789438738.086032629,0.533926724505,-0.269878660147,0.539876024224,-1.47723505068,1.7041639901,-0.801994326192,-11.046823,29.405076,43.381752,-0.238917,0.246989,-0.344985
2,1789438738.091032505,0.533926724505,-0.269878660147,0.539876024224,-1.47723505068,1.7041639901,-0.801994326192,-11.079081,29.406938,43.330607,-0.238825,0.242185,-0.342509
2,1789438738.095912218,0.533926724505,-0.269878660147,0.539876024224,-1.47723505068,1.7041639901,-0.801994326192,-11.043054,29.367861,43.429884,-0.238174,0.244929,-0.34397
2,1789438738.100982189,0.533926724505,-0.269878660147,0.539876024224,-1.47723505068,1.7041639901,-0.801994326192,-11.023989,29.399396,43.47775,-0.240083,0.244065,-0.343307
2,1789438738.106121540,0.533926724505,-0.269878660147,0.539876024224,-1.47723505068,1.7041639901,-0.801994326192,-10.972104,29.368336,43.291131,-0.238952,0.246631,-0.343195
2,1789438738.110984087,0.533926724505,-0.269878660147,0.539876024224,-1.47723505068,1.7041639901,-0.801994326192,-10.962328,29.387705,43.409001,-0.240792,0.246198,-0.345317
2,1789438738.116191149,0.533926724505,-0.269878660147,0.539876024224,-1.47723505068,1.7041639901,-0.801994326192,-10.96111,29.403207,43.541955,-0.238497,0.247252,-0.34962
2,1789438738.121170282,0.533926724505,-0.269878660147,0.539876024224,-1.47723505068,1.7041639901,-0.801994326192,-11.003617,29.408633,43.35827,-0.238279,0.246381,-0.348235
2,1789438738.126077890,0.533926724505,-0.269878660147,0.539876024224,-1.47723505068,1.7041639901,-0.801994326192,-11.007812,29.41228,43.362841,-0.242069,0.245362,-0.345329
2,1789438738.130941629,0.533926724505,-0.269878660147,0.539876024224,-1.47723505068,1.7041639901,-0.801994326192,-11.049916,29.39912,43.426774,-0.240671,0.243949,-0.346248
2,1789438738.135975122,0.533926724505,-0.269878660147,0.539876024224,-1.47723505068,1.7041639901,-0.801994326192,-11.04397,29.381292,43.601931,-0.240125,0.244753,-0.347109
2,1789438738.141158581,0.533926724505,-0.269878660147,0.539876024224,-1.47723505068,1.7041639901,-0.801994326192,-11.038643,29.365402,43.418656,-0.23567,0.244055,-0.339264
2,1789438738.145986795,0.533926724505,-0.269878660147,0.539876024224,-1.47723505068,1.7041639901,-0.801994326192,-10.998946,29.346983,43.359417,-0.237774,0.247075,-0.341001
2,1789438738.151030064,0.533926724505,-0.269878660147,0.539876024224,-1.47723505068,1.7041639901,-0.801994326192,-10.990151,29.382285,43.540845,-0.23827,0.245748,-0.350431
2,1789438738.155945778,0.533926724505,-0.269878660147,0.539876024224,-1.47723505068,1.7041639901,-0.801994326192,-10.970897,29.390356,43.503236,-0.239412,0.247145,-0.350544
2,1789438738.161045074,0.533926724505,-0.269878660147,0.539876024224,-1.47723505068,1.7041639901,-0.801994326192,-11.024733,29.417961,43.307556,-0.242874,0.244089,-0.345157
2,1789438738.165860653,0.533926724505,-0.269878660147,0.539876024224,-1.47723505068,1.7041639901,-0.801994326192,-11.016137,29.383575,43.399415,-0.239811,0.2432,-0.345876
2,1789438738.171101093,0.533926724505,-0.269878660147,0.539876024224,-1.47723505068,1.7041639901,-0.801994326192,-11.069802,29.416934,43.524037,-0.240877,0.24361,-0.343625
2,1789438738.176014185,0.533926724505,-0.269878660147,0.539876024224,-1.47723505068,1.7041639901,-0.801994326192,-11.048513,29.366111,43.434081,-0.235625,0.245028,-0.341247
2,1789438738.180978537,0.533926724505,-0.269878660147,0.539876024224,-1.47723505068,1.7041639901,-0.801994326192,-11.017089,29.386814,43.45549,-0.23908,0.246521,-0.345362
2,1789438738.186065674,0.533926724505,-0.269878660147,0.539876024224,-1.47723505068,1.7041639901,-0.801994326192,-10.999766,29.37719,43.608705,-0.241605,0.244132,-0.348753
2,1789438738.191102982,0.533926724505,-0.269878660147,0.539876024224,-1.47723505068,1.7041639901,-0.801994326192,-10.954224,29.353879,43.395206,-0.240619,0.242961,-0.348434
2,1789438738.195879459,0.533926724505,-0.269878660147,0.539876024224,-1.47723505068,1.7041639901,-0.801994326192,-10.990561,29.427314,43.404539,-0.244339,0.245703,-0.348472
2,1789438738.201107740,0.533926724505,-0.269878660147,0.539876024224,-1.47723505068,1.7041639901,-0.801994326192,-10.985536,29.39027,43.413295,-0.238416,0.246551,-0.348619
2,1789438738.205890656,0.533926724505,-0.269878660147,0.539876024224,-1.47723505068,1.7041639901,-0.801994326192,-11.048904,29.436267,43.491809,-0.241445,0.242568,-0.346644
2,1789438738.211014986,0.533926724505,-0.269878660147,0.539876024224,-1.47723505068,1.7041639901,-0.801994326192,-11.065764,29.373443,43.286961,-0.236719,0.241738,-0.340527
2,1789438738.215906382,0.533926724505,-0.269878660147,0.539876024224,-1.47723505068,1.7041639901,-0.801994326192,-11.030938,29.378883,43.378212,-0.240531,0.245734,-0.341184
2,1789438738.220951080,0.533926724505,-0.269878660147,0.539876024224,-1.47723505068,1.7041639901,-0.801994326192,-11.012944,29.377256,43.507616,-0.240618,0.243843,-0.341917
2,1789438738.226110935,0.533926724505,-0.269878660147,0.539876024224,-1.47723505068,1.7041639901,-0.801994326192,-10.992068,29.406162,43.384083,-0.236751,0.248476,-0.343287
2,1789438738.230815411,0.533926724505,-0.269878660147,0.539876024224,-1.47723505068,1.7041639901,-0.801994326192,-10.973497,29.390757,43.461081,-0.239407,0.245348,-0.347901
2,1789438738.235995531,0.533926724505,-0.269878660147,0.539876024224,-1.47723505068,1.7041639901,-0.801994326192,-11.013665,29.419043,43.615067,-0.238027,0.245846,-0.350768
2,1789438738.241116762,0.533926724505,-0.269878660147,0.539876024224,-1.47723505068,1.7041639901,-0.801994326192,-11.02269,29.428911,43.389611,-0.238757,0.244004,-0.346374
2,1789438738.246151447,0.533926724505,-0.269878660147,0.539876024224,-1.47723505068,1.7041639901,-0.801994326192,-11.053913,29.385126,43.38311,-0.238729,0.24276,-0.344476
2,1789438738.251041651,0.533926724505,-0.269878660147,0.539876024224,-1.47723505068,1.7041639901,-0.801994326192,-11.044425,29.3813,43.557489,-0.240773,0.244025,-0.345828
2,1789438738.256027937,0.533926724505,-0.269878660147,0.539876024224,-1.47723505068,1.7041639901,-0.801994326192,-11.015405,29.369144,43.451933,-0.238535,0.244462,-0.34175
2,1789438738.261034489,0.533926724505,-0.269878660147,0.539876024224,-1.47723505068,1.7041639901,-0.801994326192,-10.953327,29.370891,43.308954,-0.239579,0.246937,-0.343662
2,1789438738.265938282,0.533926724505,-0.269878660147,0.539876024224,-1.47723505068,1.7041639901,-0.801994326192,-10.962954,29.382305,43.41573,-0.238977,0.245487,-0.347078
2,1789438738.271019459,0.533926724505,-0.269878660147,0.539876024224,-1.47723505068,1.7041639901,-0.801994326192,-10.972434,29.389353,43.495946,-0.23911,0.247357,-0.349205
2,1789438738.276070833,0.533926724505,-0.269878660147,0.539876024224,-1.47723505068,1.7041639901,-0.801994326192,-11.015619,29.423144,43.327869,-0.241486,0.244592,-0.344024
2,1789438738.280909538,0.533926724505,-0.269878660147,0.539876024224,-1.47723505068,1.7041639901,-0.801994326192,-11.041643,29.392763,43.400504,-0.238582,0.2421,-0.345375
2,1789438738.285932779,0.533926724505,-0.269878660147,0.539876024224,-1.47723505068,1.7041639901,-0.801994326192,-11.043584,29.389901,43.581096,-0.239282,0.244,-0.348709
2,1789438738.291007280,0.533926724505,-0.269878660147,0.539876024224,-1.47723505068,1.7041639901,-0.801994326192,-11.010872,29.349607,43.414656,-0.237371,0.245681,-0.341565
2,1789438738.295983553,0.533926724505,-0.269878660147,0.539876024224,-1.47723505068,1.7041639901,-0.801994326192,-10.998141,29.382211,43.437387,-0.240518,0.246469,-0.344978
2,1789438738.301035166,0.533926724505,-0.269878660147,0.539876024224,-1.47723505068,1.7041639901,-0.801994326192,-10.974756,29.361529,43.413464,-0.237806,0.246352,-0.348378
2,1789438738.305971861,0.533926724505,-0.269878660147,0.539876024224,-1.47723505068,1.7041639901,-0.801994326192,-10.985805,29.3835,43.434432,-0.239546,0.24564,-0.347014
2,1789438738.311050653,0.533926724505,-0.269878660147,0.539876024224,-1.47723505068,1.7041639901,-0.801994326192,-11.02165,29.412818,43.428196,-0.240416,0.24548,-0.3452
2,1789438738.316041946,0.533926724505,-0.269878660147,0.539876024224,-1.47723505068,1.7041639901,-0.801994326192,-11.036743,29.391986,43.399165,-0.236982,0.245856,-0.345843
2,1789438738.321033955,0.533926724505,-0.269878660147,0.539876024224,-1.47723505068,1.7041639901,-0.801994326192,-11.086122,29.402566,43.529736,-0.2402,0.242732,-0.346027
2,1789438738.326100111,0.533926724505,-0.269878660147,0.539876024224,-1.47723505068,1.7041639901,-0.801994326192,-11.016483,29.36248,43.311496,-0.237065,0.243957,-0.342378
2,1789438738.330725431,0.533926724505,-0.269878660147,0.539876024224,-1.47723505068,1.7041639901,-0.801994326192,-11.026277,29.390081,43.420734,-0.242548,0.243603,-0.344059
2,1789438738.335943222,0.533926724505,-0.269878660147,0.539876024224,-1.47723505068,1.7041639901,-0.801994326192,-11.037013,29.397783,43.405059,-0.239764,0.245286,-0.342045
2,1789438738.341014385,0.533926724505,-0.269878660147,0.539876024224,-1.47723505068,1.7041639901,-0.801994326192,-11.013205,29.384796,43.423528,-0.24012,0.243291,-0.342264
2,1789438738.345892668,0.533926724505,-0.269878660147,0.539876024224,-1.47723505068,1.7041639901,-0.801994326192,-10.955532,29.379685,43.571757,-0.23938,0.245502,-0.348437
2,1789438738.350985289,0.533926724505,-0.269878660147,0.539876024224,-1.47723505068,1.7041639901,-0.801994326192,-10.965529,29.400006,43.435048,-0.242118,0.245707,-0.346638
2,1789438738.355942965,0.533926724505,-0.269878660147,0.539876024224,-1.47723505068,1.7041639901,-0.801994326192,-10.982547,29.396672,43.385866,-0.241179,0.247036,-0.348243
2,1789438738.361025095,0.533926724505,-0.269878660147,0.539876024224,-1.47723505068,1.7041639901,-0.801994326192,-11.029021,29.413441,43.50489,-0.240715,0.241803,-0.350215
2,1789438738.366008997,0.533926724505,-0.269878660147,0.539876024224,-1.47723505068,1.7041639901,-0.801994326192,-11.028648,29.377207,43.4102,-0.239933,0.242754,-0.344931
2,1789438738.371154547,0.533926724505,-0.269878660147,0.539876024224,-1.47723505068,1.7041639901,-0.801994326192,-11.04416,29.368536,43.290537,-0.242048,0.24126,-0.338121
2,1789438738.376016855,0.533926724505,-0.269878660147,0.539876024224,-1.47723505068,1.7041639901,-0.801994326192,-11.00955,29.341625,43.305059,-0.239491,0.245676,-0.34016
2,1789438738.380973339,0.533926724505,-0.269878660147,0.539876024224,-1.47723505068,1.7041639901,-0.801994326192,-11.006417,29.393184,43.535781,-0.241543,0.245177,-0.347747
2,1789438738.386138916,0.533926724505,-0.269878660147,0.539876024224,-1.47723505068,1.7041639901,-0.801994326192,-10.987984,29.389284,43.31712,-0.23941,0.245307,-0.344717
2,1789438738.391188622,0.533926724505,-0.269878660147,0.539876024224,-1.47723505068,1.7041639901,-0.801994326192,-10.999146,29.416812,43.424268,-0.242627,0.245536,-0.347732
2,1789438738.395929575,0.533926724505,-0.269878660147,0.539876024224,-1.47723505068,1.7041639901,-0.801994326192,-11.006412,29.408766,43.533278,-0.240218,0.244602,-0.34955
2,1789438738.401044846,0.533926724505,-0.269878660147,0.539876024224,-1.47723505068,1.7041639901,-0.801994326192,-11.052107,29.434888,43.438995,-0.240181,0.242631,-0.344687
2,1789438738.406028748,0.533926724505,-0.269878660147,0.539876024224,-1.47723505068,1.7041639901,-0.801994326192,-11.052262,29.392676,43.423351,-0.236625,0.244157,-0.342407
2,1789438738.411036253,0.533926724505,-0.269878660147,0.539876024224,-1.47723505068,1.7041639901,-0.801994326192,-11.061226,29.399482,43.570873,-0.238385,0.245823,-0.343102
2,1789438738.415925503,0.533926724505,-0.269878660147,0.539876024224,-1.47723505068,1.7041639901,-0.801994326192,-11.025629,29.364367,43.475467,-0.237339,0.244309,-0.338545
2,1789438738.421020508,0.533926724505,-0.269878660147,0.539876024224,-1.47723505068,1.7041639901,-0.801994326192,-10.997582,29.388502,43.322239,-0.238761,0.247714,-0.341113
2,1789438738.426138401,0.533926724505,-0.269878660147,0.539876024224,-1.47723505068,1.7041639901,-0.801994326192,-10.9745,29.382834,43.433327,-0.238615,0.245936,-0.347704
2,1789438738.430960655,0.533926724505,-0.269878660147,0.539876024224,-1.47723505068,1.7041639901,-0.801994326192,-10.987549,29.407188,43.501678,-0.239304,0.24916,-0.35144
2,1789438738.436100721,0.533926724505,-0.269878660147,0.539876024224,-1.47723505068,1.7041639901,-0.801994326192,-11.02813,29.42012,43.308055,-0.240243,0.241939,-0.345125
2,1789438738.441125393,0.533926724505,-0.269878660147,0.539876024224,-1.47723505068,1.7041639901,-0.801994326192,-11.041684,29.41691,43.388152,-0.241892,0.243927,-0.347243
2,1789438738.446040392,0.533926724505,-0.269878660147,0.539876024224,-1.47723505068,1.7041639901,-0.801994326192,-11.028628,29.377256,43.555046,-0.237991,0.244222,-0.347409
2,1789438738.450947285,0.533926724505,-0.269878660147,0.539876024224,-1.47723505068,1.7041639901,-0.801994326192,-11.019299,29.390709,43.41455,-0.239957,0.24747,-0.341621
2,1789438738.455986261,0.533926724505,-0.269878660147,0.539876024224,-1.47723505068,1.7041639901,-0.801994326192,-11.001539,29.395532,43.410955,-0.238271,0.24651,-0.344115
2,1789438738.461034060,0.533926724505,-0.269878660147,0.539876024224,-1.47723505068,1.7041639901,-0.801994326192,-10.959364,29.383606,43.631991,-0.238627,0.247067,-0.351489
2,1789438738.465940475,0.533926724505,-0.269878660147,0.539876024224,-1.47723505068,1.7041639901,-0.801994326192,-11.008508,29.40537,43.436687,-0.241259,0.245567,-0.345658
2,1789438738.471007347,0.533926724505,-0.269878660147,0.539876024224,-1.47723505068,1.7041639901,-0.801994326192,-11.012066,29.410337,43.218918,-0.240815,0.245083,-0.342154
2,1789438738.476043701,0.533926724505,-0.269878660147,0.539876024224,-1.47723505068,1.7041639901,-0.801994326192,-11.042141,29.410963,43.309116,-0.238803,0.243923,-0.344192
2,1789438738.481009245,0.533926724505,-0.269878660147,0.539876024224,-1.47723505068,1.7041639901,-0.801994326192,-11.044723,29.403228,43.500792,-0.239929,0.244092,-0.34589
2,1789438738.485972643,0.533926724505,-0.269878660147,0.539876024224,-1.47723505068,1.7041639901,-0.801994326192,-11.039347,29.385934,43.415466,-0.238426,0.242955,-0.341543
2,1789438738.491088867,0.533926724505,-0.269878660147,0.539876024224,-1.47723505068,1.7041639901,-0.801994326192,-11.00701,29.372283,43.421014,-0.239118,0.245387,-0.343615
2,1789438738.495888472,0.533926724505,-0.269878660147,0.539876024224,-1.47723505068,1.7041639901,-0.801994326192,-10.980891,29.370998,43.415468,-0.238545,0.247022,-0.347037
2,1789438738.501005173,0.533926724505,-0.269878660147,0.539876024224,-1.47723505068,1.7041639901,-0.801994326192,-10.979178,29.402121,43.425039,-0.240106,0.244538,-0.347282
2,1789438738.506168604,0.533926724505,-0.269878660147,0.539876024224,-1.47723505068,1.7041639901,-0.801994326192,-10.994845,29.418639,43.396498,-0.241299,0.246536,-0.347555
2,1789438738.510986090,0.533926724505,-0.269878660147,0.539876024224,-1.47723505068,1.7041639901,-0.801994326192,-11.026444,29.384325,43.101555,-0.24042,0.242322,-0.340008
2,1789438738.515899658,0.533926724505,-0.269878660147,0.539876024224,-1.47723505068,1.7041639901,-0.801994326192,-11.062558,29.413672,43.428349,-0.240637,0.243653,-0.34534
2,1789438738.520950317,0.533926724505,-0.269878660147,0.539876024224,-1.47723505068,1.7041639901,-0.801994326192,-11.044439,29.381382,43.322732,-0.239158,0.243827,-0.341223
2,1789438738.526030540,0.533926724505,-0.269878660147,0.539876024224,-1.47723505068,1.7041639901,-0.801994326192,-11.016466,29.386722,43.279793,-0.239739,0.245747,-0.338667
2,1789438738.530860901,0.533926724505,-0.269878660147,0.539876024224,-1.47723505068,1.7041639901,-0.801994326192,-10.997145,29.386892,43.584033,-0.240427,0.243486,-0.346776
2,1789438738.536067724,0.533926724505,-0.269878660147,0.539876024224,-1.47723505068,1.7041639901,-0.801994326192,-10.971676,29.383923,43.326955,-0.238599,0.245857,-0.344277
2,1789438738.541107416,0.533926724505,-0.269878660147,0.539876024224,-1.47723505068,1.7041639901,-0.801994326192,-11.018011,29.421864,43.424872,-0.241828,0.244848,-0.347469
2,1789438738.545880318,0.533926724505,-0.269878660147,0.539876024224,-1.47723505068,1.7041639901,-0.801994326192,-10.95638,29.377291,43.297152,-0.240718,0.245539,-0.345473
2,1789438738.551052570,0.533926724505,-0.269878660147,0.539876024224,-1.47723505068,1.7041639901,-0.801994326192,-10.989536,29.409172,43.422486,-0.239914,0.245878,-0.348849
2,1789438738.556009769,0.533926724505,-0.269878660147,0.539876024224,-1.47723505068,1.7041639901,-0.801994326192,-11.029282,29.415732,43.533889,-0.240974,0.245667,-0.349076
2,1789438738.561104536,0.533926724505,-0.269878660147,0.539876024224,-1.47723505068,1.7041639901,-0.801994326192,-11.053537,29.420507,43.431371,-0.239864,0.242313,-0.343555
2,1789438738.565995216,0.533926724505,-0.269878660147,0.539876024224,-1.47723505068,1.7041639901,-0.801994326192,-11.060221,29.394029,43.376773,-0.239803,0.243618,-0.342477
2,1789438738.571177244,0.533926724505,-0.269878660147,0.539876024224,-1.47723505068,1.7041639901,-0.801994326192,-11.034666,29.379828,43.596789,-0.240186,0.244158,-0.34444
2,1789438738.576142550,0.533926724505,-0.269878660147,0.539876024224,-1.47723505068,1.7041639901,-0.801994326192,-10.991376,29.379545,43.441466,-0.238339,0.246845,-0.342281
2,1789438738.580922604,0.533926724505,-0.269878660147,0.539876024224,-1.47723505068,1.7041639901,-0.801994326192,-10.960544,29.374968,43.273244,-0.239151,0.24617,-0.342801
2,1789438738.586111307,0.533926724505,-0.269878660147,0.539876024224,-1.47723505068,1.7041639901,-0.801994326192,-10.981398,29.399023,43.333555,-0.238873,0.246433,-0.346064
2,1789438738.591138363,0.533926724505,-0.269878660147,0.539876024224,-1.47723505068,1.7041639901,-0.801994326192,-10.996538,29.398598,43.505239,-0.238527,0.2466,-0.349373
2,1789438738.595902681,0.533926724505,-0.269878660147,0.539876024224,-1.47723505068,1.7041639901,-0.801994326192,-11.048086,29.401219,43.300907,-0.239339,0.243155,-0.343508
2,1789438738.601131916,0.533926724505,-0.269878660147,0.539876024224,-1.47723505068,1.7041639901,-0.801994326192,-11.077678,29.400213,43.440608,-0.239305,0.242715,-0.343473
2,1789438738.606033087,0.533926724505,-0.269878660147,0.539876024224,-1.47723505068,1.7041639901,-0.801994326192,-11.037112,29.36631,43.556059,-0.236287,0.244424,-0.346698
2,1789438738.611003876,0.533926724505,-0.269878660147,0.539876024224,-1.47723505068,1.7041639901,-0.801994326192,-11.020565,29.380435,43.432362,-0.238586,0.244382,-0.342453
2,1789438738.615856409,0.533926724505,-0.269878660147,0.539876024224,-1.47723505068,1.7041639901,-0.801994326192,-10.972589,29.370741,43.438525,-0.237937,0.245336,-0.344317
2,1789438738.621062756,0.533926724505,-0.269878660147,0.539876024224,-1.47723505068,1.7041639901,-0.801994326192,-10.978595,29.409076,43.643015,-0.238007,0.246715,-0.350563
2,1789438738.626063585,0.533926724505,-0.269878660147,0.539876024224,-1.47723505068,1.7041639901,-0.801994326192,-11.000216,29.417006,43.426535,-0.237777,0.247187,-0.346136
2,1789438738.630915403,0.533926724505,-0.269878660147,0.539876024224,-1.47723505068,1.7041639901,-0.801994326192,-11.020057,29.428922,43.264429,-0.238438,0.244854,-0.342975
2,1789438738.636058569,0.533926724505,-0.269878660147,0.539876024224,-1.47723505068,1.7041639901,-0.801994326192,-11.057298,29.397884,43.312121,-0.237464,0.242618,-0.342336
2,1789438738.641283751,0.533926724505,-0.269878660147,0.539876024224,-1.47723505068,1.7041639901,-0.801994326192,-11.060446,29.389394,43.51408,-0.238624,0.242518,-0.344055
2,1789438738.646064043,0.533926724505,-0.269878660147,0.539876024224,-1.47723505068,1.7041639901,-0.801994326192,-11.025523,29.389396,43.32347,-0.240627,0.24504,-0.340609
2,1789438738.651123524,0.533926724505,-0.269878660147,0.539876024224,-1.47723505068,1.7041639901,-0.801994326192,-10.979815,29.37672,43.409842,-0.241326,0.247169,-0.344606
2,1789438738.656013727,0.533926724505,-0.269878660147,0.539876024224,-1.47723505068,1.7041639901,-0.801994326192,-10.955105,29.37986,43.559249,-0.238078,0.246237,-0.350468
2,1789438738.661120653,0.533926724505,-0.269878660147,0.539876024224,-1.47723505068,1.7041639901,-0.801994326192,-10.97831,29.39509,43.417063,-0.241563,0.244164,-0.346398
2,1789438738.665934801,0.533926724505,-0.269878660147,0.539876024224,-1.47723505068,1.7041639901,-0.801994326192,-11.016456,29.428258,43.423324,-0.242325,0.245915,-0.348386
2,1789438738.671097755,0.533926724505,-0.269878660147,0.539876024224,-1.47723505068,1.7041639901,-0.801994326192,-11.039968,29.391501,43.346444,-0.240872,0.242624,-0.344126
2,1789438738.676138163,0.533926724505,-0.269878660147,0.539876024224,-1.47723505068,1.7041639901,-0.801994326192,-11.064545,29.399744,43.394999,-0.240959,0.242239,-0.342898
2,1789438738.680870771,0.533926724505,-0.269878660147,0.539876024224,-1.47723505068,1.7041639901,-0.801994326192,-11.034871,29.364824,43.306576,-0.238589,0.244547,-0.339452
2,1789438738.685927153,0.533926724505,-0.269878660147,0.539876024224,-1.47723505068,1.7041639901,-0.801994326192,-11.005686,29.373893,43.23412,-0.239417,0.243681,-0.338277
2,1789438738.691150427,0.533926724505,-0.269878660147,0.539876024224,-1.47723505068,1.7041639901,-0.801994326192,-10.970318,29.374337,43.546595,-0.238188,0.243626,-0.346853
2,1789438738.696001768,0.533926724505,-0.269878660147,0.539876024224,-1.47723505068,1.7041639901,-0.801994326192,-10.965101,29.402047,43.300976,-0.240142,0.244571,-0.343229
2,1789438738.701160431,0.533926724505,-0.269878660147,0.539876024224,-1.47723505068,1.7041639901,-0.801994326192,-10.965604,29.400766,43.41654,-0.242103,0.244972,-0.346661
2,1789438738.706098795,0.533926724505,-0.269878660147,0.539876024224,-1.47723505068,1.7041639901,-0.801994326192,-11.030005,29.410411,43.562472,-0.240779,0.244029,-0.348794
2,1789438738.711042404,0.533926724505,-0.269878660147,0.539876024224,-1.47723505068,1.7041639901,-0.801994326192,-11.068551,29.398549,43.423987,-0.238074,0.242866,-0.34216
2,1789438738.715820789,0.533926724505,-0.269878660147,0.539876024224,-1.47723505068,1.7041639901,-0.801994326192,-11.056485,29.368026,43.432059,-0.237822,0.244673,-0.342593
2,1789438738.721014261,0.533926724505,-0.269878660147,0.539876024224,-1.47723505068,1.7041639901,-0.801994326192,-11.046523,29.3869,43.607887,-0.24097,0.244227,-0.343295
2,1789438738.726016760,0.533926724505,-0.269878660147,0.539876024224,-1.47723505068,1.7041639901,-0.801994326192,-10.996824,29.37727,43.440185,-0.238056,0.246426,-0.343163
2,1789438738.730925798,0.533926724505,-0.269878660147,0.539876024224,-1.47723505068,1.7041639901,-0.801994326192,-10.939656,29.399376,43.269402,-0.239922,0.246772,-0.345346
2,1789438738.735953093,0.533926724505,-0.269878660147,0.539876024224,-1.47723505068,1.7041639901,-0.801994326192,-10.969045,29.399384,43.289183,-0.240512,0.244863,-0.344808
2,1789438738.741255760,0.533926724505,-0.269878660147,0.539876024224,-1.47723505068,1.7041639901,-0.801994326192,-10.994222,29.4084,43.473072,-0.238305,0.245444,-0.352341
2,1789438738.745941162,0.533926724505,-0.269878660147,0.539876024224,-1.47723505068,1.7041639901,-0.801994326192,-11.039728,29.42503,43.289757,-0.24042,0.244223,-0.3447
2,1789438738.751112700,0.533926724505,-0.269878660147,0.539876024224,-1.47723505068,1.7041639901,-0.801994326192,-11.037781,29.38552,43.41606,-0.240362,0.243332,-0.347162
2,1789438738.756053925,0.533926724505,-0.269878660147,0.539876024224,-1.47723505068,1.7041639901,-0.801994326192,-10.988931,29.396481,43.530875,-0.238915,0.245886,-0.350916
2,1789438738.761102915,0.533926724505,-0.269878660147,0.539876024224,-1.47723505068,1.7041639901,-0.801994326192,-11.047469,29.419918,43.272657,-0.23955,0.245322,-0.343584
2,1789438738.765971661,0.533926724505,-0.269878660147,0.539876024224,-1.47723505068,1.7041639901,-0.801994326192,-11.042919,29.392443,43.427393,-0.236971,0.242677,-0.345999
2,1789438738.771070480,0.533926724505,-0.269878660147,0.539876024224,-1.47723505068,1.7041639901,-0.801994326192,-11.046965,29.372374,43.522445,-0.239679,0.244826,-0.344292
2,1789438738.776132822,0.533926724505,-0.269878660147,0.539876024224,-1.47723505068,1.7041639901,-0.801994326192,-11.024459,29.390838,43.421911,-0.239626,0.2452,-0.343156
2,1789438738.780933380,0.533926724505,-0.269878660147,0.539876024224,-1.47723505068,1.7041639901,-0.801994326192,-10.974979,29.366784,43.421118,-0.236709,0.248375,-0.349273
2,1789438738.786094666,0.533926724505,-0.269878660147,0.539876024224,-1.47723505068,1.7041639901,-0.801994326192,-10.971506,29.418826,43.44004,-0.239731,0.246186,-0.349542
2,1789438738.791111469,0.533926724505,-0.269878660147,0.539876024224,-1.47723505068,1.7041639901,-0.801994326192,-10.997086,29.406543,43.435884,-0.240616,0.244199,-0.346343
2,1789438738.795951605,0.533926724505,-0.269878660147,0.539876024224,-1.47723505068,1.7041639901,-0.801994326192,-11.032042,29.40447,43.371196,-0.240896,0.247403,-0.345714
2,1789438738.800948620,0.533926724505,-0.269878660147,0.539876024224,-1.47723505068,1.7041639901,-0.801994326192,-11.046562,29.393157,43.390975,-0.239197,0.245163,-0.345176
2,1789438738.806047678,0.533926724505,-0.269878660147,0.539876024224,-1.47723505068,1.7041639901,-0.801994326192,-11.029018,29.398897,43.523343,-0.240414,0.242157,-0.34412
2,1789438738.811130524,0.533926724505,-0.269878660147,0.539876024224,-1.47723505068,1.7041639901,-0.801994326192,-11.021194,29.377032,43.316005,-0.240273,0.245691,-0.33927
2,1789438738.816020727,0.533926724505,-0.269878660147,0.539876024224,-1.47723505068,1.7041639901,-0.801994326192,-10.985606,29.374753,43.443768,-0.239741,0.247125,-0.346776
2,1789438738.821023703,0.533926724505,-0.269878660147,0.539876024224,-1.47723505068,1.7041639901,-0.801994326192,-10.973193,29.439173,43.558007,-0.241848,0.245462,-0.351643
2,1789438738.826141834,0.533926724505,-0.269878660147,0.539876024224,-1.47723505068,1.7041639901,-0.801994326192,-10.984366,29.392805,43.41367,-0.23966,0.244313,-0.34862
2,1789438738.831062317,0.533926724505,-0.269878660147,0.539876024224,-1.47723505068,1.7041639901,-0.801994326192,-11.003151,29.422072,43.393676,-0.242818,0.245081,-0.349566
2,1789438738.836102962,0.533926724505,-0.269878660147,0.539876024224,-1.47723505068,1.7041639901,-0.801994326192,-11.059645,29.402756,43.602174,-0.241868,0.242318,-0.347326
2,1789438738.841089249,0.533926724505,-0.269878660147,0.539876024224,-1.47723505068,1.7041639901,-0.801994326192,-11.05434,29.398959,43.432262,-0.23971,0.242366,-0.342855
2,1789438738.845960617,0.533926724505,-0.269878660147,0.539876024224,-1.47723505068,1.7041639901,-0.801994326192,-11.0279,29.386111,43.325152,-0.2394,0.247298,-0.339258
2,1789438738.850996494,0.533926724505,-0.269878660147,0.539876024224,-1.47723505068,1.7041639901,-0.801994326192,-11.005933,29.372682,43.195584,-0.238468,0.244983,-0.339004
2,1789438738.856017828,0.533926724505,-0.269878660147,0.539876024224,-1.47723505068,1.7041639901,-0.801994326192,-11.001837,29.377321,43.535326,-0.240307,0.24344,-0.34817
2,1789438738.861029863,0.533926724505,-0.269878660147,0.539876024224,-1.47723505068,1.7041639901,-0.801994326192,-10.988226,29.387708,43.281724,-0.24009,0.246051,-0.343428
2,1789438738.865886688,0.533926724505,-0.269878660147,0.539876024224,-1.47723505068,1.7041639901,-0.801994326192,-11.024406,29.418081,43.407939,-0.242225,0.244813,-0.346358
2,1789438738.871056557,0.533926724505,-0.269878660147,0.539876024224,-1.47723505068,1.7041639901,-0.801994326192,-11.038768,29.440791,43.534594,-0.238124,0.245272,-0.348842
2,1789438738.876119852,0.533926724505,-0.269878660147,0.539876024224,-1.47723505068,1.7041639901,-0.801994326192,-11.061901,29.408223,43.41245,-0.237537,0.243993,-0.343548
2,1789438738.880952597,0.533926724505,-0.269878660147,0.539876024224,-1.47723505068,1.7041639901,-0.801994326192,-11.039003,29.391945,43.412836,-0.237312,0.2446,-0.343125
2,1789438738.886056900,0.533926724505,-0.269878660147,0.539876024224,-1.47723505068,1.7041639901,-0.801994326192,-11.015935,29.391183,43.603145,-0.239644,0.243534,-0.346489
2,1789438738.891156435,0.533926724505,-0.269878660147,0.539876024224,-1.47723505068,1.7041639901,-0.801994326192,-10.99382,29.371982,43.435331,-0.238177,0.246387,-0.346308
2,1789438738.895984411,0.533926724505,-0.269878660147,0.539876024224,-1.47723505068,1.7041639901,-0.801994326192,-10.984666,29.397708,43.308711,-0.237608,0.246495,-0.344067
2,1789438738.901091337,0.533926724505,-0.269878660147,0.539876024224,-1.47723505068,1.7041639901,-0.801994326192,-10.982231,29.398413,43.172143,-0.241152,0.244796,-0.342264
2,1789438738.906032085,0.533926724505,-0.269878660147,0.539876024224,-1.47723505068,1.7041639901,-0.801994326192,-11.009044,29.407811,43.513521,-0.237323,0.245579,-0.350232
2,1789438738.911079407,0.533926724505,-0.269878660147,0.539876024224,-1.47723505068,1.7041639901,-0.801994326192,-11.047951,29.408449,43.292371,-0.239822,0.24277,-0.343082
2,1789438738.915881872,0.533926724505,-0.269878660147,0.539876024224,-1.47723505068,1.7041639901,-0.801994326192,-11.045477,29.360774,43.395142,-0.237367,0.244066,-0.342429
2,1789438738.921044588,0.533926724505,-0.269878660147,0.539876024224,-1.47723505068,1.7041639901,-0.801994326192,-11.058585,29.393955,43.550557,-0.239807,0.24505,-0.344256
2,1789438738.926114082,0.533926724505,-0.269878660147,0.539876024224,-1.47723505068,1.7041639901,-0.801994326192,-11.02409,29.346782,43.41419,-0.235782,0.248747,-0.341544
2,1789438738.930969954,0.533926724505,-0.269878660147,0.539876024224,-1.47723505068,1.7041639901,-0.801994326192,-10.985216,29.401883,43.443407,-0.239764,0.248174,-0.347037
2,1789438738.935988665,0.533926724505,-0.269878660147,0.539876024224,-1.47723505068,1.7041639901,-0.801994326192,-10.963233,29.383528,43.608107,-0.237648,0.245887,-0.35509
2,1789438738.941084146,0.533926724505,-0.269878660147,0.539876024224,-1.47723505068,1.7041639901,-0.801994326192,-11.011533,29.430972,43.404996,-0.241627,0.246163,-0.348197
2,1789438738.945894718,0.533926724505,-0.269878660147,0.539876024224,-1.47723505068,1.7041639901,-0.801994326192,-11.027631,29.389907,43.240837,-0.239321,0.24398,-0.340038
2,1789438738.950977325,0.533926724505,-0.269878660147,0.539876024224,-1.47723505068,1.7041639901,-0.801994326192,-11.031747,29.40697,43.249726,-0.240532,0.244971,-0.340274
2,1789438738.955952883,0.533926724505,-0.269878660147,0.539876024224,-1.47723505068,1.7041639901,-0.801994326192,-11.056442,29.382729,43.532985,-0.237165,0.244823,-0.343582
2,1789438738.961013317,0.533926724505,-0.269878660147,0.539876024224,-1.47723505068,1.7041639901,-0.801994326192,-11.012643,29.382572,43.440706,-0.23984,0.245679,-0.342921
2,1789438738.966116190,0.533926724505,-0.269878660147,0.539876024224,-1.47723505068,1.7041639901,-0.801994326192,-11.013188,29.381057,43.358736,-0.240193,0.246249,-0.341697
2,1789438738.971070290,0.533926724505,-0.269878660147,0.539876024224,-1.47723505068,1.7041639901,-0.801994326192,-10.993003,29.365894,43.462657,-0.238643,0.245829,-0.346712
2,1789438738.976042986,0.533926724505,-0.269878660147,0.539876024224,-1.47723505068,1.7041639901,-0.801994326192,-10.977543,29.372627,43.513846,-0.239482,0.247138,-0.3496
2,1789438738.980906487,0.533926724505,-0.269878660147,0.539876024224,-1.47723505068,1.7041639901,-0.801994326192,-11.018192,29.436001,43.406698,-0.241828,0.244643,-0.347285
2,1789438738.986055613,0.533926724505,-0.269878660147,0.539876024224,-1.47723505068,1.7041639901,-0.801994326192,-11.013672,29.39814,43.396642,-0.240446,0.243684,-0.3477
2,1789438738.991087675,0.533926724505,-0.269878660147,0.539876024224,-1.47723505068,1.7041639901,-0.801994326192,-11.061015,29.408967,43.592463,-0.240429,0.243071,-0.347563
2,1789438738.995886803,0.533926724505,-0.269878660147,0.539876024224,-1.47723505068,1.7041639901,-0.801994326192,-11.057682,29.382493,43.434753,-0.238142,0.243559,-0.341031
2,1789438739.001012802,0.533926724505,-0.269878660147,0.539876024224,-1.47723505068,1.7041639901,-0.801994326192,-11.049303,29.364292,43.419438,-0.23696,0.245408,-0.338585
2,1789438739.005967379,0.533926724505,-0.269878660147,0.539876024224,-1.47723505068,1.7041639901,-0.801994326192,-10.996554,29.39075,43.237973,-0.23905,0.245633,-0.335626
2,1789438739.011027098,0.533926724505,-0.269878660147,0.539876024224,-1.47723505068,1.7041639901,-0.801994326192,-10.992236,29.393607,43.539064,-0.240276,0.245938,-0.345524
2,1789438739.015908003,0.533926724505,-0.269878660147,0.539876024224,-1.47723505068,1.7041639901,-0.801994326192,-10.970539,29.372501,43.324772,-0.238543,0.244203,-0.345829
2,1789438739.021047354,0.533926724505,-0.269878660147,0.539876024224,-1.47723505068,1.7041639901,-0.801994326192,-10.998645,29.403624,43.405312,-0.242931,0.244816,-0.347967
2,1789438739.026129246,0.533926724505,-0.269878660147,0.539876024224,-1.47723505068,1.7041639901,-0.801994326192,-11.066139,29.410749,43.526193,-0.240366,0.245038,-0.348109
2,1789438739.030990362,0.533926724505,-0.269878660147,0.539876024224,-1.47723505068,1.7041639901,-0.801994326192,-11.053988,29.404772,43.381937,-0.23795,0.244386,-0.345176
2,1789438739.036059380,0.533926724505,-0.269878660147,0.539876024224,-1.47723505068,1.7041639901,-0.801994326192,-11.044479,29.376751,43.423822,-0.238626,0.242356,-0.342182
2,1789438739.041116953,0.533926724505,-0.269878660147,0.539876024224,-1.47723505068,1.7041639901,-0.801994326192,-11.012006,29.361643,43.605118,-0.239028,0.2468,-0.344681
2,1789438739.045848370,0.533926724505,-0.269878660147,0.539876024224,-1.47723505068,1.7041639901,-0.801994326192,-10.983031,29.389911,43.438229,-0.238758,0.247756,-0.344337
2,1789438739.050887108,0.533926724505,-0.269878660147,0.539876024224,-1.47723505068,1.7041639901,-0.801994326192,-10.982155,29.403473,43.317405,-0.239413,0.24791,-0.344308
2,1789438739.056014299,0.533926724505,-0.269878660147,0.539876024224,-1.47723505068,1.7041639901,-0.801994326192,-10.991189,29.400971,43.154888,-0.239136,0.245352,-0.341369
2,1789438739.061033249,0.533926724505,-0.269878660147,0.539876024224,-1.47723505068,1.7041639901,-0.801994326192,-11.014628,29.417157,43.49791,-0.239036,0.246055,-0.34825
2,1789438739.066065073,0.533926724505,-0.269878660147,0.539876024224,-1.47723505068,1.7041639901,-0.801994326192,-11.058088,29.402349,43.289857,-0.239624,0.243169,-0.338577
2,1789438739.070970058,0.533926724505,-0.269878660147,0.539876024224,-1.47723505068,1.7041639901,-0.801994326192,-11.050996,29.361832,43.401468,-0.240887,0.244731,-0.338177
2,1789438739.076121807,0.533926724505,-0.269878660147,0.539876024224,-1.47723505068,1.7041639901,-0.801994326192,-11.050438,29.36088,43.521367,-0.240909,0.246186,-0.338685
2,1789438739.080893278,0.533926724505,-0.269878660147,0.539876024224,-1.47723505068,1.7041639901,-0.801994326192,-11.000747,29.351446,43.401361,-0.238641,0.248009,-0.337815
2,1789438739.085962296,0.533926724505,-0.269878660147,0.539876024224,-1.47723505068,1.7041639901,-0.801994326192,-10.987143,29.380033,43.428856,-0.240266,0.247507,-0.34434
2,1789438739.091332197,0.533926724505,-0.269878660147,0.539876024224,-1.47723505068,1.7041639901,-0.801994326192,-10.978603,29.406633,43.615378,-0.238364,0.248787,-0.356217
2,1789438739.096051693,0.533926724505,-0.269878660147,0.539876024224,-1.47723505068,1.7041639901,-0.801994326192,-10.993095,29.43541,43.41888,-0.239947,0.245928,-0.351343
2,1789438739.101272345,0.533926724505,-0.269878660147,0.539876024224,-1.47723505068,1.7041639901,-0.801994326192,-11.046778,29.422315,43.214981,-0.239174,0.243656,-0.345004
2,1789438739.106039286,0.533926724505,-0.269878660147,0.539876024224,-1.47723505068,1.7041639901,-0.801994326192,-11.050325,29.385006,43.173995,-0.239057,0.2436,-0.341203
2,1789438739.111049414,0.533926724505,-0.269878660147,0.539876024224,-1.47723505068,1.7041639901,-0.801994326192,-11.055384,29.386533,43.505201,-0.238038,0.247561,-0.3432
2,1789438739.115876675,0.533926724505,-0.269878660147,0.539876024224,-1.47723505068,1.7041639901,-0.801994326192,-11.004001,29.392262,43.295762,-0.238986,0.247299,-0.340246
2,1789438739.121577740,0.533926724505,-0.269878660147,0.539876024224,-1.47723505068,1.7041639901,-0.801994326192,-10.961428,29.380659,43.40714,-0.240628,0.246749,-0.346436
2,1789438739.126118422,0.533926724505,-0.269878660147,0.539876024224,-1.47723505068,1.7041639901,-0.801994326192,-10.962386,29.421909,43.494021,-0.241614,0.247087,-0.350622
2,1789438739.130915642,0.533926724505,-0.269878660147,0.539876024224,-1.47723505068,1.7041639901,-0.801994326192,-11.007788,29.39217,43.387629,-0.240589,0.245402,-0.347279
2,1789438739.136324644,0.533926724505,-0.269878660147,0.539876024224,-1.47723505068,1.7041639901,-0.801994326192,-11.039712,29.410903,43.448793,-0.241073,0.244416,-0.344012
2,1789438739.141081095,0.533926724505,-0.269878660147,0.539876024224,-1.47723505068,1.7041639901,-0.801994326192,-11.067701,29.411297,43.434563,-0.239397,0.243744,-0.341277
2,1789438739.145970345,0.533926724505,-0.269878660147,0.539876024224,-1.47723505068,1.7041639901,-0.801994326192,-11.047932,29.396024,43.411862,-0.239122,0.248124,-0.343368
2,1789438739.151153803,0.533926724505,-0.269878660147,0.539876024224,-1.47723505068,1.7041639901,-0.801994326192,-11.043774,29.382965,43.396455,-0.239451,0.242885,-0.341789
2,1789438739.156050444,0.533926724505,-0.269878660147,0.539876024224,-1.47723505068,1.7041639901,-0.801994326192,-10.980503,29.357029,43.037547,-0.240166,0.244818,-0.338822
2,1789438739.161072731,0.533926724505,-0.269878660147,0.539876024224,-1.47723505068,1.7041639901,-0.801994326192,-10.97912,29.386014,43.532822,-0.243376,0.245138,-0.349599
2,1789438739.166037560,0.533926724505,-0.269878660147,0.539876024224,-1.47723505068,1.7041639901,-0.801994326192,-10.984595,29.395545,43.314409,-0.240879,0.246894,-0.34632
2,1789438739.171060324,0.533926724505,-0.269878660147,0.539876024224,-1.47723505068,1.7041639901,-0.801994326192,-11.011654,29.437188,43.40562,-0.241807,0.246705,-0.347759
2,1789438739.176084757,0.533926724505,-0.269878660147,0.539876024224,-1.47723505068,1.7041639901,-0.801994326192,-10.950063,29.413154,43.388704,-0.240227,0.248456,-0.346302
2,1789438739.181064129,0.533926724505,-0.269878660147,0.539876024224,-1.47723505068,1.7041639901,-0.801994326192,-11.006015,29.446826,43.41809,-0.243219,0.246367,-0.345752
2,1789438739.186020851,0.533926724505,-0.269878660147,0.539876024224,-1.47723505068,1.7041639901,-0.801994326192,-11.054551,29.406535,43.498011,-0.240174,0.24202,-0.348598
2,1789438739.191028595,0.533926724505,-0.269878660147,0.539876024224,-1.47723505068,1.7041639901,-0.801994326192,-11.065233,29.383508,43.365196,-0.239381,0.244497,-0.34382
2,1789438739.195900679,0.533926724505,-0.269878660147,0.539876024224,-1.47723505068,1.7041639901,-0.801994326192,-11.037031,29.362472,43.423095,-0.239602,0.245533,-0.342204
2,1789438739.200911522,0.533926724505,-0.269878660147,0.539876024224,-1.47723505068,1.7041639901,-0.801994326192,-11.012204,29.387507,43.603446,-0.242952,0.246782,-0.345857
2,1789438739.206070900,0.533926724505,-0.269878660147,0.539876024224,-1.47723505068,1.7041639901,-0.801994326192,-10.981527,29.378362,43.454648,-0.239028,0.246277,-0.345867
2,1789438739.211121559,0.533926724505,-0.269878660147,0.539876024224,-1.47723505068,1.7041639901,-0.801994326192,-11.008713,29.388,43.362213,-0.240998,0.248187,-0.345309
2,1789438739.215888500,0.533926724505,-0.269878660147,0.539876024224,-1.47723505068,1.7041639901,-0.801994326192,-11.005894,29.386481,43.189525,-0.240405,0.244439,-0.343072
2,1789438739.220992565,0.533926724505,-0.269878660147,0.539876024224,-1.47723505068,1.7041639901,-0.801994326192,-11.04631,29.411155,43.480514,-0.242653,0.246619,-0.347338
2,1789438739.226063728,0.533926724505,-0.269878660147,0.539876024224,-1.47723505068,1.7041639901,-0.801994326192,-11.054389,29.431987,43.284446,-0.239914,0.243608,-0.342216
2,1789438739.230987787,0.533926724505,-0.269878660147,0.539876024224,-1.47723505068,1.7041639901,-0.801994326192,-11.041258,29.393278,43.429179,-0.2392,0.247612,-0.344247
2,1789438739.236276388,0.533926724505,-0.269878660147,0.539876024224,-1.47723505068,1.7041639901,-0.801994326192,-11.038195,29.375019,43.514391,-0.237693,0.247554,-0.343204
2,1789438739.241073132,0.533926724505,-0.269878660147,0.539876024224,-1.47723505068,1.7041639901,-0.801994326192,-10.990549,29.366976,43.428719,-0.237333,0.246491,-0.34452
2,1789438739.245902061,0.533926724505,-0.269878660147,0.539876024224,-1.47723505068,1.7041639901,-0.801994326192,-10.966291,29.398538,43.423381,-0.240204,0.247572,-0.347994
2,1789438739.251033068,0.533926724505,-0.269878660147,0.539876024224,-1.47723505068,1.7041639901,-0.801994326192,-10.972775,29.429916,43.631416,-0.241731,0.24786,-0.351988
2,1789438739.255944729,0.533926724505,-0.269878660147,0.539876024224,-1.47723505068,1.7041639901,-0.801994326192,-11.014745,29.415818,43.403433,-0.238087,0.24736,-0.349058
2,1789438739.261028290,0.533926724505,-0.269878660147,0.539876024224,-1.47723505068,1.7041639901,-0.801994326192,-11.060022,29.415701,43.282736,-0.239305,0.243218,-0.343304
2,1789438739.265978336,0.533926724505,-0.269878660147,0.539876024224,-1.47723505068,1.7041639901,-0.801994326192,-11.05898,29.366711,43.268464,-0.237524,0.244178,-0.340128
2,1789438739.271202087,0.533926724505,-0.269878660147,0.539876024224,-1.47723505068,1.7041639901,-0.801994326192,-11.040812,29.385742,43.47705,-0.240345,0.247794,-0.343282
2,1789438739.276090860,0.533926724505,-0.269878660147,0.539876024224,-1.47723505068,1.7041639901,-0.801994326192,-11.034351,29.377318,43.307804,-0.239594,0.245617,-0.338581
2,1789438739.280970097,0.533926724505,-0.269878660147,0.539876024224,-1.47723505068,1.7041639901,-0.801994326192,-11.004564,29.356416,43.416969,-0.239148,0.248139,-0.345864
2,1789438739.285995722,0.533926724505,-0.269878660147,0.539876024224,-1.47723505068,1.7041639901,-0.801994326192,-10.989493,29.423875,43.523412,-0.239258,0.246028,-0.349839
2,1789438739.291087627,0.533926724505,-0.269878660147,0.539876024224,-1.47723505068,1.7041639901,-0.801994326192,-11.010281,29.412088,43.399119,-0.239485,0.245777,-0.34593
2,1789438739.295951128,0.533926724505,-0.269878660147,0.539876024224,-1.47723505068,1.7041639901,-0.801994326192,-11.03011,29.450995,43.398997,-0.242432,0.243965,-0.346394
2,1789438739.301103592,0.533926724505,-0.269878660147,0.539876024224,-1.47723505068,1.7041639901,-0.801994326192,-11.072696,29.419713,43.584043,-0.240793,0.246265,-0.346688
2,1789438739.306023121,0.533926724505,-0.269878660147,0.539876024224,-1.47723505068,1.7041639901,-0.801994326192,-11.064974,29.38258,43.399446,-0.237793,0.246114,-0.33951
2,1789438739.311034441,0.533926724505,-0.269878660147,0.539876024224,-1.47723505068,1.7041639901,-0.801994326192,-11.047837,29.372473,43.309563,-0.239039,0.243715,-0.337638
2,1789438739.315895319,0.533926724505,-0.269878660147,0.539876024224,-1.47723505068,1.7041639901,-0.801994326192,-10.990311,29.371049,43.246855,-0.239495,0.247409,-0.341666
2,1789438739.320965290,0.533926724505,-0.269878660147,0.539876024224,-1.47723505068,1.7041639901,-0.801994326192,-10.995322,29.392333,43.517082,-0.24094,0.245293,-0.347791
2,1789438739.326025486,0.533926724505,-0.269878660147,0.539876024224,-1.47723505068,1.7041639901,-0.801994326192,-10.970788,29.390178,43.302449,-0.241354,0.24568,-0.348147
2,1789438739.330899715,0.533926724505,-0.269878660147,0.539876024224,-1.47723505068,1.7041639901,-0.801994326192,-11.034537,29.405539,43.404428,-0.241838,0.245081,-0.348571
2,1789438739.335978985,0.533926724505,-0.269878660147,0.539876024224,-1.47723505068,1.7041639901,-0.801994326192,-11.051121,29.404361,43.503627,-0.241183,0.245096,-0.350633
2,1789438739.341009617,0.533926724505,-0.269878660147,0.539876024224,-1.47723505068,1.7041639901,-0.801994326192,-11.058781,29.423626,43.385034,-0.240423,0.242802,-0.343397
2,1789438739.345919371,0.533926724505,-0.269878660147,0.539876024224,-1.47723505068,1.7041639901,-0.801994326192,-11.048346,29.382719,43.395057,-0.239754,0.246865,-0.342253
2,1789438739.350904226,0.533926724505,-0.269878660147,0.539876024224,-1.47723505068,1.7041639901,-0.801994326192,-11.029865,29.400419,43.457979,-0.23939,0.24678,-0.343784
2,1789438739.356009722,0.533926724505,-0.269878660147,0.539876024224,-1.47723505068,1.7041639901,-0.801994326192,-11.012244,29.368423,43.428778,-0.238867,0.24644,-0.34449
2,1789438739.360998869,0.533926724505,-0.269878660147,0.539876024224,-1.47723505068,1.7041639901,-0.801994326192,-10.979893,29.391853,43.424839,-0.239361,0.247333,-0.347056
2,1789438739.365998268,0.533926724505,-0.269878660147,0.539876024224,-1.47723505068,1.7041639901,-0.801994326192,-10.978205,29.411281,43.127819,-0.240534,0.247804,-0.340569
2,1789438739.373635292,0.533926724505,-0.269878660147,0.539876024224,-1.47723505068,1.7041639901,-0.801994326192,-11.016183,29.409322,43.44757,-0.240511,0.244988,-0.344728
2,1789438739.377106905,0.533926724505,-0.269878660147,0.539876024224,-1.47723505068,1.7041639901,-0.801994326192,-11.054365,29.402215,43.307254,-0.242214,0.243835,-0.339251
2,1789438739.381036997,0.533926724505,-0.269878660147,0.539876024224,-1.47723505068,1.7041639901,-0.801994326192,-11.036397,29.347213,43.391607,-0.238016,0.24736,-0.338198
2,1789438739.387091160,0.533926724505,-0.269878660147,0.539876024224,-1.47723505068,1.7041639901,-0.801994326192,-11.042313,29.381883,43.321662,-0.240441,0.243787,-0.341909
2,1789438739.390914917,0.533926724505,-0.269878660147,0.539876024224,-1.47723505068,1.7041639901,-0.801994326192,-11.0413,29.35919,43.405092,-0.241281,0.245459,-0.34178
2,1789438739.395868301,0.533926724505,-0.269878660147,0.539876024224,-1.47723505068,1.7041639901,-0.801994326192,-11.022991,29.354128,43.513139,-0.240139,0.247258,-0.343897
2,1789438739.400869608,0.533926724505,-0.269878660147,0.539876024224,-1.47723505068,1.7041639901,-0.801994326192,-11.003696,29.404475,43.409508,-0.240633,0.24877,-0.344822
2,1789438739.405758858,0.533926724505,-0.269878660147,0.539876024224,-1.47723505068,1.7041639901,-0.801994326192,-10.99091,29.393518,43.422899,-0.238975,0.247037,-0.348381
2,1789438739.410827160,0.533926724505,-0.269878660147,0.539876024224,-1.47723505068,1.7041639901,-0.801994326192,-10.989964,29.440025,43.610538,-0.240807,0.249717,-0.353346
2,1789438739.415683508,0.533926724505,-0.269878660147,0.539876024224,-1.47723505068,1.7041639901,-0.801994326192,-11.040488,29.430788,43.416531,-0.23802,0.246617,-0.346762
2,1789438739.420844316,0.533926724505,-0.269878660147,0.539876024224,-1.47723505068,1.7041639901,-0.801994326192,-11.040512,29.418003,43.337764,-0.240584,0.243875,-0.343724
2,1789438739.425877333,0.533926724505,-0.269878660147,0.539876024224,-1.47723505068,1.7041639901,-0.801994326192,-11.043032,29.373386,43.33001,-0.239336,0.245291,-0.342335
2,1789438739.430824041,0.533926724505,-0.269878660147,0.539876024224,-1.47723505068,1.7041639901,-0.801994326192,-11.048947,29.376967,43.509569,-0.240867,0.245214,-0.340511
2,1789438739.435844898,0.533926724505,-0.269878660147,0.539876024224,-1.47723505068,1.7041639901,-0.801994326192,-11.001816,29.361404,43.273248,-0.238744,0.24452,-0.336869
2,1789438739.440817118,0.533926724505,-0.269878660147,0.539876024224,-1.47723505068,1.7041639901,-0.801994326192,-11.005437,29.384069,43.410628,-0.23981,0.247733,-0.344111
2,1789438739.445649624,0.533926724505,-0.269878660147,0.539876024224,-1.47723505068,1.7041639901,-0.801994326192,-10.987573,29.401956,43.519135,-0.238472,0.247841,-0.346242
2,1789438739.450788260,0.533926724505,-0.269878660147,0.539876024224,-1.47723505068,1.7041639901,-0.801994326192,-11.033142,29.420262,43.363721,-0.240865,0.245367,-0.344833
2,1789438739.455715179,0.533926724505,-0.269878660147,0.539876024224,-1.47723505068,1.7041639901,-0.801994326192,-11.05608,29.403894,43.391137,-0.241199,0.242607,-0.345393
2,1789438739.460897684,0.533926724505,-0.269878660147,0.539876024224,-1.47723505068,1.7041639901,-0.801994326192,-11.058667,29.379171,43.573628,-0.242399,0.244555,-0.347357
2,1789438739.465673923,0.533926724505,-0.269878660147,0.539876024224,-1.47723505068,1.7041639901,-0.801994326192,-11.049209,29.383101,43.413794,-0.2391,0.246511,-0.342219
2,1789438739.470801592,0.533926724505,-0.269878660147,0.539876024224,-1.47723505068,1.7041639901,-0.801994326192,-11.020256,29.399526,43.3142,-0.240083,0.245084,-0.34064
2,1789438739.475886822,0.533926724505,-0.269878660147,0.539876024224,-1.47723505068,1.7041639901,-0.801994326192,-10.98816,29.374577,43.363171,-0.239099,0.24607,-0.34486
2,1789438739.480705023,0.533926724505,-0.269878660147,0.539876024224,-1.47723505068,1.7041639901,-0.801994326192,-10.985359,29.39485,43.499639,-0.239927,0.248183,-0.346726
2,1789438739.485891342,0.533926724505,-0.269878660147,0.539876024224,-1.47723505068,1.7041639901,-0.801994326192,-10.981,29.403725,43.298762,-0.240378,0.247705,-0.344343
2,1789438739.490924120,0.533926724505,-0.269878660147,0.539876024224,-1.47723505068,1.7041639901,-0.801994326192,-11.02461,29.422315,43.414773,-0.240844,0.241868,-0.348346
2,1789438739.495859146,0.533926724505,-0.269878660147,0.539876024224,-1.47723505068,1.7041639901,-0.801994326192,-11.061704,29.397575,43.50315,-0.241649,0.2455,-0.344784
2,1789438739.500900269,0.533926724505,-0.269878660147,0.539876024224,-1.47723505068,1.7041639901,-0.801994326192,-11.073633,29.399585,43.37011,-0.239647,0.244641,-0.340679
2,1789438739.505770922,0.533926724505,-0.269878660147,0.539876024224,-1.47723505068,1.7041639901,-0.801994326192,-11.03052,29.372971,43.421021,-0.239049,0.245924,-0.343574
2,1789438739.510986567,0.533926724505,-0.269878660147,0.539876024224,-1.47723505068,1.7041639901,-0.801994326192,-11.020692,29.372048,43.620629,-0.240063,0.245523,-0.346895
2,1789438739.515750885,0.533926724505,-0.269878660147,0.539876024224,-1.47723505068,1.7041639901,-0.801994326192,-10.987199,29.379901,43.409131,-0.23962,0.247881,-0.345039
2,1789438739.520862103,0.533926724505,-0.269878660147,0.539876024224,-1.47723505068,1.7041639901,-0.801994326192,-10.974929,29.394321,43.324729,-0.239638,0.247032,-0.345643
2,1789438739.525911331,0.533926724505,-0.269878660147,0.539876024224,-1.47723505068,1.7041639901,-0.801994326192,-10.984339,29.404283,43.349515,-0.240035,0.246137,-0.34784
2,1789438739.530764580,0.533926724505,-0.269878660147,0.539876024224,-1.47723505068,1.7041639901,-0.801994326192,-11.063737,29.420962,43.437448,-0.2395,0.243478,-0.345549
2,1789438739.535926104,0.533926724505,-0.269878660147,0.539876024224,-1.47723505068,1.7041639901,-0.801994326192,-11.048879,29.392983,43.384922,-0.23888,0.244281,-0.343156
2,1789438739.540975332,0.533926724505,-0.269878660147,0.539876024224,-1.47723505068,1.7041639901,-0.801994326192,-11.04391,29.363261,43.379636,-0.240211,0.247157,-0.340025
2,1789438739.545990229,0.533926724505,-0.269878660147,0.539876024224,-1.47723505068,1.7041639901,-0.801994326192,-11.018063,29.373829,43.503995,-0.239385,0.245082,-0.344149
2,1789438739.551054001,0.533926724505,-0.269878660147,0.539876024224,-1.47723505068,1.7041639901,-0.801994326192,-10.994829,29.38956,43.373951,-0.23906,0.248215,-0.343739
2,1789438739.556063890,0.533926724505,-0.269878660147,0.539876024224,-1.47723505068,1.7041639901,-0.801994326192,-10.989276,29.398787,43.442998,-0.241116,0.24828,-0.34726
2,1789438739.561074972,0.533926724505,-0.269878660147,0.539876024224,-1.47723505068,1.7041639901,-0.801994326192,-10.998165,29.411522,43.547831,-0.240162,0.246265,-0.352022
2,1789438739.566007614,0.533926724505,-0.269878660147,0.539876024224,-1.47723505068,1.7041639901,-0.801994326192,-11.040945,29.438523,43.415232,-0.242046,0.243874,-0.347903
2,1789438739.571333408,0.533926724505,-0.269878660147,0.539876024224,-1.47723505068,1.7041639901,-0.801994326192,-11.047775,29.391332,43.338005,-0.239558,0.245741,-0.343235
2,1789438739.576107025,0.533926724505,-0.269878660147,0.539876024224,-1.47723505068,1.7041639901,-0.801994326192,-11.051692,29.383936,43.360254,-0.238114,0.2449,-0.340933
2,1789438739.580992937,0.533926724505,-0.269878660147,0.539876024224,-1.47723505068,1.7041639901,-0.801994326192,-11.033138,29.377239,43.44326,-0.238625,0.247247,-0.341081
2,1789438739.586144924,0.533926724505,-0.269878660147,0.539876024224,-1.47723505068,1.7041639901,-0.801994326192,-10.998872,29.368418,43.324461,-0.238903,0.246113,-0.339732
2,1789438739.591197252,0.533926724505,-0.269878660147,0.539876024224,-1.47723505068,1.7041639901,-0.801994326192,-10.973609,29.374545,43.427273,-0.241069,0.246112,-0.34548
2,1789438739.596018314,0.533926724505,-0.269878660147,0.539876024224,-1.47723505068,1.7041639901,-0.801994326192,-10.98843,29.399759,43.292226,-0.240456,0.247503,-0.34254
2,1789438739.601335049,0.533926724505,-0.269878660147,0.539876024224,-1.47723505068,1.7041639901,-0.801994326192,-10.984886,29.381845,43.423733,-0.239577,0.247471,-0.347711
2,1789438739.606070280,0.533926724505,-0.269878660147,0.539876024224,-1.47723505068,1.7041639901,-0.801994326192,-10.998895,29.416288,43.494456,-0.240694,0.247375,-0.350318
2,1789438739.611101151,0.533926724505,-0.269878660147,0.539876024224,-1.47723505068,1.7041639901,-0.801994326192,-11.026083,29.432409,43.352581,-0.240926,0.244272,-0.346216
3,1789438826.495952606,0.533872522067,-0.269937153755,0.539993689828,1.71652496503,-1.991190556,-0.548899425089,16.778501,-9.804271,53.264952,2.946302,2.822896,1.299538
3,1789438826.501056433,0.533872522067,-0.269937153755,0.539993689828,1.71652496503,-1.991190556,-0.548899425089,16.746288,-9.822668,53.425259,2.947253,2.824782,1.295138
3,1789438826.506040096,0.533872522067,-0.269937153755,0.539993689828,1.71652496503,-1.991190556,-0.548899425089,16.725155,-9.786781,53.292424,2.94715,2.825739,1.299424
3,1789438826.510990620,0.533872522067,-0.269937153755,0.539993689828,1.71652496503,-1.991190556,-0.548899425089,16.723132,-9.819179,53.272686,2.949314,2.823447,1.298564
3,1789438826.515939951,0.533872522067,-0.269937153755,0.539993689828,1.71652496503,-1.991190556,-0.548899425089,16.703857,-9.802129,53.175162,2.948451,2.823114,1.301576
3,1789438826.520882607,0.533872522067,-0.269937153755,0.539993689828,1.71652496503,-1.991190556,-0.548899425089,16.717667,-9.85392,53.353016,2.950462,2.821425,1.296281
3,1789438826.525754690,0.533872522067,-0.269937153755,0.539993689828,1.71652496503,-1.991190556,-0.548899425089,16.754125,-9.85118,53.139168,2.949801,2.822779,1.302616
3,1789438826.530741215,0.533872522067,-0.269937153755,0.539993689828,1.71652496503,-1.991190556,-0.548899425089,16.770546,-9.825115,53.272961,2.948761,2.82624,1.299137
3,1789438826.535717726,0.533872522067,-0.269937153755,0.539993689828,1.71652496503,-1.991190556,-0.548899425089,16.757588,-9.820638,53.165075,2.947906,2.821554,1.301038
3,1789438826.540842295,0.533872522067,-0.269937153755,0.539993689828,1.71652496503,-1.991190556,-0.548899425089,16.766885,-9.81244,53.251427,2.948416,2.82558,1.297083
3,1789438826.545858860,0.533872522067,-0.269937153755,0.539993689828,1.71652496503,-1.991190556,-0.548899425089,16.74197,-9.790247,53.374974,2.948322,2.825353,1.298627
3,1789438826.550790071,0.533872522067,-0.269937153755,0.539993689828,1.71652496503,-1.991190556,-0.548899425089,16.73117,-9.78375,53.283423,2.946884,2.825781,1.299618
3,1789438826.555890083,0.533872522067,-0.269937153755,0.539993689828,1.71652496503,-1.991190556,-0.548899425089,16.704662,-9.787363,53.276067,2.948462,2.82325,1.300581
3,1789438826.560726881,0.533872522067,-0.269937153755,0.539993689828,1.71652496503,-1.991190556,-0.548899425089,16.709724,-9.817888,53.47361,2.947427,2.821914,1.295959
3,1789438826.565757513,0.533872522067,-0.269937153755,0.539993689828,1.71652496503,-1.991190556,-0.548899425089,16.721318,-9.824817,53.291942,2.950473,2.822015,1.29884
3,1789438826.570916891,0.533872522067,-0.269937153755,0.539993689828,1.71652496503,-1.991190556,-0.548899425089,16.754069,-9.845029,53.111821,2.949621,2.823323,1.303014
3,1789438826.575636148,0.533872522067,-0.269937153755,0.539993689828,1.71652496503,-1.991190556,-0.548899425089,16.742666,-9.817175,53.102209,2.949641,2.824274,1.302761
3,1789438826.580809116,0.533872522067,-0.269937153755,0.539993689828,1.71652496503,-1.991190556,-0.548899425089,16.783625,-9.775969,53.361827,2.949861,2.82733,1.296272
3,1789438826.585819483,0.533872522067,-0.269937153755,0.539993689828,1.71652496503,-1.991190556,-0.548899425089,16.767787,-9.797328,53.157024,2.948749,2.824771,1.30209
3,1789438826.590854883,0.533872522067,-0.269937153755,0.539993689828,1.71652496503,-1.991190556,-0.548899425089,16.725448,-9.79243,53.30014,2.947665,2.82501,1.298327
3,1789438826.595787287,0.533872522067,-0.269937153755,0.539993689828,1.71652496503,-1.991190556,-0.548899425089,16.702497,-9.808236,53.372112,2.948314,2.822433,1.296491
3,1789438826.600888729,0.533872522067,-0.269937153755,0.539993689828,1.71652496503,-1.991190556,-0.548899425089,16.687464,-9.808511,53.300793,2.949629,2.82203,1.298445
3,1789438826.605911732,0.533872522067,-0.269937153755,0.539993689828,1.71652496503,-1.991190556,-0.548899425089,16.725035,-9.83231,53.261934,2.948365,2.823069,1.29766
3,1789438826.610846996,0.533872522067,-0.269937153755,0.539993689828,1.71652496503,-1.991190556,-0.548899425089,16.759818,-9.854439,53.319858,2.947451,2.821749,1.299048
3,1789438826.615950108,0.533872522067,-0.269937153755,0.539993689828,1.71652496503,-1.991190556,-0.548899425089,16.776593,-9.81441,53.274141,2.94802,2.825528,1.299787
3,1789438826.620945454,0.533872522067,-0.269937153755,0.539993689828,1.71652496503,-1.991190556,-0.548899425089,16.763686,-9.800177,53.238397,2.948373,2.825426,1.300643
3,1789438826.625760317,0.533872522067,-0.269937153755,0.539993689828,1.71652496503,-1.991190556,-0.548899425089,16.745987,-9.79557,53.266836,2.948191,2.825266,1.300936
3,1789438826.630861759,0.533872522067,-0.269937153755,0.539993689828,1.71652496503,-1.991190556,-0.548899425089,16.716053,-9.796097,53.389787,2.947277,2.82395,1.296015
3,1789438826.635825634,0.533872522067,-0.269937153755,0.539993689828,1.71652496503,-1.991190556,-0.548899425089,16.720485,-9.812824,53.155488,2.949784,2.822569,1.300867
3,1789438826.640952587,0.533872522067,-0.269937153755,0.539993689828,1.71652496503,-1.991190556,-0.548899425089,16.706297,-9.832399,53.31694,2.949687,2.821281,1.296895
3,1789438826.645760775,0.533872522067,-0.269937153755,0.539993689828,1.71652496503,-1.991190556,-0.548899425089,16.733816,-9.856029,53.38482,2.949737,2.824358,1.299193
3,1789438826.650902987,0.533872522067,-0.269937153755,0.539993689828,1.71652496503,-1.991190556,-0.548899425089,16.762192,-9.834785,53.22972,2.949195,2.824595,1.30113
3,1789438826.655977249,0.533872522067,-0.269937153755,0.539993689828,1.71652496503,-1.991190556,-0.548899425089,16.764703,-9.815012,53.275058,2.947711,2.826351,1.300477
3,1789438826.660724401,0.533872522067,-0.269937153755,0.539993689828,1.71652496503,-1.991190556,-0.548899425089,16.755866,-9.761197,53.454522,2.948636,2.825544,1.29577
3,1789438826.665962458,0.533872522067,-0.269937153755,0.539993689828,1.71652496503,-1.991190556,-0.548899425089,16.716631,-9.787852,53.336998,2.950368,2.824453,1.297963
3,1789438826.671039820,0.533872522067,-0.269937153755,0.539993689828,1.71652496503,-1.991190556,-0.548899425089,16.732193,-9.815436,53.130351,2.948408,2.823407,1.302816
3,1789438826.676000834,0.533872522067,-0.269937153755,0.539993689828,1.71652496503,-1.991190556,-0.548899425089,16.720156,-9.84647,53.186335,2.948358,2.820417,1.302745
3,1789438826.681252241,0.533872522067,-0.269937153755,0.539993689828,1.71652496503,-1.991190556,-0.548899425089,16.725432,-9.856349,53.37966,2.94942,2.820706,1.295408
3,1789438826.685960770,0.533872522067,-0.269937153755,0.539993689828,1.71652496503,-1.991190556,-0.548899425089,16.756232,-9.830901,53.15665,2.948651,2.823992,1.301928
3,1789438826.691033125,0.533872522067,-0.269937153755,0.539993689828,1.71652496503,-1.991190556,-0.548899425089,16.777089,-9.820949,53.244423,2.948519,2.825536,1.298633
3,1789438826.695900440,0.533872522067,-0.269937153755,0.539993689828,1.71652496503,-1.991190556,-0.548899425089,16.774196,-9.787344,53.401093,2.946705,2.825174,1.297471
3,1789438826.701020002,0.533872522067,-0.269937153755,0.539993689828,1.71652496503,-1.991190556,-0.548899425089,16.736646,-9.793726,53.262724,2.94826,2.825494,1.298255
3,1789438826.706052065,0.533872522067,-0.269937153755,0.539993689828,1.71652496503,-1.991190556,-0.548899425089,16.715091,-9.804266,53.280252,2.947094,2.823989,1.297436
3,1789438826.710855246,0.533872522067,-0.269937153755,0.539993689828,1.71652496503,-1.991190556,-0.548899425089,16.701222,-9.834225,53.483462,2.949327,2.820838,1.296249
3,1789438826.715872526,0.533872522067,-0.269937153755,0.539993689828,1.71652496503,-1.991190556,-0.548899425089,16.705577,-9.828329,53.310045,2.94914,2.823125,1.298662
3,1789438826.721261740,0.533872522067,-0.269937153755,0.539993689828,1.71652496503,-1.991190556,-0.548899425089,16.747057,-9.838995,53.102253,2.950736,2.821444,1.302575
3,1789438826.725959063,0.533872522067,-0.269937153755,0.539993689828,1.71652496503,-1.991190556,-0.548899425089,16.772459,-9.830293,53.085328,2.948307,2.824535,1.304031
3,1789438826.730960846,0.533872522067,-0.269937153755,0.539993689828,1.71652496503,-1.991190556,-0.548899425089,16.778655,-9.806121,53.345308,2.947884,2.825658,1.297633
3,1789438826.736019850,0.533872522067,-0.269937153755,0.539993689828,1.71652496503,-1.991190556,-0.548899425089,16.781129,-9.797611,53.129009,2.947423,2.824474,1.302019
3,1789438826.741091490,0.533872522067,-0.269937153755,0.539993689828,1.71652496503,-1.991190556,-0.548899425089,16.708487,-9.80051,53.289991,2.947516,2.823944,1.297685
3,1789438826.746043444,0.533872522067,-0.269937153755,0.539993689828,1.71652496503,-1.991190556,-0.548899425089,16.743674,-9.797015,53.15806,2.948809,2.825318,1.302806
3,1789438826.750991106,0.533872522067,-0.269937153755,0.539993689828,1.71652496503,-1.991190556,-0.548899425089,16.715907,-9.799193,53.280647,2.946245,2.82562,1.297864
3,1789438826.756026030,0.533872522067,-0.269937153755,0.539993689828,1.71652496503,-1.991190556,-0.548899425089,16.700975,-9.829152,53.437305,2.94945,2.82231,1.296619
3,1789438826.760871649,0.533872522067,-0.269937153755,0.539993689828,1.71652496503,-1.991190556,-0.548899425089,16.7138,-9.82435,53.282474,2.946952,2.822388,1.298817
3,1789438826.765999079,0.533872522067,-0.269937153755,0.539993689828,1.71652496503,-1.991190556,-0.548899425089,16.758128,-9.842394,53.245481,2.949029,2.82324,1.299157
3,1789438826.771115780,0.533872522067,-0.269937153755,0.539993689828,1.71652496503,-1.991190556,-0.548899425089,16.763162,-9.818145,53.480765,2.947958,2.823275,1.294745
3,1789438826.775947332,0.533872522067,-0.269937153755,0.539993689828,1.71652496503,-1.991190556,-0.548899425089,16.776375,-9.806176,53.254334,2.948854,2.824785,1.298862
3,1789438826.781048536,0.533872522067,-0.269937153755,0.539993689828,1.71652496503,-1.991190556,-0.548899425089,16.781612,-9.792425,53.116917,2.948521,2.826856,1.30042
3,1789438826.786045790,0.533872522067,-0.269937153755,0.539993689828,1.71652496503,-1.991190556,-0.548899425089,16.738224,-9.799752,53.290029,2.947149,2.824921,1.297846
3,1789438826.791036844,0.533872522067,-0.269937153755,0.539993689828,1.71652496503,-1.991190556,-0.548899425089,16.706501,-9.827504,53.36606,2.948184,2.822548,1.298736
3,1789438826.795927048,0.533872522067,-0.269937153755,0.539993689828,1.71652496503,-1.991190556,-0.548899425089,16.701437,-9.839963,53.286009,2.945652,2.823242,1.301315
3,1789438826.801289558,0.533872522067,-0.269937153755,0.539993689828,1.71652496503,-1.991190556,-0.548899425089,16.716408,-9.848385,53.236691,2.949298,2.821073,1.299243
3,1789438826.806112766,0.533872522067,-0.269937153755,0.539993689828,1.71652496503,-1.991190556,-0.548899425089,16.761226,-9.804465,53.431428,2.951188,2.824219,1.292884
3,1789438826.810980320,0.533872522067,-0.269937153755,0.539993689828,1.71652496503,-1.991190556,-0.548899425089,16.760206,-9.83467,53.273216,2.952435,2.825372,1.299195
3,1789438826.816080809,0.533872522067,-0.269937153755,0.539993689828,1.71652496503,-1.991190556,-0.548899425089,16.789898,-9.781419,53.290851,2.947786,2.827566,1.298616
3,1789438826.821044207,0.533872522067,-0.269937153755,0.539993689828,1.71652496503,-1.991190556,-0.548899425089,16.763421,-9.798111,53.397905,2.947451,2.823792,1.29527
3,1789438826.825920343,0.533872522067,-0.269937153755,0.539993689828,1.71652496503,-1.991190556,-0.548899425089,16.715448,-9.783405,53.281398,2.946277,2.823942,1.298081
3,1789438826.831685305,0.533872522067,-0.269937153755,0.539993689828,1.71652496503,-1.991190556,-0.548899425089,16.709454,-9.812037,53.146217,2.949181,2.822455,1.30087
3,1789438826.835996628,0.533872522067,-0.269937153755,0.539993689828,1.71652496503,-1.991190556,-0.548899425089,16.708086,-9.825211,53.213344,2.949195,2.821206,1.302111
3,1789438826.841012478,0.533872522067,-0.269937153755,0.539993689828,1.71652496503,-1.991190556,-0.548899425089,16.72539,-9.830433,53.37698,2.950994,2.823428,1.293802
3,1789438826.845931053,0.533872522067,-0.269937153755,0.539993689828,1.71652496503,-1.991190556,-0.548899425089,16.761008,-9.834854,53.191414,2.950814,2.824808,1.300414
3,1789438826.851082325,0.533872522067,-0.269937153755,0.539993689828,1.71652496503,-1.991190556,-0.548899425089,16.778296,-9.836147,53.248008,2.945582,2.825533,1.3011
3,1789438826.856104136,0.533872522067,-0.269937153755,0.539993689828,1.71652496503,-1.991190556,-0.548899425089,16.76311,-9.772682,53.408741,2.947068,2.825774,1.296365
3,1789438826.860874176,0.533872522067,-0.269937153755,0.539993689828,1.71652496503,-1.991190556,-0.548899425089,16.730533,-9.791799,53.274271,2.94735,2.826545,1.299838
3,1789438826.866086483,0.533872522067,-0.269937153755,0.539993689828,1.71652496503,-1.991190556,-0.548899425089,16.708784,-9.806525,53.300846,2.946402,2.822656,1.298604
3,1789438826.871039391,0.533872522067,-0.269937153755,0.539993689828,1.71652496503,-1.991190556,-0.548899425089,16.733874,-9.834151,53.453132,2.948007,2.823698,1.295023
3,1789438826.875957727,0.533872522067,-0.269937153755,0.539993689828,1.71652496503,-1.991190556,-0.548899425089,16.710584,-9.850337,53.264503,2.949262,2.820103,1.299076
3,1789438826.881715775,0.533872522067,-0.269937153755,0.539993689828,1.71652496503,-1.991190556,-0.548899425089,16.788721,-9.836311,53.069959,2.947499,2.82494,1.300168
3,1789438826.886042356,0.533872522067,-0.269937153755,0.539993689828,1.71652496503,-1.991190556,-0.548899425089,16.770805,-9.80996,53.20941,2.947811,2.824737,1.299927
3,1789438826.891115189,0.533872522067,-0.269937153755,0.539993689828,1.71652496503,-1.991190556,-0.548899425089,16.780679,-9.768938,53.386335,2.949058,2.825743,1.293843
3,1789438826.896063566,0.533872522067,-0.269937153755,0.539993689828,1.71652496503,-1.991190556,-0.548899425089,16.745016,-9.781311,53.191732,2.949491,2.825083,1.300375
3,1789438826.901273012,0.533872522067,-0.269937153755,0.539993689828,1.71652496503,-1.991190556,-0.548899425089,16.712315,-9.798281,53.31317,2.946904,2.823466,1.300621
3,1789438826.906141520,0.533872522067,-0.269937153755,0.539993689828,1.71652496503,-1.991190556,-0.548899425089,16.690575,-9.83102,53.420379,2.947498,2.824028,1.29794
3,1789438826.910871267,0.533872522067,-0.269937153755,0.539993689828,1.71652496503,-1.991190556,-0.548899425089,16.700259,-9.815321,53.301153,2.948474,2.8212,1.29865
3,1789438826.915959358,0.533872522067,-0.269937153755,0.539993689828,1.71652496503,-1.991190556,-0.548899425089,16.747978,-9.828874,53.252901,2.948723,2.82493,1.29804
3,1789438826.921253443,0.533872522067,-0.269937153755,0.539993689828,1.71652496503,-1.991190556,-0.548899425089,16.754979,-9.82237,53.426555,2.949171,2.823463,1.295814
3,1789438826.925923824,0.533872522067,-0.269937153755,0.539993689828,1.71652496503,-1.991190556,-0.548899425089,16.783369,-9.797309,53.301764,2.947428,2.825896,1.299565
3,1789438826.930861235,0.533872522067,-0.269937153755,0.539993689828,1.71652496503,-1.991190556,-0.548899425089,16.764169,-9.806154,53.253236,2.949854,2.825617,1.298213
3,1789438826.936194658,0.533872522067,-0.269937153755,0.539993689828,1.71652496503,-1.991190556,-0.548899425089,16.72549,-9.791237,53.270247,2.948663,2.824461,1.296947
3,1789438826.941117287,0.533872522067,-0.269937153755,0.539993689828,1.71652496503,-1.991190556,-0.548899425089,16.691293,-9.803137,53.335192,2.947818,2.824527,1.296888
3,1789438826.946071625,0.533872522067,-0.269937153755,0.539993689828,1.71652496503,-1.991190556,-0.548899425089,16.687482,-9.822007,53.274619,2.94867,2.820948,1.299543
3,1789438826.951031208,0.533872522067,-0.269937153755,0.539993689828,1.71652496503,-1.991190556,-0.548899425089,16.727944,-9.86413,53.218458,2.949238,2.821758,1.299657
3,1789438826.956110954,0.533872522067,-0.269937153755,0.539993689828,1.71652496503,-1.991190556,-0.548899425089,16.712183,-9.836503,53.186363,2.950219,2.821127,1.302757
3,1789438826.960933685,0.533872522067,-0.269937153755,0.539993689828,1.71652496503,-1.991190556,-0.548899425089,16.724269,-9.854238,53.272079,2.948511,2.823489,1.298371
3,1789438826.966002703,0.533872522067,-0.269937153755,0.539993689828,1.71652496503,-1.991190556,-0.548899425089,16.736662,-9.840712,53.407981,2.949765,2.824836,1.296063
3,1789438826.971157074,0.533872522067,-0.269937153755,0.539993689828,1.71652496503,-1.991190556,-0.548899425089,16.767112,-9.805458,53.27187,2.947279,2.825189,1.29822
3,1789438826.975937128,0.533872522067,-0.269937153755,0.539993689828,1.71652496503,-1.991190556,-0.548899425089,16.784139,-9.797443,53.254048,2.947428,2.826256,1.298821
3,1789438826.980953693,0.533872522067,-0.269937153755,0.539993689828,1.71652496503,-1.991190556,-0.548899425089,16.770247,-9.817711,52.860105,2.946657,2.823088,1.308626
3,1789438826.985999584,0.533872522067,-0.269937153755,0.539993689828,1.71652496503,-1.991190556,-0.548899425089,16.714321,-9.804132,53.327968,2.947094,2.823628,1.29818
3,1789438826.991050720,0.533872522067,-0.269937153755,0.539993689828,1.71652496503,-1.991190556,-0.548899425089,16.720249,-9.819609,53.182741,2.950275,2.822584,1.300469
3,1789438826.995853424,0.533872522067,-0.269937153755,0.539993689828,1.71652496503,-1.991190556,-0.548899425089,16.703385,-9.820577,53.248977,2.948989,2.821125,1.301045
3,1789438827.001115799,0.533872522067,-0.269937153755,0.539993689828,1.71652496503,-1.991190556,-0.548899425089,16.733775,-9.825364,53.363229,2.951406,2.823023,1.296903
3,1789438827.006178141,0.533872522067,-0.269937153755,0.539993689828,1.71652496503,-1.991190556,-0.548899425089,16.760626,-9.829322,53.157858,2.949324,2.824986,1.302815
3,1789438827.011087656,0.533872522067,-0.269937153755,0.539993689828,1.71652496503,-1.991190556,-0.548899425089,16.778162,-9.800854,53.272303,2.947687,2.826582,1.298638
3,1789438827.016123056,0.533872522067,-0.269937153755,0.539993689828,1.71652496503,-1.991190556,-0.548899425089,16.755852,-9.774642,53.462434,2.949298,2.825386,1.294905
3,1789438827.021263599,0.533872522067,-0.269937153755,0.539993689828,1.71652496503,-1.991190556,-0.548899425089,16.735304,-9.771786,53.264119,2.948759,2.824373,1.298916
3,1789438827.025891066,0.533872522067,-0.269937153755,0.539993689828,1.71652496503,-1.991190556,-0.548899425089,16.703141,-9.80323,53.269993,2.947791,2.823894,1.296775
3,1789438827.030946493,0.533872522067,-0.269937153755,0.539993689828,1.71652496503,-1.991190556,-0.548899425089,16.708958,-9.845601,53.397203,2.949061,2.821806,1.294772
3,1789438827.036000252,0.533872522067,-0.269937153755,0.539993689828,1.71652496503,-1.991190556,-0.548899425089,16.725611,-9.832251,53.29813,2.948366,2.823425,1.297036
3,1789438827.041058540,0.533872522067,-0.269937153755,0.539993689828,1.71652496503,-1.991190556,-0.548899425089,16.76071,-9.835157,53.14798,2.949512,2.824076,1.302365
3,1789438827.045907974,0.533872522067,-0.269937153755,0.539993689828,1.71652496503,-1.991190556,-0.548899425089,16.771896,-9.825556,53.26458,2.947134,2.826398,1.299784
3,1789438827.050991774,0.533872522067,-0.269937153755,0.539993689828,1.71652496503,-1.991190556,-0.548899425089,16.761429,-9.786503,53.37113,2.948694,2.825467,1.296117
3,1789438827.056076765,0.533872522067,-0.269937153755,0.539993689828,1.71652496503,-1.991190556,-0.548899425089,16.752914,-9.814155,53.174772,2.946786,2.825336,1.301699
3,1789438827.060981035,0.533872522067,-0.269937153755,0.539993689828,1.71652496503,-1.991190556,-0.548899425089,16.713902,-9.804503,53.29278,2.946438,2.823268,1.299474
3,1789438827.065958500,0.533872522067,-0.269937153755,0.539993689828,1.71652496503,-1.991190556,-0.548899425089,16.7041,-9.81408,53.453228,2.948177,2.822411,1.294817
3,1789438827.071094513,0.533872522067,-0.269937153755,0.539993689828,1.71652496503,-1.991190556,-0.548899425089,16.698077,-9.822237,53.29012,2.951229,2.821443,1.297541
3,1789438827.075964212,0.533872522067,-0.269937153755,0.539993689828,1.71652496503,-1.991190556,-0.548899425089,16.745532,-9.850615,53.262079,2.950815,2.825384,1.298093
3,1789438827.081007719,0.533872522067,-0.269937153755,0.539993689828,1.71652496503,-1.991190556,-0.548899425089,16.760802,-9.828142,53.354477,2.94806,2.824263,1.297488
3,1789438827.086029768,0.533872522067,-0.269937153755,0.539993689828,1.71652496503,-1.991190556,-0.548899425089,16.778571,-9.785779,53.297656,2.948678,2.82655,1.29687
3,1789438827.091003656,0.533872522067,-0.269937153755,0.539993689828,1.71652496503,-1.991190556,-0.548899425089,16.756696,-9.788619,53.128954,2.948325,2.823909,1.301839
3,1789438827.095906019,0.533872522067,-0.269937153755,0.539993689828,1.71652496503,-1.991190556,-0.548899425089,16.708872,-9.79384,53.311442,2.945725,2.823549,1.299492
3,1789438827.100963593,0.533872522067,-0.269937153755,0.539993689828,1.71652496503,-1.991190556,-0.548899425089,16.685076,-9.817846,53.39687,2.949753,2.823407,1.294557
3,1789438827.106004238,0.533872522067,-0.269937153755,0.539993689828,1.71652496503,-1.991190556,-0.548899425089,16.721544,-9.817336,53.21821,2.949997,2.821266,1.299175
3,1789438827.110929012,0.533872522067,-0.269937153755,0.539993689828,1.71652496503,-1.991190556,-0.548899425089,16.75267,-9.829966,53.234365,2.949648,2.822428,1.297801
3,1789438827.115983963,0.533872522067,-0.269937153755,0.539993689828,1.71652496503,-1.991190556,-0.548899425089,16.760922,-9.821292,53.244435,2.947249,2.823703,1.298441
3,1789438827.121079445,0.533872522067,-0.269937153755,0.539993689828,1.71652496503,-1.991190556,-0.548899425089,16.771484,-9.802621,53.271156,2.948951,2.825633,1.297767
3,1789438827.125868797,0.533872522067,-0.269937153755,0.539993689828,1.71652496503,-1.991190556,-0.548899425089,16.765604,-9.792138,53.263999,2.947908,2.825377,1.299096
3,1789438827.130921841,0.533872522067,-0.269937153755,0.539993689828,1.71652496503,-1.991190556,-0.548899425089,16.747986,-9.796692,52.93967,2.947843,2.825775,1.306062
3,1789438827.135862827,0.533872522067,-0.269937153755,0.539993689828,1.71652496503,-1.991190556,-0.548899425089,16.711842,-9.803628,53.317767,2.949693,2.823309,1.297515
3,1789438827.140977621,0.533872522067,-0.269937153755,0.539993689828,1.71652496503,-1.991190556,-0.548899425089,16.727948,-9.823379,53.225669,2.950502,2.823714,1.298274
3,1789438827.145932913,0.533872522067,-0.269937153755,0.539993689828,1.71652496503,-1.991190556,-0.548899425089,16.731818,-9.846567,53.157352,2.948977,2.820155,1.302015
3,1789438827.151026487,0.533872522067,-0.269937153755,0.539993689828,1.71652496503,-1.991190556,-0.548899425089,16.727873,-9.832708,53.378633,2.948035,2.825039,1.29512
3,1789438827.156095743,0.533872522067,-0.269937153755,0.539993689828,1.71652496503,-1.991190556,-0.548899425089,16.757013,-9.822601,53.211366,2.948513,2.823407,1.301102
3,1789438827.160894871,0.533872522067,-0.269937153755,0.539993689828,1.71652496503,-1.991190556,-0.548899425089,16.769006,-9.813514,53.289504,2.946128,2.826457,1.297788
3,1789438827.165924549,0.533872522067,-0.269937153755,0.539993689828,1.71652496503,-1.991190556,-0.548899425089,16.771823,-9.807443,53.252118,2.948835,2.823796,1.297305
3,1789438827.171157598,0.533872522067,-0.269937153755,0.539993689828,1.71652496503,-1.991190556,-0.548899425089,16.771172,-9.796079,53.264657,2.947805,2.825254,1.299539
3,1789438827.175918341,0.533872522067,-0.269937153755,0.539993689828,1.71652496503,-1.991190556,-0.548899425089,16.787051,-9.789473,53.445208,2.94696,2.827282,1.296159
3,1789438827.180944920,0.533872522067,-0.269937153755,0.539993689828,1.71652496503,-1.991190556,-0.548899425089,16.731282,-9.786424,53.299896,2.947782,2.822656,1.297874
3,1789438827.186037540,0.533872522067,-0.269937153755,0.539993689828,1.71652496503,-1.991190556,-0.548899425089,16.713661,-9.824931,53.280249,2.948237,2.823501,1.297472
3,1789438827.191061258,0.533872522067,-0.269937153755,0.539993689828,1.71652496503,-1.991190556,-0.548899425089,16.701494,-9.830167,53.307714,2.948786,2.822681,1.297099
3,1789438827.195752382,0.533872522067,-0.269937153755,0.539993689828,1.71652496503,-1.991190556,-0.548899425089,16.735547,-9.831583,53.306622,2.950294,2.822454,1.296374
3,1789438827.201327801,0.533872522067,-0.269937153755,0.539993689828,1.71652496503,-1.991190556,-0.548899425089,16.76841,-9.823016,53.145065,2.949451,2.823338,1.300319
3,1789438827.206070423,0.533872522067,-0.269937153755,0.539993689828,1.71652496503,-1.991190556,-0.548899425089,16.796877,-9.80579,53.222996,2.948189,2.82765,1.296966
3,1789438827.210971355,0.533872522067,-0.269937153755,0.539993689828,1.71652496503,-1.991190556,-0.548899425089,16.763648,-9.800259,53.362394,2.946437,2.825081,1.296552
3,1789438827.216050148,0.533872522067,-0.269937153755,0.539993689828,1.71652496503,-1.991190556,-0.548899425089,16.761975,-9.785797,53.216001,2.946768,2.823622,1.297908
3,1789438827.221082926,0.533872522067,-0.269937153755,0.539993689828,1.71652496503,-1.991190556,-0.548899425089,16.722057,-9.806378,53.297663,2.946705,2.822917,1.296557
3,1789438827.225970745,0.533872522067,-0.269937153755,0.539993689828,1.71652496503,-1.991190556,-0.548899425089,16.697398,-9.830536,53.4558,2.947484,2.820928,1.296424
3,1789438827.231344223,0.533872522067,-0.269937153755,0.539993689828,1.71652496503,-1.991190556,-0.548899425089,16.722845,-9.839029,53.298596,2.950474,2.822937,1.297289
3,1789438827.236129761,0.533872522067,-0.269937153755,0.539993689828,1.71652496503,-1.991190556,-0.548899425089,16.743434,-9.843111,53.22999,2.95001,2.823378,1.301186
3,1789438827.240981340,0.533872522067,-0.269937153755,0.539993689828,1.71652496503,-1.991190556,-0.548899425089,16.789885,-9.813751,53.281428,2.947684,2.825047,1.298427
3,1789438827.245873928,0.533872522067,-0.269937153755,0.539993689828,1.71652496503,-1.991190556,-0.548899425089,16.781888,-9.77595,53.300934,2.949212,2.825888,1.298881
3,1789438827.250864267,0.533872522067,-0.269937153755,0.539993689828,1.71652496503,-1.991190556,-0.548899425089,16.75885,-9.770821,53.190482,2.948421,2.828073,1.299864
3,1789438827.256060362,0.533872522067,-0.269937153755,0.539993689828,1.71652496503,-1.991190556,-0.548899425089,16.732251,-9.792131,53.282875,2.951201,2.823545,1.298991
3,1789438827.260869741,0.533872522067,-0.269937153755,0.539993689828,1.71652496503,-1.991190556,-0.548899425089,16.691012,-9.795337,53.43753,2.947991,2.824141,1.296805
3,1789438827.266138315,0.533872522067,-0.269937153755,0.539993689828,1.71652496503,-1.991190556,-0.548899425089,16.714565,-9.814661,53.245356,2.951369,2.822521,1.298778
3,1789438827.271160126,0.533872522067,-0.269937153755,0.539993689828,1.71652496503,-1.991190556,-0.548899425089,16.746057,-9.840021,53.255156,2.949103,2.821668,1.2992
3,1789438827.275715351,0.533872522067,-0.269937153755,0.539993689828,1.71652496503,-1.991190556,-0.548899425089,16.764489,-9.826456,53.414508,2.947451,2.824562,1.294198
3,1789438827.280938148,0.533872522067,-0.269937153755,0.539993689828,1.71652496503,-1.991190556,-0.548899425089,16.771349,-9.803567,53.27207,2.948607,2.826188,1.298437
3,1789438827.285884619,0.533872522067,-0.269937153755,0.539993689828,1.71652496503,-1.991190556,-0.548899425089,16.771153,-9.804315,53.20992,2.947297,2.825824,1.30036
3,1789438827.290897131,0.533872522067,-0.269937153755,0.539993689828,1.71652496503,-1.991190556,-0.548899425089,16.732446,-9.795997,53.271778,2.946925,2.824864,1.298049
3,1789438827.295695782,0.533872522067,-0.269937153755,0.539993689828,1.71652496503,-1.991190556,-0.548899425089,16.696565,-9.80594,53.344304,2.948385,2.823672,1.296678
3,1789438827.300709486,0.533872522067,-0.269937153755,0.539993689828,1.71652496503,-1.991190556,-0.548899425089,16.713027,-9.837397,53.157155,2.950203,2.822222,1.302036
3,1789438827.305932760,0.533872522067,-0.269937153755,0.539993689828,1.71652496503,-1.991190556,-0.548899425089,16.729764,-9.837126,53.283251,2.947918,2.823142,1.299477
3,1789438827.310616016,0.533872522067,-0.269937153755,0.539993689828,1.71652496503,-1.991190556,-0.548899425089,16.745873,-9.812008,53.364661,2.950391,2.82272,1.29776
3,1789438827.315753698,0.533872522067,-0.269937153755,0.539993689828,1.71652496503,-1.991190556,-0.548899425089,16.771298,-9.796341,53.299751,2.948771,2.826174,1.298246
3,1789438827.320917606,0.533872522067,-0.269937153755,0.539993689828,1.71652496503,-1.991190556,-0.548899425089,16.76228,-9.804748,53.246362,2.950203,2.823621,1.299562
3,1789438827.325734138,0.533872522067,-0.269937153755,0.539993689828,1.71652496503,-1.991190556,-0.548899425089,16.731796,-9.790917,53.291939,2.946721,2.826151,1.299186
3,1789438827.330696106,0.533872522067,-0.269937153755,0.539993689828,1.71652496503,-1.991190556,-0.548899425089,16.723313,-9.820749,53.275616,2.947661,2.823992,1.300574
3,1789438827.335989237,0.533872522067,-0.269937153755,0.539993689828,1.71652496503,-1.991190556,-0.548899425089,16.732865,-9.814512,53.28963,2.946817,2.822863,1.297432
3,1789438827.341046333,0.533872522067,-0.269937153755,0.539993689828,1.71652496503,-1.991190556,-0.548899425089,16.717168,-9.841539,53.134875,2.948487,2.82087,1.299532
3,1789438827.346046209,0.533872522067,-0.269937153755,0.539993689828,1.71652496503,-1.991190556,-0.548899425089,16.741394,-9.823165,53.324999,2.950479,2.824145,1.296372
3,1789438827.351393223,0.533872522067,-0.269937153755,0.539993689828,1.71652496503,-1.991190556,-0.548899425089,16.758219,-9.816973,53.189999,2.948974,2.825407,1.299486
3,1789438827.356086731,0.533872522067,-0.269937153755,0.539993689828,1.71652496503,-1.991190556,-0.548899425089,16.771469,-9.803499,53.263824,2.947961,2.825816,1.299095
3,1789438827.360811710,0.533872522067,-0.269937153755,0.539993689828,1.71652496503,-1.991190556,-0.548899425089,16.762492,-9.794227,53.373415,2.946575,2.825456,1.297683
3,1789438827.365995884,0.533872522067,-0.269937153755,0.539993689828,1.71652496503,-1.991190556,-0.548899425089,16.739824,-9.79708,53.23882,2.948489,2.823755,1.300694
3,1789438827.371108770,0.533872522067,-0.269937153755,0.539993689828,1.71652496503,-1.991190556,-0.548899425089,16.714283,-9.798873,53.299405,2.947545,2.825281,1.297903
3,1789438827.375860453,0.533872522067,-0.269937153755,0.539993689828,1.71652496503,-1.991190556,-0.548899425089,16.724696,-9.785001,53.25653,2.946862,2.82372,1.300052
3,1789438827.381295681,0.533872522067,-0.269937153755,0.539993689828,1.71652496503,-1.991190556,-0.548899425089,16.702542,-9.816538,53.289404,2.947806,2.823005,1.297272
3,1789438827.385700464,0.533872522067,-0.269937153755,0.539993689828,1.71652496503,-1.991190556,-0.548899425089,16.690205,-9.813674,53.498858,2.950477,2.822902,1.294248
3,1789438827.390868187,0.533872522067,-0.269937153755,0.539993689828,1.71652496503,-1.991190556,-0.548899425089,16.728696,-9.822754,53.270204,2.950838,2.823882,1.296993
3,1789438827.395863533,0.533872522067,-0.269937153755,0.539993689828,1.71652496503,-1.991190556,-0.548899425089,16.752382,-9.830965,53.23741,2.94833,2.822429,1.299816
3,1789438827.400920391,0.533872522067,-0.269937153755,0.539993689828,1.71652496503,-1.991190556,-0.548899425089,16.783752,-9.839853,53.115041,2.947432,2.825799,1.299344
3,1789438827.405834436,0.533872522067,-0.269937153755,0.539993689828,1.71652496503,-1.991190556,-0.548899425089,16.745511,-9.796535,53.345174,2.946238,2.825302,1.297452
3,1789438827.410766125,0.533872522067,-0.269937153755,0.539993689828,1.71652496503,-1.991190556,-0.548899425089,16.752947,-9.800162,53.217532,2.948727,2.826602,1.299284
3,1789438827.415723801,0.533872522067,-0.269937153755,0.539993689828,1.71652496503,-1.991190556,-0.548899425089,16.708487,-9.806793,53.297613,2.948342,2.823774,1.296589
3,1789438827.420855284,0.533872522067,-0.269937153755,0.539993689828,1.71652496503,-1.991190556,-0.548899425089,16.716002,-9.809162,53.388445,2.947947,2.823424,1.295138
3,1789438827.425801277,0.533872522067,-0.269937153755,0.539993689828,1.71652496503,-1.991190556,-0.548899425089,16.715892,-9.856366,53.219294,2.949117,2.821465,1.300121
3,1789438827.430789948,0.533872522067,-0.269937153755,0.539993689828,1.71652496503,-1.991190556,-0.548899425089,16.737143,-9.860233,53.2518,2.948346,2.822478,1.297208
3,1789438827.435833693,0.533872522067,-0.269937153755,0.539993689828,1.71652496503,-1.991190556,-0.548899425089,16.758382,-9.808948,53.423553,2.947866,2.825037,1.293979
3,1789438827.440869570,0.533872522067,-0.269937153755,0.539993689828,1.71652496503,-1.991190556,-0.548899425089,16.765223,-9.799174,53.245687,2.948071,2.825214,1.299304
3,1789438827.445737362,0.533872522067,-0.269937153755,0.539993689828,1.71652496503,-1.991190556,-0.548899425089,16.771078,-9.798677,53.172102,2.947756,2.827109,1.300071
3,1789438827.450911522,0.533872522067,-0.269937153755,0.539993689828,1.71652496503,-1.991190556,-0.548899425089,16.74252,-9.813008,53.170587,2.947812,2.826138,1.299024
3,1789438827.455942154,0.533872522067,-0.269937153755,0.539993689828,1.71652496503,-1.991190556,-0.548899425089,16.70123,-9.807348,53.362993,2.949302,2.821536,1.29649
3,1789438827.460782528,0.533872522067,-0.269937153755,0.539993689828,1.71652496503,-1.991190556,-0.548899425089,16.72159,-9.811629,53.172147,2.949809,2.822179,1.299545
3,1789438827.465958595,0.533872522067,-0.269937153755,0.539993689828,1.71652496503,-1.991190556,-0.548899425089,16.729727,-9.84303,53.281619,2.948751,2.822604,1.298368
3,1789438827.471103430,0.533872522067,-0.269937153755,0.539993689828,1.71652496503,-1.991190556,-0.548899425089,16.739748,-9.832984,53.370383,2.947354,2.824398,1.295758
3,1789438827.475986481,0.533872522067,-0.269937153755,0.539993689828,1.71652496503,-1.991190556,-0.548899425089,16.798227,-9.821943,53.218638,2.949413,2.824491,1.299913
3,1789438827.481050968,0.533872522067,-0.269937153755,0.539993689828,1.71652496503,-1.991190556,-0.548899425089,16.76753,-9.812811,53.262791,2.946788,2.825379,1.298434
3,1789438827.486121178,0.533872522067,-0.269937153755,0.539993689828,1.71652496503,-1.991190556,-0.548899425089,16.740668,-9.762696,53.460419,2.948317,2.825725,1.293564
3,1789438827.491034985,0.533872522067,-0.269937153755,0.539993689828,1.71652496503,-1.991190556,-0.548899425089,16.69572,-9.784256,53.30836,2.948556,2.822729,1.297282
3,1789438827.495833397,0.533872522067,-0.269937153755,0.539993689828,1.71652496503,-1.991190556,-0.548899425089,16.710736,-9.82321,53.189598,2.949565,2.820979,1.298711
3,1789438827.500968456,0.533872522067,-0.269937153755,0.539993689828,1.71652496503,-1.991190556,-0.548899425089,16.725615,-9.838401,53.214716,2.948225,2.822338,1.297152
3,1789438827.506126404,0.533872522067,-0.269937153755,0.539993689828,1.71652496503,-1.991190556,-0.548899425089,16.755061,-9.845059,53.316457,2.948334,2.824062,1.297018
3,1789438827.510943890,0.533872522067,-0.269937153755,0.539993689828,1.71652496503,-1.991190556,-0.548899425089,16.788022,-9.835166,53.144731,2.947843,2.824024,1.300282
3,1789438827.515923023,0.533872522067,-0.269937153755,0.539993689828,1.71652496503,-1.991190556,-0.548899425089,16.771641,-9.802933,53.272164,2.948296,2.825628,1.298437
3,1789438827.521189213,0.533872522067,-0.269937153755,0.539993689828,1.71652496503,-1.991190556,-0.548899425089,16.74437,-9.789625,53.363528,2.947367,2.825495,1.297254
3,1789438827.525938272,0.533872522067,-0.269937153755,0.539993689828,1.71652496503,-1.991190556,-0.548899425089,16.723401,-9.785833,53.272949,2.949112,2.825038,1.298741
3,1789438827.531567097,0.533872522067,-0.269937153755,0.539993689828,1.71652496503,-1.991190556,-0.548899425089,16.700987,-9.816649,53.28333,2.947476,2.822109,1.299286
3,1789438827.536107540,0.533872522067,-0.269937153755,0.539993689828,1.71652496503,-1.991190556,-0.548899425089,16.715843,-9.836865,53.314148,2.94796,2.822747,1.29529
3,1789438827.541175842,0.533872522067,-0.269937153755,0.539993689828,1.71652496503,-1.991190556,-0.548899425089,16.736642,-9.847045,53.270757,2.948649,2.823198,1.297444
3,1789438827.547295570,0.533872522067,-0.269937153755,0.539993689828,1.71652496503,-1.991190556,-0.548899425089,16.760675,-9.821098,53.217587,2.946929,2.823155,1.299076
3,1789438827.550954580,0.533872522067,-0.269937153755,0.539993689828,1.71652496503,-1.991190556,-0.548899425089,16.793965,-9.812356,53.043522,2.947388,2.824774,1.30099
3,1789438827.556016207,0.533872522067,-0.269937153755,0.539993689828,1.71652496503,-1.991190556,-0.548899425089,16.741343,-9.797088,53.329814,2.948165,2.824642,1.299471
3,1789438827.560933113,0.533872522067,-0.269937153755,0.539993689828,1.71652496503,-1.991190556,-0.548899425089,16.766512,-9.786814,53.199199,2.947067,2.826644,1.299431
3,1789438827.565921068,0.533872522067,-0.269937153755,0.539993689828,1.71652496503,-1.991190556,-0.548899425089,16.734488,-9.805374,53.28461,2.948306,2.822418,1.300113
3,1789438827.571038961,0.533872522067,-0.269937153755,0.539993689828,1.71652496503,-1.991190556,-0.548899425089,16.716123,-9.815378,53.387821,2.948126,2.822882,1.2947
3,1789438827.575951338,0.533872522067,-0.269937153755,0.539993689828,1.71652496503,-1.991190556,-0.548899425089,16.721071,-9.826027,53.253407,2.951422,2.823318,1.298114
3,1789438827.580975056,0.533872522067,-0.269937153755,0.539993689828,1.71652496503,-1.991190556,-0.548899425089,16.73105,-9.835563,53.260555,2.948925,2.822941,1.296758
3,1789438827.586106062,0.533872522067,-0.269937153755,0.539993689828,1.71652496503,-1.991190556,-0.548899425089,16.703446,-9.825155,53.237176,2.950174,2.819665,1.299255
3,1789438827.591114044,0.533872522067,-0.269937153755,0.539993689828,1.71652496503,-1.991190556,-0.548899425089,16.761967,-9.828087,53.288138,2.947742,2.824433,1.296716
3,1789438827.596061468,0.533872522067,-0.269937153755,0.539993689828,1.71652496503,-1.991190556,-0.548899425089,16.786012,-9.834753,53.41373,2.949475,2.824631,1.29373
3,1789438827.601035357,0.533872522067,-0.269937153755,0.539993689828,1.71652496503,-1.991190556,-0.548899425089,16.769461,-9.791327,53.280482,2.945662,2.825488,1.297752
3,1789438827.606230021,0.533872522067,-0.269937153755,0.539993689828,1.71652496503,-1.991190556,-0.548899425089,16.797846,-9.805078,53.106194,2.94529,2.825607,1.299478
3,1789438827.610996008,0.533872522067,-0.269937153755,0.539993689828,1.71652496503,-1.991190556,-0.548899425089,16.731251,-9.794907,53.052617,2.945978,2.822134,1.300434
3,1789438827.616201878,0.533872522067,-0.269937153755,0.539993689828,1.71652496503,-1.991190556,-0.548899425089,16.693629,-9.815018,53.366959,2.948515,2.824327,1.293361
3,1789438827.621255875,0.533872522067,-0.269937153755,0.539993689828,1.71652496503,-1.991190556,-0.548899425089,16.700766,-9.848705,53.123061,2.948991,2.819388,1.303823
3,1789438827.625913382,0.533872522067,-0.269937153755,0.539993689828,1.71652496503,-1.991190556,-0.548899425089,16.768394,-9.830639,53.278607,2.947344,2.823373,1.296472
3,1789438827.630875826,0.533872522067,-0.269937153755,0.539993689828,1.71652496503,-1.991190556,-0.548899425089,16.745085,-9.835852,53.351525,2.94792,2.823545,1.295508
3,1789438827.636224985,0.533872522067,-0.269937153755,0.539993689828,1.71652496503,-1.991190556,-0.548899425089,16.801132,-9.803386,53.233667,2.948878,2.827907,1.29787
3,1789438827.641019106,0.533872522067,-0.269937153755,0.539993689828,1.71652496503,-1.991190556,-0.548899425089,16.737755,-9.786614,53.2749,2.945831,2.824717,1.300044
3,1789438827.645879984,0.533872522067,-0.269937153755,0.539993689828,1.71652496503,-1.991190556,-0.548899425089,16.73162,-9.789712,53.292147,2.946745,2.825047,1.299191
3,1789438827.651074886,0.533872522067,-0.269937153755,0.539993689828,1.71652496503,-1.991190556,-0.548899425089,16.670623,-9.791353,53.292112,2.94877,2.823124,1.298882
3,1789438827.656070232,0.533872522067,-0.269937153755,0.539993689828,1.71652496503,-1.991190556,-0.548899425089,16.698944,-9.797815,53.284236,2.948884,2.82377,1.299943
3,1789438827.660842657,0.533872522067,-0.269937153755,0.539993689828,1.71652496503,-1.991190556,-0.548899425089,16.727713,-9.831143,53.067782,2.950964,2.823706,1.30456
3,1789438827.665993214,0.533872522067,-0.269937153755,0.539993689828,1.71652496503,-1.991190556,-0.548899425089,16.747539,-9.820762,53.354231,2.94955,2.824548,1.297288
3,1789438827.671043158,0.533872522067,-0.269937153755,0.539993689828,1.71652496503,-1.991190556,-0.548899425089,16.780141,-9.839454,53.137094,2.948729,2.824386,1.301415
3,1789438827.676035404,0.533872522067,-0.269937153755,0.539993689828,1.71652496503,-1.991190556,-0.548899425089,16.777688,-9.792229,53.273344,2.947555,2.824916,1.299087
3,1789438827.681227446,0.533872522067,-0.269937153755,0.539993689828,1.71652496503,-1.991190556,-0.548899425089,16.756918,-9.769629,53.398641,2.947802,2.826649,1.29591
3,1789438827.686058283,0.533872522067,-0.269937153755,0.539993689828,1.71652496503,-1.991190556,-0.548899425089,16.711846,-9.783203,53.255755,2.94822,2.822904,1.299414
3,1789438827.691047907,0.533872522067,-0.269937153755,0.539993689828,1.71652496503,-1.991190556,-0.548899425089,16.702672,-9.831173,53.290993,2.946823,2.823026,1.298405
3,1789438827.695903301,0.533872522067,-0.269937153755,0.539993689828,1.71652496503,-1.991190556,-0.548899425089,16.70958,-9.830705,53.443289,2.948751,2.821395,1.294372
3,1789438827.701144934,0.533872522067,-0.269937153755,0.539993689828,1.71652496503,-1.991190556,-0.548899425089,16.749293,-9.827494,53.287154,2.949076,2.824721,1.296072
3,1789438827.706038952,0.533872522067,-0.269937153755,0.539993689828,1.71652496503,-1.991190556,-0.548899425089,16.75594,-9.837818,53.164178,2.949788,2.824381,1.300832
3,1789438827.710923672,0.533872522067,-0.269937153755,0.539993689828,1.71652496503,-1.991190556,-0.548899425089,16.781532,-9.82266,53.05258,2.94816,2.828205,1.301249
3,1789438827.715996265,0.533872522067,-0.269937153755,0.539993689828,1.71652496503,-1.991190556,-0.548899425089,16.74836,-9.792418,53.356189,2.947932,2.823925,1.298372
3,1789438827.721090794,0.533872522067,-0.269937153755,0.539993689828,1.71652496503,-1.991190556,-0.548899425089,16.733785,-9.795414,53.174701,2.948224,2.825182,1.301499
3,1789438827.725839853,0.533872522067,-0.269937153755,0.539993689828,1.71652496503,-1.991190556,-0.548899425089,16.714766,-9.797161,53.318309,2.946931,2.823793,1.297932
3,1789438827.731156111,0.533872522067,-0.269937153755,0.539993689828,1.71652496503,-1.991190556,-0.548899425089,16.715417,-9.830721,53.359234,2.949074,2.824032,1.294453
3,1789438827.736048222,0.533872522067,-0.269937153755,0.539993689828,1.71652496503,-1.991190556,-0.548899425089,16.724164,-9.822103,53.290146,2.948912,2.820302,1.297484
3,1789438827.740988255,0.533872522067,-0.269937153755,0.539993689828,1.71652496503,-1.991190556,-0.548899425089,16.750639,-9.840171,53.250677,2.947488,2.823246,1.296477
3,1789438827.745985508,0.533872522067,-0.269937153755,0.539993689828,1.71652496503,-1.991190556,-0.548899425089,16.769728,-9.810359,53.43484,2.947161,2.825142,1.295316
3,1789438827.750968933,0.533872522067,-0.269937153755,0.539993689828,1.71652496503,-1.991190556,-0.548899425089,16.745055,-9.797932,53.289045,2.946859,2.826424,1.297371
3,1789438827.756038189,0.533872522067,-0.269937153755,0.539993689828,1.71652496503,-1.991190556,-0.548899425089,16.782067,-9.805037,53.136402,2.94758,2.825393,1.300911
3,1789438827.760910511,0.533872522067,-0.269937153755,0.539993689828,1.71652496503,-1.991190556,-0.548899425089,16.757776,-9.815623,53.018514,2.946735,2.822287,1.302604
3,1789438827.766008377,0.533872522067,-0.269937153755,0.539993689828,1.71652496503,-1.991190556,-0.548899425089,16.70264,-9.810832,53.354101,2.947939,2.824461,1.297127
3,1789438827.771131754,0.533872522067,-0.269937153755,0.539993689828,1.71652496503,-1.991190556,-0.548899425089,16.713997,-9.837148,53.174728,2.949886,2.822387,1.301384
3,1789438827.775895596,0.533872522067,-0.269937153755,0.539993689828,1.71652496503,-1.991190556,-0.548899425089,16.729616,-9.829287,53.278814,2.950364,2.823693,1.29656
3,1789438827.780938148,0.533872522067,-0.269937153755,0.539993689828,1.71652496503,-1.991190556,-0.548899425089,16.753279,-9.833266,53.307275,2.949905,2.825917,1.297219
3,1789438827.786140680,0.533872522067,-0.269937153755,0.539993689828,1.71652496503,-1.991190556,-0.548899425089,16.772194,-9.80934,53.262171,2.948149,2.825263,1.297981
3,1789438827.791014671,0.533872522067,-0.269937153755,0.539993689828,1.71652496503,-1.991190556,-0.548899425089,16.756118,-9.798768,53.264231,2.945842,2.825613,1.299331
3,1789438827.795934200,0.533872522067,-0.269937153755,0.539993689828,1.71652496503,-1.991190556,-0.548899425089,16.778937,-9.813921,53.242969,2.947711,2.826044,1.297715
3,1789438827.801103354,0.533872522067,-0.269937153755,0.539993689828,1.71652496503,-1.991190556,-0.548899425089,16.752683,-9.778783,53.220923,2.947271,2.825457,1.30128
3,1789438827.806101084,0.533872522067,-0.269937153755,0.539993689828,1.71652496503,-1.991190556,-0.548899425089,16.731063,-9.790664,53.254734,2.947374,2.8258,1.29914
3,1789438827.810959578,0.533872522067,-0.269937153755,0.539993689828,1.71652496503,-1.991190556,-0.548899425089,16.695567,-9.779431,53.291182,2.948025,2.824196,1.298362
3,1789438827.815875292,0.533872522067,-0.269937153755,0.539993689828,1.71652496503,-1.991190556,-0.548899425089,16.722474,-9.830848,53.280921,2.950334,2.82164,1.29771
3,1789438827.821028709,0.533872522067,-0.269937153755,0.539993689828,1.71652496503,-1.991190556,-0.548899425089,16.752943,-9.831765,52.892786,2.948635,2.822228,1.3056
3,1789438827.825797081,0.533872522067,-0.269937153755,0.539993689828,1.71652496503,-1.991190556,-0.548899425089,16.759145,-9.835497,53.363054,2.949834,2.824677,1.297073
3,1789438827.830894232,0.533872522067,-0.269937153755,0.539993689828,1.71652496503,-1.991190556,-0.548899425089,16.784885,-9.804044,53.160143,2.94728,2.825896,1.298245
3,1789438827.835966110,0.533872522067,-0.269937153755,0.539993689828,1.71652496503,-1.991190556,-0.548899425089,16.768426,-9.818086,53.269478,2.947312,2.824639,1.296662
3,1789438827.840985537,0.533872522067,-0.269937153755,0.539993689828,1.71652496503,-1.991190556,-0.548899425089,16.747586,-9.788809,53.371785,2.94512,2.825248,1.296574
3,1789438827.845832586,0.533872522067,-0.269937153755,0.539993689828,1.71652496503,-1.991190556,-0.548899425089,16.712811,-9.80482,53.283453,2.947403,2.823474,1.299468
3,1789438827.850884438,0.533872522067,-0.269937153755,0.539993689828,1.71652496503,-1.991190556,-0.548899425089,16.713847,-9.815798,53.299986,2.947467,2.821451,1.297944
3,1789438827.856021166,0.533872522067,-0.269937153755,0.539993689828,1.71652496503,-1.991190556,-0.548899425089,16.715051,-9.837377,53.442428,2.949565,2.824044,1.294135
3,1789438827.860835552,0.533872522067,-0.269937153755,0.539993689828,1.71652496503,-1.991190556,-0.548899425089,16.745366,-9.820187,53.299568,2.950856,2.823487,1.297899
3,1789438827.865974903,0.533872522067,-0.269937153755,0.539993689828,1.71652496503,-1.991190556,-0.548899425089,16.775338,-9.800983,53.151248,2.950276,2.82628,1.298487
3,1789438827.870930910,0.533872522067,-0.269937153755,0.539993689828,1.71652496503,-1.991190556,-0.548899425089,16.786859,-9.823427,52.998929,2.947473,2.824769,1.302297
3,1789438827.875923157,0.533872522067,-0.269937153755,0.539993689828,1.71652496503,-1.991190556,-0.548899425089,16.769722,-9.770352,53.343684,2.946467,2.826364,1.296474
3,1789438827.880850077,0.533872522067,-0.269937153755,0.539993689828,1.71652496503,-1.991190556,-0.548899425089,16.746933,-9.813891,53.119089,2.946796,2.822162,1.301422
3,1789438827.886088848,0.533872522067,-0.269937153755,0.539993689828,1.71652496503,-1.991190556,-0.548899425089,16.736829,-9.798564,53.284894,2.945888,2.822768,1.294257
3,1789438827.890965462,0.533872522067,-0.269937153755,0.539993689828,1.71652496503,-1.991190556,-0.548899425089,16.698816,-9.841706,53.353329,2.951425,2.820725,1.296313
3,1789438827.895740271,0.533872522067,-0.269937153755,0.539993689828,1.71652496503,-1.991190556,-0.548899425089,16.719708,-9.801623,53.306386,2.949085,2.82498,1.296349
3,1789438827.900969267,0.533872522067,-0.269937153755,0.539993689828,1.71652496503,-1.991190556,-0.548899425089,16.752071,-9.838395,53.234467,2.950106,2.823559,1.298033
3,1789438827.906041861,0.533872522067,-0.269937153755,0.539993689828,1.71652496503,-1.991190556,-0.548899425089,16.779828,-9.777304,53.449501,2.945639,2.825057,1.292582
3,1789438827.910793304,0.533872522067,-0.269937153755,0.539993689828,1.71652496503,-1.991190556,-0.548899425089,16.784668,-9.802592,53.242132,2.948279,2.825341,1.297025
3,1789438827.915901899,0.533872522067,-0.269937153755,0.539993689828,1.71652496503,-1.991190556,-0.548899425089,16.738435,-9.805424,53.141793,2.947005,2.823058,1.304148
3,1789438827.920981646,0.533872522067,-0.269937153755,0.539993689828,1.71652496503,-1.991190556,-0.548899425089,16.734679,-9.809355,52.99106,2.94629,2.823913,1.303037
3,1789438827.925711155,0.533872522067,-0.269937153755,0.539993689828,1.71652496503,-1.991190556,-0.548899425089,16.689484,-9.821708,53.372831,2.949001,2.822197,1.296985
3,1789438827.930861712,0.533872522067,-0.269937153755,0.539993689828,1.71652496503,-1.991190556,-0.548899425089,16.734264,-9.819911,53.169066,2.95057,2.823571,1.29773
3,1789438827.935952663,0.533872522067,-0.269937153755,0.539993689828,1.71652496503,-1.991190556,-0.548899425089,16.759456,-9.833852,53.279444,2.949546,2.823018,1.296957
3,1789438827.940982580,0.533872522067,-0.269937153755,0.539993689828,1.71652496503,-1.991190556,-0.548899425089,16.801418,-9.805994,53.352653,2.949451,2.824952,1.296269
3,1789438827.945843697,0.533872522067,-0.269937153755,0.539993689828,1.71652496503,-1.991190556,-0.548899425089,16.778724,-9.798328,53.270568,2.948063,2.824913,1.297298
3,1789438827.951061487,0.533872522067,-0.269937153755,0.539993689828,1.71652496503,-1.991190556,-0.548899425089,16.751529,-9.766761,53.30674,2.946914,2.826959,1.296675
3,1789438827.955998898,0.533872522067,-0.269937153755,0.539993689828,1.71652496503,-1.991190556,-0.548899425089,16.718921,-9.80281,53.106533,2.947445,2.824085,1.299421
3,1789438827.960870743,0.533872522067,-0.269937153755,0.539993689828,1.71652496503,-1.991190556,-0.548899425089,16.695813,-9.784503,53.337339,2.947902,2.822723,1.297992
3,1789438827.965911627,0.533872522067,-0.269937153755,0.539993689828,1.71652496503,-1.991190556,-0.548899425089,16.721057,-9.847197,53.217052,2.950938,2.822989,1.298756
3,1789438827.971150637,0.533872522067,-0.269937153755,0.539993689828,1.71652496503,-1.991190556,-0.548899425089,16.737037,-9.81932,53.046109,2.949603,2.823308,1.302474
3,1789438827.975843191,0.533872522067,-0.269937153755,0.539993689828,1.71652496503,-1.991190556,-0.548899425089,16.771313,-9.836545,53.343211,2.950111,2.825327,1.296348
3,1789438827.980840206,0.533872522067,-0.269937153755,0.539993689828,1.71652496503,-1.991190556,-0.548899425089,16.768674,-9.817819,53.163075,2.949576,2.825164,1.300106
3,1789438827.985991478,0.533872522067,-0.269937153755,0.539993689828,1.71652496503,-1.991190556,-0.548899425089,16.75707,-9.799032,53.271333,2.946162,2.82652,1.297992
3,1789438827.990961075,0.533872522067,-0.269937153755,0.539993689828,1.71652496503,-1.991190556,-0.548899425089,16.725199,-9.797248,53.383636,2.94787,2.823359,1.298014
3,1789438827.995889187,0.533872522067,-0.269937153755,0.539993689828,1.71652496503,-1.991190556,-0.548899425089,16.683645,-9.792585,53.301228,2.947747,2.823753,1.298862
3,1789438828.000994921,0.533872522067,-0.269937153755,0.539993689828,1.71652496503,-1.991190556,-0.548899425089,16.708871,-9.810958,53.303779,2.949845,2.822083,1.30043
3,1789438828.006077766,0.533872522067,-0.269937153755,0.539993689828,1.71652496503,-1.991190556,-0.548899425089,16.716417,-9.812877,53.26635,2.94849,2.82045,1.30014
3,1789438828.010912180,0.533872522067,-0.269937153755,0.539993689828,1.71652496503,-1.991190556,-0.548899425089,16.708361,-9.822443,53.308362,2.947663,2.824722,1.297733
3,1789438828.015913486,0.533872522067,-0.269937153755,0.539993689828,1.71652496503,-1.991190556,-0.548899425089,16.721637,-9.846524,53.441527,2.949339,2.82281,1.293464
3,1789438828.020941734,0.533872522067,-0.269937153755,0.539993689828,1.71652496503,-1.991190556,-0.548899425089,16.744559,-9.808339,53.259141,2.948231,2.823697,1.295795
3,1789438828.025815248,0.533872522067,-0.269937153755,0.539993689828,1.71652496503,-1.991190556,-0.548899425089,16.78145,-9.839148,53.11632,2.948739,2.824735,1.300036
3,1789438828.030883312,0.533872522067,-0.269937153755,0.539993689828,1.71652496503,-1.991190556,-0.548899425089,16.789896,-9.794963,53.119832,2.944885,2.825016,1.302192
3,1789438828.035906076,0.533872522067,-0.269937153755,0.539993689828,1.71652496503,-1.991190556,-0.548899425089,16.752413,-9.770068,53.369671,2.947152,2.824552,1.294988
3,1789438828.040910006,0.533872522067,-0.269937153755,0.539993689828,1.71652496503,-1.991190556,-0.548899425089,16.73315,-9.786111,53.171595,2.950375,2.824079,1.299263
3,1789438828.045713425,0.533872522067,-0.269937153755,0.539993689828,1.71652496503,-1.991190556,-0.548899425089,16.716649,-9.827922,53.289423,2.950741,2.82269,1.297278
3,1789438828.050934553,0.533872522067,-0.269937153755,0.539993689828,1.71652496503,-1.991190556,-0.548899425089,16.720773,-9.819068,53.387491,2.949323,2.822778,1.294478
3,1789438828.055972099,0.533872522067,-0.269937153755,0.539993689828,1.71652496503,-1.991190556,-0.548899425089,16.748475,-9.840292,53.242492,2.948778,2.822918,1.297152
3,1789438828.060892105,0.533872522067,-0.269937153755,0.539993689828,1.71652496503,-1.991190556,-0.548899425089,16.76509,-9.820739,53.259795,2.945322,2.824363,1.296422
3,1789438828.066039562,0.533872522067,-0.269937153755,0.539993689828,1.71652496503,-1.991190556,-0.548899425089,16.787465,-9.815346,53.415655,2.947334,2.825669,1.295035
3,1789438828.071152210,0.533872522067,-0.269937153755,0.539993689828,1.71652496503,-1.991190556,-0.548899425089,16.767753,-9.79918,53.272473,2.946454,2.825717,1.298653
3,1789438828.076073170,0.533872522067,-0.269937153755,0.539993689828,1.71652496503,-1.991190556,-0.548899425089,16.733704,-9.788466,53.278684,2.947098,2.825198,1.296479
3,1789438828.080914974,0.533872522067,-0.269937153755,0.539993689828,1.71652496503,-1.991190556,-0.548899425089,16.708654,-9.805897,53.262613,2.947064,2.822295,1.297882
3,1789438828.086164713,0.533872522067,-0.269937153755,0.539993689828,1.71652496503,-1.991190556,-0.548899425089,16.71222,-9.804279,53.33089,2.947101,2.822966,1.293934
3,1789438828.091104746,0.533872522067,-0.269937153755,0.539993689828,1.71652496503,-1.991190556,-0.548899425089,16.725927,-9.830936,53.25786,2.949691,2.823058,1.294969
3,1789438828.096064806,0.533872522067,-0.269937153755,0.539993689828,1.71652496503,-1.991190556,-0.548899425089,16.752801,-9.830594,53.272598,2.948986,2.822789,1.298523
3,1789438828.101011038,0.533872522067,-0.269937153755,0.539993689828,1.71652496503,-1.991190556,-0.548899425089,16.791844,-9.806422,53.359624,2.948825,2.826658,1.29494
3,1789438828.106122732,0.533872522067,-0.269937153755,0.539993689828,1.71652496503,-1.991190556,-0.548899425089,16.772616,-9.788544,53.235347,2.947332,2.825218,1.298586
3,1789438828.110952616,0.533872522067,-0.269937153755,0.539993689828,1.71652496503,-1.991190556,-0.548899425089,16.775767,-9.803076,53.223243,2.946033,2.826479,1.296996
3,1789438828.116091967,0.533872522067,-0.269937153755,0.539993689828,1.71652496503,-1.991190556,-0.548899425089,16.744034,-9.774063,53.438449,2.947083,2.8244,1.291297
3,1789438828.121065378,0.533872522067,-0.269937153755,0.539993689828,1.71652496503,-1.991190556,-0.548899425089,16.707006,-9.827956,53.281025,2.948503,2.823102,1.297941
3,1789438828.126129150,0.533872522067,-0.269937153755,0.539993689828,1.71652496503,-1.991190556,-0.548899425089,16.705603,-9.840117,53.153688,2.948219,2.82021,1.299581
3,1789438828.131936312,0.533872522067,-0.269937153755,0.539993689828,1.71652496503,-1.991190556,-0.548899425089,16.740068,-9.824791,53.098205,2.948829,2.823262,1.30008
3,1789438828.136217117,0.533872522067,-0.269937153755,0.539993689828,1.71652496503,-1.991190556,-0.548899425089,16.74889,-9.83377,53.361094,2.949575,2.824366,1.295742
3,1789438828.140974522,0.533872522067,-0.269937153755,0.539993689828,1.71652496503,-1.991190556,-0.548899425089,16.784708,-9.791677,53.13342,2.946921,2.826982,1.299082
3,1789438828.146026611,0.533872522067,-0.269937153755,0.539993689828,1.71652496503,-1.991190556,-0.548899425089,16.761418,-9.794937,53.268697,2.948832,2.826413,1.2962
3,1789438828.150901079,0.533872522067,-0.269937153755,0.539993689828,1.71652496503,-1.991190556,-0.548899425089,16.735934,-9.800071,53.380003,2.945529,2.823696,1.295734
3,1789438828.156139612,0.533872522067,-0.269937153755,0.539993689828,1.71652496503,-1.991190556,-0.548899425089,16.7023,-9.804106,53.290652,2.947447,2.82409,1.298149
3,1789438828.160846233,0.533872522067,-0.269937153755,0.539993689828,1.71652496503,-1.991190556,-0.548899425089,16.713814,-9.824877,53.278118,2.949211,2.824055,1.296127
3,1789438828.166053534,0.533872522067,-0.269937153755,0.539993689828,1.71652496503,-1.991190556,-0.548899425089,16.714931,-9.83604,53.462362,2.948943,2.822567,1.294839
3,1789438828.171067476,0.533872522067,-0.269937153755,0.539993689828,1.71652496503,-1.991190556,-0.548899425089,16.752438,-9.819635,53.270405,2.950543,2.826096,1.29738
3,1789438828.176036835,0.533872522067,-0.269937153755,0.539993689828,1.71652496503,-1.991190556,-0.548899425089,16.786977,-9.815768,53.125985,2.94894,2.825484,1.300235
3,1789438828.180998564,0.533872522067,-0.269937153755,0.539993689828,1.71652496503,-1.991190556,-0.548899425089,16.787612,-9.815443,53.090871,2.947327,2.824549,1.301522
3,1789438828.186156034,0.533872522067,-0.269937153755,0.539993689828,1.71652496503,-1.991190556,-0.548899425089,16.765718,-9.751085,53.349737,2.946597,2.826249,1.294229
3,1789438828.191058636,0.533872522067,-0.269937153755,0.539993689828,1.71652496503,-1.991190556,-0.548899425089,16.742242,-9.787723,53.187936,2.948703,2.822968,1.297698
3,1789438828.195942640,0.533872522067,-0.269937153755,0.539993689828,1.71652496503,-1.991190556,-0.548899425089,16.697745,-9.809886,53.304606,2.948613,2.821639,1.294842
3,1789438828.201035261,0.533872522067,-0.269937153755,0.539993689828,1.71652496503,-1.991190556,-0.548899425089,16.70137,-9.828963,53.418682,2.949131,2.82212,1.29659
3,1789438828.206102848,0.533872522067,-0.269937153755,0.539993689828,1.71652496503,-1.991190556,-0.548899425089,16.736238,-9.826247,53.271923,2.948478,2.823166,1.298095
3,1789438828.210853100,0.533872522067,-0.269937153755,0.539993689828,1.71652496503,-1.991190556,-0.548899425089,16.756685,-9.81058,53.269192,2.94751,2.824895,1.296451
3,1789438828.215956688,0.533872522067,-0.269937153755,0.539993689828,1.71652496503,-1.991190556,-0.548899425089,16.747718,-9.842125,53.233965,2.949065,2.824225,1.29781
3,1789438828.221060514,0.533872522067,-0.269937153755,0.539993689828,1.71652496503,-1.991190556,-0.548899425089,16.766895,-9.825739,53.272949,2.946811,2.824123,1.298919
3,1789438828.225910187,0.533872522067,-0.269937153755,0.539993689828,1.71652496503,-1.991190556,-0.548899425089,16.783841,-9.789044,53.44002,2.947302,2.825718,1.292581
3,1789438828.230910778,0.533872522067,-0.269937153755,0.539993689828,1.71652496503,-1.991190556,-0.548899425089,16.751715,-9.771636,53.289832,2.945824,2.824568,1.297558
3,1789438828.235981464,0.533872522067,-0.269937153755,0.539993689828,1.71652496503,-1.991190556,-0.548899425089,16.748139,-9.794255,53.134366,2.947577,2.824502,1.299395
3,1789438828.241067410,0.533872522067,-0.269937153755,0.539993689828,1.71652496503,-1.991190556,-0.548899425089,16.715741,-9.796318,53.111596,2.947589,2.823019,1.302572
3,1789438828.245845079,0.533872522067,-0.269937153755,0.539993689828,1.71652496503,-1.991190556,-0.548899425089,16.720758,-9.827635,53.376094,2.950428,2.824641,1.293348
3,1789438828.250954151,0.533872522067,-0.269937153755,0.539993689828,1.71652496503,-1.991190556,-0.548899425089,16.743931,-9.840022,53.162051,2.951047,2.821349,1.299084
3,1789438828.256029844,0.533872522067,-0.269937153755,0.539993689828,1.71652496503,-1.991190556,-0.548899425089,16.785411,-9.83784,53.260148,2.947796,2.825574,1.296861
3,1789438828.260929585,0.533872522067,-0.269937153755,0.539993689828,1.71652496503,-1.991190556,-0.548899425089,16.787046,-9.793487,53.367204,2.948807,2.825462,1.293607
3,1789438828.266409636,0.533872522067,-0.269937153755,0.539993689828,1.71652496503,-1.991190556,-0.548899425089,16.766533,-9.794318,53.24782,2.945612,2.826688,1.294793
3,1789438828.271154881,0.533872522067,-0.269937153755,0.539993689828,1.71652496503,-1.991190556,-0.548899425089,16.737713,-9.799876,53.225863,2.947147,2.824567,1.298429
3,1789438828.275878191,0.533872522067,-0.269937153755,0.539993689828,1.71652496503,-1.991190556,-0.548899425089,16.733026,-9.809332,53.459608,2.945006,2.824343,1.293168
3,1789438828.281486034,0.533872522067,-0.269937153755,0.539993689828,1.71652496503,-1.991190556,-0.548899425089,16.697401,-9.817301,53.295548,2.948768,2.821844,1.295062
3,1789438828.286308289,0.533872522067,-0.269937153755,0.539993689828,1.71652496503,-1.991190556,-0.548899425089,16.728169,-9.816029,53.241849,2.946469,2.821695,1.296481
3,1789438828.291042566,0.533872522067,-0.269937153755,0.539993689828,1.71652496503,-1.991190556,-0.548899425089,16.737408,-9.825117,53.260612,2.948503,2.822778,1.296732
3,1789438828.295904398,0.533872522067,-0.269937153755,0.539993689828,1.71652496503,-1.991190556,-0.548899425089,16.778878,-9.811341,53.377855,2.950028,2.825485,1.294561
3,1789438828.301484346,0.533872522067,-0.269937153755,0.539993689828,1.71652496503,-1.991190556,-0.548899425089,16.78522,-9.769821,53.278498,2.948389,2.827848,1.296579
3,1789438828.306105614,0.533872522067,-0.269937153755,0.539993689828,1.71652496503,-1.991190556,-0.548899425089,16.752865,-9.785197,53.283364,2.948417,2.825833,1.299588
3,1789438828.310847521,0.533872522067,-0.269937153755,0.539993689828,1.71652496503,-1.991190556,-0.548899425089,16.719802,-9.794147,53.379631,2.949578,2.825144,1.295551
3,1789438828.316388607,0.533872522067,-0.269937153755,0.539993689828,1.71652496503,-1.991190556,-0.548899425089,16.683506,-9.798044,53.318312,2.948589,2.822846,1.297782
3,1789438828.321109533,0.533872522067,-0.269937153755,0.539993689828,1.71652496503,-1.991190556,-0.548899425089,16.707299,-9.81472,53.306076,2.949781,2.824733,1.296167
3,1789438828.325957060,0.533872522067,-0.269937153755,0.539993689828,1.71652496503,-1.991190556,-0.548899425089,16.732891,-9.83368,53.46048,2.949608,2.823261,1.293679
3,1789438828.331009626,0.533872522067,-0.269937153755,0.539993689828,1.71652496503,-1.991190556,-0.548899425089,16.766746,-9.817899,53.268511,2.949258,2.824673,1.296003
3,1789438828.336138487,0.533872522067,-0.269937153755,0.539993689828,1.71652496503,-1.991190556,-0.548899425089,16.796932,-9.817761,53.123589,2.946614,2.824727,1.298635
3,1789438828.341053009,0.533872522067,-0.269937153755,0.539993689828,1.71652496503,-1.991190556,-0.548899425089,16.773919,-9.776746,53.144302,2.945345,2.826465,1.29999
3,1789438828.345998287,0.533872522067,-0.269937153755,0.539993689828,1.71652496503,-1.991190556,-0.548899425089,16.734286,-9.80134,53.333263,2.947123,2.824655,1.295677
3,1789438828.351036787,0.533872522067,-0.269937153755,0.539993689828,1.71652496503,-1.991190556,-0.548899425089,16.708249,-9.792823,53.219513,2.945747,2.822092,1.30004
3,1789438828.356116295,0.533872522067,-0.269937153755,0.539993689828,1.71652496503,-1.991190556,-0.548899425089,16.703118,-9.816478,53.3256,2.947807,2.823361,1.296649
3,1789438828.360912800,0.533872522067,-0.269937153755,0.539993689828,1.71652496503,-1.991190556,-0.548899425089,16.709088,-9.81143,53.406929,2.948875,2.822661,1.294966
3,1789438828.366031408,0.533872522067,-0.269937153755,0.539993689828,1.71652496503,-1.991190556,-0.548899425089,16.765678,-9.825757,53.268728,2.950051,2.82526,1.29624
3,1789438828.371041059,0.533872522067,-0.269937153755,0.539993689828,1.71652496503,-1.991190556,-0.548899425089,16.770676,-9.837811,53.232263,2.950412,2.825903,1.296863
3,1789438828.375916719,0.533872522067,-0.269937153755,0.539993689828,1.71652496503,-1.991190556,-0.548899425089,16.791559,-9.787423,53.474109,2.947333,2.828126,1.290808
3,1789438828.380934954,0.533872522067,-0.269937153755,0.539993689828,1.71652496503,-1.991190556,-0.548899425089,16.754899,-9.795611,53.270915,2.949102,2.823547,1.297334
3,1789438828.386099100,0.533872522067,-0.269937153755,0.539993689828,1.71652496503,-1.991190556,-0.548899425089,16.771923,-9.788538,53.116361,2.94701,2.824317,1.299764
3,1789438828.390992641,0.533872522067,-0.269937153755,0.539993689828,1.71652496503,-1.991190556,-0.548899425089,16.717241,-9.801218,53.117254,2.948122,2.822269,1.300124
3,1789438828.395975828,0.533872522067,-0.269937153755,0.539993689828,1.71652496503,-1.991190556,-0.548899425089,16.700141,-9.803114,53.376573,2.947799,2.822868,1.293353
3,1789438828.400994539,0.533872522067,-0.269937153755,0.539993689828,1.71652496503,-1.991190556,-0.548899425089,16.741045,-9.842354,53.15347,2.948092,2.820509,1.299514
3,1789438828.406012774,0.533872522067,-0.269937153755,0.539993689828,1.71652496503,-1.991190556,-0.548899425089,16.751057,-9.833516,53.278243,2.947318,2.823777,1.296281
3,1789438828.410863161,0.533872522067,-0.269937153755,0.539993689828,1.71652496503,-1.991190556,-0.548899425089,16.777794,-9.807473,53.394574,2.946896,2.826259,1.293439
3,1789438828.415954351,0.533872522067,-0.269937153755,0.539993689828,1.71652496503,-1.991190556,-0.548899425089,16.745102,-9.797103,53.262291,2.946228,2.825317,1.298006
3,1789438828.421055317,0.533872522067,-0.269937153755,0.539993689828,1.71652496503,-1.991190556,-0.548899425089,16.740229,-9.794441,53.277896,2.946956,2.827273,1.296236
3,1789438828.425973415,0.533872522067,-0.269937153755,0.539993689828,1.71652496503,-1.991190556,-0.548899425089,16.766481,-9.791642,53.252593,2.948245,2.825548,1.297733
3,1789438828.430926085,0.533872522067,-0.269937153755,0.539993689828,1.71652496503,-1.991190556,-0.548899425089,16.73964,-9.805135,53.272987,2.945078,2.82306,1.298718
3,1789438828.435956478,0.533872522067,-0.269937153755,0.539993689828,1.71652496503,-1.991190556,-0.548899425089,16.725119,-9.796583,53.495241,2.94757,2.823205,1.291897
3,1789438828.441093445,0.533872522067,-0.269937153755,0.539993689828,1.71652496503,-1.991190556,-0.548899425089,16.707207,-9.824229,53.315715,2.949549,2.820699,1.295988
3,1789438828.445893288,0.533872522067,-0.269937153755,0.539993689828,1.71652496503,-1.991190556,-0.548899425089,16.747629,-9.827736,53.150595,2.949072,2.823655,1.297902
3,1789438828.450963974,0.533872522067,-0.269937153755,0.539993689828,1.71652496503,-1.991190556,-0.548899425089,16.757352,-9.835112,53.188262,2.950492,2.82325,1.298181
3,1789438828.456032038,0.533872522067,-0.269937153755,0.539993689828,1.71652496503,-1.991190556,-0.548899425089,16.764989,-9.78596,53.384379,2.948387,2.826696,1.292759
3,1789438828.460977077,0.533872522067,-0.269937153755,0.539993689828,1.71652496503,-1.991190556,-0.548899425089,16.755949,-9.803716,53.182149,2.950249,2.825608,1.300367
3,1789438828.465986729,0.533872522067,-0.269937153755,0.539993689828,1.71652496503,-1.991190556,-0.548899425089,16.742916,-9.785302,53.319428,2.947473,2.826987,1.298975
3,1789438828.471237183,0.533872522067,-0.269937153755,0.539993689828,1.71652496503,-1.991190556,-0.548899425089,16.728073,-9.789803,53.459681,2.949339,2.825508,1.293176
3,1789438828.475856543,0.533872522067,-0.269937153755,0.539993689828,1.71652496503,-1.991190556,-0.548899425089,16.701401,-9.809628,53.307757,2.948934,2.823198,1.297075
3,1789438828.480866671,0.533872522067,-0.269937153755,0.539993689828,1.71652496503,-1.991190556,-0.548899425089,16.708432,-9.832096,53.268175,2.949051,2.821617,1.29547
3,1789438828.486030340,0.533872522067,-0.269937153755,0.539993689828,1.71652496503,-1.991190556,-0.548899425089,16.742386,-9.836759,52.946049,2.948867,2.82193,1.303912
3,1789438828.491039991,0.533872522067,-0.269937153755,0.539993689828,1.71652496503,-1.991190556,-0.548899425089,16.744573,-9.829692,53.279736,2.947093,2.823361,1.297188
4,1789438874.740789175,0.533908715365,-0.269947336725,0.53987122112,1.55548413263,-1.72521758676,1.03896706865,-16.954829,-7.049115,42.86244,1.87429,-0.226857,2.978191
4,1789438874.745869637,0.533908715365,-0.269947336725,0.53987122112,1.55548413263,-1.72521758676,1.03896706865,-16.930975,-7.020391,42.859845,1.87039,-0.224112,2.976727
4,1789438874.750892878,0.533908715365,-0.269947336725,0.53987122112,1.55548413263,-1.72521758676,1.03896706865,-16.994321,-7.05407,43.019003,1.873297,-0.228671,2.970878
4,1789438874.756007671,0.533908715365,-0.269947336725,0.53987122112,1.55548413263,-1.72521758676,1.03896706865,-16.985764,-7.002133,42.854236,1.869639,-0.229085,2.966288
4,1789438874.760744095,0.533908715365,-0.269947336725,0.53987122112,1.55548413263,-1.72521758676,1.03896706865,-17.067107,-7.076125,42.70452,1.874874,-0.232145,2.977788
4,1789438874.765832424,0.533908715365,-0.269947336725,0.53987122112,1.55548413263,-1.72521758676,1.03896706865,-17.03464,-7.036584,42.644971,1.869269,-0.229599,2.975532
4,1789438874.771039486,0.533908715365,-0.269947336725,0.53987122112,1.55548413263,-1.72521758676,1.03896706865,-17.036675,-7.079181,42.988517,1.876045,-0.225851,2.975651
4,1789438874.775846004,0.533908715365,-0.269947336725,0.53987122112,1.55548413263,-1.72521758676,1.03896706865,-16.991555,-7.047772,42.739222,1.871822,-0.228565,2.976506
4,1789438874.781009436,0.533908715365,-0.269947336725,0.53987122112,1.55548413263,-1.72521758676,1.03896706865,-16.92623,-7.033751,42.914958,1.871385,-0.221586,2.970529
4,1789438874.786253214,0.533908715365,-0.269947336725,0.53987122112,1.55548413263,-1.72521758676,1.03896706865,-16.989919,-7.079434,43.003073,1.878198,-0.226731,2.972913
4,1789438874.791100979,0.533908715365,-0.269947336725,0.53987122112,1.55548413263,-1.72521758676,1.03896706865,-16.95864,-7.000283,42.856278,1.870606,-0.223645,2.968233
4,1789438874.796183825,0.533908715365,-0.269947336725,0.53987122112,1.55548413263,-1.72521758676,1.03896706865,-17.103998,-7.098845,42.869378,1.882812,-0.231705,2.9822
4,1789438874.801453114,0.533908715365,-0.269947336725,0.53987122112,1.55548413263,-1.72521758676,1.03896706865,-17.061345,-7.053374,42.973938,1.875056,-0.229948,2.97768
4,1789438874.806081533,0.533908715365,-0.269947336725,0.53987122112,1.55548413263,-1.72521758676,1.03896706865,-17.082711,-7.065391,42.865408,1.877076,-0.229302,2.98588
4,1789438874.810892820,0.533908715365,-0.269947336725,0.53987122112,1.55548413263,-1.72521758676,1.03896706865,-16.987452,-7.105733,42.875858,1.880147,-0.227195,2.987114
4,1789438874.816159248,0.533908715365,-0.269947336725,0.53987122112,1.55548413263,-1.72521758676,1.03896706865,-16.914405,-7.11463,42.890759,1.879499,-0.221615,2.979355
4,1789438874.821193457,0.533908715365,-0.269947336725,0.53987122112,1.55548413263,-1.72521758676,1.03896706865,-16.914691,-7.123946,42.984311,1.879268,-0.225654,2.979296
4,1789438874.825884104,0.533908715365,-0.269947336725,0.53987122112,1.55548413263,-1.72521758676,1.03896706865,-16.963488,-7.082031,42.731986,1.877103,-0.226085,2.984346
4,1789438874.830981493,0.533908715365,-0.269947336725,0.53987122112,1.55548413263,-1.72521758676,1.03896706865,-17.069747,-7.050806,42.848033,1.87513,-0.230503,2.980429
4,1789438874.836461306,0.533908715365,-0.269947336725,0.53987122112,1.55548413263,-1.72521758676,1.03896706865,-17.000225,-6.98461,42.702144,1.869415,-0.227729,2.976379
4,1789438874.841053963,0.533908715365,-0.269947336725,0.53987122112,1.55548413263,-1.72521758676,1.03896706865,-17.077872,-7.034402,42.830813,1.876183,-0.229579,2.975248
4,1789438874.845957279,0.533908715365,-0.269947336725,0.53987122112,1.55548413263,-1.72521758676,1.03896706865,-17.05556,-7.029137,42.964702,1.869793,-0.232272,2.971332
4,1789438874.851176023,0.533908715365,-0.269947336725,0.53987122112,1.55548413263,-1.72521758676,1.03896706865,-17.000789,-7.158631,42.852056,1.883848,-0.222145,2.978419
4,1789438874.856143713,0.533908715365,-0.269947336725,0.53987122112,1.55548413263,-1.72521758676,1.03896706865,-16.949812,-7.108021,42.880196,1.87519,-0.22779,2.977835
4,1789438874.861085892,0.533908715365,-0.269947336725,0.53987122112,1.55548413263,-1.72521758676,1.03896706865,-16.892521,-7.102857,43.067719,1.880375,-0.220278,2.973501
4,1789438874.866168499,0.533908715365,-0.269947336725,0.53987122112,1.55548413263,-1.72521758676,1.03896706865,-16.95607,-7.045142,42.891031,1.875345,-0.22449,2.984948
4,1789438874.872212410,0.533908715365,-0.269947336725,0.53987122112,1.55548413263,-1.72521758676,1.03896706865,-16.988917,-7.059424,42.736269,1.876386,-0.227361,2.980791
4,1789438874.875946283,0.533908715365,-0.269947336725,0.53987122112,1.55548413263,-1.72521758676,1.03896706865,-17.040028,-7.0496,42.610175,1.878006,-0.229166,2.983179
4,1789438874.880924940,0.533908715365,-0.269947336725,0.53987122112,1.55548413263,-1.72521758676,1.03896706865,-17.089316,-7.079042,42.948777,1.877425,-0.232043,2.979319
4,1789438874.886199951,0.533908715365,-0.269947336725,0.53987122112,1.55548413263,-1.72521758676,1.03896706865,-17.05071,-7.095783,42.75825,1.877308,-0.224611,2.983435
4,1789438874.891039848,0.533908715365,-0.269947336725,0.53987122112,1.55548413263,-1.72521758676,1.03896706865,-17.035878,-7.077395,42.873445,1.877347,-0.23289,2.978665
4,1789438874.896606684,0.533908715365,-0.269947336725,0.53987122112,1.55548413263,-1.72521758676,1.03896706865,-16.932139,-7.105591,43.027026,1.876196,-0.220658,2.977306
4,1789438874.901368380,0.533908715365,-0.269947336725,0.53987122112,1.55548413263,-1.72521758676,1.03896706865,-16.977667,-7.100398,42.85743,1.876383,-0.228847,2.980997
4,1789438874.906146049,0.533908715365,-0.269947336725,0.53987122112,1.55548413263,-1.72521758676,1.03896706865,-16.936074,-7.035873,42.881938,1.872636,-0.223955,2.972988
4,1789438874.911001444,0.533908715365,-0.269947336725,0.53987122112,1.55548413263,-1.72521758676,1.03896706865,-16.99943,-7.04716,43.035327,1.873785,-0.230587,2.969123
4,1789438874.916115046,0.533908715365,-0.269947336725,0.53987122112,1.55548413263,-1.72521758676,1.03896706865,-17.022052,-7.016026,42.835401,1.871007,-0.227719,2.972398
4,1789438874.921204329,0.533908715365,-0.269947336725,0.53987122112,1.55548413263,-1.72521758676,1.03896706865,-17.035518,-7.060481,42.656334,1.873879,-0.231407,2.976736
4,1789438874.926105738,0.533908715365,-0.269947336725,0.53987122112,1.55548413263,-1.72521758676,1.03896706865,-17.001364,-7.10333,42.632057,1.872834,-0.227701,2.979797
4,1789438874.931177139,0.533908715365,-0.269947336725,0.53987122112,1.55548413263,-1.72521758676,1.03896706865,-16.968991,-7.12942,42.951557,1.877968,-0.228791,2.975779
4,1789438874.936139107,0.533908715365,-0.269947336725,0.53987122112,1.55548413263,-1.72521758676,1.03896706865,-16.943568,-7.089524,42.750297,1.874974,-0.223165,2.978487
4,1789438874.940945864,0.533908715365,-0.269947336725,0.53987122112,1.55548413263,-1.72521758676,1.03896706865,-16.933671,-7.056079,42.896566,1.872808,-0.223399,2.975939
4,1789438874.945972919,0.533908715365,-0.269947336725,0.53987122112,1.55548413263,-1.72521758676,1.03896706865,-16.972344,-7.016451,42.967028,1.87282,-0.227041,2.973398
4,1789438874.951273203,0.533908715365,-0.269947336725,0.53987122112,1.55548413263,-1.72521758676,1.03896706865,-17.028583,-7.018986,42.801782,1.875191,-0.226553,2.974888
4,1789438874.956146002,0.533908715365,-0.269947336725,0.53987122112,1.55548413263,-1.72521758676,1.03896706865,-17.044797,-7.037638,42.850172,1.872479,-0.231241,2.975651
4,1789438874.960976124,0.533908715365,-0.269947336725,0.53987122112,1.55548413263,-1.72521758676,1.03896706865,-17.037625,-7.111314,42.834384,1.879826,-0.227632,2.97819
4,1789438874.966215134,0.533908715365,-0.269947336725,0.53987122112,1.55548413263,-1.72521758676,1.03896706865,-17.012096,-7.106347,42.883549,1.876651,-0.227491,2.97998
4,1789438874.971209288,0.533908715365,-0.269947336725,0.53987122112,1.55548413263,-1.72521758676,1.03896706865,-16.968734,-7.118686,42.864701,1.879833,-0.225342,2.980118
4,1789438874.975986242,0.533908715365,-0.269947336725,0.53987122112,1.55548413263,-1.72521758676,1.03896706865,-16.965114,-7.071011,42.857064,1.876075,-0.224211,2.981138
4,1789438874.981010675,0.533908715365,-0.269947336725,0.53987122112,1.55548413263,-1.72521758676,1.03896706865,-16.972997,-7.053564,42.929214,1.873905,-0.225523,2.979437
4,1789438874.986188173,0.533908715365,-0.269947336725,0.53987122112,1.55548413263,-1.72521758676,1.03896706865,-17.034502,-7.05954,42.739313,1.878421,-0.229246,2.97642
4,1789438874.991124153,0.533908715365,-0.269947336725,0.53987122112,1.55548413263,-1.72521758676,1.03896706865,-17.044114,-7.053766,42.862659,1.875034,-0.227716,2.972097
4,1789438874.996086836,0.533908715365,-0.269947336725,0.53987122112,1.55548413263,-1.72521758676,1.03896706865,-17.053234,-7.092318,42.983318,1.878029,-0.227499,2.978175
4,1789438875.001374006,0.533908715365,-0.269947336725,0.53987122112,1.55548413263,-1.72521758676,1.03896706865,-17.0309,-7.093306,42.857108,1.876983,-0.229299,2.980646
4,1789438875.006032705,0.533908715365,-0.269947336725,0.53987122112,1.55548413263,-1.72521758676,1.03896706865,-17.002755,-7.11588,42.883595,1.878677,-0.22604,2.980202
4,1789438875.010984421,0.533908715365,-0.269947336725,0.53987122112,1.55548413263,-1.72521758676,1.03896706865,-16.948005,-7.076075,43.064412,1.874633,-0.223844,2.976916
4,1789438875.015953779,0.533908715365,-0.269947336725,0.53987122112,1.55548413263,-1.72521758676,1.03896706865,-16.936215,-7.03472,42.849185,1.875563,-0.223797,2.975872
4,1789438875.021194458,0.533908715365,-0.269947336725,0.53987122112,1.55548413263,-1.72521758676,1.03896706865,-16.96214,-7.080494,42.720396,1.876827,-0.22662,2.976706
4,1789438875.025867224,0.533908715365,-0.269947336725,0.53987122112,1.55548413263,-1.72521758676,1.03896706865,-16.998282,-7.032422,42.636102,1.873168,-0.226405,2.976127
4,1789438875.030980587,0.533908715365,-0.269947336725,0.53987122112,1.55548413263,-1.72521758676,1.03896706865,-17.05921,-7.065638,42.940417,1.876071,-0.229953,2.974061
4,1789438875.036063671,0.533908715365,-0.269947336725,0.53987122112,1.55548413263,-1.72521758676,1.03896706865,-17.060993,-7.092467,42.711027,1.876433,-0.226765,2.982717
4,1789438875.040857553,0.533908715365,-0.269947336725,0.53987122112,1.55548413263,-1.72521758676,1.03896706865,-17.054399,-7.091738,42.863323,1.873518,-0.231131,2.978444
4,1789438875.045955181,0.533908715365,-0.269947336725,0.53987122112,1.55548413263,-1.72521758676,1.03896706865,-17.051878,-7.093697,42.73936,1.8783,-0.232509,2.982335
4,1789438875.051278114,0.533908715365,-0.269947336725,0.53987122112,1.55548413263,-1.72521758676,1.03896706865,-16.976752,-7.147519,42.898632,1.878235,-0.223064,2.978399
4,1789438875.056154251,0.533908715365,-0.269947336725,0.53987122112,1.55548413263,-1.72521758676,1.03896706865,-16.942213,-7.11957,42.991749,1.873617,-0.226842,2.977979
4,1789438875.061104298,0.533908715365,-0.269947336725,0.53987122112,1.55548413263,-1.72521758676,1.03896706865,-16.946583,-7.094801,42.866839,1.879702,-0.223284,2.975558
4,1789438875.066180944,0.533908715365,-0.269947336725,0.53987122112,1.55548413263,-1.72521758676,1.03896706865,-16.995726,-7.017332,42.859205,1.870916,-0.226501,2.975963
4,1789438875.071125269,0.533908715365,-0.269947336725,0.53987122112,1.55548413263,-1.72521758676,1.03896706865,-17.027254,-7.020571,42.995412,1.874468,-0.22413,2.97399
4,1789438875.075916052,0.533908715365,-0.269947336725,0.53987122112,1.55548413263,-1.72521758676,1.03896706865,-17.064646,-7.041402,42.821805,1.874701,-0.230232,2.975436
4,1789438875.081062078,0.533908715365,-0.269947336725,0.53987122112,1.55548413263,-1.72521758676,1.03896706865,-17.04629,-7.06687,42.729136,1.87893,-0.228224,2.975985
4,1789438875.086112976,0.533908715365,-0.269947336725,0.53987122112,1.55548413263,-1.72521758676,1.03896706865,-16.996114,-7.158604,42.703103,1.880281,-0.222445,2.984452
4,1789438875.091117620,0.533908715365,-0.269947336725,0.53987122112,1.55548413263,-1.72521758676,1.03896706865,-16.986324,-7.064971,42.979804,1.877873,-0.22575,2.975987
4,1789438875.096405983,0.533908715365,-0.269947336725,0.53987122112,1.55548413263,-1.72521758676,1.03896706865,-16.973071,-7.056558,42.742392,1.879671,-0.220732,2.979407
4,1789438875.101312160,0.533908715365,-0.269947336725,0.53987122112,1.55548413263,-1.72521758676,1.03896706865,-16.975999,-7.011903,42.86529,1.870983,-0.228094,2.979748
4,1789438875.106038094,0.533908715365,-0.269947336725,0.53987122112,1.55548413263,-1.72521758676,1.03896706865,-16.98301,-7.037658,42.987607,1.875915,-0.224388,2.975046
4,1789438875.111088037,0.533908715365,-0.269947336725,0.53987122112,1.55548413263,-1.72521758676,1.03896706865,-17.035075,-7.060426,42.839507,1.874848,-0.230137,2.97498
4,1789438875.116121769,0.533908715365,-0.269947336725,0.53987122112,1.55548413263,-1.72521758676,1.03896706865,-17.007728,-7.092311,42.894982,1.876657,-0.225194,2.975477
4,1789438875.121232271,0.533908715365,-0.269947336725,0.53987122112,1.55548413263,-1.72521758676,1.03896706865,-17.035036,-7.11372,43.057954,1.877162,-0.231013,2.978061
4,1789438875.126073837,0.533908715365,-0.269947336725,0.53987122112,1.55548413263,-1.72521758676,1.03896706865,-16.995135,-7.080822,42.859145,1.875592,-0.224065,2.982549
4,1789438875.131127357,0.533908715365,-0.269947336725,0.53987122112,1.55548413263,-1.72521758676,1.03896706865,-16.994978,-7.089894,42.710423,1.875374,-0.228827,2.982145
4,1789438875.136258602,0.533908715365,-0.269947336725,0.53987122112,1.55548413263,-1.72521758676,1.03896706865,-16.957929,-7.06278,42.580345,1.873999,-0.223813,2.982721
4,1789438875.140952110,0.533908715365,-0.269947336725,0.53987122112,1.55548413263,-1.72521758676,1.03896706865,-16.96343,-7.038725,42.994826,1.875197,-0.226665,2.973459
4,1789438875.145889282,0.533908715365,-0.269947336725,0.53987122112,1.55548413263,-1.72521758676,1.03896706865,-16.977213,-7.028607,42.710015,1.875473,-0.224515,2.975969
4,1789438875.151132107,0.533908715365,-0.269947336725,0.53987122112,1.55548413263,-1.72521758676,1.03896706865,-17.040249,-7.042289,42.856871,1.874953,-0.229864,2.974097
4,1789438875.156076193,0.533908715365,-0.269947336725,0.53987122112,1.55548413263,-1.72521758676,1.03896706865,-17.085807,-7.061516,42.95109,1.878168,-0.226788,2.975239
4,1789438875.160893917,0.533908715365,-0.269947336725,0.53987122112,1.55548413263,-1.72521758676,1.03896706865,-17.054416,-7.073402,42.831111,1.876202,-0.227693,2.981962
4,1789438875.165931702,0.533908715365,-0.269947336725,0.53987122112,1.55548413263,-1.72521758676,1.03896706865,-17.006049,-7.090764,42.86542,1.876353,-0.226183,2.980364
4,1789438875.171015263,0.533908715365,-0.269947336725,0.53987122112,1.55548413263,-1.72521758676,1.03896706865,-16.948916,-7.089532,42.88491,1.87692,-0.224148,2.975122
4,1789438875.175825834,0.533908715365,-0.269947336725,0.53987122112,1.55548413263,-1.72521758676,1.03896706865,-16.953245,-7.077167,42.892375,1.876566,-0.2248,2.973783
4,1789438875.180857897,0.533908715365,-0.269947336725,0.53987122112,1.55548413263,-1.72521758676,1.03896706865,-16.966286,-7.049737,42.802031,1.871405,-0.227109,2.975196
4,1789438875.185968876,0.533908715365,-0.269947336725,0.53987122112,1.55548413263,-1.72521758676,1.03896706865,-17.044729,-7.066699,42.564896,1.876333,-0.229758,2.984032
4,1789438875.190929174,0.533908715365,-0.269947336725,0.53987122112,1.55548413263,-1.72521758676,1.03896706865,-17.072927,-7.038321,42.926767,1.870255,-0.232628,2.976929
4,1789438875.196080446,0.533908715365,-0.269947336725,0.53987122112,1.55548413263,-1.72521758676,1.03896706865,-17.063719,-7.117109,42.716223,1.881025,-0.22891,2.985934
4,1789438875.201126337,0.533908715365,-0.269947336725,0.53987122112,1.55548413263,-1.72521758676,1.03896706865,-16.998252,-7.099527,42.8656,1.874516,-0.227997,2.980358
4,1789438875.205978394,0.533908715365,-0.269947336725,0.53987122112,1.55548413263,-1.72521758676,1.03896706865,-16.947278,-7.116218,42.998215,1.879531,-0.223062,2.976442
4,1789438875.210973978,0.533908715365,-0.269947336725,0.53987122112,1.55548413263,-1.72521758676,1.03896706865,-16.929374,-7.046198,42.869722,1.873669,-0.223751,2.977234
4,1789438875.215930462,0.533908715365,-0.269947336725,0.53987122112,1.55548413263,-1.72521758676,1.03896706865,-16.977244,-7.059275,42.899828,1.878302,-0.226531,2.978321
4,1789438875.221025229,0.533908715365,-0.269947336725,0.53987122112,1.55548413263,-1.72521758676,1.03896706865,-17.046387,-7.034857,43.032397,1.875789,-0.226068,2.973665
4,1789438875.225859165,0.533908715365,-0.269947336725,0.53987122112,1.55548413263,-1.72521758676,1.03896706865,-17.088037,-7.034533,42.857902,1.875547,-0.228644,2.9809
4,1789438875.230933666,0.533908715365,-0.269947336725,0.53987122112,1.55548413263,-1.72521758676,1.03896706865,-17.059718,-7.102946,42.709054,1.881358,-0.226788,2.981409
4,1789438875.236097574,0.533908715365,-0.269947336725,0.53987122112,1.55548413263,-1.72521758676,1.03896706865,-16.996744,-7.100725,42.619114,1.876108,-0.226374,2.98359
4,1789438875.240896702,0.533908715365,-0.269947336725,0.53987122112,1.55548413263,-1.72521758676,1.03896706865,-16.964727,-7.124238,42.977711,1.880354,-0.223931,2.975119
4,1789438875.245949984,0.533908715365,-0.269947336725,0.53987122112,1.55548413263,-1.72521758676,1.03896706865,-16.94568,-7.076579,42.743455,1.875595,-0.222968,2.980039
4,1789438875.251091719,0.533908715365,-0.269947336725,0.53987122112,1.55548413263,-1.72521758676,1.03896706865,-16.934831,-7.046337,42.87385,1.87594,-0.224904,2.973684
4,1789438875.256027699,0.533908715365,-0.269947336725,0.53987122112,1.55548413263,-1.72521758676,1.03896706865,-16.936536,-7.055462,42.763118,1.877034,-0.223741,2.974436
4,1789438875.261030674,0.533908715365,-0.269947336725,0.53987122112,1.55548413263,-1.72521758676,1.03896706865,-16.940187,-7.059929,42.887879,1.873058,-0.223292,2.977065
4,1789438875.266197205,0.533908715365,-0.269947336725,0.53987122112,1.55548413263,-1.72521758676,1.03896706865,-16.990426,-7.061037,42.959381,1.877332,-0.225283,2.974835
4,1789438875.271092653,0.533908715365,-0.269947336725,0.53987122112,1.55548413263,-1.72521758676,1.03896706865,-17.070107,-7.027203,42.819237,1.875679,-0.232336,2.973427
4,1789438875.275862932,0.533908715365,-0.269947336725,0.53987122112,1.55548413263,-1.72521758676,1.03896706865,-17.080602,-7.04494,42.830932,1.873677,-0.229342,2.981524
4,1789438875.280951023,0.533908715365,-0.269947336725,0.53987122112,1.55548413263,-1.72521758676,1.03896706865,-17.05877,-7.084176,43.023837,1.875946,-0.232,2.979815
4,1789438875.286087751,0.533908715365,-0.269947336725,0.53987122112,1.55548413263,-1.72521758676,1.03896706865,-16.970961,-7.082738,42.909487,1.877767,-0.221845,2.979218
4,1789438875.291028738,0.533908715365,-0.269947336725,0.53987122112,1.55548413263,-1.72521758676,1.03896706865,-16.970452,-7.122534,42.739414,1.878763,-0.229905,2.982877
4,1789438875.295997620,0.533908715365,-0.269947336725,0.53987122112,1.55548413263,-1.72521758676,1.03896706865,-16.918543,-7.08017,42.72025,1.875137,-0.219731,2.983525
4,1789438875.301223278,0.533908715365,-0.269947336725,0.53987122112,1.55548413263,-1.72521758676,1.03896706865,-17.035237,-7.041696,42.959025,1.875894,-0.233531,2.979638
4,1789438875.306026697,0.533908715365,-0.269947336725,0.53987122112,1.55548413263,-1.72521758676,1.03896706865,-17.030514,-6.996777,42.840428,1.870825,-0.224265,2.975966
4,1789438875.310838699,0.533908715365,-0.269947336725,0.53987122112,1.55548413263,-1.72521758676,1.03896706865,-17.103721,-7.026474,42.81562,1.876393,-0.236382,2.976647
4,1789438875.315983534,0.533908715365,-0.269947336725,0.53987122112,1.55548413263,-1.72521758676,1.03896706865,-16.987038,-7.061295,42.965909,1.870884,-0.220534,2.973652
4,1789438875.321061611,0.533908715365,-0.269947336725,0.53987122112,1.55548413263,-1.72521758676,1.03896706865,-17.006632,-7.140931,42.897693,1.879073,-0.230126,2.976919
4,1789438875.326158047,0.533908715365,-0.269947336725,0.53987122112,1.55548413263,-1.72521758676,1.03896706865,-16.932542,-7.132893,42.914123,1.876882,-0.221285,2.970459
4,1789438875.330966711,0.533908715365,-0.269947336725,0.53987122112,1.55548413263,-1.72521758676,1.03896706865,-16.959962,-7.080955,43.057512,1.87326,-0.225736,2.972228
4,1789438875.336246967,0.533908715365,-0.269947336725,0.53987122112,1.55548413263,-1.72521758676,1.03896706865,-16.997933,-7.032291,42.842255,1.877041,-0.223877,2.977329
4,1789438875.340913296,0.533908715365,-0.269947336725,0.53987122112,1.55548413263,-1.72521758676,1.03896706865,-17.047253,-6.985977,42.726876,1.871098,-0.229408,2.974058
4,1789438875.345950603,0.533908715365,-0.269947336725,0.53987122112,1.55548413263,-1.72521758676,1.03896706865,-17.054001,-7.052683,42.56091,1.876363,-0.227897,2.981553
4,1789438875.351617098,0.533908715365,-0.269947336725,0.53987122112,1.55548413263,-1.72521758676,1.03896706865,-17.033375,-7.055686,42.966011,1.875287,-0.226684,2.972896
4,1789438875.356009722,0.533908715365,-0.269947336725,0.53987122112,1.55548413263,-1.72521758676,1.03896706865,-17.022689,-7.125912,42.745975,1.879783,-0.22667,2.981408
4,1789438875.360987425,0.533908715365,-0.269947336725,0.53987122112,1.55548413263,-1.72521758676,1.03896706865,-16.978474,-7.088686,42.909162,1.879249,-0.225534,2.978595
4,1789438875.365940571,0.533908715365,-0.269947336725,0.53987122112,1.55548413263,-1.72521758676,1.03896706865,-16.966265,-7.097133,43.003111,1.878402,-0.21881,2.98002
4,1789438875.371098518,0.533908715365,-0.269947336725,0.53987122112,1.55548413263,-1.72521758676,1.03896706865,-16.963401,-7.039887,42.866636,1.874514,-0.226696,2.980893
4,1789438875.375909805,0.533908715365,-0.269947336725,0.53987122112,1.55548413263,-1.72521758676,1.03896706865,-16.998491,-7.071151,42.86233,1.881635,-0.224743,2.978332
4,1789438875.381018877,0.533908715365,-0.269947336725,0.53987122112,1.55548413263,-1.72521758676,1.03896706865,-17.023474,-7.028391,43.028866,1.87298,-0.228235,2.971138
4,1789438875.386083126,0.533908715365,-0.269947336725,0.53987122112,1.55548413263,-1.72521758676,1.03896706865,-17.050317,-7.089537,42.863639,1.880024,-0.227942,2.978906
4,1789438875.391096830,0.533908715365,-0.269947336725,0.53987122112,1.55548413263,-1.72521758676,1.03896706865,-17.021927,-7.088241,42.740822,1.877075,-0.22989,2.983598
4,1789438875.395969629,0.533908715365,-0.269947336725,0.53987122112,1.55548413263,-1.72521758676,1.03896706865,-16.993511,-7.127048,42.562538,1.878734,-0.225299,2.983319
4,1789438875.401285648,0.533908715365,-0.269947336725,0.53987122112,1.55548413263,-1.72521758676,1.03896706865,-16.985229,-7.058736,42.984649,1.874454,-0.226345,2.979105
4,1789438875.406058788,0.533908715365,-0.269947336725,0.53987122112,1.55548413263,-1.72521758676,1.03896706865,-16.961487,-7.090861,42.774244,1.877556,-0.223156,2.981935
4,1789438875.410938263,0.533908715365,-0.269947336725,0.53987122112,1.55548413263,-1.72521758676,1.03896706865,-16.958854,-7.053958,42.898675,1.872917,-0.224869,2.971737
4,1789438875.416064978,0.533908715365,-0.269947336725,0.53987122112,1.55548413263,-1.72521758676,1.03896706865,-17.013396,-7.022095,42.969439,1.876339,-0.227366,2.968802
4,1789438875.421015978,0.533908715365,-0.269947336725,0.53987122112,1.55548413263,-1.72521758676,1.03896706865,-17.062984,-7.029498,42.837258,1.874983,-0.227334,2.973635
4,1789438875.425861359,0.533908715365,-0.269947336725,0.53987122112,1.55548413263,-1.72521758676,1.03896706865,-17.056376,-7.027336,42.823036,1.872107,-0.227678,2.976498
4,1789438875.430859804,0.533908715365,-0.269947336725,0.53987122112,1.55548413263,-1.72521758676,1.03896706865,-17.045676,-7.0943,42.807158,1.876353,-0.229674,2.97836
4,1789438875.436069489,0.533908715365,-0.269947336725,0.53987122112,1.55548413263,-1.72521758676,1.03896706865,-16.953502,-7.103258,42.851223,1.874038,-0.222176,2.977759
4,1789438875.440936089,0.533908715365,-0.269947336725,0.53987122112,1.55548413263,-1.72521758676,1.03896706865,-16.927749,-7.115879,42.906361,1.877223,-0.227732,2.976732
4,1789438875.445842505,0.533908715365,-0.269947336725,0.53987122112,1.55548413263,-1.72521758676,1.03896706865,-16.893452,-7.080893,42.822344,1.873461,-0.219715,2.977339
4,1789438875.451106548,0.533908715365,-0.269947336725,0.53987122112,1.55548413263,-1.72521758676,1.03896706865,-17.017179,-7.048873,42.92155,1.875391,-0.231124,2.973715
4,1789438875.455979824,0.533908715365,-0.269947336725,0.53987122112,1.55548413263,-1.72521758676,1.03896706865,-17.035801,-6.98332,42.703277,1.869199,-0.227473,2.977116
4,1789438875.460965633,0.533908715365,-0.269947336725,0.53987122112,1.55548413263,-1.72521758676,1.03896706865,-17.118535,-7.04949,42.821637,1.875892,-0.236025,2.980739
4,1789438875.465907574,0.533908715365,-0.269947336725,0.53987122112,1.55548413263,-1.72521758676,1.03896706865,-17.070252,-7.035177,42.729406,1.874204,-0.232685,2.975541
4,1789438875.470951796,0.533908715365,-0.269947336725,0.53987122112,1.55548413263,-1.72521758676,1.03896706865,-17.036337,-7.053819,42.867724,1.870818,-0.22624,2.975642
4,1789438875.475880146,0.533908715365,-0.269947336725,0.53987122112,1.55548413263,-1.72521758676,1.03896706865,-17.054106,-7.115005,42.95755,1.877491,-0.232968,2.979087
4,1789438875.480791807,0.533908715365,-0.269947336725,0.53987122112,1.55548413263,-1.72521758676,1.03896706865,-16.963786,-7.096967,42.867179,1.874214,-0.220102,2.976215
4,1789438875.486013651,0.533908715365,-0.269947336725,0.53987122112,1.55548413263,-1.72521758676,1.03896706865,-16.977949,-7.109416,42.899749,1.878774,-0.225874,2.978602
4,1789438875.490765572,0.533908715365,-0.269947336725,0.53987122112,1.55548413263,-1.72521758676,1.03896706865,-16.930108,-7.060878,43.0635,1.874639,-0.222212,2.970355
4,1789438875.495896101,0.533908715365,-0.269947336725,0.53987122112,1.55548413263,-1.72521758676,1.03896706865,-16.979142,-7.037081,42.917317,1.875597,-0.223566,2.977844
4,1789438875.501274824,0.533908715365,-0.269947336725,0.53987122112,1.55548413263,-1.72521758676,1.03896706865,-17.01036,-7.006216,42.691896,1.873456,-0.230049,2.975548
4,1789438875.506061792,0.533908715365,-0.269947336725,0.53987122112,1.55548413263,-1.72521758676,1.03896706865,-17.024588,-7.066517,42.558295,1.877608,-0.225777,2.980161
4,1789438875.510913849,0.533908715365,-0.269947336725,0.53987122112,1.55548413263,-1.72521758676,1.03896706865,-17.072473,-7.082022,42.942145,1.876354,-0.234048,2.974803
4,1789438875.516131639,0.533908715365,-0.269947336725,0.53987122112,1.55548413263,-1.72521758676,1.03896706865,-16.996448,-7.147829,42.757859,1.881184,-0.219146,2.984059
4,1789438875.521017075,0.533908715365,-0.269947336725,0.53987122112,1.55548413263,-1.72521758676,1.03896706865,-17.018314,-7.111463,42.866805,1.875883,-0.232499,2.980667
4,1789438875.526046276,0.533908715365,-0.269947336725,0.53987122112,1.55548413263,-1.72521758676,1.03896706865,-16.920859,-7.088957,42.977758,1.878185,-0.216702,2.975843
4,1789438875.531082153,0.533908715365,-0.269947336725,0.53987122112,1.55548413263,-1.72521758676,1.03896706865,-16.999403,-7.06688,42.847585,1.87525,-0.232084,2.9801
4,1789438875.536088228,0.533908715365,-0.269947336725,0.53987122112,1.55548413263,-1.72521758676,1.03896706865,-16.954903,-7.051364,42.862376,1.87428,-0.218709,2.972996
4,1789438875.540858507,0.533908715365,-0.269947336725,0.53987122112,1.55548413263,-1.72521758676,1.03896706865,-17.077999,-7.057096,43.034791,1.876288,-0.233605,2.974467
4,1789438875.545909405,0.533908715365,-0.269947336725,0.53987122112,1.55548413263,-1.72521758676,1.03896706865,-17.030631,-7.053642,42.889951,1.879197,-0.225687,2.977954
4,1789438875.551262617,0.533908715365,-0.269947336725,0.53987122112,1.55548413263,-1.72521758676,1.03896706865,-17.06311,-7.084035,42.720355,1.878239,-0.228029,2.982518
4,1789438875.555907011,0.533908715365,-0.269947336725,0.53987122112,1.55548413263,-1.72521758676,1.03896706865,-16.988697,-7.070371,42.601465,1.873881,-0.225685,2.984171
4,1789438875.560880184,0.533908715365,-0.269947336725,0.53987122112,1.55548413263,-1.72521758676,1.03896706865,-16.933375,-7.129559,42.972092,1.881779,-0.222266,2.977748
4,1789438875.566039562,0.533908715365,-0.269947336725,0.53987122112,1.55548413263,-1.72521758676,1.03896706865,-16.933022,-7.052972,42.786296,1.871578,-0.226955,2.977132
4,1789438875.570985556,0.533908715365,-0.269947336725,0.53987122112,1.55548413263,-1.72521758676,1.03896706865,-16.948879,-7.091317,42.882477,1.878181,-0.221931,2.973771
4,1789438875.575911522,0.533908715365,-0.269947336725,0.53987122112,1.55548413263,-1.72521758676,1.03896706865,-17.059533,-7.027037,42.929005,1.872422,-0.234777,2.971988
4,1789438875.581061840,0.533908715365,-0.269947336725,0.53987122112,1.55548413263,-1.72521758676,1.03896706865,-17.05556,-7.029952,42.819365,1.873353,-0.224367,2.974467
4,1789438875.586133003,0.533908715365,-0.269947336725,0.53987122112,1.55548413263,-1.72521758676,1.03896706865,-17.079724,-7.074493,42.829122,1.873632,-0.233722,2.980007
4,1789438875.591077566,0.533908715365,-0.269947336725,0.53987122112,1.55548413263,-1.72521758676,1.03896706865,-16.975434,-7.077697,43.054477,1.873057,-0.223716,2.970444
4,1789438875.596033096,0.533908715365,-0.269947336725,0.53987122112,1.55548413263,-1.72521758676,1.03896706865,-16.987809,-7.110937,42.950363,1.879725,-0.228396,2.974904
4,1789438875.601195097,0.533908715365,-0.269947336725,0.53987122112,1.55548413263,-1.72521758676,1.03896706865,-16.916555,-7.05112,42.883225,1.870317,-0.221055,2.974286
4,1789438875.605963707,0.533908715365,-0.269947336725,0.53987122112,1.55548413263,-1.72521758676,1.03896706865,-16.976329,-7.065442,42.905299,1.879456,-0.226162,2.975874
4,1789438875.610890388,0.533908715365,-0.269947336725,0.53987122112,1.55548413263,-1.72521758676,1.03896706865,-17.037352,-6.970214,42.910439,1.86886,-0.226714,2.972688
4,1789438875.616092682,0.533908715365,-0.269947336725,0.53987122112,1.55548413263,-1.72521758676,1.03896706865,-17.066818,-7.036446,42.842007,1.875788,-0.228915,2.976584
4,1789438875.621110201,0.533908715365,-0.269947336725,0.53987122112,1.55548413263,-1.72521758676,1.03896706865,-17.05737,-7.071959,42.816762,1.87624,-0.230184,2.978373
4,1789438875.625826120,0.533908715365,-0.269947336725,0.53987122112,1.55548413263,-1.72521758676,1.03896706865,-16.997356,-7.11774,42.981308,1.876378,-0.222641,2.977612
4,1789438875.630862236,0.533908715365,-0.269947336725,0.53987122112,1.55548413263,-1.72521758676,1.03896706865,-17.014413,-7.156497,42.856053,1.883245,-0.230691,2.980058
4,1789438875.635976076,0.533908715365,-0.269947336725,0.53987122112,1.55548413263,-1.72521758676,1.03896706865,-16.94724,-7.040782,42.892493,1.871594,-0.219456,2.974345
4,1789438875.640977621,0.533908715365,-0.269947336725,0.53987122112,1.55548413263,-1.72521758676,1.03896706865,-17.005864,-7.08999,43.027224,1.879267,-0.224942,2.982848
4,1789438875.645984411,0.533908715365,-0.269947336725,0.53987122112,1.55548413263,-1.72521758676,1.03896706865,-16.961635,-6.993788,42.825123,1.870104,-0.225082,2.972001
4,1789438875.651246071,0.533908715365,-0.269947336725,0.53987122112,1.55548413263,-1.72521758676,1.03896706865,-17.037355,-7.047878,42.773491,1.877407,-0.228819,2.974436
4,1789438875.656058550,0.533908715365,-0.269947336725,0.53987122112,1.55548413263,-1.72521758676,1.03896706865,-17.023531,-7.080194,42.524863,1.874702,-0.227251,2.982582
4,1789438875.660981417,0.533908715365,-0.269947336725,0.53987122112,1.55548413263,-1.72521758676,1.03896706865,-17.026545,-7.107186,42.974183,1.879911,-0.225291,2.972526
4,1789438875.666015625,0.533908715365,-0.269947336725,0.53987122112,1.55548413263,-1.72521758676,1.03896706865,-17.057558,-7.105934,42.745095,1.879983,-0.229771,2.980346
4,1789438875.670977354,0.533908715365,-0.269947336725,0.53987122112,1.55548413263,-1.72521758676,1.03896706865,-16.980009,-7.047231,42.86729,1.873118,-0.222577,2.975748
4,1789438875.675883770,0.533908715365,-0.269947336725,0.53987122112,1.55548413263,-1.72521758676,1.03896706865,-17.022903,-7.104071,42.725751,1.876068,-0.22948,2.986053
4,1789438875.680989742,0.533908715365,-0.269947336725,0.53987122112,1.55548413263,-1.72521758676,1.03896706865,-16.961031,-7.099057,42.908794,1.879638,-0.22039,2.978997
4,1789438875.686065912,0.533908715365,-0.269947336725,0.53987122112,1.55548413263,-1.72521758676,1.03896706865,-16.969955,-7.043819,42.981946,1.872828,-0.226703,2.977254
4,1789438875.690888882,0.533908715365,-0.269947336725,0.53987122112,1.55548413263,-1.72521758676,1.03896706865,-16.956495,-7.060488,42.88365,1.879225,-0.221268,2.974428
4,1789438875.695949554,0.533908715365,-0.269947336725,0.53987122112,1.55548413263,-1.72521758676,1.03896706865,-17.022772,-7.082723,42.872215,1.876582,-0.228346,2.97234
4,1789438875.701013088,0.533908715365,-0.269947336725,0.53987122112,1.55548413263,-1.72521758676,1.03896706865,-16.998001,-7.061165,43.063439,1.872513,-0.224515,2.970033
4,1789438875.705985546,0.533908715365,-0.269947336725,0.53987122112,1.55548413263,-1.72521758676,1.03896706865,-17.078008,-7.08098,42.844949,1.878657,-0.230814,2.97848
4,1789438875.710964918,0.533908715365,-0.269947336725,0.53987122112,1.55548413263,-1.72521758676,1.03896706865,-17.029769,-7.056734,42.715479,1.872348,-0.226586,2.97946
4,1789438875.716125250,0.533908715365,-0.269947336725,0.53987122112,1.55548413263,-1.72521758676,1.03896706865,-16.983626,-7.11287,42.591089,1.88,-0.226114,2.983562
4,1789438875.721117020,0.533908715365,-0.269947336725,0.53987122112,1.55548413263,-1.72521758676,1.03896706865,-16.946492,-7.076659,43.006204,1.874626,-0.222757,2.975479
4,1789438875.725966692,0.533908715365,-0.269947336725,0.53987122112,1.55548413263,-1.72521758676,1.03896706865,-16.975771,-7.08907,42.799349,1.88118,-0.223391,2.980002
4,1789438875.730926991,0.533908715365,-0.269947336725,0.53987122112,1.55548413263,-1.72521758676,1.03896706865,-16.972639,-7.013646,42.895737,1.871602,-0.224462,2.975738
4,1789438875.735990286,0.533908715365,-0.269947336725,0.53987122112,1.55548413263,-1.72521758676,1.03896706865,-17.040399,-7.044248,42.942613,1.879111,-0.226024,2.975797
4,1789438875.740860939,0.533908715365,-0.269947336725,0.53987122112,1.55548413263,-1.72521758676,1.03896706865,-17.06601,-7.018438,42.822896,1.870392,-0.228571,2.976276
4,1789438875.745884418,0.533908715365,-0.269947336725,0.53987122112,1.55548413263,-1.72521758676,1.03896706865,-17.039847,-7.058379,42.888354,1.877817,-0.226559,2.976849
4,1789438875.751066208,0.533908715365,-0.269947336725,0.53987122112,1.55548413263,-1.72521758676,1.03896706865,-17.006843,-7.115003,43.034751,1.87547,-0.229603,2.975269
4,1789438875.755991220,0.533908715365,-0.269947336725,0.53987122112,1.55548413263,-1.72521758676,1.03896706865,-16.956597,-7.101161,42.898295,1.876342,-0.224152,2.977854
4,1789438875.760918379,0.533908715365,-0.269947336725,0.53987122112,1.55548413263,-1.72521758676,1.03896706865,-16.990364,-7.092263,42.846901,1.877889,-0.228939,2.98011
4,1789438875.765968800,0.533908715365,-0.269947336725,0.53987122112,1.55548413263,-1.72521758676,1.03896706865,-16.972074,-7.015737,42.821879,1.870915,-0.22299,2.976293
4,1789438875.771084070,0.533908715365,-0.269947336725,0.53987122112,1.55548413263,-1.72521758676,1.03896706865,-17.0392,-7.022875,42.925115,1.872485,-0.229011,2.976168
4,1789438875.775937557,0.533908715365,-0.269947336725,0.53987122112,1.55548413263,-1.72521758676,1.03896706865,-17.030855,-7.041468,42.703649,1.874638,-0.226954,2.977651
4,1789438875.781260729,0.533908715365,-0.269947336725,0.53987122112,1.55548413263,-1.72521758676,1.03896706865,-17.053744,-7.097149,42.886502,1.875335,-0.231126,2.975356
4,1789438875.786169291,0.533908715365,-0.269947336725,0.53987122112,1.55548413263,-1.72521758676,1.03896706865,-17.043257,-7.120376,42.971115,1.880921,-0.227493,2.976395
4,1789438875.791126490,0.533908715365,-0.269947336725,0.53987122112,1.55548413263,-1.72521758676,1.03896706865,-17.009999,-7.076114,42.910109,1.875741,-0.222614,2.9795
4,1789438875.795895815,0.533908715365,-0.269947336725,0.53987122112,1.55548413263,-1.72521758676,1.03896706865,-16.968746,-7.034883,42.890903,1.875936,-0.226575,2.978475
4,1789438875.801236629,0.533908715365,-0.269947336725,0.53987122112,1.55548413263,-1.72521758676,1.03896706865,-16.927683,-7.056638,43.035791,1.877653,-0.217314,2.970971
4,1789438875.805916309,0.533908715365,-0.269947336725,0.53987122112,1.55548413263,-1.72521758676,1.03896706865,-16.993322,-7.039037,42.902744,1.875251,-0.228553,2.973842
4,1789438875.810824394,0.533908715365,-0.269947336725,0.53987122112,1.55548413263,-1.72521758676,1.03896706865,-17.010041,-7.07293,42.761255,1.880672,-0.223139,2.973265
4,1789438875.815975666,0.533908715365,-0.269947336725,0.53987122112,1.55548413263,-1.72521758676,1.03896706865,-17.052524,-7.080495,42.620196,1.873132,-0.228992,2.983893
4,1789438875.821089506,0.533908715365,-0.269947336725,0.53987122112,1.55548413263,-1.72521758676,1.03896706865,-17.05596,-7.115255,42.947845,1.879449,-0.226669,2.979504
4,1789438875.825837135,0.533908715365,-0.269947336725,0.53987122112,1.55548413263,-1.72521758676,1.03896706865,-17.036062,-7.075232,42.735742,1.876766,-0.229567,2.980237
4,1789438875.831021547,0.533908715365,-0.269947336725,0.53987122112,1.55548413263,-1.72521758676,1.03896706865,-16.967123,-7.088758,42.88292,1.873744,-0.223013,2.980057
4,1789438875.835995436,0.533908715365,-0.269947336725,0.53987122112,1.55548413263,-1.72521758676,1.03896706865,-16.958026,-7.09381,42.971582,1.878126,-0.223958,2.977067
4,1789438875.840887547,0.533908715365,-0.269947336725,0.53987122112,1.55548413263,-1.72521758676,1.03896706865,-16.926199,-7.058608,42.869143,1.875979,-0.222297,2.970972
4,1789438875.845944643,0.533908715365,-0.269947336725,0.53987122112,1.55548413263,-1.72521758676,1.03896706865,-17.021153,-7.066936,42.856433,1.878873,-0.228062,2.974103
4,1789438875.851169825,0.533908715365,-0.269947336725,0.53987122112,1.55548413263,-1.72521758676,1.03896706865,-17.045965,-7.026664,42.980615,1.873382,-0.228304,2.976043
4,1789438875.856100798,0.533908715365,-0.269947336725,0.53987122112,1.55548413263,-1.72521758676,1.03896706865,-17.082821,-7.024902,42.832046,1.875108,-0.228785,2.982186
4,1789438875.860890388,0.533908715365,-0.269947336725,0.53987122112,1.55548413263,-1.72521758676,1.03896706865,-17.039803,-7.111814,42.724694,1.880787,-0.228136,2.97939
4,1789438875.865974188,0.533908715365,-0.269947336725,0.53987122112,1.55548413263,-1.72521758676,1.03896706865,-16.94053,-7.122879,42.639193,1.877116,-0.222624,2.979042
4,1789438875.871040106,0.533908715365,-0.269947336725,0.53987122112,1.55548413263,-1.72521758676,1.03896706865,-16.950091,-7.147461,43.027012,1.88141,-0.220746,2.97742
4,1789438875.875796318,0.533908715365,-0.269947336725,0.53987122112,1.55548413263,-1.72521758676,1.03896706865,-16.905095,-7.030808,42.723801,1.871411,-0.22097,2.973347
4,1789438875.880845785,0.533908715365,-0.269947336725,0.53987122112,1.55548413263,-1.72521758676,1.03896706865,-17.020689,-7.039161,42.886268,1.877566,-0.228128,2.975227
4,1789438875.886008501,0.533908715365,-0.269947336725,0.53987122112,1.55548413263,-1.72521758676,1.03896706865,-16.971994,-7.077966,42.889215,1.879173,-0.225471,2.971593
4,1789438875.890926123,0.533908715365,-0.269947336725,0.53987122112,1.55548413263,-1.72521758676,1.03896706865,-17.045861,-6.999901,42.79809,1.871736,-0.228529,2.978207
4,1789438875.896071911,0.533908715365,-0.269947336725,0.53987122112,1.55548413263,-1.72521758676,1.03896706865,-17.126307,-7.003136,42.911954,1.874078,-0.231683,2.979228
4,1789438875.900999308,0.533908715365,-0.269947336725,0.53987122112,1.55548413263,-1.72521758676,1.03896706865,-17.091002,-7.035739,42.827673,1.874236,-0.229661,2.979292
4,1789438875.905996323,0.533908715365,-0.269947336725,0.53987122112,1.55548413263,-1.72521758676,1.03896706865,-17.035657,-7.129388,42.81497,1.878434,-0.230028,2.97751
4,1789438875.910918713,0.533908715365,-0.269947336725,0.53987122112,1.55548413263,-1.72521758676,1.03896706865,-16.935859,-7.118351,43.067088,1.877527,-0.222558,2.972921
4,1789438875.915995359,0.533908715365,-0.269947336725,0.53987122112,1.55548413263,-1.72521758676,1.03896706865,-16.945587,-7.116639,42.91241,1.879513,-0.222385,2.981244
4,1789438875.921049595,0.533908715365,-0.269947336725,0.53987122112,1.55548413263,-1.72521758676,1.03896706865,-16.942198,-7.045524,42.779834,1.873062,-0.224934,2.979148
4,1789438875.926061630,0.533908715365,-0.269947336725,0.53987122112,1.55548413263,-1.72521758676,1.03896706865,-17.009377,-7.043883,42.548551,1.875169,-0.227481,2.98569
4,1789438875.930912495,0.533908715365,-0.269947336725,0.53987122112,1.55548413263,-1.72521758676,1.03896706865,-17.064904,-7.037799,42.903089,1.876067,-0.232446,2.973552
4,1789438875.936073065,0.533908715365,-0.269947336725,0.53987122112,1.55548413263,-1.72521758676,1.03896706865,-17.045336,-7.067407,42.698779,1.874728,-0.223648,2.981046
4,1789438875.940916777,0.533908715365,-0.269947336725,0.53987122112,1.55548413263,-1.72521758676,1.03896706865,-17.054867,-7.07522,42.857796,1.876806,-0.231692,2.974632
4,1789438875.945850134,0.533908715365,-0.269947336725,0.53987122112,1.55548413263,-1.72521758676,1.03896706865,-16.971929,-7.119483,42.99115,1.879209,-0.219698,2.972203
4,1789438875.951438189,0.533908715365,-0.269947336725,0.53987122112,1.55548413263,-1.72521758676,1.03896706865,-16.996776,-7.082913,42.858158,1.872299,-0.230636,2.981223
4,1789438875.955889940,0.533908715365,-0.269947336725,0.53987122112,1.55548413263,-1.72521758676,1.03896706865,-16.947437,-7.04464,42.859324,1.874724,-0.220945,2.976794
4,1789438875.960909128,0.533908715365,-0.269947336725,0.53987122112,1.55548413263,-1.72521758676,1.03896706865,-16.994238,-7.034736,43.018838,1.873422,-0.22705,2.970848
4,1789438875.965891361,0.533908715365,-0.269947336725,0.53987122112,1.55548413263,-1.72521758676,1.03896706865,-16.967571,-7.029034,42.851664,1.875767,-0.224904,2.971228
4,1789438875.971040010,0.533908715365,-0.269947336725,0.53987122112,1.55548413263,-1.72521758676,1.03896706865,-17.018185,-7.054263,42.716738,1.876584,-0.227024,2.974087
4,1789438875.975963116,0.533908715365,-0.269947336725,0.53987122112,1.55548413263,-1.72521758676,1.03896706865,-17.025399,-7.047114,42.612969,1.873855,-0.22633,2.979302
4,1789438875.981031418,0.533908715365,-0.269947336725,0.53987122112,1.55548413263,-1.72521758676,1.03896706865,-17.016355,-7.061484,42.960363,1.878994,-0.224147,2.975562
4,1789438875.986042023,0.533908715365,-0.269947336725,0.53987122112,1.55548413263,-1.72521758676,1.03896706865,-17.003745,-7.108453,42.765443,1.878199,-0.227502,2.981824
4,1789438875.990987301,0.533908715365,-0.269947336725,0.53987122112,1.55548413263,-1.72521758676,1.03896706865,-16.923346,-7.095809,42.919028,1.876742,-0.218819,2.973756
4,1789438875.995868206,0.533908715365,-0.269947336725,0.53987122112,1.55548413263,-1.72521758676,1.03896706865,-16.958026,-7.087526,42.96396,1.8773,-0.223787,2.978164
4,1789438876.000971317,0.533908715365,-0.269947336725,0.53987122112,1.55548413263,-1.72521758676,1.03896706865,-16.939737,-7.032498,42.856409,1.874664,-0.221683,2.974749
4,1789438876.006008863,0.533908715365,-0.269947336725,0.53987122112,1.55548413263,-1.72521758676,1.03896706865,-17.04244,-7.036441,42.87829,1.87541,-0.229656,2.97592
4,1789438876.010904789,0.533908715365,-0.269947336725,0.53987122112,1.55548413263,-1.72521758676,1.03896706865,-17.062342,-7.027157,43.003233,1.875026,-0.228468,2.972531
4,1789438876.015878916,0.533908715365,-0.269947336725,0.53987122112,1.55548413263,-1.72521758676,1.03896706865,-17.08562,-7.080436,42.85846,1.87804,-0.229184,2.981415
4,1789438876.021012783,0.533908715365,-0.269947336725,0.53987122112,1.55548413263,-1.72521758676,1.03896706865,-17.052088,-7.092349,42.733056,1.877051,-0.228461,2.984761
4,1789438876.025821924,0.533908715365,-0.269947336725,0.53987122112,1.55548413263,-1.72521758676,1.03896706865,-16.964492,-7.11309,42.611634,1.877697,-0.224158,2.9851
4,1789438876.030999660,0.533908715365,-0.269947336725,0.53987122112,1.55548413263,-1.72521758676,1.03896706865,-16.966602,-7.082812,42.984326,1.878709,-0.225088,2.979116
4,1789438876.036019087,0.533908715365,-0.269947336725,0.53987122112,1.55548413263,-1.72521758676,1.03896706865,-16.96621,-7.033053,42.78711,1.874704,-0.221827,2.978062
4,1789438876.040876389,0.533908715365,-0.269947336725,0.53987122112,1.55548413263,-1.72521758676,1.03896706865,-17.040162,-7.046721,42.859804,1.878395,-0.230438,2.975923
4,1789438876.045869827,0.533908715365,-0.269947336725,0.53987122112,1.55548413263,-1.72521758676,1.03896706865,-17.035583,-7.0419,42.795418,1.874329,-0.222612,2.977319
4,1789438876.051297903,0.533908715365,-0.269947336725,0.53987122112,1.55548413263,-1.72521758676,1.03896706865,-17.090871,-7.091222,42.863773,1.879409,-0.233638,2.978338
4,1789438876.055974960,0.533908715365,-0.269947336725,0.53987122112,1.55548413263,-1.72521758676,1.03896706865,-17.020172,-7.076784,42.827073,1.87414,-0.221815,2.980059
4,1789438876.060848713,0.533908715365,-0.269947336725,0.53987122112,1.55548413263,-1.72521758676,1.03896706865,-17.006982,-7.090542,43.042638,1.876345,-0.232036,2.973927
4,1789438876.066039324,0.533908715365,-0.269947336725,0.53987122112,1.55548413263,-1.72521758676,1.03896706865,-16.909327,-7.058741,42.902962,1.873694,-0.215519,2.975646
4,1789438876.071115971,0.533908715365,-0.269947336725,0.53987122112,1.55548413263,-1.72521758676,1.03896706865,-16.964959,-7.064632,42.795751,1.873626,-0.230817,2.976804
4,1789438876.075911522,0.533908715365,-0.269947336725,0.53987122112,1.55548413263,-1.72521758676,1.03896706865,-16.919924,-7.052264,42.586027,1.873215,-0.221147,2.974558
4,1789438876.081007957,0.533908715365,-0.269947336725,0.53987122112,1.55548413263,-1.72521758676,1.03896706865,-17.061423,-7.030381,42.941043,1.872675,-0.232715,2.974021
4,1789438876.085991621,0.533908715365,-0.269947336725,0.53987122112,1.55548413263,-1.72521758676,1.03896706865,-17.058198,-7.034955,42.681403,1.874852,-0.22706,2.9752
4,1789438876.090888977,0.533908715365,-0.269947336725,0.53987122112,1.55548413263,-1.72521758676,1.03896706865,-17.086628,-7.03323,42.869176,1.872996,-0.230112,2.975973
4,1789438876.095919371,0.533908715365,-0.269947336725,0.53987122112,1.55548413263,-1.72521758676,1.03896706865,-17.076524,-7.047117,42.755259,1.875877,-0.230718,2.980534
4,1789438876.101322174,0.533908715365,-0.269947336725,0.53987122112,1.55548413263,-1.72521758676,1.03896706865,-17.07093,-7.055952,42.870855,1.873742,-0.227127,2.97753
4,1789438876.105954409,0.533908715365,-0.269947336725,0.53987122112,1.55548413263,-1.72521758676,1.03896706865,-17.046679,-7.095169,42.969803,1.87988,-0.227304,2.981519
4,1789438876.111034393,0.533908715365,-0.269947336725,0.53987122112,1.55548413263,-1.72521758676,1.03896706865,-16.986233,-7.083477,42.896876,1.877464,-0.222398,2.976989
4,1789438876.116114140,0.533908715365,-0.269947336725,0.53987122112,1.55548413263,-1.72521758676,1.03896706865,-16.909327,-7.107312,42.893207,1.878703,-0.219687,2.975067
4,1789438876.121009111,0.533908715365,-0.269947336725,0.53987122112,1.55548413263,-1.72521758676,1.03896706865,-16.928284,-7.022671,43.050926,1.874862,-0.223782,2.967835
4,1789438876.125837088,0.533908715365,-0.269947336725,0.53987122112,1.55548413263,-1.72521758676,1.03896706865,-16.991504,-7.031697,42.843943,1.875444,-0.221961,2.972592
4,1789438876.130885363,0.533908715365,-0.269947336725,0.53987122112,1.55548413263,-1.72521758676,1.03896706865,-17.085344,-7.031203,42.712104,1.871423,-0.232522,2.976419
4,1789438876.136070490,0.533908715365,-0.269947336725,0.53987122112,1.55548413263,-1.72521758676,1.03896706865,-17.08125,-7.087499,42.603772,1.876273,-0.228672,2.979242
4,1789438876.140954971,0.533908715365,-0.269947336725,0.53987122112,1.55548413263,-1.72521758676,1.03896706865,-17.081119,-7.06595,42.962029,1.873204,-0.229268,2.97613
4,1789438876.145915985,0.533908715365,-0.269947336725,0.53987122112,1.55548413263,-1.72521758676,1.03896706865,-16.968247,-7.09625,42.769238,1.875844,-0.222411,2.978794
4,1789438876.151198149,0.533908715365,-0.269947336725,0.53987122112,1.55548413263,-1.72521758676,1.03896706865,-16.95201,-7.096892,42.918244,1.876436,-0.225339,2.972497
4,1789438876.156019926,0.533908715365,-0.269947336725,0.53987122112,1.55548413263,-1.72521758676,1.03896706865,-16.936008,-7.060037,42.989919,1.874357,-0.220048,2.971143
4,1789438876.160889864,0.533908715365,-0.269947336725,0.53987122112,1.55548413263,-1.72521758676,1.03896706865,-17.013338,-7.043733,42.869176,1.875509,-0.227915,2.9763
4,1789438876.165947676,0.533908715365,-0.269947336725,0.53987122112,1.55548413263,-1.72521758676,1.03896706865,-17.059365,-7.035144,42.838777,1.876138,-0.226313,2.97476
4,1789438876.171069860,0.533908715365,-0.269947336725,0.53987122112,1.55548413263,-1.72521758676,1.03896706865,-17.092325,-7.062518,43.004855,1.874597,-0.230486,2.973534
4,1789438876.175950289,0.533908715365,-0.269947336725,0.53987122112,1.55548413263,-1.72521758676,1.03896706865,-17.063405,-7.105592,42.876449,1.879362,-0.226706,2.981422
4,1789438876.181216717,0.533908715365,-0.269947336725,0.53987122112,1.55548413263,-1.72521758676,1.03896706865,-16.975298,-7.122901,42.748393,1.878133,-0.226106,2.983099
4,1789438876.185994148,0.533908715365,-0.269947336725,0.53987122112,1.55548413263,-1.72521758676,1.03896706865,-16.950825,-7.108375,42.664693,1.877462,-0.22171,2.983562
4,1789438876.190899611,0.533908715365,-0.269947336725,0.53987122112,1.55548413263,-1.72521758676,1.03896706865,-16.93981,-7.095315,42.979849,1.878045,-0.22621,2.976162
4,1789438876.195951462,0.533908715365,-0.269947336725,0.53987122112,1.55548413263,-1.72521758676,1.03896706865,-16.994979,-7.066129,42.708449,1.87658,-0.224446,2.981204
4,1789438876.201230288,0.533908715365,-0.269947336725,0.53987122112,1.55548413263,-1.72521758676,1.03896706865,-17.044477,-7.021146,42.860975,1.871574,-0.227598,2.976968
4,1789438876.205955267,0.533908715365,-0.269947336725,0.53987122112,1.55548413263,-1.72521758676,1.03896706865,-17.081135,-7.079068,42.927725,1.876777,-0.228532,2.978131
4,1789438876.210848331,0.533908715365,-0.269947336725,0.53987122112,1.55548413263,-1.72521758676,1.03896706865,-17.061606,-7.04413,42.849182,1.872382,-0.227525,2.975444
4,1789438876.216022968,0.533908715365,-0.269947336725,0.53987122112,1.55548413263,-1.72521758676,1.03896706865,-17.025049,-7.100631,42.870494,1.87973,-0.224807,2.977742
4,1789438876.221007347,0.533908715365,-0.269947336725,0.53987122112,1.55548413263,-1.72521758676,1.03896706865,-16.959516,-7.090875,42.908556,1.873356,-0.223727,2.978515
4,1789438876.225839615,0.533908715365,-0.269947336725,0.53987122112,1.55548413263,-1.72521758676,1.03896706865,-16.945733,-7.094621,42.892659,1.880031,-0.222746,2.974248
4,1789438876.230959177,0.533908715365,-0.269947336725,0.53987122112,1.55548413263,-1.72521758676,1.03896706865,-16.957519,-7.035892,42.806123,1.871725,-0.222526,2.972234
4,1789438876.236094952,0.533908715365,-0.269947336725,0.53987122112,1.55548413263,-1.72521758676,1.03896706865,-16.99698,-7.047371,42.575615,1.874763,-0.224587,2.979416
4,1789438876.240867615,0.533908715365,-0.269947336725,0.53987122112,1.55548413263,-1.72521758676,1.03896706865,-17.03177,-7.007711,42.94492,1.875422,-0.224769,2.971231
4,1789438876.245982647,0.533908715365,-0.269947336725,0.53987122112,1.55548413263,-1.72521758676,1.03896706865,-17.039439,-7.053703,42.753907,1.874708,-0.226166,2.974163
4,1789438876.251178503,0.533908715365,-0.269947336725,0.53987122112,1.55548413263,-1.72521758676,1.03896706865,-17.055334,-7.144119,42.915651,1.881061,-0.224961,2.977025
4,1789438876.256002903,0.533908715365,-0.269947336725,0.53987122112,1.55548413263,-1.72521758676,1.03896706865,-17.012873,-7.074357,42.969295,1.876108,-0.224928,2.975345
4,1789438876.260823727,0.533908715365,-0.269947336725,0.53987122112,1.55548413263,-1.72521758676,1.03896706865,-17.024581,-7.088635,42.855136,1.877743,-0.223922,2.97993
4,1789438876.265997648,0.533908715365,-0.269947336725,0.53987122112,1.55548413263,-1.72521758676,1.03896706865,-16.955403,-7.024332,42.878173,1.871315,-0.225575,2.976369
4,1789438876.270939112,0.533908715365,-0.269947336725,0.53987122112,1.55548413263,-1.72521758676,1.03896706865,-16.974414,-7.040419,43.0296,1.875839,-0.223828,2.972176
4,1789438876.275850296,0.533908715365,-0.269947336725,0.53987122112,1.55548413263,-1.72521758676,1.03896706865,-17.026827,-7.043662,42.890704,1.875224,-0.228134,2.972097
4,1789438876.280885458,0.533908715365,-0.269947336725,0.53987122112,1.55548413263,-1.72521758676,1.03896706865,-17.048797,-7.106265,42.763378,1.877709,-0.226463,2.980549
4,1789438876.286234856,0.533908715365,-0.269947336725,0.53987122112,1.55548413263,-1.72521758676,1.03896706865,-17.091461,-7.099422,42.642727,1.879215,-0.234004,2.985877
4,1789438876.290827990,0.533908715365,-0.269947336725,0.53987122112,1.55548413263,-1.72521758676,1.03896706865,-17.074925,-7.056438,42.958009,1.875343,-0.227616,2.979692
4,1789438876.295924664,0.533908715365,-0.269947336725,0.53987122112,1.55548413263,-1.72521758676,1.03896706865,-17.039286,-7.063323,42.720859,1.877998,-0.22902,2.988731
4,1789438876.301008701,0.533908715365,-0.269947336725,0.53987122112,1.55548413263,-1.72521758676,1.03896706865,-16.939502,-7.068406,42.865355,1.8748,-0.22111,2.980851
4,1789438876.306064367,0.533908715365,-0.269947336725,0.53987122112,1.55548413263,-1.72521758676,1.03896706865,-16.954607,-7.085196,42.758123,1.87509,-0.225862,2.977185
4,1789438876.311028004,0.533908715365,-0.269947336725,0.53987122112,1.55548413263,-1.72521758676,1.03896706865,-16.944085,-7.055444,42.88191,1.874472,-0.222087,2.973251
4,1789438876.316030741,0.533908715365,-0.269947336725,0.53987122112,1.55548413263,-1.72521758676,1.03896706865,-16.943065,-7.015647,42.961701,1.870523,-0.227128,2.969959
4,1789438876.321288109,0.533908715365,-0.269947336725,0.53987122112,1.55548413263,-1.72521758676,1.03896706865,-16.978347,-7.036862,42.871454,1.874322,-0.223907,2.972167
4,1789438876.325868845,0.533908715365,-0.269947336725,0.53987122112,1.55548413263,-1.72521758676,1.03896706865,-17.036131,-7.054802,42.870889,1.873696,-0.229729,2.971201
4,1789438876.330911636,0.533908715365,-0.269947336725,0.53987122112,1.55548413263,-1.72521758676,1.03896706865,-17.040273,-7.038518,43.051378,1.875058,-0.226164,2.967853
4,1789438876.336103201,0.533908715365,-0.269947336725,0.53987122112,1.55548413263,-1.72521758676,1.03896706865,-17.068471,-7.08037,42.870543,1.876727,-0.227703,2.977349
4,1789438876.340856314,0.533908715365,-0.269947336725,0.53987122112,1.55548413263,-1.72521758676,1.03896706865,-17.007749,-7.079792,42.734892,1.873063,-0.22632,2.980148
4,1789438876.345833302,0.533908715365,-0.269947336725,0.53987122112,1.55548413263,-1.72521758676,1.03896706865,-16.954889,-7.106355,42.642233,1.877835,-0.225103,2.980642
4,1789438876.351299524,0.533908715365,-0.269947336725,0.53987122112,1.55548413263,-1.72521758676,1.03896706865,-16.961757,-7.107686,43.007054,1.877186,-0.220156,2.976443
4,1789438876.356014967,0.533908715365,-0.269947336725,0.53987122112,1.55548413263,-1.72521758676,1.03896706865,-16.974388,-7.027037,42.882957,1.874856,-0.224212,2.973515
4,1789438876.360821247,0.533908715365,-0.269947336725,0.53987122112,1.55548413263,-1.72521758676,1.03896706865,-17.051242,-7.085983,42.882489,1.880762,-0.224986,2.979368
4,1789438876.365930080,0.533908715365,-0.269947336725,0.53987122112,1.55548413263,-1.72521758676,1.03896706865,-17.07921,-7.015673,42.771772,1.874349,-0.22941,2.979167
4,1789438876.371113300,0.533908715365,-0.269947336725,0.53987122112,1.55548413263,-1.72521758676,1.03896706865,-17.105037,-7.084391,42.820725,1.879935,-0.227997,2.981183
4,1789438876.376020908,0.533908715365,-0.269947336725,0.53987122112,1.55548413263,-1.72521758676,1.03896706865,-17.036851,-7.080859,42.886073,1.876648,-0.22477,2.98178
4,1789438876.381110191,0.533908715365,-0.269947336725,0.53987122112,1.55548413263,-1.72521758676,1.03896706865,-16.969909,-7.119451,42.872874,1.881436,-0.224396,2.979465
4,1789438876.386088848,0.533908715365,-0.269947336725,0.53987122112,1.55548413263,-1.72521758676,1.03896706865,-16.921249,-7.093892,42.924654,1.877094,-0.219448,2.977349
4,1789438876.391012907,0.533908715365,-0.269947336725,0.53987122112,1.55548413263,-1.72521758676,1.03896706865,-16.955186,-7.069975,42.861294,1.875107,-0.22681,2.977546
4,1789438876.395908833,0.533908715365,-0.269947336725,0.53987122112,1.55548413263,-1.72521758676,1.03896706865,-16.99763,-7.048574,42.603398,1.875385,-0.223469,2.979457
4,1789438876.401456594,0.533908715365,-0.269947336725,0.53987122112,1.55548413263,-1.72521758676,1.03896706865,-17.096025,-7.002133,42.890115,1.869842,-0.232529,2.9771
4,1789438876.406054497,0.533908715365,-0.269947336725,0.53987122112,1.55548413263,-1.72521758676,1.03896706865,-17.072126,-7.081572,42.722453,1.879618,-0.227435,2.977834
4,1789438876.410908222,0.533908715365,-0.269947336725,0.53987122112,1.55548413263,-1.72521758676,1.03896706865,-17.043298,-7.083526,42.851361,1.870467,-0.228428,2.977019
4,1789438876.416032076,0.533908715365,-0.269947336725,0.53987122112,1.55548413263,-1.72521758676,1.03896706865,-16.967617,-7.126204,42.96599,1.879027,-0.224213,2.973534
4,1789438876.421061039,0.533908715365,-0.269947336725,0.53987122112,1.55548413263,-1.72521758676,1.03896706865,-16.943926,-7.098243,42.90736,1.875437,-0.220905,2.97199
4,1789438876.425912380,0.533908715365,-0.269947336725,0.53987122112,1.55548413263,-1.72521758676,1.03896706865,-16.955143,-7.04394,42.88333,1.873131,-0.225722,2.97372
4,1789438876.430851936,0.533908715365,-0.269947336725,0.53987122112,1.55548413263,-1.72521758676,1.03896706865,-16.998508,-7.006529,43.043128,1.874095,-0.222572,2.968823
4,1789438876.436149359,0.533908715365,-0.269947336725,0.53987122112,1.55548413263,-1.72521758676,1.03896706865,-17.040875,-6.976922,42.81989,1.870646,-0.228104,2.97416
4,1789438876.441041946,0.533908715365,-0.269947336725,0.53987122112,1.55548413263,-1.72521758676,1.03896706865,-17.045477,-7.075938,42.783921,1.878728,-0.226016,2.975612
4,1789438876.446132660,0.533908715365,-0.269947336725,0.53987122112,1.55548413263,-1.72521758676,1.03896706865,-17.019606,-7.091072,42.674681,1.875419,-0.22712,2.977202
4,1789438876.451316595,0.533908715365,-0.269947336725,0.53987122112,1.55548413263,-1.72521758676,1.03896706865,-17.003877,-7.124369,42.958262,1.879455,-0.224721,2.980543
4,1789438876.456083536,0.533908715365,-0.269947336725,0.53987122112,1.55548413263,-1.72521758676,1.03896706865,-16.973925,-7.103774,42.716984,1.878906,-0.223395,2.981003
4,1789438876.460956812,0.533908715365,-0.269947336725,0.53987122112,1.55548413263,-1.72521758676,1.03896706865,-16.967308,-7.079133,42.880916,1.87493,-0.22468,2.978491
4,1789438876.466156721,0.533908715365,-0.269947336725,0.53987122112,1.55548413263,-1.72521758676,1.03896706865,-16.999054,-7.066449,43.001382,1.87722,-0.224731,2.978051
4,1789438876.471199512,0.533908715365,-0.269947336725,0.53987122112,1.55548413263,-1.72521758676,1.03896706865,-17.013616,-7.004175,42.830613,1.871576,-0.227769,2.975279
4,1789438876.475995064,0.533908715365,-0.269947336725,0.53987122112,1.55548413263,-1.72521758676,1.03896706865,-17.047959,-7.05514,42.80162,1.876298,-0.22801,2.974717
4,1789438876.481275082,0.533908715365,-0.269947336725,0.53987122112,1.55548413263,-1.72521758676,1.03896706865,-17.047787,-7.047846,43.041451,1.871933,-0.229496,2.973241
4,1789438876.486083746,0.533908715365,-0.269947336725,0.53987122112,1.55548413263,-1.72521758676,1.03896706865,-17.046958,-7.136913,42.907308,1.883461,-0.2261,2.977458
4,1789438876.490864992,0.533908715365,-0.269947336725,0.53987122112,1.55548413263,-1.72521758676,1.03896706865,-17.023524,-7.101813,42.727529,1.875498,-0.225753,2.981549
4,1789438876.495814562,0.533908715365,-0.269947336725,0.53987122112,1.55548413263,-1.72521758676,1.03896706865,-16.974564,-7.098928,42.650372,1.88063,-0.221397,2.986283
4,1789438876.501127720,0.533908715365,-0.269947336725,0.53987122112,1.55548413263,-1.72521758676,1.03896706865,-16.972408,-7.035181,42.938189,1.873687,-0.22299,2.979414
4,1789438876.506214857,0.533908715365,-0.269947336725,0.53987122112,1.55548413263,-1.72521758676,1.03896706865,-16.975738,-7.040143,42.721442,1.878106,-0.224733,2.977358
4,1789438876.511259794,0.533908715365,-0.269947336725,0.53987122112,1.55548413263,-1.72521758676,1.03896706865,-17.002571,-7.047976,42.85997,1.876058,-0.224803,2.970655
4,1789438876.516198874,0.533908715365,-0.269947336725,0.53987122112,1.55548413263,-1.72521758676,1.03896706865,-16.950713,-7.032485,42.761,1.875344,-0.220679,2.973286
4,1789438876.521099567,0.533908715365,-0.269947336725,0.53987122112,1.55548413263,-1.72521758676,1.03896706865,-17.032806,-7.085887,42.860586,1.881377,-0.227935,2.970805
4,1789438876.525981665,0.533908715365,-0.269947336725,0.53987122112,1.55548413263,-1.72521758676,1.03896706865,-17.073885,-7.043846,42.92375,1.872736,-0.227069,2.975574
4,1789438876.530946016,0.533908715365,-0.269947336725,0.53987122112,1.55548413263,-1.72521758676,1.03896706865,-17.117331,-7.06279,42.834496,1.878186,-0.229056,2.983886
4,1789438876.536058664,0.533908715365,-0.269947336725,0.53987122112,1.55548413263,-1.72521758676,1.03896706865,-17.030366,-7.076824,42.836687,1.872528,-0.227286,2.979663
4,1789438876.540923595,0.533908715365,-0.269947336725,0.53987122112,1.55548413263,-1.72521758676,1.03896706865,-16.964019,-7.109223,43.048513,1.876495,-0.225975,2.9725
4,1789438876.545956135,0.533908715365,-0.269947336725,0.53987122112,1.55548413263,-1.72521758676,1.03896706865,-16.898964,-7.099015,42.894875,1.874032,-0.218269,2.976349
4,1789438876.551330328,0.533908715365,-0.269947336725,0.53987122112,1.55548413263,-1.72521758676,1.03896706865,-16.923652,-7.081039,42.771983,1.876089,-0.22638,2.974013
4,1789438876.556006670,0.533908715365,-0.269947336725,0.53987122112,1.55548413263,-1.72521758676,1.03896706865,-16.984291,-7.059173,42.878488,1.875438,-0.225016,2.970657
4,1789438876.560891628,0.533908715365,-0.269947336725,0.53987122112,1.55548413263,-1.72521758676,1.03896706865,-17.116714,-6.992766,42.919052,1.87204,-0.230983,2.977848
4,1789438876.565999269,0.533908715365,-0.269947336725,0.53987122112,1.55548413263,-1.72521758676,1.03896706865,-17.113149,-7.050197,42.830257,1.876866,-0.226388,2.98137
4,1789438876.571164131,0.533908715365,-0.269947336725,0.53987122112,1.55548413263,-1.72521758676,1.03896706865,-17.064847,-7.09601,42.913422,1.875715,-0.225203,2.981437
4,1789438876.576050997,0.533908715365,-0.269947336725,0.53987122112,1.55548413263,-1.72521758676,1.03896706865,-16.965106,-7.103087,42.980729,1.878908,-0.224665,2.970837
4,1789438876.581096649,0.533908715365,-0.269947336725,0.53987122112,1.55548413263,-1.72521758676,1.03896706865,-16.929454,-7.096824,42.908722,1.882546,-0.21796,2.973113
4,1789438876.586241722,0.533908715365,-0.269947336725,0.53987122112,1.55548413263,-1.72521758676,1.03896706865,-16.941694,-7.012139,42.893717,1.871252,-0.223506,2.974547
4,1789438876.590980053,0.533908715365,-0.269947336725,0.53987122112,1.55548413263,-1.72521758676,1.03896706865,-17.012843,-6.998953,43.044026,1.875911,-0.222822,2.969303
4,1789438876.596009731,0.533908715365,-0.269947336725,0.53987122112,1.55548413263,-1.72521758676,1.03896706865,-17.106125,-7.008079,42.842881,1.873935,-0.230271,2.976847
4,1789438876.601462841,0.533908715365,-0.269947336725,0.53987122112,1.55548413263,-1.72521758676,1.03896706865,-17.077309,-7.086874,42.789088,1.878218,-0.22584,2.979049
4,1789438876.606030226,0.533908715365,-0.269947336725,0.53987122112,1.55548413263,-1.72521758676,1.03896706865,-17.064411,-7.126561,42.583501,1.877915,-0.229025,2.984392
4,1789438876.611050129,0.533908715365,-0.269947336725,0.53987122112,1.55548413263,-1.72521758676,1.03896706865,-16.974027,-7.118262,42.966683,1.87923,-0.221874,2.9742
4,1789438876.616261005,0.533908715365,-0.269947336725,0.53987122112,1.55548413263,-1.72521758676,1.03896706865,-16.967765,-7.072342,42.734678,1.874117,-0.225596,2.980067
4,1789438876.621187687,0.533908715365,-0.269947336725,0.53987122112,1.55548413263,-1.72521758676,1.03896706865,-16.932934,-7.066997,42.867651,1.877723,-0.223641,2.975941
4,1789438876.625956297,0.533908715365,-0.269947336725,0.53987122112,1.55548413263,-1.72521758676,1.03896706865,-16.969319,-7.018117,42.944788,1.872145,-0.224509,2.971328
4,1789438876.630960464,0.533908715365,-0.269947336725,0.53987122112,1.55548413263,-1.72521758676,1.03896706865,-17.02966,-7.032931,42.884588,1.876123,-0.226263,2.974319
4,1789438876.636199474,0.533908715365,-0.269947336725,0.53987122112,1.55548413263,-1.72521758676,1.03896706865,-17.047429,-7.049625,42.856948,1.876104,-0.226377,2.974556
4,1789438876.641046047,0.533908715365,-0.269947336725,0.53987122112,1.55548413263,-1.72521758676,1.03896706865,-17.079108,-7.05184,43.04919,1.874502,-0.227303,2.972423
4,1789438876.646091938,0.533908715365,-0.269947336725,0.53987122112,1.55548413263,-1.72521758676,1.03896706865,-17.051714,-7.086815,42.869793,1.877842,-0.225867,2.977097
4,1789438876.651383638,0.533908715365,-0.269947336725,0.53987122112,1.55548413263,-1.72521758676,1.03896706865,-16.999182,-7.111056,42.792779,1.874589,-0.224824,2.981821
4,1789438876.656016588,0.533908715365,-0.269947336725,0.53987122112,1.55548413263,-1.72521758676,1.03896706865,-16.930158,-7.116449,42.674034,1.879504,-0.221956,2.977508
4,1789438876.660904408,0.533908715365,-0.269947336725,0.53987122112,1.55548413263,-1.72521758676,1.03896706865,-16.968243,-7.053114,42.973275,1.875867,-0.222282,2.97209
4,1789438876.666025162,0.533908715365,-0.269947336725,0.53987122112,1.55548413263,-1.72521758676,1.03896706865,-16.995836,-7.023419,42.694126,1.874978,-0.225947,2.977549
4,1789438876.671222210,0.533908715365,-0.269947336725,0.53987122112,1.55548413263,-1.72521758676,1.03896706865,-17.047713,-7.042767,42.813224,1.874966,-0.227122,2.976276
4,1789438876.675911665,0.533908715365,-0.269947336725,0.53987122112,1.55548413263,-1.72521758676,1.03896706865,-17.062199,-7.021564,42.895114,1.873217,-0.228478,2.974824
4,1789438876.680890322,0.533908715365,-0.269947336725,0.53987122112,1.55548413263,-1.72521758676,1.03896706865,-17.061734,-7.098764,42.863516,1.879847,-0.225453,2.979148
4,1789438876.686057806,0.533908715365,-0.269947336725,0.53987122112,1.55548413263,-1.72521758676,1.03896706865,-16.999062,-7.084469,42.885609,1.874222,-0.229078,2.974996
4,1789438876.691016674,0.533908715365,-0.269947336725,0.53987122112,1.55548413263,-1.72521758676,1.03896706865,-16.953655,-7.124202,43.050866,1.881641,-0.21793,2.974956
4,1789438876.695953846,0.533908715365,-0.269947336725,0.53987122112,1.55548413263,-1.72521758676,1.03896706865,-16.969576,-7.048887,42.881127,1.871737,-0.229089,2.978017
4,1789438876.701238632,0.533908715365,-0.269947336725,0.53987122112,1.55548413263,-1.72521758676,1.03896706865,-16.99539,-7.053286,42.887621,1.880438,-0.220965,2.97697
4,1789438876.705991030,0.533908715365,-0.269947336725,0.53987122112,1.55548413263,-1.72521758676,1.03896706865,-17.048393,-6.997047,42.833755,1.869533,-0.233068,2.976701
4,1789438876.710950375,0.533908715365,-0.269947336725,0.53987122112,1.55548413263,-1.72521758676,1.03896706865,-17.035521,-7.040658,42.91037,1.877268,-0.221693,2.973462
4,1789438876.716071129,0.533908715365,-0.269947336725,0.53987122112,1.55548413263,-1.72521758676,1.03896706865,-17.079496,-7.087767,42.860743,1.876243,-0.232773,2.976491
4,1789438876.721020222,0.533908715365,-0.269947336725,0.53987122112,1.55548413263,-1.72521758676,1.03896706865,-16.993803,-7.124227,42.904936,1.879464,-0.22013,2.976613
4,1789438876.725784302,0.533908715365,-0.269947336725,0.53987122112,1.55548413263,-1.72521758676,1.03896706865,-17.061095,-7.107934,42.775587,1.876729,-0.225266,2.982597
4,1789438876.730745554,0.533908715365,-0.269947336725,0.53987122112,1.55548413263,-1.72521758676,1.03896706865,-17.038747,-7.107066,42.841849,1.876702,-0.227226,2.977056
4,1789438876.735959530,0.533908715365,-0.269947336725,0.53987122112,1.55548413263,-1.72521758676,1.03896706865,-16.998178,-7.078427,42.964622,1.876314,-0.220672,2.97888
5,1789438929.910915375,0.533897523423,-0.269980488508,0.539945859512,-1.64795478152,1.96019457458,0.636938358826,20.756922,23.11619,51.421095,0.723553,2.925644,-2.253533
5,1789438929.917093992,0.533897523423,-0.269980488508,0.539945859512,-1.64795478152,1.96019457458,0.636938358826,20.732753,23.138067,51.443116,0.722485,2.925227,-2.251467
5,1789438929.920883894,0.533897523423,-0.269980488508,0.539945859512,-1.64795478152,1.96019457458,0.636938358826,20.695753,23.124647,51.479964,0.724198,2.926457,-2.25155
5,1789438929.925817013,0.533897523423,-0.269980488508,0.539945859512,-1.64795478152,1.96019457458,0.636938358826,20.65914,23.099642,51.335718,0.723052,2.923656,-2.248739
5,1789438929.930791616,0.533897523423,-0.269980488508,0.539945859512,-1.64795478152,1.96019457458,0.636938358826,20.660135,23.094714,51.147097,0.723898,2.921971,-2.244509
5,1789438929.936027765,0.533897523423,-0.269980488508,0.539945859512,-1.64795478152,1.96019457458,0.636938358826,20.680653,23.064335,51.546445,0.726067,2.923944,-2.250662
5,1789438929.940829515,0.533897523423,-0.269980488508,0.539945859512,-1.64795478152,1.96019457458,0.636938358826,20.72417,23.069764,51.307719,0.722556,2.924988,-2.24843
5,1789438929.945859432,0.533897523423,-0.269980488508,0.539945859512,-1.64795478152,1.96019457458,0.636938358826,20.760403,23.082855,51.452962,0.723422,2.925605,-2.250767
5,1789438929.951032162,0.533897523423,-0.269980488508,0.539945859512,-1.64795478152,1.96019457458,0.636938358826,20.764195,23.132537,51.505553,0.721973,2.926549,-2.25301
5,1789438929.955868959,0.533897523423,-0.269980488508,0.539945859512,-1.64795478152,1.96019457458,0.636938358826,20.72845,23.142852,51.421048,0.723242,2.925291,-2.247682
5,1789438929.960896969,0.533897523423,-0.269980488508,0.539945859512,-1.64795478152,1.96019457458,0.636938358826,20.690861,23.137794,51.418364,0.721592,2.923417,-2.249627
5,1789438929.966197014,0.533897523423,-0.269980488508,0.539945859512,-1.64795478152,1.96019457458,0.636938358826,20.66206,23.103844,51.641416,0.725726,2.923954,-2.255692
5,1789438929.970929861,0.533897523423,-0.269980488508,0.539945859512,-1.64795478152,1.96019457458,0.636938358826,20.663964,23.08977,51.485725,0.72799,2.925404,-2.25388
5,1789438929.975979328,0.533897523423,-0.269980488508,0.539945859512,-1.64795478152,1.96019457458,0.636938358826,20.724454,23.069225,51.384022,0.726109,2.927753,-2.253019
5,1789438929.980946064,0.533897523423,-0.269980488508,0.539945859512,-1.64795478152,1.96019457458,0.636938358826,20.764235,23.076294,51.317394,0.722957,2.926487,-2.254107
5,1789438929.986081123,0.533897523423,-0.269980488508,0.539945859512,-1.64795478152,1.96019457458,0.636938358826,20.7619,23.096879,51.515033,0.723435,2.92688,-2.258772
5,1789438929.990863085,0.533897523423,-0.269980488508,0.539945859512,-1.64795478152,1.96019457458,0.636938358826,20.705644,23.101447,51.291376,0.72235,2.925164,-2.247111
5,1789438929.995943069,0.533897523423,-0.269980488508,0.539945859512,-1.64795478152,1.96019457458,0.636938358826,20.710051,23.097159,51.440789,0.722896,2.925827,-2.252728
5,1789438930.000950336,0.533897523423,-0.269980488508,0.539945859512,-1.64795478152,1.96019457458,0.636938358826,20.634482,23.111722,51.517237,0.726279,2.922162,-2.252004
5,1789438930.005891562,0.533897523423,-0.269980488508,0.539945859512,-1.64795478152,1.96019457458,0.636938358826,20.65735,23.090842,51.439384,0.723821,2.924984,-2.247683
5,1789438930.010874510,0.533897523423,-0.269980488508,0.539945859512,-1.64795478152,1.96019457458,0.636938358826,20.702314,23.075968,51.430852,0.724989,2.923052,-2.247297
5,1789438930.016663790,0.533897523423,-0.269980488508,0.539945859512,-1.64795478152,1.96019457458,0.636938358826,20.71559,23.095615,51.633283,0.724456,2.925138,-2.254688
5,1789438930.021035433,0.533897523423,-0.269980488508,0.539945859512,-1.64795478152,1.96019457458,0.636938358826,20.753766,23.088565,51.4143,0.724857,2.924277,-2.251921
5,1789438930.025951385,0.533897523423,-0.269980488508,0.539945859512,-1.64795478152,1.96019457458,0.636938358826,20.768791,23.111994,51.294243,0.721824,2.927411,-2.251063
5,1789438930.030835390,0.533897523423,-0.269980488508,0.539945859512,-1.64795478152,1.96019457458,0.636938358826,20.750886,23.102541,51.177408,0.720028,2.925814,-2.248499
5,1789438930.036071539,0.533897523423,-0.269980488508,0.539945859512,-1.64795478152,1.96019457458,0.636938358826,20.695324,23.134138,51.493328,0.722153,2.923348,-2.255347
5,1789438930.041003942,0.533897523423,-0.269980488508,0.539945859512,-1.64795478152,1.96019457458,0.636938358826,20.657989,23.093239,51.270948,0.723875,2.922774,-2.248589
5,1789438930.046117544,0.533897523423,-0.269980488508,0.539945859512,-1.64795478152,1.96019457458,0.636938358826,20.668257,23.093334,51.425178,0.721912,2.921076,-2.251304
5,1789438930.051084518,0.533897523423,-0.269980488508,0.539945859512,-1.64795478152,1.96019457458,0.636938358826,20.702014,23.059826,51.512539,0.725933,2.925701,-2.254342
5,1789438930.055932999,0.533897523423,-0.269980488508,0.539945859512,-1.64795478152,1.96019457458,0.636938358826,20.760487,23.10236,51.400839,0.721297,2.925974,-2.254465
5,1789438930.060830355,0.533897523423,-0.269980488508,0.539945859512,-1.64795478152,1.96019457458,0.636938358826,20.808917,23.097501,51.391934,0.719796,2.927826,-2.25391
5,1789438930.066101074,0.533897523423,-0.269980488508,0.539945859512,-1.64795478152,1.96019457458,0.636938358826,20.744262,23.081423,51.404061,0.723429,2.925255,-2.252372
5,1789438930.071105242,0.533897523423,-0.269980488508,0.539945859512,-1.64795478152,1.96019457458,0.636938358826,20.745019,23.109832,51.43399,0.721811,2.92463,-2.251249
5,1789438930.077167034,0.533897523423,-0.269980488508,0.539945859512,-1.64795478152,1.96019457458,0.636938358826,20.751963,23.09935,51.487699,0.721881,2.925046,-2.25252
5,1789438930.084465265,0.533897523423,-0.269980488508,0.539945859512,-1.64795478152,1.96019457458,0.636938358826,20.690791,23.100581,51.408127,0.722041,2.92533,-2.249831
5,1789438930.088206291,0.533897523423,-0.269980488508,0.539945859512,-1.64795478152,1.96019457458,0.636938358826,20.689528,23.095319,51.315595,0.722888,2.923345,-2.249716
5,1789438930.091447353,0.533897523423,-0.269980488508,0.539945859512,-1.64795478152,1.96019457458,0.636938358826,20.679468,23.111322,51.133115,0.724892,2.923357,-2.247499
5,1789438930.095980644,0.533897523423,-0.269980488508,0.539945859512,-1.64795478152,1.96019457458,0.636938358826,20.706422,23.076255,51.517523,0.724676,2.925003,-2.251227
5,1789438930.100984097,0.533897523423,-0.269980488508,0.539945859512,-1.64795478152,1.96019457458,0.636938358826,20.722884,23.076423,51.280507,0.723356,2.925001,-2.248021
5,1789438930.105891228,0.533897523423,-0.269980488508,0.539945859512,-1.64795478152,1.96019457458,0.636938358826,20.76696,23.10819,51.460778,0.723664,2.92523,-2.251914
5,1789438930.110881805,0.533897523423,-0.269980488508,0.539945859512,-1.64795478152,1.96019457458,0.636938358826,20.753328,23.126398,51.548251,0.723154,2.927553,-2.255385
5,1789438930.116277695,0.533897523423,-0.269980488508,0.539945859512,-1.64795478152,1.96019457458,0.636938358826,20.713981,23.141466,51.461011,0.723898,2.926382,-2.251856
5,1789438930.120788336,0.533897523423,-0.269980488508,0.539945859512,-1.64795478152,1.96019457458,0.636938358826,20.662339,23.101386,51.385393,0.723415,2.924152,-2.252711
5,1789438930.125749588,0.533897523423,-0.269980488508,0.539945859512,-1.64795478152,1.96019457458,0.636938358826,20.645154,23.094492,51.639305,0.726199,2.924365,-2.256997
5,1789438930.131123543,0.533897523423,-0.269980488508,0.539945859512,-1.64795478152,1.96019457458,0.636938358826,20.670572,23.029118,51.426721,0.723997,2.923884,-2.249667
5,1789438930.135932684,0.533897523423,-0.269980488508,0.539945859512,-1.64795478152,1.96019457458,0.636938358826,20.719121,23.059623,51.286888,0.722986,2.925499,-2.249784
5,1789438930.140722752,0.533897523423,-0.269980488508,0.539945859512,-1.64795478152,1.96019457458,0.636938358826,20.745129,23.092798,51.134106,0.723368,2.926861,-2.246283
5,1789438930.145748377,0.533897523423,-0.269980488508,0.539945859512,-1.64795478152,1.96019457458,0.636938358826,20.777548,23.128619,51.501039,0.722822,2.924609,-2.256159
5,1789438930.150862694,0.533897523423,-0.269980488508,0.539945859512,-1.64795478152,1.96019457458,0.636938358826,20.737195,23.142641,51.24365,0.7213,2.928066,-2.247755
5,1789438930.155716658,0.533897523423,-0.269980488508,0.539945859512,-1.64795478152,1.96019457458,0.636938358826,20.696987,23.139685,51.437125,0.721302,2.924561,-2.249397
5,1789438930.160659552,0.533897523423,-0.269980488508,0.539945859512,-1.64795478152,1.96019457458,0.636938358826,20.70284,23.116319,51.49675,0.723989,2.924843,-2.252868
5,1789438930.166431904,0.533897523423,-0.269980488508,0.539945859512,-1.64795478152,1.96019457458,0.636938358826,20.67148,23.087827,51.403104,0.726297,2.923181,-2.247285
5,1789438930.170909882,0.533897523423,-0.269980488508,0.539945859512,-1.64795478152,1.96019457458,0.636938358826,20.714469,23.07231,51.434207,0.722634,2.92484,-2.250921
5,1789438930.175764322,0.533897523423,-0.269980488508,0.539945859512,-1.64795478152,1.96019457458,0.636938358826,20.755365,23.058952,51.588028,0.724828,2.926868,-2.253449
5,1789438930.181128263,0.533897523423,-0.269980488508,0.539945859512,-1.64795478152,1.96019457458,0.636938358826,20.750565,23.105744,51.421038,0.723974,2.925807,-2.253507
5,1789438930.185860634,0.533897523423,-0.269980488508,0.539945859512,-1.64795478152,1.96019457458,0.636938358826,20.737471,23.103121,51.32129,0.72395,2.927584,-2.251615
5,1789438930.190722227,0.533897523423,-0.269980488508,0.539945859512,-1.64795478152,1.96019457458,0.636938358826,20.726025,23.138467,51.157289,0.722199,2.926687,-2.249633
5,1789438930.195741892,0.533897523423,-0.269980488508,0.539945859512,-1.64795478152,1.96019457458,0.636938358826,20.672644,23.112263,51.521947,0.721061,2.925011,-2.254583
5,1789438930.200996637,0.533897523423,-0.269980488508,0.539945859512,-1.64795478152,1.96019457458,0.636938358826,20.685387,23.065162,51.272208,0.724789,2.923845,-2.247486
5,1789438930.205868244,0.533897523423,-0.269980488508,0.539945859512,-1.64795478152,1.96019457458,0.636938358826,20.690922,23.060775,51.400002,0.721122,2.922819,-2.249119
5,1789438930.210827827,0.533897523423,-0.269980488508,0.539945859512,-1.64795478152,1.96019457458,0.636938358826,20.736128,23.070744,51.519068,0.723514,2.924883,-2.250161
5,1789438930.216205120,0.533897523423,-0.269980488508,0.539945859512,-1.64795478152,1.96019457458,0.636938358826,20.75812,23.109413,51.422467,0.721778,2.925078,-2.252637
5,1789438930.222333431,0.533897523423,-0.269980488508,0.539945859512,-1.64795478152,1.96019457458,0.636938358826,20.741711,23.127821,51.456305,0.722565,2.92635,-2.254821
5,1789438930.227034330,0.533897523423,-0.269980488508,0.539945859512,-1.64795478152,1.96019457458,0.636938358826,20.743858,23.103446,51.085246,0.720719,2.927817,-2.247729
5,1789438930.232500553,0.533897523423,-0.269980488508,0.539945859512,-1.64795478152,1.96019457458,0.636938358826,20.712924,23.112756,51.386525,0.71969,2.924089,-2.251943
5,1789438930.237959385,0.533897523423,-0.269980488508,0.539945859512,-1.64795478152,1.96019457458,0.636938358826,20.69487,23.106093,51.33652,0.722147,2.922274,-2.248362
5,1789438930.242338896,0.533897523423,-0.269980488508,0.539945859512,-1.64795478152,1.96019457458,0.636938358826,20.678145,23.096131,51.109913,0.723573,2.92285,-2.244381
5,1789438930.247228146,0.533897523423,-0.269980488508,0.539945859512,-1.64795478152,1.96019457458,0.636938358826,20.68533,23.107826,51.559314,0.725434,2.924667,-2.248467
5,1789438930.252544403,0.533897523423,-0.269980488508,0.539945859512,-1.64795478152,1.96019457458,0.636938358826,20.733162,23.08293,51.338328,0.728648,2.926928,-2.246597
5,1789438930.257402897,0.533897523423,-0.269980488508,0.539945859512,-1.64795478152,1.96019457458,0.636938358826,20.754384,23.106765,51.480225,0.723985,2.926803,-2.251194
5,1789438930.262035608,0.533897523423,-0.269980488508,0.539945859512,-1.64795478152,1.96019457458,0.636938358826,20.743957,23.129659,51.550836,0.724858,2.927191,-2.253786
5,1789438930.266851187,0.533897523423,-0.269980488508,0.539945859512,-1.64795478152,1.96019457458,0.636938358826,20.704575,23.137055,51.452291,0.721552,2.924588,-2.251627
5,1789438930.271256208,0.533897523423,-0.269980488508,0.539945859512,-1.64795478152,1.96019457458,0.636938358826,20.659062,23.106552,51.400623,0.723208,2.924008,-2.248879
5,1789438930.276254654,0.533897523423,-0.269980488508,0.539945859512,-1.64795478152,1.96019457458,0.636938358826,20.705657,23.130378,51.411074,0.722698,2.925328,-2.254143
5,1789438930.281100750,0.533897523423,-0.269980488508,0.539945859512,-1.64795478152,1.96019457458,0.636938358826,20.687066,23.11332,51.414564,0.721696,2.924668,-2.251845
5,1789438930.286248922,0.533897523423,-0.269980488508,0.539945859512,-1.64795478152,1.96019457458,0.636938358826,20.652466,23.077527,51.63996,0.72481,2.923271,-2.250494
5,1789438930.291149855,0.533897523423,-0.269980488508,0.539945859512,-1.64795478152,1.96019457458,0.636938358826,20.689678,23.09036,51.423808,0.724387,2.922796,-2.252009
5,1789438930.296193600,0.533897523423,-0.269980488508,0.539945859512,-1.64795478152,1.96019457458,0.636938358826,20.727714,23.049466,51.242398,0.724675,2.926782,-2.248279
5,1789438930.302079439,0.533897523423,-0.269980488508,0.539945859512,-1.64795478152,1.96019457458,0.636938358826,20.766043,23.096598,51.249227,0.723416,2.927861,-2.249977
5,1789438930.305943966,0.533897523423,-0.269980488508,0.539945859512,-1.64795478152,1.96019457458,0.636938358826,20.739827,23.119269,51.530992,0.723988,2.927683,-2.254475
5,1789438930.311056137,0.533897523423,-0.269980488508,0.539945859512,-1.64795478152,1.96019457458,0.636938358826,20.720217,23.144619,51.330873,0.723638,2.926063,-2.251834
5,1789438930.316149950,0.533897523423,-0.269980488508,0.539945859512,-1.64795478152,1.96019457458,0.636938358826,20.669579,23.096051,51.423026,0.721989,2.925469,-2.252232
5,1789438930.320919752,0.533897523423,-0.269980488508,0.539945859512,-1.64795478152,1.96019457458,0.636938358826,20.676791,23.068404,51.509529,0.724232,2.923667,-2.250498
5,1789438930.327289343,0.533897523423,-0.269980488508,0.539945859512,-1.64795478152,1.96019457458,0.636938358826,20.680665,23.090846,51.429115,0.724414,2.924084,-2.248405
5,1789438930.332640171,0.533897523423,-0.269980488508,0.539945859512,-1.64795478152,1.96019457458,0.636938358826,20.714536,23.059641,51.382402,0.725569,2.924837,-2.248274
5,1789438930.337906599,0.533897523423,-0.269980488508,0.539945859512,-1.64795478152,1.96019457458,0.636938358826,20.76675,23.085348,51.6299,0.722506,2.926769,-2.256591
5,1789438930.342217684,0.533897523423,-0.269980488508,0.539945859512,-1.64795478152,1.96019457458,0.636938358826,20.757155,23.108834,51.448233,0.723709,2.926205,-2.253936
5,1789438930.347448826,0.533897523423,-0.269980488508,0.539945859512,-1.64795478152,1.96019457458,0.636938358826,20.746103,23.120734,51.267185,0.720781,2.926814,-2.250624
5,1789438930.353189468,0.533897523423,-0.269980488508,0.539945859512,-1.64795478152,1.96019457458,0.636938358826,20.710174,23.144726,51.297757,0.720106,2.925373,-2.249191
5,1789438930.357408524,0.533897523423,-0.269980488508,0.539945859512,-1.64795478152,1.96019457458,0.636938358826,20.686023,23.10849,51.532167,0.724167,2.923956,-2.254116
5,1789438930.362544060,0.533897523423,-0.269980488508,0.539945859512,-1.64795478152,1.96019457458,0.636938358826,20.667978,23.111024,51.397863,0.722003,2.923813,-2.250704
5,1789438930.369772434,0.533897523423,-0.269980488508,0.539945859512,-1.64795478152,1.96019457458,0.636938358826,20.694351,23.085411,51.425401,0.724585,2.923242,-2.25089
5,1789438930.372427940,0.533897523423,-0.269980488508,0.539945859512,-1.64795478152,1.96019457458,0.636938358826,20.756847,23.06169,51.454029,0.725848,2.925157,-2.250045
5,1789438930.377436399,0.533897523423,-0.269980488508,0.539945859512,-1.64795478152,1.96019457458,0.636938358826,20.77716,23.10633,51.443014,0.72457,2.925915,-2.251282
5,1789438930.382555246,0.533897523423,-0.269980488508,0.539945859512,-1.64795478152,1.96019457458,0.636938358826,20.756699,23.148021,51.450149,0.723319,2.928349,-2.252645
5,1789438930.387612104,0.533897523423,-0.269980488508,0.539945859512,-1.64795478152,1.96019457458,0.636938358826,20.742041,23.128074,51.465653,0.722246,2.926158,-2.25481
5,1789438930.394622564,0.533897523423,-0.269980488508,0.539945859512,-1.64795478152,1.96019457458,0.636938358826,20.666917,23.137305,51.455129,0.721974,2.925291,-2.255812
5,1789438930.397463322,0.533897523423,-0.269980488508,0.539945859512,-1.64795478152,1.96019457458,0.636938358826,20.654969,23.091402,51.315169,0.722549,2.922489,-2.250094
5,1789438930.402485847,0.533897523423,-0.269980488508,0.539945859512,-1.64795478152,1.96019457458,0.636938358826,20.680717,23.076528,51.171958,0.722798,2.922652,-2.246295
5,1789438930.407154083,0.533897523423,-0.269980488508,0.539945859512,-1.64795478152,1.96019457458,0.636938358826,20.70712,23.063815,51.560717,0.725683,2.924646,-2.253386
5,1789438930.413000107,0.533897523423,-0.269980488508,0.539945859512,-1.64795478152,1.96019457458,0.636938358826,20.743843,23.101842,51.303722,0.722929,2.925048,-2.251196
5,1789438930.417372227,0.533897523423,-0.269980488508,0.539945859512,-1.64795478152,1.96019457458,0.636938358826,20.762418,23.111106,51.485732,0.724073,2.926995,-2.253672
5,1789438930.421988964,0.533897523423,-0.269980488508,0.539945859512,-1.64795478152,1.96019457458,0.636938358826,20.731889,23.136583,51.583417,0.722464,2.926745,-2.256874
5,1789438930.426462650,0.533897523423,-0.269980488508,0.539945859512,-1.64795478152,1.96019457458,0.636938358826,20.662158,23.107301,51.417127,0.721608,2.924134,-2.250217
5,1789438930.431413412,0.533897523423,-0.269980488508,0.539945859512,-1.64795478152,1.96019457458,0.636938358826,20.671003,23.085421,51.429555,0.722371,2.923216,-2.248165
5,1789438930.436181068,0.533897523423,-0.269980488508,0.539945859512,-1.64795478152,1.96019457458,0.636938358826,20.65674,23.108958,51.640216,0.726163,2.92311,-2.250527
5,1789438930.441101789,0.533897523423,-0.269980488508,0.539945859512,-1.64795478152,1.96019457458,0.636938358826,20.693978,23.0983,51.440374,0.727138,2.925218,-2.247067
5,1789438930.446043253,0.533897523423,-0.269980488508,0.539945859512,-1.64795478152,1.96019457458,0.636938358826,20.734226,23.097609,51.275393,0.726408,2.925818,-2.25142
5,1789438930.451154947,0.533897523423,-0.269980488508,0.539945859512,-1.64795478152,1.96019457458,0.636938358826,20.753564,23.126419,51.249306,0.724122,2.926986,-2.250202
5,1789438930.455996990,0.533897523423,-0.269980488508,0.539945859512,-1.64795478152,1.96019457458,0.636938358826,20.746408,23.137062,51.548353,0.724058,2.927688,-2.255378
5,1789438930.461038589,0.533897523423,-0.269980488508,0.539945859512,-1.64795478152,1.96019457458,0.636938358826,20.690298,23.140646,51.306615,0.72232,2.926748,-2.249354
5,1789438930.466101170,0.533897523423,-0.269980488508,0.539945859512,-1.64795478152,1.96019457458,0.636938358826,20.689924,23.109052,51.467992,0.72547,2.925704,-2.25332
5,1789438930.471065760,0.533897523423,-0.269980488508,0.539945859512,-1.64795478152,1.96019457458,0.636938358826,20.645917,23.116713,51.546742,0.725722,2.922989,-2.250876
5,1789438930.475955486,0.533897523423,-0.269980488508,0.539945859512,-1.64795478152,1.96019457458,0.636938358826,20.649025,23.090652,51.455072,0.727382,2.923144,-2.249854
5,1789438930.480990410,0.533897523423,-0.269980488508,0.539945859512,-1.64795478152,1.96019457458,0.636938358826,20.71644,23.074525,51.44494,0.725261,2.925141,-2.250001
5,1789438930.486069441,0.533897523423,-0.269980488508,0.539945859512,-1.64795478152,1.96019457458,0.636938358826,20.694183,23.062783,51.37949,0.724396,2.92421,-2.250264
5,1789438930.491165400,0.533897523423,-0.269980488508,0.539945859512,-1.64795478152,1.96019457458,0.636938358826,20.742841,23.058622,51.39865,0.722584,2.925501,-2.249669
5,1789438930.495947599,0.533897523423,-0.269980488508,0.539945859512,-1.64795478152,1.96019457458,0.636938358826,20.784585,23.081686,51.600547,0.723031,2.926374,-2.257554
5,1789438930.501054525,0.533897523423,-0.269980488508,0.539945859512,-1.64795478152,1.96019457458,0.636938358826,20.789032,23.117254,51.446911,0.722223,2.927129,-2.254694
5,1789438930.506214857,0.533897523423,-0.269980488508,0.539945859512,-1.64795478152,1.96019457458,0.636938358826,20.745884,23.141536,51.232135,0.719962,2.926411,-2.249355
5,1789438930.511037350,0.533897523423,-0.269980488508,0.539945859512,-1.64795478152,1.96019457458,0.636938358826,20.709218,23.137667,51.28345,0.723509,2.926704,-2.252326
5,1789438930.516353130,0.533897523423,-0.269980488508,0.539945859512,-1.64795478152,1.96019457458,0.636938358826,20.67372,23.107186,51.541236,0.724816,2.925711,-2.254083
5,1789438930.520989180,0.533897523423,-0.269980488508,0.539945859512,-1.64795478152,1.96019457458,0.636938358826,20.668565,23.084274,51.325886,0.725265,2.924198,-2.248967
5,1789438930.525958061,0.533897523423,-0.269980488508,0.539945859512,-1.64795478152,1.96019457458,0.636938358826,20.698491,23.049944,51.400631,0.724105,2.925266,-2.254494
5,1789438930.530922651,0.533897523423,-0.269980488508,0.539945859512,-1.64795478152,1.96019457458,0.636938358826,20.711553,23.086917,51.600132,0.725566,2.925266,-2.258075
5,1789438930.536167622,0.533897523423,-0.269980488508,0.539945859512,-1.64795478152,1.96019457458,0.636938358826,20.759398,23.101716,51.433728,0.719351,2.925287,-2.257337
5,1789438930.540964127,0.533897523423,-0.269980488508,0.539945859512,-1.64795478152,1.96019457458,0.636938358826,20.765568,23.106167,51.395206,0.720072,2.924368,-2.252245
5,1789438930.545863628,0.533897523423,-0.269980488508,0.539945859512,-1.64795478152,1.96019457458,0.636938358826,20.711138,23.141733,51.434223,0.720672,2.923144,-2.251444
5,1789438930.551161051,0.533897523423,-0.269980488508,0.539945859512,-1.64795478152,1.96019457458,0.636938358826,20.700945,23.108926,51.390583,0.722847,2.923234,-2.249421
5,1789438930.556041479,0.533897523423,-0.269980488508,0.539945859512,-1.64795478152,1.96019457458,0.636938358826,20.671226,23.127567,51.418351,0.723339,2.923878,-2.24957
5,1789438930.561027050,0.533897523423,-0.269980488508,0.539945859512,-1.64795478152,1.96019457458,0.636938358826,20.67831,23.09643,51.300324,0.725843,2.924496,-2.247465
5,1789438930.566352606,0.533897523423,-0.269980488508,0.539945859512,-1.64795478152,1.96019457458,0.636938358826,20.723566,23.093833,51.544269,0.725685,2.924577,-2.252129
5,1789438930.571018696,0.533897523423,-0.269980488508,0.539945859512,-1.64795478152,1.96019457458,0.636938358826,20.766368,23.082711,51.312965,0.723744,2.928245,-2.250767
5,1789438930.576686382,0.533897523423,-0.269980488508,0.539945859512,-1.64795478152,1.96019457458,0.636938358826,20.76832,23.121561,51.441346,0.723004,2.926104,-2.252416
5,1789438930.581063509,0.533897523423,-0.269980488508,0.539945859512,-1.64795478152,1.96019457458,0.636938358826,20.744479,23.121533,51.565257,0.721448,2.926855,-2.256466
5,1789438930.586093426,0.533897523423,-0.269980488508,0.539945859512,-1.64795478152,1.96019457458,0.636938358826,20.683761,23.126393,51.417111,0.72329,2.924703,-2.250271
5,1789438930.590992451,0.533897523423,-0.269980488508,0.539945859512,-1.64795478152,1.96019457458,0.636938358826,20.668781,23.097774,51.42548,0.721374,2.923267,-2.250876
5,1789438930.596189976,0.533897523423,-0.269980488508,0.539945859512,-1.64795478152,1.96019457458,0.636938358826,20.667953,23.064284,51.624901,0.724483,2.923703,-2.25412
5,1789438930.601182222,0.533897523423,-0.269980488508,0.539945859512,-1.64795478152,1.96019457458,0.636938358826,20.726656,23.079499,51.469101,0.723419,2.92492,-2.252466
5,1789438930.606044054,0.533897523423,-0.269980488508,0.539945859512,-1.64795478152,1.96019457458,0.636938358826,20.76783,23.062742,51.220837,0.721992,2.926786,-2.25021
5,1789438930.610999346,0.533897523423,-0.269980488508,0.539945859512,-1.64795478152,1.96019457458,0.636938358826,20.76086,23.100924,51.277642,0.722555,2.927419,-2.24971
5,1789438930.616474390,0.533897523423,-0.269980488508,0.539945859512,-1.64795478152,1.96019457458,0.636938358826,20.752808,23.148702,51.518517,0.724635,2.926976,-2.256784
5,1789438930.620999098,0.533897523423,-0.269980488508,0.539945859512,-1.64795478152,1.96019457458,0.636938358826,20.720412,23.123635,51.312112,0.723482,2.925915,-2.251838
5,1789438930.626030445,0.533897523423,-0.269980488508,0.539945859512,-1.64795478152,1.96019457458,0.636938358826,20.664173,23.121544,51.413252,0.721938,2.925183,-2.252711
5,1789438930.630984783,0.533897523423,-0.269980488508,0.539945859512,-1.64795478152,1.96019457458,0.636938358826,20.636302,23.08992,51.573893,0.724162,2.922711,-2.251246
5,1789438930.636149645,0.533897523423,-0.269980488508,0.539945859512,-1.64795478152,1.96019457458,0.636938358826,20.686485,23.059771,51.438359,0.724334,2.923269,-2.248364
5,1789438930.641108274,0.533897523423,-0.269980488508,0.539945859512,-1.64795478152,1.96019457458,0.636938358826,20.742048,23.05229,51.400177,0.722435,2.924419,-2.248757
5,1789438930.645933628,0.533897523423,-0.269980488508,0.539945859512,-1.64795478152,1.96019457458,0.636938358826,20.759432,23.089869,51.612907,0.722943,2.925633,-2.255702
5,1789438930.651096821,0.533897523423,-0.269980488508,0.539945859512,-1.64795478152,1.96019457458,0.636938358826,20.75069,23.125774,51.485155,0.724435,2.927238,-2.254115
5,1789438930.655966282,0.533897523423,-0.269980488508,0.539945859512,-1.64795478152,1.96019457458,0.636938358826,20.728621,23.145622,51.294545,0.721067,2.927721,-2.251031
5,1789438930.660965443,0.533897523423,-0.269980488508,0.539945859512,-1.64795478152,1.96019457458,0.636938358826,20.699228,23.104914,51.347316,0.722455,2.925706,-2.253077
5,1789438930.667364359,0.533897523423,-0.269980488508,0.539945859512,-1.64795478152,1.96019457458,0.636938358826,20.686814,23.107135,51.52545,0.721887,2.924531,-2.258401
5,1789438930.670947552,0.533897523423,-0.269980488508,0.539945859512,-1.64795478152,1.96019457458,0.636938358826,20.67122,23.073306,51.280322,0.722417,2.921223,-2.248579
5,1789438930.675979614,0.533897523423,-0.269980488508,0.539945859512,-1.64795478152,1.96019457458,0.636938358826,20.718749,23.067342,51.402464,0.720903,2.924225,-2.253442
5,1789438930.681098938,0.533897523423,-0.269980488508,0.539945859512,-1.64795478152,1.96019457458,0.636938358826,20.765463,23.063992,51.5294,0.722666,2.926102,-2.25536
5,1789438930.686121702,0.533897523423,-0.269980488508,0.539945859512,-1.64795478152,1.96019457458,0.636938358826,20.76156,23.109888,51.443962,0.722118,2.926679,-2.256654
5,1789438930.691070318,0.533897523423,-0.269980488508,0.539945859512,-1.64795478152,1.96019457458,0.636938358826,20.731645,23.097861,51.418778,0.721266,2.928486,-2.254618
5,1789438930.696087837,0.533897523423,-0.269980488508,0.539945859512,-1.64795478152,1.96019457458,0.636938358826,20.747343,23.09707,51.45955,0.726042,2.926799,-2.252532
5,1789438930.701254368,0.533897523423,-0.269980488508,0.539945859512,-1.64795478152,1.96019457458,0.636938358826,20.737338,23.125312,51.414803,0.723804,2.9268,-2.251502
5,1789438930.706009388,0.533897523423,-0.269980488508,0.539945859512,-1.64795478152,1.96019457458,0.636938358826,20.688321,23.134227,51.643324,0.722496,2.926619,-2.254238
5,1789438930.711092949,0.533897523423,-0.269980488508,0.539945859512,-1.64795478152,1.96019457458,0.636938358826,20.672243,23.100164,51.470257,0.72433,2.924463,-2.25193
5,1789438930.716732979,0.533897523423,-0.269980488508,0.539945859512,-1.64795478152,1.96019457458,0.636938358826,20.661027,23.079677,51.28304,0.72485,2.924185,-2.246546
5,1789438930.720992088,0.533897523423,-0.269980488508,0.539945859512,-1.64795478152,1.96019457458,0.636938358826,20.69991,23.072539,51.417801,0.723958,2.924423,-2.249562
5,1789438930.726015329,0.533897523423,-0.269980488508,0.539945859512,-1.64795478152,1.96019457458,0.636938358826,20.718071,23.089289,51.517853,0.724626,2.925264,-2.251041
5,1789438930.731205940,0.533897523423,-0.269980488508,0.539945859512,-1.64795478152,1.96019457458,0.636938358826,20.754883,23.092635,51.315206,0.722371,2.925724,-2.249628
5,1789438930.736161470,0.533897523423,-0.269980488508,0.539945859512,-1.64795478152,1.96019457458,0.636938358826,20.75289,23.133701,51.412484,0.721703,2.925896,-2.253121
5,1789438930.741149664,0.533897523423,-0.269980488508,0.539945859512,-1.64795478152,1.96019457458,0.636938358826,20.744353,23.136302,51.472633,0.721463,2.925918,-2.256386
5,1789438930.746062756,0.533897523423,-0.269980488508,0.539945859512,-1.64795478152,1.96019457458,0.636938358826,20.69837,23.112654,51.413458,0.722627,2.924964,-2.252536
5,1789438930.751029730,0.533897523423,-0.269980488508,0.539945859512,-1.64795478152,1.96019457458,0.636938358826,20.685358,23.100588,51.425864,0.722045,2.922878,-2.250679
5,1789438930.756063223,0.533897523423,-0.269980488508,0.539945859512,-1.64795478152,1.96019457458,0.636938358826,20.696959,23.092022,51.144612,0.723764,2.923353,-2.245932
5,1789438930.761099577,0.533897523423,-0.269980488508,0.539945859512,-1.64795478152,1.96019457458,0.636938358826,20.716563,23.088772,51.42138,0.722685,2.923858,-2.253422
5,1789438930.766212463,0.533897523423,-0.269980488508,0.539945859512,-1.64795478152,1.96019457458,0.636938358826,20.762081,23.074038,51.303801,0.72226,2.926892,-2.250764
5,1789438930.771181345,0.533897523423,-0.269980488508,0.539945859512,-1.64795478152,1.96019457458,0.636938358826,20.788008,23.114161,51.255002,0.721517,2.92827,-2.252284
5,1789438930.776055098,0.533897523423,-0.269980488508,0.539945859512,-1.64795478152,1.96019457458,0.636938358826,20.784072,23.106697,51.505893,0.719725,2.926701,-2.252584
5,1789438930.780950308,0.533897523423,-0.269980488508,0.539945859512,-1.64795478152,1.96019457458,0.636938358826,20.722464,23.145187,51.321557,0.721709,2.925651,-2.251862
5,1789438930.786146402,0.533897523423,-0.269980488508,0.539945859512,-1.64795478152,1.96019457458,0.636938358826,20.665327,23.131254,51.408346,0.723762,2.924192,-2.250025
5,1789438930.791091681,0.533897523423,-0.269980488508,0.539945859512,-1.64795478152,1.96019457458,0.636938358826,20.644436,23.09993,51.605019,0.725665,2.924695,-2.248987
5,1789438930.796002626,0.533897523423,-0.269980488508,0.539945859512,-1.64795478152,1.96019457458,0.636938358826,20.690609,23.062802,51.410797,0.725685,2.923164,-2.248182
5,1789438930.801149130,0.533897523423,-0.269980488508,0.539945859512,-1.64795478152,1.96019457458,0.636938358826,20.734697,23.077153,51.446291,0.723987,2.924718,-2.249145
5,1789438930.805900097,0.533897523423,-0.269980488508,0.539945859512,-1.64795478152,1.96019457458,0.636938358826,20.803526,23.069553,51.586997,0.724325,2.927962,-2.254009
5,1789438930.810977221,0.533897523423,-0.269980488508,0.539945859512,-1.64795478152,1.96019457458,0.636938358826,20.762975,23.148261,51.506324,0.72265,2.924886,-2.252787
5,1789438930.816488504,0.533897523423,-0.269980488508,0.539945859512,-1.64795478152,1.96019457458,0.636938358826,20.738877,23.123603,51.267483,0.721832,2.927521,-2.250386
5,1789438930.821036100,0.533897523423,-0.269980488508,0.539945859512,-1.64795478152,1.96019457458,0.636938358826,20.679333,23.123424,51.3981,0.722265,2.924633,-2.250517
5,1789438930.825992107,0.533897523423,-0.269980488508,0.539945859512,-1.64795478152,1.96019457458,0.636938358826,20.675753,23.095331,51.48623,0.722598,2.923487,-2.253707
5,1789438930.830972910,0.533897523423,-0.269980488508,0.539945859512,-1.64795478152,1.96019457458,0.636938358826,20.682779,23.072079,51.310327,0.726563,2.924104,-2.246808
5,1789438930.836027861,0.533897523423,-0.269980488508,0.539945859512,-1.64795478152,1.96019457458,0.636938358826,20.744903,23.07179,51.450507,0.722891,2.92765,-2.252088
5,1789438930.840878010,0.533897523423,-0.269980488508,0.539945859512,-1.64795478152,1.96019457458,0.636938358826,20.779863,23.079816,51.550913,0.723959,2.925908,-2.253572
5,1789438930.846126795,0.533897523423,-0.269980488508,0.539945859512,-1.64795478152,1.96019457458,0.636938358826,20.776028,23.130161,51.421335,0.722224,2.927949,-2.253156
5,1789438930.851105213,0.533897523423,-0.269980488508,0.539945859512,-1.64795478152,1.96019457458,0.636938358826,20.76418,23.138441,51.396425,0.720818,2.926544,-2.251387
5,1789438930.856055021,0.533897523423,-0.269980488508,0.539945859512,-1.64795478152,1.96019457458,0.636938358826,20.71373,23.142969,51.575962,0.721994,2.924566,-2.255953
5,1789438930.860963583,0.533897523423,-0.269980488508,0.539945859512,-1.64795478152,1.96019457458,0.636938358826,20.659393,23.108246,51.461859,0.724862,2.923817,-2.251472
5,1789438930.866305590,0.533897523423,-0.269980488508,0.539945859512,-1.64795478152,1.96019457458,0.636938358826,20.666796,23.103194,51.276214,0.723758,2.924191,-2.245031
5,1789438930.871072531,0.533897523423,-0.269980488508,0.539945859512,-1.64795478152,1.96019457458,0.636938358826,20.689598,23.080417,51.388494,0.72352,2.924656,-2.250495
5,1789438930.876086950,0.533897523423,-0.269980488508,0.539945859512,-1.64795478152,1.96019457458,0.636938358826,20.740552,23.088258,51.519626,0.724239,2.924599,-2.256009
5,1789438930.880953312,0.533897523423,-0.269980488508,0.539945859512,-1.64795478152,1.96019457458,0.636938358826,20.774166,23.073948,51.313146,0.721907,2.926432,-2.250773
5,1789438930.886214495,0.533897523423,-0.269980488508,0.539945859512,-1.64795478152,1.96019457458,0.636938358826,20.750829,23.11863,51.443113,0.722004,2.925954,-2.251262
5,1789438930.892602921,0.533897523423,-0.269980488508,0.539945859512,-1.64795478152,1.96019457458,0.636938358826,20.729085,23.114237,51.580271,0.721625,2.925906,-2.252815
5,1789438930.896077394,0.533897523423,-0.269980488508,0.539945859512,-1.64795478152,1.96019457458,0.636938358826,20.664167,23.14534,51.420294,0.723434,2.923447,-2.248451
5,1789438930.901054621,0.533897523423,-0.269980488508,0.539945859512,-1.64795478152,1.96019457458,0.636938358826,20.652147,23.109162,51.399798,0.72458,2.925265,-2.249316
5,1789438930.906176567,0.533897523423,-0.269980488508,0.539945859512,-1.64795478152,1.96019457458,0.636938358826,20.691188,23.128956,51.410835,0.720113,2.924569,-2.254351
5,1789438930.911117077,0.533897523423,-0.269980488508,0.539945859512,-1.64795478152,1.96019457458,0.636938358826,20.694109,23.064949,51.372669,0.723143,2.921625,-2.248926
5,1789438930.916253805,0.533897523423,-0.269980488508,0.539945859512,-1.64795478152,1.96019457458,0.636938358826,20.69013,23.090183,51.519085,0.72276,2.92259,-2.250537
5,1789438930.921121359,0.533897523423,-0.269980488508,0.539945859512,-1.64795478152,1.96019457458,0.636938358826,20.703612,23.068611,51.505666,0.728697,2.925958,-2.246728
5,1789438930.925958157,0.533897523423,-0.269980488508,0.539945859512,-1.64795478152,1.96019457458,0.636938358826,20.742416,23.138614,51.461984,0.724084,2.924074,-2.251443
5,1789438930.930992126,0.533897523423,-0.269980488508,0.539945859512,-1.64795478152,1.96019457458,0.636938358826,20.757264,23.108022,51.433779,0.726596,2.928201,-2.251035
5,1789438930.936157227,0.533897523423,-0.269980488508,0.539945859512,-1.64795478152,1.96019457458,0.636938358826,20.711139,23.132566,51.339193,0.722077,2.925158,-2.246417
5,1789438930.940980196,0.533897523423,-0.269980488508,0.539945859512,-1.64795478152,1.96019457458,0.636938358826,20.712101,23.126763,51.452284,0.725181,2.926629,-2.251394
5,1789438930.945962667,0.533897523423,-0.269980488508,0.539945859512,-1.64795478152,1.96019457458,0.636938358826,20.673411,23.103028,51.428416,0.725997,2.923119,-2.249064
5,1789438930.951299191,0.533897523423,-0.269980488508,0.539945859512,-1.64795478152,1.96019457458,0.636938358826,20.663211,23.094833,51.657854,0.725851,2.926345,-2.256793
5,1789438930.955914021,0.533897523423,-0.269980488508,0.539945859512,-1.64795478152,1.96019457458,0.636938358826,20.695261,23.057379,51.440996,0.72524,2.924016,-2.252631
5,1789438930.960997820,0.533897523423,-0.269980488508,0.539945859512,-1.64795478152,1.96019457458,0.636938358826,20.735585,23.089727,51.454364,0.723648,2.926561,-2.255885
5,1789438930.966195822,0.533897523423,-0.269980488508,0.539945859512,-1.64795478152,1.96019457458,0.636938358826,20.750096,23.091809,51.478682,0.723327,2.92528,-2.252289
5,1789438930.971061707,0.533897523423,-0.269980488508,0.539945859512,-1.64795478152,1.96019457458,0.636938358826,20.730026,23.15575,51.504766,0.721611,2.926743,-2.253648
5,1789438930.976055622,0.533897523423,-0.269980488508,0.539945859512,-1.64795478152,1.96019457458,0.636938358826,20.719209,23.121114,51.305621,0.723105,2.927226,-2.249834
5,1789438930.980888128,0.533897523423,-0.269980488508,0.539945859512,-1.64795478152,1.96019457458,0.636938358826,20.682045,23.132916,51.441484,0.721506,2.923646,-2.252712
5,1789438930.986173630,0.533897523423,-0.269980488508,0.539945859512,-1.64795478152,1.96019457458,0.636938358826,20.647918,23.087591,51.559977,0.726682,2.925406,-2.253973
5,1789438930.990978241,0.533897523423,-0.269980488508,0.539945859512,-1.64795478152,1.96019457458,0.636938358826,20.666491,23.099684,51.391873,0.726581,2.922914,-2.248647
5,1789438930.995926380,0.533897523423,-0.269980488508,0.539945859512,-1.64795478152,1.96019457458,0.636938358826,20.72317,23.056499,51.433649,0.725485,2.925764,-2.251132
5,1789438931.001073122,0.533897523423,-0.269980488508,0.539945859512,-1.64795478152,1.96019457458,0.636938358826,20.725066,23.094718,51.63648,0.72473,2.924355,-2.252677
5,1789438931.006021738,0.533897523423,-0.269980488508,0.539945859512,-1.64795478152,1.96019457458,0.636938358826,20.77646,23.123686,51.419588,0.722723,2.927956,-2.254269
5,1789438931.011023045,0.533897523423,-0.269980488508,0.539945859512,-1.64795478152,1.96019457458,0.636938358826,20.754949,23.128311,51.40479,0.724158,2.926578,-2.251998
5,1789438931.016196012,0.533897523423,-0.269980488508,0.539945859512,-1.64795478152,1.96019457458,0.636938358826,20.722282,23.130384,51.49772,0.721705,2.926995,-2.258099
5,1789438931.021099567,0.533897523423,-0.269980488508,0.539945859512,-1.64795478152,1.96019457458,0.636938358826,20.663223,23.112087,51.484968,0.723973,2.922086,-2.254809
5,1789438931.026110888,0.533897523423,-0.269980488508,0.539945859512,-1.64795478152,1.96019457458,0.636938358826,20.659409,23.112696,51.306958,0.723355,2.924737,-2.249248
5,1789438931.031106234,0.533897523423,-0.269980488508,0.539945859512,-1.64795478152,1.96019457458,0.636938358826,20.69939,23.046037,51.379929,0.724643,2.923013,-2.250023
5,1789438931.036155701,0.533897523423,-0.269980488508,0.539945859512,-1.64795478152,1.96019457458,0.636938358826,20.746937,23.095675,51.513057,0.72246,2.926278,-2.254041
5,1789438931.040903568,0.533897523423,-0.269980488508,0.539945859512,-1.64795478152,1.96019457458,0.636938358826,20.75266,23.084525,51.334066,0.724128,2.926516,-2.249356
5,1789438931.045933485,0.533897523423,-0.269980488508,0.539945859512,-1.64795478152,1.96019457458,0.636938358826,20.774484,23.143533,51.446426,0.719951,2.926875,-2.255157
5,1789438931.051117897,0.533897523423,-0.269980488508,0.539945859512,-1.64795478152,1.96019457458,0.636938358826,20.720319,23.102132,51.575711,0.721375,2.926149,-2.255708
5,1789438931.055870295,0.533897523423,-0.269980488508,0.539945859512,-1.64795478152,1.96019457458,0.636938358826,20.673519,23.12268,51.389903,0.721605,2.922189,-2.25006
5,1789438931.060999155,0.533897523423,-0.269980488508,0.539945859512,-1.64795478152,1.96019457458,0.636938358826,20.658337,23.090661,51.321365,0.721553,2.924049,-2.245846
5,1789438931.066022873,0.533897523423,-0.269980488508,0.539945859512,-1.64795478152,1.96019457458,0.636938358826,20.685556,23.074724,51.427537,0.72597,2.922895,-2.249504
5,1789438931.071000338,0.533897523423,-0.269980488508,0.539945859512,-1.64795478152,1.96019457458,0.636938358826,20.729272,23.079939,51.479511,0.725688,2.926869,-2.251557
5,1789438931.076053858,0.533897523423,-0.269980488508,0.539945859512,-1.64795478152,1.96019457458,0.636938358826,20.76918,23.093491,51.307104,0.72462,2.926671,-2.248761
5,1789438931.080886841,0.533897523423,-0.269980488508,0.539945859512,-1.64795478152,1.96019457458,0.636938358826,20.759777,23.129371,51.438846,0.721593,2.926855,-2.253994
5,1789438931.086033344,0.533897523423,-0.269980488508,0.539945859512,-1.64795478152,1.96019457458,0.636938358826,20.726471,23.129707,51.525142,0.723594,2.924275,-2.252662
5,1789438931.091054916,0.533897523423,-0.269980488508,0.539945859512,-1.64795478152,1.96019457458,0.636938358826,20.673403,23.133444,51.414558,0.723482,2.926043,-2.251838
5,1789438931.096140862,0.533897523423,-0.269980488508,0.539945859512,-1.64795478152,1.96019457458,0.636938358826,20.663151,23.095457,51.421337,0.723586,2.923554,-2.247495
5,1789438931.100943804,0.533897523423,-0.269980488508,0.539945859512,-1.64795478152,1.96019457458,0.636938358826,20.661173,23.088132,51.652185,0.725692,2.924916,-2.254542
5,1789438931.105812311,0.533897523423,-0.269980488508,0.539945859512,-1.64795478152,1.96019457458,0.636938358826,20.697951,23.036731,51.40069,0.724757,2.92434,-2.248417
5,1789438931.110894918,0.533897523423,-0.269980488508,0.539945859512,-1.64795478152,1.96019457458,0.636938358826,20.759878,23.089577,51.42573,0.723577,2.925604,-2.250363
5,1789438931.116003513,0.533897523423,-0.269980488508,0.539945859512,-1.64795478152,1.96019457458,0.636938358826,20.705562,23.069046,51.400958,0.723216,2.923561,-2.248473
5,1789438931.121042490,0.533897523423,-0.269980488508,0.539945859512,-1.64795478152,1.96019457458,0.636938358826,20.749551,23.090793,51.302539,0.723635,2.925491,-2.251866
5,1789438931.126009703,0.533897523423,-0.269980488508,0.539945859512,-1.64795478152,1.96019457458,0.636938358826,20.765992,23.084938,51.259572,0.722817,2.925486,-2.249491
5,1789438931.131024361,0.533897523423,-0.269980488508,0.539945859512,-1.64795478152,1.96019457458,0.636938358826,20.741155,23.141783,51.561399,0.721584,2.925952,-2.25312
5,1789438931.136089802,0.533897523423,-0.269980488508,0.539945859512,-1.64795478152,1.96019457458,0.636938358826,20.683584,23.152768,51.427033,0.723251,2.92613,-2.249846
5,1789438931.140858173,0.533897523423,-0.269980488508,0.539945859512,-1.64795478152,1.96019457458,0.636938358826,20.644689,23.1348,51.421289,0.724526,2.923903,-2.247724
5,1789438931.145851612,0.533897523423,-0.269980488508,0.539945859512,-1.64795478152,1.96019457458,0.636938358826,20.657022,23.093469,51.533812,0.728085,2.925176,-2.252904
5,1789438931.151108265,0.533897523423,-0.269980488508,0.539945859512,-1.64795478152,1.96019457458,0.636938358826,20.701742,23.06645,51.382042,0.726724,2.925667,-2.248479
5,1789438931.155979872,0.533897523423,-0.269980488508,0.539945859512,-1.64795478152,1.96019457458,0.636938358826,20.75573,23.086399,51.439682,0.724492,2.927008,-2.253248
5,1789438931.160995483,0.533897523423,-0.269980488508,0.539945859512,-1.64795478152,1.96019457458,0.636938358826,20.771511,23.095023,51.599803,0.724661,2.927751,-2.257991
5,1789438931.166109800,0.533897523423,-0.269980488508,0.539945859512,-1.64795478152,1.96019457458,0.636938358826,20.739836,23.134984,51.437454,0.724347,2.926191,-2.255065
5,1789438931.171016693,0.533897523423,-0.269980488508,0.539945859512,-1.64795478152,1.96019457458,0.636938358826,20.723342,23.115264,51.413524,0.721351,2.927707,-2.252159
5,1789438931.175942421,0.533897523423,-0.269980488508,0.539945859512,-1.64795478152,1.96019457458,0.636938358826,20.704677,23.102311,51.367907,0.721729,2.924105,-2.25193
5,1789438931.181006432,0.533897523423,-0.269980488508,0.539945859512,-1.64795478152,1.96019457458,0.636938358826,20.681712,23.093351,51.476813,0.722534,2.921882,-2.253945
5,1789438931.185951710,0.533897523423,-0.269980488508,0.539945859512,-1.64795478152,1.96019457458,0.636938358826,20.711446,23.093495,51.288573,0.723767,2.923394,-2.249116
5,1789438931.190924883,0.533897523423,-0.269980488508,0.539945859512,-1.64795478152,1.96019457458,0.636938358826,20.727932,23.086103,51.43459,0.720982,2.924513,-2.250746
5,1789438931.195855379,0.533897523423,-0.269980488508,0.539945859512,-1.64795478152,1.96019457458,0.636938358826,20.747341,23.084505,51.473669,0.72317,2.924273,-2.25564
5,1789438931.200960875,0.533897523423,-0.269980488508,0.539945859512,-1.64795478152,1.96019457458,0.636938358826,20.764873,23.107481,51.419144,0.722689,2.924385,-2.254884
5,1789438931.205832481,0.533897523423,-0.269980488508,0.539945859512,-1.64795478152,1.96019457458,0.636938358826,20.765072,23.111301,51.413237,0.720842,2.926209,-2.252453
5,1789438931.210934639,0.533897523423,-0.269980488508,0.539945859512,-1.64795478152,1.96019457458,0.636938358826,20.71463,23.127701,51.624009,0.720351,2.925305,-2.254762
5,1789438931.216256142,0.533897523423,-0.269980488508,0.539945859512,-1.64795478152,1.96019457458,0.636938358826,20.702277,23.115697,51.415998,0.723005,2.924304,-2.250968
5,1789438931.220945120,0.533897523423,-0.269980488508,0.539945859512,-1.64795478152,1.96019457458,0.636938358826,20.656044,23.098893,51.319214,0.724652,2.92353,-2.247401
5,1789438931.225972414,0.533897523423,-0.269980488508,0.539945859512,-1.64795478152,1.96019457458,0.636938358826,20.688636,23.072248,51.278959,0.723337,2.924695,-2.249073
5,1789438931.231015682,0.533897523423,-0.269980488508,0.539945859512,-1.64795478152,1.96019457458,0.636938358826,20.754811,23.072142,51.496224,0.724811,2.927045,-2.252699
5,1789438931.236087561,0.533897523423,-0.269980488508,0.539945859512,-1.64795478152,1.96019457458,0.636938358826,20.751111,23.11083,51.340775,0.721831,2.92634,-2.25118
5,1789438931.240971327,0.533897523423,-0.269980488508,0.539945859512,-1.64795478152,1.96019457458,0.636938358826,20.782071,23.112717,51.440261,0.72181,2.927472,-2.252896
5,1789438931.245922565,0.533897523423,-0.269980488508,0.539945859512,-1.64795478152,1.96019457458,0.636938358826,20.733163,23.126033,51.501042,0.720905,2.923021,-2.250249
5,1789438931.250998735,0.533897523423,-0.269980488508,0.539945859512,-1.64795478152,1.96019457458,0.636938358826,20.682837,23.120689,51.380405,0.723803,2.92326,-2.250081
5,1789438931.255840302,0.533897523423,-0.269980488508,0.539945859512,-1.64795478152,1.96019457458,0.636938358826,20.636466,23.105651,51.439147,0.726777,2.922109,-2.2483
5,1789438931.260956526,0.533897523423,-0.269980488508,0.539945859512,-1.64795478152,1.96019457458,0.636938358826,20.675332,23.086159,51.352872,0.724976,2.9257,-2.249401
5,1789438931.266184807,0.533897523423,-0.269980488508,0.539945859512,-1.64795478152,1.96019457458,0.636938358826,20.722181,23.071151,51.453937,0.725493,2.924831,-2.250216
5,1789438931.270985126,0.533897523423,-0.269980488508,0.539945859512,-1.64795478152,1.96019457458,0.636938358826,20.738127,23.098616,51.450331,0.723836,2.926097,-2.25254
5,1789438931.276005745,0.533897523423,-0.269980488508,0.539945859512,-1.64795478152,1.96019457458,0.636938358826,20.752914,23.096701,51.297975,0.723442,2.927779,-2.248537
5,1789438931.281000853,0.533897523423,-0.269980488508,0.539945859512,-1.64795478152,1.96019457458,0.636938358826,20.739967,23.156088,51.556598,0.725152,2.927064,-2.256262
5,1789438931.286051989,0.533897523423,-0.269980488508,0.539945859512,-1.64795478152,1.96019457458,0.636938358826,20.701589,23.124631,51.395909,0.724521,2.929094,-2.251469
5,1789438931.290980577,0.533897523423,-0.269980488508,0.539945859512,-1.64795478152,1.96019457458,0.636938358826,20.681175,23.118044,51.420508,0.723745,2.924761,-2.248009
5,1789438931.295966387,0.533897523423,-0.269980488508,0.539945859512,-1.64795478152,1.96019457458,0.636938358826,20.667769,23.107229,51.503425,0.725455,2.922865,-2.248728
5,1789438931.301085711,0.533897523423,-0.269980488508,0.539945859512,-1.64795478152,1.96019457458,0.636938358826,20.67128,23.091824,51.41268,0.726397,2.925754,-2.24684
5,1789438931.305962563,0.533897523423,-0.269980488508,0.539945859512,-1.64795478152,1.96019457458,0.636938358826,20.739509,23.065096,51.446043,0.724996,2.925731,-2.24914
5,1789438931.310956001,0.533897523423,-0.269980488508,0.539945859512,-1.64795478152,1.96019457458,0.636938358826,20.772115,23.117095,51.639484,0.722895,2.926402,-2.256619
5,1789438931.317114830,0.533897523423,-0.269980488508,0.539945859512,-1.64795478152,1.96019457458,0.636938358826,20.757549,23.135598,51.451011,0.722058,2.926696,-2.252183
5,1789438931.320982933,0.533897523423,-0.269980488508,0.539945859512,-1.64795478152,1.96019457458,0.636938358826,20.749321,23.130715,51.371597,0.721652,2.926739,-2.255416
5,1789438931.325978994,0.533897523423,-0.269980488508,0.539945859512,-1.64795478152,1.96019457458,0.636938358826,20.778136,23.12527,51.429104,0.721137,2.926631,-2.254264
5,1789438931.330895901,0.533897523423,-0.269980488508,0.539945859512,-1.64795478152,1.96019457458,0.636938358826,20.72944,23.112459,51.394645,0.721272,2.926839,-2.252415
5,1789438931.336117983,0.533897523423,-0.269980488508,0.539945859512,-1.64795478152,1.96019457458,0.636938358826,20.7056,23.115223,51.129364,0.719754,2.923487,-2.24378
5,1789438931.340953112,0.533897523423,-0.269980488508,0.539945859512,-1.64795478152,1.96019457458,0.636938358826,20.67261,23.101443,51.500546,0.722734,2.922789,-2.250545
5,1789438931.346020699,0.533897523423,-0.269980488508,0.539945859512,-1.64795478152,1.96019457458,0.636938358826,20.704586,23.08223,51.270828,0.724172,2.923936,-2.248444
5,1789438931.351309538,0.533897523423,-0.269980488508,0.539945859512,-1.64795478152,1.96019457458,0.636938358826,20.738494,23.084482,51.432289,0.723189,2.925931,-2.252105
5,1789438931.356170654,0.533897523423,-0.269980488508,0.539945859512,-1.64795478152,1.96019457458,0.636938358826,20.783177,23.09506,51.479785,0.724313,2.926572,-2.257508
5,1789438931.361250162,0.533897523423,-0.269980488508,0.539945859512,-1.64795478152,1.96019457458,0.636938358826,20.776186,23.109557,51.393321,0.722076,2.927433,-2.253171
5,1789438931.366485834,0.533897523423,-0.269980488508,0.539945859512,-1.64795478152,1.96019457458,0.636938358826,20.766501,23.117958,51.376595,0.719379,2.926356,-2.252077
5,1789438931.371299744,0.533897523423,-0.269980488508,0.539945859512,-1.64795478152,1.96019457458,0.636938358826,20.712594,23.133773,51.591339,0.719532,2.924815,-2.257952
5,1789438931.376092196,0.533897523423,-0.269980488508,0.539945859512,-1.64795478152,1.96019457458,0.636938358826,20.69444,23.104551,51.376417,0.720832,2.923053,-2.252573
5,1789438931.381473064,0.533897523423,-0.269980488508,0.539945859512,-1.64795478152,1.96019457458,0.636938358826,20.728223,23.065503,51.259599,0.719865,2.923083,-2.249629
5,1789438931.386233091,0.533897523423,-0.269980488508,0.539945859512,-1.64795478152,1.96019457458,0.636938358826,20.729831,23.08827,51.189717,0.721346,2.922803,-2.246833
5,1789438931.391268253,0.533897523423,-0.269980488508,0.539945859512,-1.64795478152,1.96019457458,0.636938358826,20.776489,23.112341,51.503469,0.722453,2.925758,-2.254351
5,1789438931.396315575,0.533897523423,-0.269980488508,0.539945859512,-1.64795478152,1.96019457458,0.636938358826,20.778792,23.126605,51.311409,0.724072,2.926783,-2.252176
5,1789438931.401241302,0.533897523423,-0.269980488508,0.539945859512,-1.64795478152,1.96019457458,0.636938358826,20.756532,23.134522,51.460192,0.723007,2.927637,-2.252165
5,1789438931.406104326,0.533897523423,-0.269980488508,0.539945859512,-1.64795478152,1.96019457458,0.636938358826,20.73242,23.13768,51.524803,0.723771,2.926335,-2.252692
5,1789438931.411143064,0.533897523423,-0.269980488508,0.539945859512,-1.64795478152,1.96019457458,0.636938358826,20.696936,23.125214,51.424096,0.723241,2.925886,-2.251636
5,1789438931.416495085,0.533897523423,-0.269980488508,0.539945859512,-1.64795478152,1.96019457458,0.636938358826,20.681379,23.085701,51.380983,0.724618,2.922798,-2.249583
5,1789438931.421144724,0.533897523423,-0.269980488508,0.539945859512,-1.64795478152,1.96019457458,0.636938358826,20.675878,23.104027,51.629236,0.725691,2.92398,-2.251478
5,1789438931.426165104,0.533897523423,-0.269980488508,0.539945859512,-1.64795478152,1.96019457458,0.636938358826,20.715475,23.086514,51.455462,0.72554,2.926608,-2.249107
5,1789438931.431327820,0.533897523423,-0.269980488508,0.539945859512,-1.64795478152,1.96019457458,0.636938358826,20.745243,23.087721,51.32724,0.724213,2.926302,-2.247785
5,1789438931.436103821,0.533897523423,-0.269980488508,0.539945859512,-1.64795478152,1.96019457458,0.636938358826,20.764324,23.095724,51.187117,0.723397,2.927527,-2.248043
5,1789438931.440949917,0.533897523423,-0.269980488508,0.539945859512,-1.64795478152,1.96019457458,0.636938358826,20.743613,23.128527,51.534156,0.724186,2.927566,-2.252469
5,1789438931.445858955,0.533897523423,-0.269980488508,0.539945859512,-1.64795478152,1.96019457458,0.636938358826,20.709083,23.130402,51.251785,0.72075,2.925239,-2.248786
5,1789438931.451135159,0.533897523423,-0.269980488508,0.539945859512,-1.64795478152,1.96019457458,0.636938358826,20.666651,23.103922,51.415789,0.723459,2.924035,-2.251108
5,1789438931.455886126,0.533897523423,-0.269980488508,0.539945859512,-1.64795478152,1.96019457458,0.636938358826,20.661733,23.089716,51.504388,0.724757,2.922888,-2.25408
5,1789438931.460999966,0.533897523423,-0.269980488508,0.539945859512,-1.64795478152,1.96019457458,0.636938358826,20.687543,23.080928,51.41662,0.725146,2.924139,-2.250438
5,1789438931.466116190,0.533897523423,-0.269980488508,0.539945859512,-1.64795478152,1.96019457458,0.636938358826,20.744298,23.060581,51.436251,0.726176,2.926364,-2.249378
5,1789438931.470918655,0.533897523423,-0.269980488508,0.539945859512,-1.64795478152,1.96019457458,0.636938358826,20.769927,23.101379,51.529158,0.724159,2.927032,-2.25563
5,1789438931.475893736,0.533897523423,-0.269980488508,0.539945859512,-1.64795478152,1.96019457458,0.636938358826,20.748699,23.132503,51.477688,0.725235,2.926893,-2.253002
5,1789438931.480889559,0.533897523423,-0.269980488508,0.539945859512,-1.64795478152,1.96019457458,0.636938358826,20.709758,23.151615,51.441211,0.723177,2.927392,-2.25257
5,1789438931.485956430,0.533897523423,-0.269980488508,0.539945859512,-1.64795478152,1.96019457458,0.636938358826,20.673835,23.108083,51.395476,0.723217,2.923689,-2.252276
5,1789438931.490998268,0.533897523423,-0.269980488508,0.539945859512,-1.64795478152,1.96019457458,0.636938358826,20.664607,23.083117,51.503587,0.722665,2.922846,-2.25454
5,1789438931.496119261,0.533897523423,-0.269980488508,0.539945859512,-1.64795478152,1.96019457458,0.636938358826,20.66922,23.048908,51.318062,0.723807,2.923879,-2.247827
5,1789438931.501084328,0.533897523423,-0.269980488508,0.539945859512,-1.64795478152,1.96019457458,0.636938358826,20.747093,23.070521,51.462135,0.724779,2.924637,-2.250926
5,1789438931.505902767,0.533897523423,-0.269980488508,0.539945859512,-1.64795478152,1.96019457458,0.636938358826,20.752158,23.104976,51.53054,0.723634,2.927429,-2.254708
5,1789438931.511011124,0.533897523423,-0.269980488508,0.539945859512,-1.64795478152,1.96019457458,0.636938358826,20.753126,23.129153,51.46412,0.723845,2.924942,-2.249887
5,1789438931.516277075,0.533897523423,-0.269980488508,0.539945859512,-1.64795478152,1.96019457458,0.636938358826,20.741868,23.144655,51.475116,0.722604,2.923881,-2.248973
5,1789438931.521000385,0.533897523423,-0.269980488508,0.539945859512,-1.64795478152,1.96019457458,0.636938358826,20.667794,23.155719,51.659547,0.726565,2.924609,-2.25013
5,1789438931.526082039,0.533897523423,-0.269980488508,0.539945859512,-1.64795478152,1.96019457458,0.636938358826,20.629519,23.120878,51.457164,0.728117,2.92463,-2.248507
5,1789438931.531066656,0.533897523423,-0.269980488508,0.539945859512,-1.64795478152,1.96019457458,0.636938358826,20.683456,23.077977,51.320185,0.72573,2.924589,-2.24653
5,1789438931.536102772,0.533897523423,-0.269980488508,0.539945859512,-1.64795478152,1.96019457458,0.636938358826,20.663027,23.109933,51.41113,0.723932,2.923572,-2.254247
5,1789438931.541143894,0.533897523423,-0.269980488508,0.539945859512,-1.64795478152,1.96019457458,0.636938358826,20.679783,23.081757,51.329469,0.723579,2.924897,-2.25258
5,1789438931.545902491,0.533897523423,-0.269980488508,0.539945859512,-1.64795478152,1.96019457458,0.636938358826,20.72019,23.074226,51.145798,0.723311,2.92506,-2.244845
5,1789438931.551203251,0.533897523423,-0.269980488508,0.539945859512,-1.64795478152,1.96019457458,0.636938358826,20.751392,23.07817,51.559995,0.723337,2.925829,-2.253731
5,1789438931.556341171,0.533897523423,-0.269980488508,0.539945859512,-1.64795478152,1.96019457458,0.636938358826,20.761106,23.110358,51.266269,0.723413,2.925929,-2.251293
5,1789438931.561009645,0.533897523423,-0.269980488508,0.539945859512,-1.64795478152,1.96019457458,0.636938358826,20.738898,23.113895,51.450947,0.722888,2.924948,-2.252333
5,1789438931.566134930,0.533897523423,-0.269980488508,0.539945859512,-1.64795478152,1.96019457458,0.636938358826,20.715459,23.137325,51.558921,0.724767,2.92544,-2.254841
5,1789438931.571080208,0.533897523423,-0.269980488508,0.539945859512,-1.64795478152,1.96019457458,0.636938358826,20.662134,23.1243,51.42132,0.724568,2.922969,-2.24774
5,1789438931.575961113,0.533897523423,-0.269980488508,0.539945859512,-1.64795478152,1.96019457458,0.636938358826,20.68352,23.108776,51.427955,0.72255,2.921237,-2.24955
5,1789438931.581208944,0.533897523423,-0.269980488508,0.539945859512,-1.64795478152,1.96019457458,0.636938358826,20.687411,23.090052,51.619551,0.725991,2.923374,-2.251717
5,1789438931.586111546,0.533897523423,-0.269980488508,0.539945859512,-1.64795478152,1.96019457458,0.636938358826,20.734553,23.07062,51.408349,0.724485,2.924369,-2.249635
5,1789438931.591017723,0.533897523423,-0.269980488508,0.539945859512,-1.64795478152,1.96019457458,0.636938358826,20.755017,23.09846,51.294982,0.723157,2.927189,-2.250563
5,1789438931.596075296,0.533897523423,-0.269980488508,0.539945859512,-1.64795478152,1.96019457458,0.636938358826,20.760288,23.115006,51.187055,0.721907,2.926487,-2.248285
5,1789438931.601099491,0.533897523423,-0.269980488508,0.539945859512,-1.64795478152,1.96019457458,0.636938358826,20.724068,23.140285,51.548735,0.722884,2.925987,-2.255338
5,1789438931.605917454,0.533897523423,-0.269980488508,0.539945859512,-1.64795478152,1.96019457458,0.636938358826,20.678761,23.129817,51.303448,0.723712,2.925381,-2.251551
5,1789438931.611020803,0.533897523423,-0.269980488508,0.539945859512,-1.64795478152,1.96019457458,0.636938358826,20.65083,23.076195,51.454489,0.726082,2.923689,-2.250077
5,1789438931.617004633,0.533897523423,-0.269980488508,0.539945859512,-1.64795478152,1.96019457458,0.636938358826,20.673808,23.081963,51.609321,0.728103,2.924985,-2.25214
5,1789438931.621015787,0.533897523423,-0.269980488508,0.539945859512,-1.64795478152,1.96019457458,0.636938358826,20.708802,23.092105,51.501721,0.726322,2.925271,-2.24947
5,1789438931.626857996,0.533897523423,-0.269980488508,0.539945859512,-1.64795478152,1.96019457458,0.636938358826,20.748662,23.090361,51.452675,0.723621,2.925861,-2.250978
5,1789438931.630996227,0.533897523423,-0.269980488508,0.539945859512,-1.64795478152,1.96019457458,0.636938358826,20.77598,23.104936,51.635273,0.721955,2.92595,-2.25326
5,1789438931.635994196,0.533897523423,-0.269980488508,0.539945859512,-1.64795478152,1.96019457458,0.636938358826,20.747817,23.126053,51.453376,0.724112,2.925259,-2.250785
5,1789438931.641092300,0.533897523423,-0.269980488508,0.539945859512,-1.64795478152,1.96019457458,0.636938358826,20.707714,23.130329,51.249696,0.723016,2.925822,-2.25012
5,1789438931.645895720,0.533897523423,-0.269980488508,0.539945859512,-1.64795478152,1.96019457458,0.636938358826,20.676701,23.11615,51.345764,0.722743,2.92359,-2.248329
5,1789438931.651070118,0.533897523423,-0.269980488508,0.539945859512,-1.64795478152,1.96019457458,0.636938358826,20.686868,23.072797,51.531466,0.723676,2.924558,-2.254309
5,1789438931.656012774,0.533897523423,-0.269980488508,0.539945859512,-1.64795478152,1.96019457458,0.636938358826,20.713424,23.072822,51.398125,0.722968,2.92394,-2.250292
5,1789438931.660873890,0.533897523423,-0.269980488508,0.539945859512,-1.64795478152,1.96019457458,0.636938358826,20.768233,23.096308,51.445994,0.725333,2.924871,-2.255498
5,1789438931.666061401,0.533897523423,-0.269980488508,0.539945859512,-1.64795478152,1.96019457458,0.636938358826,20.776903,23.084564,51.556403,0.723435,2.926353,-2.256035
5,1789438931.671002388,0.533897523423,-0.269980488508,0.539945859512,-1.64795478152,1.96019457458,0.636938358826,20.753113,23.131421,51.468008,0.721656,2.928101,-2.253052
5,1789438931.675902128,0.533897523423,-0.269980488508,0.539945859512,-1.64795478152,1.96019457458,0.636938358826,20.720362,23.130362,51.433967,0.722985,2.926259,-2.251227
5,1789438931.681081533,0.533897523423,-0.269980488508,0.539945859512,-1.64795478152,1.96019457458,0.636938358826,20.68604,23.143339,51.647382,0.722061,2.923731,-2.258036
5,1789438931.686092615,0.533897523423,-0.269980488508,0.539945859512,-1.64795478152,1.96019457458,0.636938358826,20.667556,23.090228,51.424688,0.722821,2.923858,-2.251309
5,1789438931.691218853,0.533897523423,-0.269980488508,0.539945859512,-1.64795478152,1.96019457458,0.636938358826,20.698,23.091377,51.271729,0.724398,2.925171,-2.247774
5,1789438931.695947886,0.533897523423,-0.269980488508,0.539945859512,-1.64795478152,1.96019457458,0.636938358826,20.712686,23.072461,51.172642,0.725221,2.924124,-2.24567
5,1789438931.701067448,0.533897523423,-0.269980488508,0.539945859512,-1.64795478152,1.96019457458,0.636938358826,20.724202,23.094193,51.549356,0.727314,2.925492,-2.254807
5,1789438931.705923080,0.533897523423,-0.269980488508,0.539945859512,-1.64795478152,1.96019457458,0.636938358826,20.742432,23.113143,51.316282,0.722545,2.92652,-2.248956
5,1789438931.710905552,0.533897523423,-0.269980488508,0.539945859512,-1.64795478152,1.96019457458,0.636938358826,20.745227,23.102293,51.407318,0.720992,2.92464,-2.250388
5,1789438931.716151714,0.533897523423,-0.269980488508,0.539945859512,-1.64795478152,1.96019457458,0.636938358826,20.700368,23.116129,51.531905,0.722049,2.923072,-2.254384
5,1789438931.720970392,0.533897523423,-0.269980488508,0.539945859512,-1.64795478152,1.96019457458,0.636938358826,20.671649,23.107281,51.427656,0.722872,2.923169,-2.249534
5,1789438931.725974321,0.533897523423,-0.269980488508,0.539945859512,-1.64795478152,1.96019457458,0.636938358826,20.679049,23.068738,51.413441,0.724232,2.923966,-2.246383
5,1789438931.731082916,0.533897523423,-0.269980488508,0.539945859512,-1.64795478152,1.96019457458,0.636938358826,20.67986,23.07639,51.659482,0.726021,2.925582,-2.249624
5,1789438931.736127138,0.533897523423,-0.269980488508,0.539945859512,-1.64795478152,1.96019457458,0.636938358826,20.742817,23.08194,51.435422,0.72796,2.926356,-2.250062
5,1789438931.740875721,0.533897523423,-0.269980488508,0.539945859512,-1.64795478152,1.96019457458,0.636938358826,20.737508,23.118652,51.284702,0.723654,2.926084,-2.251455
5,1789438931.745926380,0.533897523423,-0.269980488508,0.539945859512,-1.64795478152,1.96019457458,0.636938358826,20.775758,23.056062,51.414985,0.725687,2.926588,-2.251036
5,1789438931.751110554,0.533897523423,-0.269980488508,0.539945859512,-1.64795478152,1.96019457458,0.636938358826,20.778606,23.111153,51.259093,0.722426,2.926812,-2.249779
5,1789438931.755972624,0.533897523423,-0.269980488508,0.539945859512,-1.64795478152,1.96019457458,0.636938358826,20.746741,23.135065,51.269839,0.724013,2.928406,-2.248832
5,1789438931.760956526,0.533897523423,-0.269980488508,0.539945859512,-1.64795478152,1.96019457458,0.636938358826,20.727488,23.143386,51.540919,0.724234,2.925524,-2.254452
5,1789438931.766289949,0.533897523423,-0.269980488508,0.539945859512,-1.64795478152,1.96019457458,0.636938358826,20.670969,23.113044,51.296693,0.723983,2.924105,-2.24995
5,1789438931.771050453,0.533897523423,-0.269980488508,0.539945859512,-1.64795478152,1.96019457458,0.636938358826,20.693726,23.083121,51.403148,0.72196,2.923657,-2.253178
5,1789438931.775934696,0.533897523423,-0.269980488508,0.539945859512,-1.64795478152,1.96019457458,0.636938358826,20.696303,23.058139,51.5798,0.724605,2.923984,-2.253111
5,1789438931.781096458,0.533897523423,-0.269980488508,0.539945859512,-1.64795478152,1.96019457458,0.636938358826,20.754347,23.088259,51.453635,0.72323,2.924075,-2.25053
5,1789438931.786110878,0.533897523423,-0.269980488508,0.539945859512,-1.64795478152,1.96019457458,0.636938358826,20.773596,23.096695,51.412888,0.723717,2.926029,-2.252658
5,1789438931.790916681,0.533897523423,-0.269980488508,0.539945859512,-1.64795478152,1.96019457458,0.636938358826,20.77373,23.111188,51.581869,0.722437,2.925838,-2.257818
5,1789438931.795994997,0.533897523423,-0.269980488508,0.539945859512,-1.64795478152,1.96019457458,0.636938358826,20.725579,23.141434,51.459999,0.724518,2.926118,-2.252546
5,1789438931.801043749,0.533897523423,-0.269980488508,0.539945859512,-1.64795478152,1.96019457458,0.636938358826,20.675174,23.127054,51.40991,0.724619,2.926727,-2.2487
5,1789438931.805938482,0.533897523423,-0.269980488508,0.539945859512,-1.64795478152,1.96019457458,0.636938358826,20.689706,23.108583,51.218779,0.725129,2.924768,-2.246053
5,1789438931.810967922,0.533897523423,-0.269980488508,0.539945859512,-1.64795478152,1.96019457458,0.636938358826,20.666282,23.070558,51.568617,0.726249,2.924283,-2.254421
5,1789438931.816868782,0.533897523423,-0.269980488508,0.539945859512,-1.64795478152,1.96019457458,0.636938358826,20.704005,23.079191,51.262092,0.724434,2.926346,-2.247791
5,1789438931.820971012,0.533897523423,-0.269980488508,0.539945859512,-1.64795478152,1.96019457458,0.636938358826,20.743575,23.074281,51.390011,0.721643,2.923985,-2.249474
5,1789438931.826099157,0.533897523423,-0.269980488508,0.539945859512,-1.64795478152,1.96019457458,0.636938358826,20.76944,23.109127,51.522867,0.723038,2.925549,-2.253853
5,1789438931.830950737,0.533897523423,-0.269980488508,0.539945859512,-1.64795478152,1.96019457458,0.636938358826,20.75618,23.122924,51.423964,0.722734,2.925088,-2.251744
5,1789438931.836029768,0.533897523423,-0.269980488508,0.539945859512,-1.64795478152,1.96019457458,0.636938358826,20.738888,23.111246,51.435067,0.721539,2.926423,-2.250352
5,1789438931.840985537,0.533897523423,-0.269980488508,0.539945859512,-1.64795478152,1.96019457458,0.636938358826,20.719424,23.089961,51.603577,0.722061,2.924528,-2.255864
5,1789438931.845915318,0.533897523423,-0.269980488508,0.539945859512,-1.64795478152,1.96019457458,0.636938358826,20.675344,23.110176,51.451679,0.721639,2.921993,-2.252201
5,1789438931.850979567,0.533897523423,-0.269980488508,0.539945859512,-1.64795478152,1.96019457458,0.636938358826,20.70415,23.070184,51.2521,0.724537,2.922126,-2.248669
5,1789438931.855864525,0.533897523423,-0.269980488508,0.539945859512,-1.64795478152,1.96019457458,0.636938358826,20.711961,23.101476,51.30597,0.723948,2.923002,-2.249995
5,1789438931.861015558,0.533897523423,-0.269980488508,0.539945859512,-1.64795478152,1.96019457458,0.636938358826,20.767671,23.099567,51.534281,0.72347,2.927069,-2.252259
5,1789438931.866122007,0.533897523423,-0.269980488508,0.539945859512,-1.64795478152,1.96019457458,0.636938358826,20.780981,23.112862,51.297682,0.724718,2.927656,-2.248823
5,1789438931.870975971,0.533897523423,-0.269980488508,0.539945859512,-1.64795478152,1.96019457458,0.636938358826,20.753596,23.141356,51.437005,0.72285,2.926425,-2.255333
5,1789438931.875816107,0.533897523423,-0.269980488508,0.539945859512,-1.64795478152,1.96019457458,0.636938358826,20.712054,23.141386,51.566447,0.72358,2.925891,-2.255959
5,1789438931.880935669,0.533897523423,-0.269980488508,0.539945859512,-1.64795478152,1.96019457458,0.636938358826,20.66771,23.113917,51.420981,0.724654,2.922715,-2.254013
5,1789438931.886037827,0.533897523423,-0.269980488508,0.539945859512,-1.64795478152,1.96019457458,0.636938358826,20.654803,23.049424,51.386298,0.724177,2.923305,-2.251956
5,1789438931.890981913,0.533897523423,-0.269980488508,0.539945859512,-1.64795478152,1.96019457458,0.636938358826,20.695593,23.050351,51.646314,0.724425,2.924371,-2.252112
5,1789438931.895894289,0.533897523423,-0.269980488508,0.539945859512,-1.64795478152,1.96019457458,0.636938358826,20.753181,23.079075,51.464021,0.723671,2.925584,-2.249611
5,1789438931.900952101,0.533897523423,-0.269980488508,0.539945859512,-1.64795478152,1.96019457458,0.636938358826,20.789563,23.090336,51.315008,0.722889,2.926038,-2.249689
5,1789438931.905839682,0.533897523423,-0.269980488508,0.539945859512,-1.64795478152,1.96019457458,0.636938358826,20.763266,23.109846,51.459663,0.722429,2.927532,-2.252378
6,1789438992.796123028,0.534668977897,-0.270178462135,0.537768134269,-1.61260578093,1.58221811941,0.171675129303,7.83186,33.652605,45.772955,-0.357835,1.499358,-2.234524
6,1789438992.801114321,0.534668977897,-0.270178462135,0.537768134269,-1.61260578093,1.58221811941,0.171675129303,7.82988,33.670878,45.83894,-0.361613,1.499193,-2.23402
6,1789438992.806044340,0.534668977897,-0.270178462135,0.537768134269,-1.61260578093,1.58221811941,0.171675129303,7.814497,33.661942,45.755495,-0.358238,1.500805,-2.227589
6,1789438992.811003685,0.534668977897,-0.270178462135,0.537768134269,-1.61260578093,1.58221811941,0.171675129303,7.877519,33.650555,45.776733,-0.358617,1.503829,-2.231492
6,1789438992.816053867,0.534668977897,-0.270178462135,0.537768134269,-1.61260578093,1.58221811941,0.171675129303,7.908182,33.70252,45.800652,-0.362662,1.50196,-2.234502
6,1789438992.820820570,0.534668977897,-0.270178462135,0.537768134269,-1.61260578093,1.58221811941,0.171675129303,7.928202,33.693206,45.798699,-0.358716,1.503167,-2.235635
6,1789438992.825786591,0.534668977897,-0.270178462135,0.537768134269,-1.61260578093,1.58221811941,0.171675129303,7.884353,33.72466,45.772568,-0.362411,1.502323,-2.240799
6,1789438992.831104517,0.534668977897,-0.270178462135,0.537768134269,-1.61260578093,1.58221811941,0.171675129303,7.857489,33.677937,45.364764,-0.359569,1.499281,-2.2278
6,1789438992.836024761,0.534668977897,-0.270178462135,0.537768134269,-1.61260578093,1.58221811941,0.171675129303,7.828581,33.660918,45.798282,-0.363765,1.500005,-2.2361
6,1789438992.840762377,0.534668977897,-0.270178462135,0.537768134269,-1.61260578093,1.58221811941,0.171675129303,7.86094,33.602572,45.655194,-0.359051,1.500219,-2.225962
6,1789438992.846015692,0.534668977897,-0.270178462135,0.537768134269,-1.61260578093,1.58221811941,0.171675129303,7.868368,33.63315,45.722208,-0.361586,1.500767,-2.230863
6,1789438992.851355791,0.534668977897,-0.270178462135,0.537768134269,-1.61260578093,1.58221811941,0.171675129303,7.93762,33.677707,45.878778,-0.36006,1.50244,-2.23799
6,1789438992.855883598,0.534668977897,-0.270178462135,0.537768134269,-1.61260578093,1.58221811941,0.171675129303,7.859819,33.631362,45.766944,-0.363246,1.497438,-2.226291
6,1789438992.860882998,0.534668977897,-0.270178462135,0.537768134269,-1.61260578093,1.58221811941,0.171675129303,7.905,33.660244,45.836654,-0.364597,1.499724,-2.235294
6,1789438992.866092443,0.534668977897,-0.270178462135,0.537768134269,-1.61260578093,1.58221811941,0.171675129303,7.916501,33.67195,45.737516,-0.360795,1.50255,-2.232997
6,1789438992.870999813,0.534668977897,-0.270178462135,0.537768134269,-1.61260578093,1.58221811941,0.171675129303,7.906299,33.710051,45.777538,-0.363776,1.500174,-2.237676
6,1789438992.876028776,0.534668977897,-0.270178462135,0.537768134269,-1.61260578093,1.58221811941,0.171675129303,7.865017,33.699731,45.967693,-0.361005,1.503892,-2.240678
6,1789438992.881462097,0.534668977897,-0.270178462135,0.537768134269,-1.61260578093,1.58221811941,0.171675129303,7.754906,33.67875,45.784537,-0.35807,1.494949,-2.227646
6,1789438992.885874510,0.534668977897,-0.270178462135,0.537768134269,-1.61260578093,1.58221811941,0.171675129303,7.830921,33.647557,45.740208,-0.359234,1.502326,-2.231225
6,1789438992.890898943,0.534668977897,-0.270178462135,0.537768134269,-1.61260578093,1.58221811941,0.171675129303,7.832642,33.649798,45.774927,-0.359201,1.501146,-2.226916
6,1789438992.896158457,0.534668977897,-0.270178462135,0.537768134269,-1.61260578093,1.58221811941,0.171675129303,7.868698,33.691339,45.795647,-0.361231,1.49973,-2.231937
6,1789438992.901336908,0.534668977897,-0.270178462135,0.537768134269,-1.61260578093,1.58221811941,0.171675129303,7.928516,33.671384,45.665831,-0.357589,1.504138,-2.237144
6,1789438992.905916691,0.534668977897,-0.270178462135,0.537768134269,-1.61260578093,1.58221811941,0.171675129303,7.861019,33.712775,45.811054,-0.362975,1.501176,-2.23396
6,1789438992.911001682,0.534668977897,-0.270178462135,0.537768134269,-1.61260578093,1.58221811941,0.171675129303,7.879793,33.709084,45.875576,-0.364058,1.500976,-2.240404
6,1789438992.916131258,0.534668977897,-0.270178462135,0.537768134269,-1.61260578093,1.58221811941,0.171675129303,7.855074,33.674016,45.664293,-0.359328,1.49699,-2.239002
6,1789438992.921074390,0.534668977897,-0.270178462135,0.537768134269,-1.61260578093,1.58221811941,0.171675129303,7.821867,33.639032,45.771739,-0.358456,1.499765,-2.229118
6,1789438992.925969362,0.534668977897,-0.270178462135,0.537768134269,-1.61260578093,1.58221811941,0.171675129303,7.843175,33.639177,45.99301,-0.360753,1.503141,-2.229993
6,1789438992.931111336,0.534668977897,-0.270178462135,0.537768134269,-1.61260578093,1.58221811941,0.171675129303,7.914748,33.622187,45.792391,-0.359022,1.503223,-2.2333
6,1789438992.936006546,0.534668977897,-0.270178462135,0.537768134269,-1.61260578093,1.58221811941,0.171675129303,7.907712,33.683299,45.677569,-0.361161,1.500546,-2.235984
6,1789438992.941002607,0.534668977897,-0.270178462135,0.537768134269,-1.61260578093,1.58221811941,0.171675129303,7.886375,33.703703,45.761262,-0.362903,1.502655,-2.235869
6,1789438992.946069717,0.534668977897,-0.270178462135,0.537768134269,-1.61260578093,1.58221811941,0.171675129303,7.867647,33.709236,45.895326,-0.359181,1.503621,-2.23944
6,1789438992.951285839,0.534668977897,-0.270178462135,0.537768134269,-1.61260578093,1.58221811941,0.171675129303,7.871762,33.70524,45.777019,-0.35896,1.502613,-2.237813
6,1789438992.955991030,0.534668977897,-0.270178462135,0.537768134269,-1.61260578093,1.58221811941,0.171675129303,7.815453,33.670976,45.767717,-0.355766,1.500966,-2.231827
6,1789438992.960979700,0.534668977897,-0.270178462135,0.537768134269,-1.61260578093,1.58221811941,0.171675129303,7.837386,33.646031,45.751618,-0.360909,1.499784,-2.230096
6,1789438992.966072559,0.534668977897,-0.270178462135,0.537768134269,-1.61260578093,1.58221811941,0.171675129303,7.85325,33.631966,45.801641,-0.361577,1.501125,-2.233635
6,1789438992.970911026,0.534668977897,-0.270178462135,0.537768134269,-1.61260578093,1.58221811941,0.171675129303,7.904636,33.633758,45.757574,-0.361656,1.499203,-2.232218
6,1789438992.975938320,0.534668977897,-0.270178462135,0.537768134269,-1.61260578093,1.58221811941,0.171675129303,7.936484,33.690206,45.934865,-0.364297,1.50135,-2.237942
6,1789438992.981132507,0.534668977897,-0.270178462135,0.537768134269,-1.61260578093,1.58221811941,0.171675129303,7.874649,33.707208,45.787616,-0.362158,1.500709,-2.237143
6,1789438992.986047506,0.534668977897,-0.270178462135,0.537768134269,-1.61260578093,1.58221811941,0.171675129303,7.859069,33.700407,45.744672,-0.360475,1.499875,-2.234644
6,1789438992.990874529,0.534668977897,-0.270178462135,0.537768134269,-1.61260578093,1.58221811941,0.171675129303,7.84233,33.662031,45.716759,-0.361509,1.500229,-2.234662
6,1789438992.996089458,0.534668977897,-0.270178462135,0.537768134269,-1.61260578093,1.58221811941,0.171675129303,7.823674,33.646307,45.852066,-0.358289,1.500821,-2.23126
6,1789438993.001228094,0.534668977897,-0.270178462135,0.537768134269,-1.61260578093,1.58221811941,0.171675129303,7.827086,33.642513,45.662469,-0.359036,1.498537,-2.227717
6,1789438993.005953789,0.534668977897,-0.270178462135,0.537768134269,-1.61260578093,1.58221811941,0.171675129303,7.882524,33.648876,45.79929,-0.360283,1.500982,-2.235273
6,1789438993.010933399,0.534668977897,-0.270178462135,0.537768134269,-1.61260578093,1.58221811941,0.171675129303,7.869948,33.705387,45.882828,-0.359288,1.50171,-2.235638
6,1789438993.016033888,0.534668977897,-0.270178462135,0.537768134269,-1.61260578093,1.58221811941,0.171675129303,7.873677,33.691375,45.773669,-0.358642,1.503304,-2.233774
6,1789438993.020923853,0.534668977897,-0.270178462135,0.537768134269,-1.61260578093,1.58221811941,0.171675129303,7.854656,33.722986,45.836881,-0.361431,1.502408,-2.235264
6,1789438993.025949240,0.534668977897,-0.270178462135,0.537768134269,-1.61260578093,1.58221811941,0.171675129303,7.806974,33.688623,45.990097,-0.358262,1.499464,-2.23264
6,1789438993.031161547,0.534668977897,-0.270178462135,0.537768134269,-1.61260578093,1.58221811941,0.171675129303,7.797243,33.674925,45.785962,-0.359851,1.49896,-2.226183
6,1789438993.035960913,0.534668977897,-0.270178462135,0.537768134269,-1.61260578093,1.58221811941,0.171675129303,7.851869,33.640606,45.714921,-0.35848,1.50019,-2.229708
6,1789438993.040910006,0.534668977897,-0.270178462135,0.537768134269,-1.61260578093,1.58221811941,0.171675129303,7.88675,33.635516,45.758654,-0.361894,1.501263,-2.231301
6,1789438993.046002150,0.534668977897,-0.270178462135,0.537768134269,-1.61260578093,1.58221811941,0.171675129303,7.895374,33.683317,45.823447,-0.359193,1.502292,-2.237766
6,1789438993.051059723,0.534668977897,-0.270178462135,0.537768134269,-1.61260578093,1.58221811941,0.171675129303,7.916649,33.705727,45.651851,-0.359689,1.504156,-2.23428
6,1789438993.055836439,0.534668977897,-0.270178462135,0.537768134269,-1.61260578093,1.58221811941,0.171675129303,7.89421,33.737082,45.786455,-0.363126,1.501874,-2.237899
6,1789438993.060984612,0.534668977897,-0.270178462135,0.537768134269,-1.61260578093,1.58221811941,0.171675129303,7.877676,33.702103,45.836572,-0.361304,1.501221,-2.241553
6,1789438993.066091061,0.534668977897,-0.270178462135,0.537768134269,-1.61260578093,1.58221811941,0.171675129303,7.911993,33.704443,45.801602,-0.361644,1.50282,-2.239888
6,1789438993.071043253,0.534668977897,-0.270178462135,0.537768134269,-1.61260578093,1.58221811941,0.171675129303,7.85339,33.719031,45.887272,-0.357644,1.501341,-2.238966
6,1789438993.076110125,0.534668977897,-0.270178462135,0.537768134269,-1.61260578093,1.58221811941,0.171675129303,7.822462,33.657255,45.772096,-0.35931,1.502338,-2.234761
6,1789438993.081574202,0.534668977897,-0.270178462135,0.537768134269,-1.61260578093,1.58221811941,0.171675129303,7.821581,33.666219,45.796115,-0.361382,1.499195,-2.231594
6,1789438993.085982800,0.534668977897,-0.270178462135,0.537768134269,-1.61260578093,1.58221811941,0.171675129303,7.822159,33.6373,45.987572,-0.360103,1.501436,-2.233757
6,1789438993.090868711,0.534668977897,-0.270178462135,0.537768134269,-1.61260578093,1.58221811941,0.171675129303,7.857771,33.622411,45.783581,-0.35536,1.502078,-2.227126
6,1789438993.096204281,0.534668977897,-0.270178462135,0.537768134269,-1.61260578093,1.58221811941,0.171675129303,7.904755,33.698672,45.711225,-0.361446,1.503876,-2.231933
6,1789438993.101075172,0.534668977897,-0.270178462135,0.537768134269,-1.61260578093,1.58221811941,0.171675129303,7.899252,33.691386,45.709527,-0.36096,1.50181,-2.233248
6,1789438993.105873346,0.534668977897,-0.270178462135,0.537768134269,-1.61260578093,1.58221811941,0.171675129303,7.841329,33.722613,45.860938,-0.358193,1.498294,-2.2383
6,1789438993.110884905,0.534668977897,-0.270178462135,0.537768134269,-1.61260578093,1.58221811941,0.171675129303,7.85562,33.706747,45.751095,-0.361144,1.504641,-2.236277
6,1789438993.116182566,0.534668977897,-0.270178462135,0.537768134269,-1.61260578093,1.58221811941,0.171675129303,7.788996,33.635966,45.78823,-0.359114,1.498653,-2.224545
6,1789438993.120968342,0.534668977897,-0.270178462135,0.537768134269,-1.61260578093,1.58221811941,0.171675129303,7.843812,33.637524,45.707492,-0.35757,1.499448,-2.22857
6,1789438993.125854731,0.534668977897,-0.270178462135,0.537768134269,-1.61260578093,1.58221811941,0.171675129303,7.844922,33.666368,45.800579,-0.358532,1.499182,-2.2287
6,1789438993.131086111,0.534668977897,-0.270178462135,0.537768134269,-1.61260578093,1.58221811941,0.171675129303,7.95355,33.68744,45.767621,-0.363731,1.505397,-2.237332
6,1789438993.136073828,0.534668977897,-0.270178462135,0.537768134269,-1.61260578093,1.58221811941,0.171675129303,7.931213,33.688131,45.945062,-0.365306,1.500185,-2.237467
6,1789438993.141199827,0.534668977897,-0.270178462135,0.537768134269,-1.61260578093,1.58221811941,0.171675129303,7.876764,33.69757,45.724781,-0.360131,1.498639,-2.235858
6,1789438993.146082401,0.534668977897,-0.270178462135,0.537768134269,-1.61260578093,1.58221811941,0.171675129303,7.871951,33.703472,45.732254,-0.359967,1.503534,-2.236542
6,1789438993.151072502,0.534668977897,-0.270178462135,0.537768134269,-1.61260578093,1.58221811941,0.171675129303,7.849087,33.690207,45.533528,-0.363144,1.501656,-2.226693
6,1789438993.156288624,0.534668977897,-0.270178462135,0.537768134269,-1.61260578093,1.58221811941,0.171675129303,7.820319,33.680785,45.86698,-0.35846,1.499931,-2.233957
6,1789438993.160894156,0.534668977897,-0.270178462135,0.537768134269,-1.61260578093,1.58221811941,0.171675129303,7.859832,33.642532,45.681684,-0.357468,1.502787,-2.232918
6,1789438993.166016102,0.534668977897,-0.270178462135,0.537768134269,-1.61260578093,1.58221811941,0.171675129303,7.890393,33.645965,45.768141,-0.360051,1.500967,-2.231293
6,1789438993.171094179,0.534668977897,-0.270178462135,0.537768134269,-1.61260578093,1.58221811941,0.171675129303,7.893004,33.673055,45.878106,-0.36168,1.502927,-2.238363
6,1789438993.175809860,0.534668977897,-0.270178462135,0.537768134269,-1.61260578093,1.58221811941,0.171675129303,7.888291,33.716819,45.725736,-0.360361,1.499443,-2.235233
6,1789438993.181297779,0.534668977897,-0.270178462135,0.537768134269,-1.61260578093,1.58221811941,0.171675129303,7.932672,33.703624,45.770055,-0.362333,1.506789,-2.241789
6,1789438993.185938597,0.534668977897,-0.270178462135,0.537768134269,-1.61260578093,1.58221811941,0.171675129303,7.836499,33.67519,45.934772,-0.363801,1.497733,-2.232337
6,1789438993.190994024,0.534668977897,-0.270178462135,0.537768134269,-1.61260578093,1.58221811941,0.171675129303,7.831578,33.637439,45.730737,-0.36011,1.499058,-2.237717
6,1789438993.196206331,0.534668977897,-0.270178462135,0.537768134269,-1.61260578093,1.58221811941,0.171675129303,7.83242,33.608358,45.680199,-0.358516,1.500724,-2.233947
6,1789438993.201168537,0.534668977897,-0.270178462135,0.537768134269,-1.61260578093,1.58221811941,0.171675129303,7.914988,33.653912,45.685832,-0.366695,1.502078,-2.230168
6,1789438993.207585096,0.534668977897,-0.270178462135,0.537768134269,-1.61260578093,1.58221811941,0.171675129303,7.960721,33.677621,45.809194,-0.367213,1.503401,-2.234596
6,1789438993.210967064,0.534668977897,-0.270178462135,0.537768134269,-1.61260578093,1.58221811941,0.171675129303,7.898055,33.712307,45.652641,-0.364356,1.499614,-2.234256
6,1789438993.216135263,0.534668977897,-0.270178462135,0.537768134269,-1.61260578093,1.58221811941,0.171675129303,7.90758,33.694663,45.785858,-0.359584,1.504248,-2.24392
6,1789438993.220951796,0.534668977897,-0.270178462135,0.537768134269,-1.61260578093,1.58221811941,0.171675129303,7.832812,33.698709,45.924656,-0.360013,1.501816,-2.232593
6,1789438993.225911379,0.534668977897,-0.270178462135,0.537768134269,-1.61260578093,1.58221811941,0.171675129303,7.813134,33.669399,45.748852,-0.358704,1.499748,-2.232084
6,1789438993.231137991,0.534668977897,-0.270178462135,0.537768134269,-1.61260578093,1.58221811941,0.171675129303,7.804759,33.655945,45.805018,-0.357037,1.502567,-2.237581
6,1789438993.235980749,0.534668977897,-0.270178462135,0.537768134269,-1.61260578093,1.58221811941,0.171675129303,7.849863,33.63731,46.017658,-0.359841,1.502446,-2.232201
6,1789438993.240944862,0.534668977897,-0.270178462135,0.537768134269,-1.61260578093,1.58221811941,0.171675129303,7.885867,33.628896,45.786299,-0.360768,1.500882,-2.225416
6,1789438993.246054649,0.534668977897,-0.270178462135,0.537768134269,-1.61260578093,1.58221811941,0.171675129303,7.894996,33.668691,45.669834,-0.361144,1.501042,-2.234837
6,1789438993.251168966,0.534668977897,-0.270178462135,0.537768134269,-1.61260578093,1.58221811941,0.171675129303,7.900079,33.705563,45.666222,-0.363535,1.500885,-2.237373
6,1789438993.256052017,0.534668977897,-0.270178462135,0.537768134269,-1.61260578093,1.58221811941,0.171675129303,7.919786,33.749196,45.841445,-0.364516,1.502928,-2.238344
6,1789438993.260992289,0.534668977897,-0.270178462135,0.537768134269,-1.61260578093,1.58221811941,0.171675129303,7.86892,33.715397,45.620578,-0.362268,1.502497,-2.236719
6,1789438993.266048193,0.534668977897,-0.270178462135,0.537768134269,-1.61260578093,1.58221811941,0.171675129303,7.801547,33.632902,45.719386,-0.358233,1.495665,-2.233384
6,1789438993.271002054,0.534668977897,-0.270178462135,0.537768134269,-1.61260578093,1.58221811941,0.171675129303,7.839903,33.616667,45.832159,-0.361576,1.501997,-2.231761
6,1789438993.275902510,0.534668977897,-0.270178462135,0.537768134269,-1.61260578093,1.58221811941,0.171675129303,7.813572,33.657481,45.811373,-0.36284,1.50236,-2.233366
6,1789438993.281147480,0.534668977897,-0.270178462135,0.537768134269,-1.61260578093,1.58221811941,0.171675129303,7.812082,33.628527,45.89077,-0.359328,1.498166,-2.230483
6,1789438993.286130667,0.534668977897,-0.270178462135,0.537768134269,-1.61260578093,1.58221811941,0.171675129303,7.881854,33.625429,45.735692,-0.360489,1.502328,-2.234
6,1789438993.290930748,0.534668977897,-0.270178462135,0.537768134269,-1.61260578093,1.58221811941,0.171675129303,7.928168,33.674463,45.774851,-0.360753,1.505958,-2.232537
6,1789438993.296051502,0.534668977897,-0.270178462135,0.537768134269,-1.61260578093,1.58221811941,0.171675129303,7.889179,33.707162,45.747072,-0.362828,1.501133,-2.239252
6,1789438993.301010609,0.534668977897,-0.270178462135,0.537768134269,-1.61260578093,1.58221811941,0.171675129303,7.914991,33.685343,45.808923,-0.358207,1.504252,-2.240968
6,1789438993.305942297,0.534668977897,-0.270178462135,0.537768134269,-1.61260578093,1.58221811941,0.171675129303,7.798528,33.723563,45.800808,-0.364214,1.498363,-2.234983
6,1789438993.311077118,0.534668977897,-0.270178462135,0.537768134269,-1.61260578093,1.58221811941,0.171675129303,7.854327,33.652211,45.36612,-0.357558,1.5027,-2.226424
6,1789438993.316041708,0.534668977897,-0.270178462135,0.537768134269,-1.61260578093,1.58221811941,0.171675129303,7.824227,33.649029,45.898027,-0.358559,1.498777,-2.231862
6,1789438993.320984125,0.534668977897,-0.270178462135,0.537768134269,-1.61260578093,1.58221811941,0.171675129303,7.868105,33.616883,45.691655,-0.359698,1.503163,-2.226183
6,1789438993.326278448,0.534668977897,-0.270178462135,0.537768134269,-1.61260578093,1.58221811941,0.171675129303,7.864006,33.658167,45.788716,-0.35873,1.50323,-2.235938
6,1789438993.331138372,0.534668977897,-0.270178462135,0.537768134269,-1.61260578093,1.58221811941,0.171675129303,7.87213,33.685728,45.87246,-0.360712,1.500786,-2.236312
6,1789438993.336058617,0.534668977897,-0.270178462135,0.537768134269,-1.61260578093,1.58221811941,0.171675129303,7.902846,33.701044,45.784846,-0.359769,1.502285,-2.238756
6,1789438993.340861559,0.534668977897,-0.270178462135,0.537768134269,-1.61260578093,1.58221811941,0.171675129303,7.862433,33.714039,45.784374,-0.359719,1.50223,-2.233091
6,1789438993.346044779,0.534668977897,-0.270178462135,0.537768134269,-1.61260578093,1.58221811941,0.171675129303,7.814028,33.667871,46.015614,-0.358093,1.502661,-2.23373
6,1789438993.351053476,0.534668977897,-0.270178462135,0.537768134269,-1.61260578093,1.58221811941,0.171675129303,7.753909,33.662274,45.850031,-0.357472,1.497017,-2.227091
6,1789438993.355884790,0.534668977897,-0.270178462135,0.537768134269,-1.61260578093,1.58221811941,0.171675129303,7.849157,33.620081,45.698071,-0.356992,1.505065,-2.227928
6,1789438993.361226082,0.534668977897,-0.270178462135,0.537768134269,-1.61260578093,1.58221811941,0.171675129303,7.843441,33.655389,45.571921,-0.358783,1.500677,-2.219833
6,1789438993.366090298,0.534668977897,-0.270178462135,0.537768134269,-1.61260578093,1.58221811941,0.171675129303,7.879557,33.691256,45.900425,-0.356741,1.501284,-2.230218
6,1789438993.370931387,0.534668977897,-0.270178462135,0.537768134269,-1.61260578093,1.58221811941,0.171675129303,7.898072,33.703554,45.699317,-0.35938,1.503655,-2.233722
6,1789438993.375884056,0.534668977897,-0.270178462135,0.537768134269,-1.61260578093,1.58221811941,0.171675129303,7.901072,33.713511,45.79363,-0.362724,1.501174,-2.233163
6,1789438993.381378412,0.534668977897,-0.270178462135,0.537768134269,-1.61260578093,1.58221811941,0.171675129303,7.901697,33.693815,45.856466,-0.362517,1.500868,-2.240669
6,1789438993.385985374,0.534668977897,-0.270178462135,0.537768134269,-1.61260578093,1.58221811941,0.171675129303,7.833837,33.66091,45.727247,-0.359913,1.498019,-2.23416
6,1789438993.390927792,0.534668977897,-0.270178462135,0.537768134269,-1.61260578093,1.58221811941,0.171675129303,7.808666,33.660357,45.779044,-0.36117,1.498207,-2.230684
6,1789438993.396126509,0.534668977897,-0.270178462135,0.537768134269,-1.61260578093,1.58221811941,0.171675129303,7.852337,33.645394,45.974812,-0.359004,1.503136,-2.23586
6,1789438993.401164055,0.534668977897,-0.270178462135,0.537768134269,-1.61260578093,1.58221811941,0.171675129303,7.896872,33.664203,45.804218,-0.359973,1.500603,-2.232168
6,1789438993.406022310,0.534668977897,-0.270178462135,0.537768134269,-1.61260578093,1.58221811941,0.171675129303,7.931695,33.678864,45.657212,-0.360655,1.503695,-2.236739
6,1789438993.410977364,0.534668977897,-0.270178462135,0.537768134269,-1.61260578093,1.58221811941,0.171675129303,7.921962,33.734301,45.529315,-0.363236,1.504201,-2.235416
6,1789438993.416137695,0.534668977897,-0.270178462135,0.537768134269,-1.61260578093,1.58221811941,0.171675129303,7.818311,33.721472,45.862753,-0.359457,1.499926,-2.236925
6,1789438993.420954227,0.534668977897,-0.270178462135,0.537768134269,-1.61260578093,1.58221811941,0.171675129303,7.822726,33.699154,45.679111,-0.359318,1.50245,-2.234943
6,1789438993.425976515,0.534668977897,-0.270178462135,0.537768134269,-1.61260578093,1.58221811941,0.171675129303,7.826495,33.647433,45.784772,-0.359556,1.500407,-2.232714
6,1789438993.431109190,0.534668977897,-0.270178462135,0.537768134269,-1.61260578093,1.58221811941,0.171675129303,7.827289,33.613917,45.883019,-0.358076,1.500227,-2.229165
6,1789438993.435961485,0.534668977897,-0.270178462135,0.537768134269,-1.61260578093,1.58221811941,0.171675129303,7.866919,33.652556,45.76978,-0.360816,1.502042,-2.230144
6,1789438993.440937519,0.534668977897,-0.270178462135,0.537768134269,-1.61260578093,1.58221811941,0.171675129303,7.920684,33.673381,45.760208,-0.361732,1.503028,-2.236344
6,1789438993.446065426,0.534668977897,-0.270178462135,0.537768134269,-1.61260578093,1.58221811941,0.171675129303,7.922332,33.711832,45.975268,-0.36409,1.500736,-2.242136
6,1789438993.451076031,0.534668977897,-0.270178462135,0.537768134269,-1.61260578093,1.58221811941,0.171675129303,7.883307,33.692107,45.734464,-0.360912,1.499973,-2.235414
6,1789438993.455813408,0.534668977897,-0.270178462135,0.537768134269,-1.61260578093,1.58221811941,0.171675129303,7.870051,33.680533,45.66879,-0.359192,1.50435,-2.235259
6,1789438993.461072445,0.534668977897,-0.270178462135,0.537768134269,-1.61260578093,1.58221811941,0.171675129303,7.819874,33.690452,45.604989,-0.361785,1.500851,-2.228765
6,1789438993.466102362,0.534668977897,-0.270178462135,0.537768134269,-1.61260578093,1.58221811941,0.171675129303,7.831385,33.657715,45.856553,-0.357082,1.501153,-2.228362
6,1789438993.471213102,0.534668977897,-0.270178462135,0.537768134269,-1.61260578093,1.58221811941,0.171675129303,7.850156,33.669322,45.686954,-0.356853,1.499621,-2.229988
6,1789438993.476306915,0.534668977897,-0.270178462135,0.537768134269,-1.61260578093,1.58221811941,0.171675129303,7.88091,33.658219,45.786832,-0.35683,1.505751,-2.230819
6,1789438993.481018782,0.534668977897,-0.270178462135,0.537768134269,-1.61260578093,1.58221811941,0.171675129303,7.910411,33.697733,45.840375,-0.361155,1.50212,-2.238918
6,1789438993.485953093,0.534668977897,-0.270178462135,0.537768134269,-1.61260578093,1.58221811941,0.171675129303,7.885869,33.702714,45.794408,-0.365194,1.502101,-2.232469
6,1789438993.490862370,0.534668977897,-0.270178462135,0.537768134269,-1.61260578093,1.58221811941,0.171675129303,7.930395,33.680746,45.827118,-0.361258,1.501894,-2.241421
6,1789438993.495880604,0.534668977897,-0.270178462135,0.537768134269,-1.61260578093,1.58221811941,0.171675129303,7.880672,33.710041,45.730919,-0.361778,1.501125,-2.237687
6,1789438993.501133204,0.534668977897,-0.270178462135,0.537768134269,-1.61260578093,1.58221811941,0.171675129303,7.877761,33.685161,45.77395,-0.362345,1.502684,-2.233569
6,1789438993.505877972,0.534668977897,-0.270178462135,0.537768134269,-1.61260578093,1.58221811941,0.171675129303,7.871985,33.699984,45.769365,-0.360058,1.50059,-2.236919
6,1789438993.510822058,0.534668977897,-0.270178462135,0.537768134269,-1.61260578093,1.58221811941,0.171675129303,7.832398,33.653009,45.759696,-0.361068,1.497496,-2.231192
6,1789438993.516005516,0.534668977897,-0.270178462135,0.537768134269,-1.61260578093,1.58221811941,0.171675129303,7.864062,33.625406,45.754461,-0.36046,1.500155,-2.234152
6,1789438993.520879030,0.534668977897,-0.270178462135,0.537768134269,-1.61260578093,1.58221811941,0.171675129303,7.870429,33.654007,45.778131,-0.363374,1.501237,-2.230824
6,1789438993.525913715,0.534668977897,-0.270178462135,0.537768134269,-1.61260578093,1.58221811941,0.171675129303,7.919191,33.668229,45.876709,-0.358295,1.50288,-2.239284
6,1789438993.531135321,0.534668977897,-0.270178462135,0.537768134269,-1.61260578093,1.58221811941,0.171675129303,7.927217,33.703412,45.694905,-0.362021,1.504122,-2.236491
6,1789438993.536118269,0.534668977897,-0.270178462135,0.537768134269,-1.61260578093,1.58221811941,0.171675129303,7.861277,33.687176,45.741416,-0.360664,1.499904,-2.230873
6,1789438993.540926218,0.534668977897,-0.270178462135,0.537768134269,-1.61260578093,1.58221811941,0.171675129303,7.826391,33.703005,45.843081,-0.360859,1.500707,-2.237409
6,1789438993.546049356,0.534668977897,-0.270178462135,0.537768134269,-1.61260578093,1.58221811941,0.171675129303,7.785878,33.675824,45.764204,-0.358508,1.499596,-2.228206
6,1789438993.551438332,0.534668977897,-0.270178462135,0.537768134269,-1.61260578093,1.58221811941,0.171675129303,7.841502,33.625658,45.813529,-0.357821,1.502851,-2.231782
6,1789438993.555896759,0.534668977897,-0.270178462135,0.537768134269,-1.61260578093,1.58221811941,0.171675129303,7.877286,33.656951,45.97702,-0.361378,1.503649,-2.234365
6,1789438993.560935736,0.534668977897,-0.270178462135,0.537768134269,-1.61260578093,1.58221811941,0.171675129303,7.934893,33.651924,45.779731,-0.359343,1.505119,-2.235418
6,1789438993.566022396,0.534668977897,-0.270178462135,0.537768134269,-1.61260578093,1.58221811941,0.171675129303,7.917352,33.71021,45.653889,-0.36668,1.503455,-2.23903
6,1789438993.570940971,0.534668977897,-0.270178462135,0.537768134269,-1.61260578093,1.58221811941,0.171675129303,7.914712,33.699215,45.441132,-0.364686,1.499635,-2.232561
6,1789438993.576092482,0.534668977897,-0.270178462135,0.537768134269,-1.61260578093,1.58221811941,0.171675129303,7.912335,33.681976,45.858935,-0.363114,1.503807,-2.244726
6,1789438993.581229925,0.534668977897,-0.270178462135,0.537768134269,-1.61260578093,1.58221811941,0.171675129303,7.859549,33.650795,45.649648,-0.359875,1.500192,-2.229836
6,1789438993.585981131,0.534668977897,-0.270178462135,0.537768134269,-1.61260578093,1.58221811941,0.171675129303,7.855719,33.637071,45.786254,-0.360476,1.504581,-2.237265
6,1789438993.590913296,0.534668977897,-0.270178462135,0.537768134269,-1.61260578093,1.58221811941,0.171675129303,7.819906,33.651533,45.855817,-0.362046,1.498688,-2.229024
6,1789438993.596146584,0.534668977897,-0.270178462135,0.537768134269,-1.61260578093,1.58221811941,0.171675129303,7.887106,33.664429,45.76185,-0.358654,1.502281,-2.229297
6,1789438993.601022959,0.534668977897,-0.270178462135,0.537768134269,-1.61260578093,1.58221811941,0.171675129303,7.942245,33.684996,45.797707,-0.360221,1.503976,-2.236115
6,1789438993.606024742,0.534668977897,-0.270178462135,0.537768134269,-1.61260578093,1.58221811941,0.171675129303,7.915387,33.720738,45.961829,-0.360641,1.503422,-2.238558
6,1789438993.610864162,0.534668977897,-0.270178462135,0.537768134269,-1.61260578093,1.58221811941,0.171675129303,7.855606,33.710483,45.817011,-0.356547,1.503869,-2.23593
6,1789438993.616049767,0.534668977897,-0.270178462135,0.537768134269,-1.61260578093,1.58221811941,0.171675129303,7.801599,33.699614,45.670479,-0.356381,1.499381,-2.22883
6,1789438993.620936155,0.534668977897,-0.270178462135,0.537768134269,-1.61260578093,1.58221811941,0.171675129303,7.85348,33.644784,45.576472,-0.355141,1.50456,-2.228572
6,1789438993.625881195,0.534668977897,-0.270178462135,0.537768134269,-1.61260578093,1.58221811941,0.171675129303,7.792904,33.624537,45.8885,-0.356477,1.499861,-2.225731
6,1789438993.631047487,0.534668977897,-0.270178462135,0.537768134269,-1.61260578093,1.58221811941,0.171675129303,7.854508,33.65881,45.65243,-0.361938,1.501948,-2.227837
6,1789438993.636009455,0.534668977897,-0.270178462135,0.537768134269,-1.61260578093,1.58221811941,0.171675129303,7.878359,33.654242,45.779448,-0.360811,1.499933,-2.230142
6,1789438993.640804052,0.534668977897,-0.270178462135,0.537768134269,-1.61260578093,1.58221811941,0.171675129303,7.973354,33.690411,45.862943,-0.36208,1.507345,-2.241718
6,1789438993.645954847,0.534668977897,-0.270178462135,0.537768134269,-1.61260578093,1.58221811941,0.171675129303,7.872815,33.719908,45.773536,-0.362838,1.500529,-2.234264
6,1789438993.651054859,0.534668977897,-0.270178462135,0.537768134269,-1.61260578093,1.58221811941,0.171675129303,7.82006,33.71507,45.752335,-0.361544,1.498807,-2.23619
6,1789438993.655896902,0.534668977897,-0.270178462135,0.537768134269,-1.61260578093,1.58221811941,0.171675129303,7.813863,33.690782,45.99708,-0.358206,1.501191,-2.240051
6,1789438993.661097765,0.534668977897,-0.270178462135,0.537768134269,-1.61260578093,1.58221811941,0.171675129303,7.792458,33.67456,45.816187,-0.356951,1.498493,-2.224764
6,1789438993.666082621,0.534668977897,-0.270178462135,0.537768134269,-1.61260578093,1.58221811941,0.171675129303,7.868669,33.62425,45.631534,-0.357597,1.50385,-2.222907
6,1789438993.670835495,0.534668977897,-0.270178462135,0.537768134269,-1.61260578093,1.58221811941,0.171675129303,7.885559,33.666025,45.625593,-0.358945,1.499552,-2.227462
6,1789438993.675808430,0.534668977897,-0.270178462135,0.537768134269,-1.61260578093,1.58221811941,0.171675129303,7.922867,33.695746,45.859774,-0.362194,1.503126,-2.238251
6,1789438993.681021452,0.534668977897,-0.270178462135,0.537768134269,-1.61260578093,1.58221811941,0.171675129303,7.902246,33.698898,45.777326,-0.360137,1.503587,-2.237427
6,1789438993.686017036,0.534668977897,-0.270178462135,0.537768134269,-1.61260578093,1.58221811941,0.171675129303,7.895565,33.702012,45.755747,-0.362955,1.502472,-2.239478
6,1789438993.690808058,0.534668977897,-0.270178462135,0.537768134269,-1.61260578093,1.58221811941,0.171675129303,7.832572,33.672133,45.827588,-0.362879,1.498776,-2.235393
6,1789438993.695910215,0.534668977897,-0.270178462135,0.537768134269,-1.61260578093,1.58221811941,0.171675129303,7.838154,33.705403,45.81836,-0.362439,1.503192,-2.235026
6,1789438993.700909376,0.534668977897,-0.270178462135,0.537768134269,-1.61260578093,1.58221811941,0.171675129303,7.821819,33.666221,45.870659,-0.361708,1.499368,-2.23149
6,1789438993.705888510,0.534668977897,-0.270178462135,0.537768134269,-1.61260578093,1.58221811941,0.171675129303,7.844496,33.647642,45.783597,-0.359257,1.502761,-2.233208
6,1789438993.710813046,0.534668977897,-0.270178462135,0.537768134269,-1.61260578093,1.58221811941,0.171675129303,7.849939,33.651653,45.753226,-0.362423,1.500038,-2.229013
6,1789438993.716025829,0.534668977897,-0.270178462135,0.537768134269,-1.61260578093,1.58221811941,0.171675129303,7.889955,33.650439,45.982487,-0.360258,1.50375,-2.236833
6,1789438993.720902443,0.534668977897,-0.270178462135,0.537768134269,-1.61260578093,1.58221811941,0.171675129303,7.880314,33.682726,45.789353,-0.357886,1.502254,-2.235761
6,1789438993.725944281,0.534668977897,-0.270178462135,0.537768134269,-1.61260578093,1.58221811941,0.171675129303,7.924525,33.671202,45.609991,-0.359205,1.50148,-2.237437
6,1789438993.731136322,0.534668977897,-0.270178462135,0.537768134269,-1.61260578093,1.58221811941,0.171675129303,7.892808,33.716053,45.511732,-0.363907,1.505822,-2.234483
6,1789438993.735944748,0.534668977897,-0.270178462135,0.537768134269,-1.61260578093,1.58221811941,0.171675129303,7.831735,33.677574,45.88195,-0.356284,1.503178,-2.235974
6,1789438993.740802050,0.534668977897,-0.270178462135,0.537768134269,-1.61260578093,1.58221811941,0.171675129303,7.810989,33.679719,45.660563,-0.359416,1.501466,-2.234921
6,1789438993.745947838,0.534668977897,-0.270178462135,0.537768134269,-1.61260578093,1.58221811941,0.171675129303,7.802437,33.624477,45.805491,-0.355196,1.498944,-2.231458
6,1789438993.751049280,0.534668977897,-0.270178462135,0.537768134269,-1.61260578093,1.58221811941,0.171675129303,7.832018,33.647044,45.887049,-0.359246,1.50377,-2.232369
6,1789438993.755856752,0.534668977897,-0.270178462135,0.537768134269,-1.61260578093,1.58221811941,0.171675129303,7.88053,33.639986,45.75525,-0.359526,1.501548,-2.227476
6,1789438993.761107445,0.534668977897,-0.270178462135,0.537768134269,-1.61260578093,1.58221811941,0.171675129303,7.946933,33.701387,45.783696,-0.361788,1.503498,-2.239307
6,1789438993.766062260,0.534668977897,-0.270178462135,0.537768134269,-1.61260578093,1.58221811941,0.171675129303,7.944314,33.694032,45.966118,-0.362924,1.502653,-2.241725
6,1789438993.770880222,0.534668977897,-0.270178462135,0.537768134269,-1.61260578093,1.58221811941,0.171675129303,7.856573,33.703009,45.789194,-0.362536,1.501678,-2.235989
6,1789438993.775895119,0.534668977897,-0.270178462135,0.537768134269,-1.61260578093,1.58221811941,0.171675129303,7.794642,33.674165,45.75944,-0.358869,1.499275,-2.237417
6,1789438993.781408787,0.534668977897,-0.270178462135,0.537768134269,-1.61260578093,1.58221811941,0.171675129303,7.769912,33.67607,45.817748,-0.359104,1.498166,-2.23594
6,1789438993.785871506,0.534668977897,-0.270178462135,0.537768134269,-1.61260578093,1.58221811941,0.171675129303,7.856982,33.611135,45.755201,-0.359483,1.503243,-2.227184
6,1789438993.790939093,0.534668977897,-0.270178462135,0.537768134269,-1.61260578093,1.58221811941,0.171675129303,7.89192,33.652044,45.803818,-0.360556,1.5024,-2.232159
6,1789438993.795958757,0.534668977897,-0.270178462135,0.537768134269,-1.61260578093,1.58221811941,0.171675129303,7.913399,33.688722,45.764614,-0.362968,1.504114,-2.239492
6,1789438993.801245451,0.534668977897,-0.270178462135,0.537768134269,-1.61260578093,1.58221811941,0.171675129303,7.849071,33.667886,45.896434,-0.35913,1.500248,-2.238891
6,1789438993.805802345,0.534668977897,-0.270178462135,0.537768134269,-1.61260578093,1.58221811941,0.171675129303,7.851473,33.706378,45.788422,-0.362767,1.502345,-2.236438
6,1789438993.810983658,0.534668977897,-0.270178462135,0.537768134269,-1.61260578093,1.58221811941,0.171675129303,7.878084,33.685818,45.819236,-0.362318,1.502715,-2.240454
6,1789438993.816025019,0.534668977897,-0.270178462135,0.537768134269,-1.61260578093,1.58221811941,0.171675129303,7.834884,33.65803,45.980191,-0.357058,1.503336,-2.238513
6,1789438993.820884705,0.534668977897,-0.270178462135,0.537768134269,-1.61260578093,1.58221811941,0.171675129303,7.828797,33.63399,45.850696,-0.35696,1.502384,-2.231931
6,1789438993.825842381,0.534668977897,-0.270178462135,0.537768134269,-1.61260578093,1.58221811941,0.171675129303,7.835221,33.629057,45.643214,-0.360642,1.500964,-2.227767
6,1789438993.831406116,0.534668977897,-0.270178462135,0.537768134269,-1.61260578093,1.58221811941,0.171675129303,7.847665,33.644005,45.528075,-0.359042,1.500265,-2.224149
6,1789438993.835816622,0.534668977897,-0.270178462135,0.537768134269,-1.61260578093,1.58221811941,0.171675129303,7.909516,33.69482,45.923797,-0.360244,1.504897,-2.238803
6,1789438993.840751171,0.534668977897,-0.270178462135,0.537768134269,-1.61260578093,1.58221811941,0.171675129303,7.909266,33.695806,45.720358,-0.360234,1.503035,-2.232137
6,1789438993.845888615,0.534668977897,-0.270178462135,0.537768134269,-1.61260578093,1.58221811941,0.171675129303,7.89664,33.69359,45.805635,-0.360564,1.50538,-2.236934
6,1789438993.851366758,0.534668977897,-0.270178462135,0.537768134269,-1.61260578093,1.58221811941,0.171675129303,7.787062,33.705557,45.914806,-0.361045,1.498478,-2.239466
6,1789438993.855946302,0.534668977897,-0.270178462135,0.537768134269,-1.61260578093,1.58221811941,0.171675129303,7.784394,33.651888,45.763318,-0.357091,1.502288,-2.234459
6,1789438993.860944033,0.534668977897,-0.270178462135,0.537768134269,-1.61260578093,1.58221811941,0.171675129303,7.797225,33.642724,45.775018,-0.364129,1.500333,-2.226868
6,1789438993.866058588,0.534668977897,-0.270178462135,0.537768134269,-1.61260578093,1.58221811941,0.171675129303,7.934725,33.639369,45.934712,-0.362868,1.502581,-2.237655
6,1789438993.871053219,0.534668977897,-0.270178462135,0.537768134269,-1.61260578093,1.58221811941,0.171675129303,7.971774,33.646425,45.773994,-0.357932,1.50375,-2.239284
6,1789438993.875903130,0.534668977897,-0.270178462135,0.537768134269,-1.61260578093,1.58221811941,0.171675129303,7.911511,33.709441,45.601624,-0.363154,1.502606,-2.230774
6,1789438993.881386042,0.534668977897,-0.270178462135,0.537768134269,-1.61260578093,1.58221811941,0.171675129303,7.885959,33.715161,45.554134,-0.361006,1.505061,-2.2373
6,1789438993.885829449,0.534668977897,-0.270178462135,0.537768134269,-1.61260578093,1.58221811941,0.171675129303,7.804236,33.71255,45.839826,-0.360266,1.500656,-2.23962
6,1789438993.890852213,0.534668977897,-0.270178462135,0.537768134269,-1.61260578093,1.58221811941,0.171675129303,7.834779,33.658287,45.637176,-0.356748,1.50163,-2.22577
6,1789438993.895986319,0.534668977897,-0.270178462135,0.537768134269,-1.61260578093,1.58221811941,0.171675129303,7.829766,33.656434,45.814805,-0.358392,1.500852,-2.231337
6,1789438993.901077747,0.534668977897,-0.270178462135,0.537768134269,-1.61260578093,1.58221811941,0.171675129303,7.866657,33.660904,45.92279,-0.35804,1.502765,-2.233506
6,1789438993.905879498,0.534668977897,-0.270178462135,0.537768134269,-1.61260578093,1.58221811941,0.171675129303,7.82156,33.6655,45.797402,-0.361736,1.499339,-2.224646
6,1789438993.910827160,0.534668977897,-0.270178462135,0.537768134269,-1.61260578093,1.58221811941,0.171675129303,7.859058,33.6551,45.805192,-0.358153,1.503684,-2.231194
6,1789438993.916092396,0.534668977897,-0.270178462135,0.537768134269,-1.61260578093,1.58221811941,0.171675129303,7.850654,33.640089,45.804875,-0.355902,1.501685,-2.231586
6,1789438993.920906305,0.534668977897,-0.270178462135,0.537768134269,-1.61260578093,1.58221811941,0.171675129303,7.896748,33.711538,45.80779,-0.361785,1.501474,-2.236042
6,1789438993.926002741,0.534668977897,-0.270178462135,0.537768134269,-1.61260578093,1.58221811941,0.171675129303,7.890657,33.668333,45.460526,-0.359512,1.505371,-2.231331
6,1789438993.930979013,0.534668977897,-0.270178462135,0.537768134269,-1.61260578093,1.58221811941,0.171675129303,7.819336,33.700121,45.81914,-0.361888,1.499207,-2.23496
6,1789438993.935886383,0.534668977897,-0.270178462135,0.537768134269,-1.61260578093,1.58221811941,0.171675129303,7.828123,33.65985,45.699936,-0.360233,1.502021,-2.233314
6,1789438993.940754652,0.534668977897,-0.270178462135,0.537768134269,-1.61260578093,1.58221811941,0.171675129303,7.836715,33.655941,45.607624,-0.362611,1.501624,-2.226746
6,1789438993.945868492,0.534668977897,-0.270178462135,0.537768134269,-1.61260578093,1.58221811941,0.171675129303,7.890135,33.629077,45.862221,-0.360743,1.503426,-2.236311
6,1789438993.950914383,0.534668977897,-0.270178462135,0.537768134269,-1.61260578093,1.58221811941,0.171675129303,7.884956,33.64516,45.639418,-0.361011,1.504234,-2.229921
6,1789438993.955855846,0.534668977897,-0.270178462135,0.537768134269,-1.61260578093,1.58221811941,0.171675129303,7.905189,33.686991,45.771003,-0.364301,1.500968,-2.235647
6,1789438993.960848808,0.534668977897,-0.270178462135,0.537768134269,-1.61260578093,1.58221811941,0.171675129303,7.93298,33.723524,45.888991,-0.361552,1.508766,-2.242991
6,1789438993.965956688,0.534668977897,-0.270178462135,0.537768134269,-1.61260578093,1.58221811941,0.171675129303,7.852214,33.6965,45.774333,-0.360749,1.499926,-2.233733
6,1789438993.970749855,0.534668977897,-0.270178462135,0.537768134269,-1.61260578093,1.58221811941,0.171675129303,7.872765,33.656667,45.79257,-0.358454,1.502869,-2.23953
6,1789438993.975879192,0.534668977897,-0.270178462135,0.537768134269,-1.61260578093,1.58221811941,0.171675129303,7.845557,33.650355,45.98476,-0.358559,1.501987,-2.235606
6,1789438993.981532574,0.534668977897,-0.270178462135,0.537768134269,-1.61260578093,1.58221811941,0.171675129303,7.850218,33.651444,45.786189,-0.360482,1.501512,-2.231652
6,1789438993.986011505,0.534668977897,-0.270178462135,0.537768134269,-1.61260578093,1.58221811941,0.171675129303,7.840637,33.639605,45.628673,-0.357496,1.502121,-2.231159
6,1789438993.991199255,0.534668977897,-0.270178462135,0.537768134269,-1.61260578093,1.58221811941,0.171675129303,7.888077,33.668748,45.523016,-0.360807,1.503191,-2.227199
6,1789438993.996034384,0.534668977897,-0.270178462135,0.537768134269,-1.61260578093,1.58221811941,0.171675129303,7.932854,33.673275,45.886428,-0.360143,1.504037,-2.238871
6,1789438994.001404524,0.534668977897,-0.270178462135,0.537768134269,-1.61260578093,1.58221811941,0.171675129303,7.906792,33.727569,45.66343,-0.362401,1.503607,-2.232938
6,1789438994.005907536,0.534668977897,-0.270178462135,0.537768134269,-1.61260578093,1.58221811941,0.171675129303,7.868958,33.70653,45.772297,-0.35894,1.500078,-2.235113
6,1789438994.010833979,0.534668977897,-0.270178462135,0.537768134269,-1.61260578093,1.58221811941,0.171675129303,7.805752,33.692408,45.91154,-0.354924,1.503179,-2.234995
6,1789438994.015999556,0.534668977897,-0.270178462135,0.537768134269,-1.61260578093,1.58221811941,0.171675129303,7.82134,33.684969,45.829942,-0.359326,1.5023,-2.233587
6,1789438994.020920992,0.534668977897,-0.270178462135,0.537768134269,-1.61260578093,1.58221811941,0.171675129303,7.823889,33.605506,45.775677,-0.357296,1.499757,-2.226382
6,1789438994.025872231,0.534668977897,-0.270178462135,0.537768134269,-1.61260578093,1.58221811941,0.171675129303,7.903245,33.622913,45.968444,-0.358985,1.50384,-2.233702
6,1789438994.031480074,0.534668977897,-0.270178462135,0.537768134269,-1.61260578093,1.58221811941,0.171675129303,7.914122,33.676391,45.782341,-0.362946,1.502793,-2.234068
6,1789438994.035898685,0.534668977897,-0.270178462135,0.537768134269,-1.61260578093,1.58221811941,0.171675129303,7.897182,33.711979,45.613212,-0.362418,1.500376,-2.235648
6,1789438994.040971994,0.534668977897,-0.270178462135,0.537768134269,-1.61260578093,1.58221811941,0.171675129303,7.892378,33.698798,45.555654,-0.362371,1.503284,-2.236394
6,1789438994.045900822,0.534668977897,-0.270178462135,0.537768134269,-1.61260578093,1.58221811941,0.171675129303,7.844773,33.692768,45.85457,-0.362756,1.499013,-2.236073
6,1789438994.051540852,0.534668977897,-0.270178462135,0.537768134269,-1.61260578093,1.58221811941,0.171675129303,7.852643,33.662338,45.657081,-0.35798,1.500145,-2.231159
6,1789438994.055954218,0.534668977897,-0.270178462135,0.537768134269,-1.61260578093,1.58221811941,0.171675129303,7.830878,33.649537,45.79146,-0.356617,1.50192,-2.228222
6,1789438994.061344147,0.534668977897,-0.270178462135,0.537768134269,-1.61260578093,1.58221811941,0.171675129303,7.858586,33.656943,45.908029,-0.35812,1.502206,-2.231039
6,1789438994.066096544,0.534668977897,-0.270178462135,0.537768134269,-1.61260578093,1.58221811941,0.171675129303,7.875506,33.686729,45.788675,-0.358428,1.502363,-2.236209
6,1789438994.070996284,0.534668977897,-0.270178462135,0.537768134269,-1.61260578093,1.58221811941,0.171675129303,7.883614,33.683991,45.780111,-0.360772,1.501269,-2.235794
6,1789438994.075857401,0.534668977897,-0.270178462135,0.537768134269,-1.61260578093,1.58221811941,0.171675129303,7.906197,33.701402,45.780502,-0.360404,1.503334,-2.241468
6,1789438994.081669331,0.534668977897,-0.270178462135,0.537768134269,-1.61260578093,1.58221811941,0.171675129303,7.851277,33.680325,45.808717,-0.358524,1.502553,-2.235233
6,1789438994.086015701,0.534668977897,-0.270178462135,0.537768134269,-1.61260578093,1.58221811941,0.171675129303,7.801495,33.668237,45.779757,-0.360322,1.50056,-2.230014
6,1789438994.090922594,0.534668977897,-0.270178462135,0.537768134269,-1.61260578093,1.58221811941,0.171675129303,7.810808,33.631814,45.795627,-0.356972,1.501697,-2.231522
6,1789438994.096076012,0.534668977897,-0.270178462135,0.537768134269,-1.61260578093,1.58221811941,0.171675129303,7.83328,33.665073,45.922519,-0.359182,1.500911,-2.227842
6,1789438994.101101398,0.534668977897,-0.270178462135,0.537768134269,-1.61260578093,1.58221811941,0.171675129303,7.898535,33.646648,45.695618,-0.35778,1.505005,-2.229627
6,1789438994.105858803,0.534668977897,-0.270178462135,0.537768134269,-1.61260578093,1.58221811941,0.171675129303,7.89832,33.697983,45.839649,-0.360165,1.502541,-2.23329
6,1789438994.110850334,0.534668977897,-0.270178462135,0.537768134269,-1.61260578093,1.58221811941,0.171675129303,7.92367,33.693693,45.90066,-0.359965,1.506621,-2.241558
6,1789438994.116087914,0.534668977897,-0.270178462135,0.537768134269,-1.61260578093,1.58221811941,0.171675129303,7.931872,33.703736,45.772579,-0.362671,1.505839,-2.23416
6,1789438994.120975733,0.534668977897,-0.270178462135,0.537768134269,-1.61260578093,1.58221811941,0.171675129303,7.891014,33.718833,45.917395,-0.360969,1.499377,-2.237659
6,1789438994.126020908,0.534668977897,-0.270178462135,0.537768134269,-1.61260578093,1.58221811941,0.171675129303,7.858298,33.690042,45.764948,-0.356039,1.50479,-2.239351
6,1789438994.131245613,0.534668977897,-0.270178462135,0.537768134269,-1.61260578093,1.58221811941,0.171675129303,7.802776,33.682234,45.832852,-0.36,1.501616,-2.231752
6,1789438994.135926247,0.534668977897,-0.270178462135,0.537768134269,-1.61260578093,1.58221811941,0.171675129303,7.80264,33.641514,46.012819,-0.357053,1.502424,-2.235468
6,1789438994.140879393,0.534668977897,-0.270178462135,0.537768134269,-1.61260578093,1.58221811941,0.171675129303,7.811653,33.651246,45.835643,-0.354251,1.505154,-2.235523
6,1789438994.145950317,0.534668977897,-0.270178462135,0.537768134269,-1.61260578093,1.58221811941,0.171675129303,7.851558,33.678773,45.658556,-0.362764,1.501259,-2.230088
6,1789438994.151078701,0.534668977897,-0.270178462135,0.537768134269,-1.61260578093,1.58221811941,0.171675129303,7.931214,33.670796,45.566652,-0.361174,1.503498,-2.229017
6,1789438994.155935287,0.534668977897,-0.270178462135,0.537768134269,-1.61260578093,1.58221811941,0.171675129303,7.933718,33.707363,45.8814,-0.363232,1.503991,-2.242299
6,1789438994.161250591,0.534668977897,-0.270178462135,0.537768134269,-1.61260578093,1.58221811941,0.171675129303,7.882127,33.721721,45.689702,-0.360542,1.504179,-2.23396
6,1789438994.166024685,0.534668977897,-0.270178462135,0.537768134269,-1.61260578093,1.58221811941,0.171675129303,7.845383,33.707282,45.800274,-0.358871,1.500613,-2.235032
6,1789438994.170876980,0.534668977897,-0.270178462135,0.537768134269,-1.61260578093,1.58221811941,0.171675129303,7.788225,33.675521,45.909624,-0.359147,1.501427,-2.236308
6,1789438994.175980568,0.534668977897,-0.270178462135,0.537768134269,-1.61260578093,1.58221811941,0.171675129303,7.8206,33.630292,45.800841,-0.358006,1.500905,-2.228171
6,1789438994.181498051,0.534668977897,-0.270178462135,0.537768134269,-1.61260578093,1.58221811941,0.171675129303,7.885367,33.626343,45.79914,-0.362426,1.502217,-2.228997
6,1789438994.185901642,0.534668977897,-0.270178462135,0.537768134269,-1.61260578093,1.58221811941,0.171675129303,7.859051,33.637352,45.981615,-0.358251,1.501307,-2.231581
6,1789438994.190929413,0.534668977897,-0.270178462135,0.537768134269,-1.61260578093,1.58221811941,0.171675129303,7.910498,33.713891,45.819975,-0.36012,1.506882,-2.239657
6,1789438994.195986986,0.534668977897,-0.270178462135,0.537768134269,-1.61260578093,1.58221811941,0.171675129303,7.880716,33.747401,45.645129,-0.360291,1.499556,-2.233352
6,1789438994.201350212,0.534668977897,-0.270178462135,0.537768134269,-1.61260578093,1.58221811941,0.171675129303,7.87678,33.703588,45.621371,-0.359318,1.505637,-2.235821
6,1789438994.205929995,0.534668977897,-0.270178462135,0.537768134269,-1.61260578093,1.58221811941,0.171675129303,7.801042,33.676911,45.925644,-0.358512,1.500362,-2.232042
6,1789438994.210898399,0.534668977897,-0.270178462135,0.537768134269,-1.61260578093,1.58221811941,0.171675129303,7.835447,33.642686,45.654019,-0.356452,1.503488,-2.226634
6,1789438994.216005325,0.534668977897,-0.270178462135,0.537768134269,-1.61260578093,1.58221811941,0.171675129303,7.822108,33.65177,45.780205,-0.35816,1.501211,-2.229575
6,1789438994.220914841,0.534668977897,-0.270178462135,0.537768134269,-1.61260578093,1.58221811941,0.171675129303,7.841715,33.653532,45.946628,-0.359763,1.502819,-2.236117
6,1789438994.225855827,0.534668977897,-0.270178462135,0.537768134269,-1.61260578093,1.58221811941,0.171675129303,7.915189,33.662553,45.741414,-0.361964,1.503545,-2.236353
6,1789438994.231083870,0.534668977897,-0.270178462135,0.537768134269,-1.61260578093,1.58221811941,0.171675129303,7.911529,33.690641,45.768211,-0.363258,1.501376,-2.237456
6,1789438994.235922337,0.534668977897,-0.270178462135,0.537768134269,-1.61260578093,1.58221811941,0.171675129303,7.892719,33.68577,46.000213,-0.362346,1.504225,-2.243592
6,1789438994.240846872,0.534668977897,-0.270178462135,0.537768134269,-1.61260578093,1.58221811941,0.171675129303,7.851319,33.689207,45.782889,-0.359621,1.500325,-2.234155
6,1789438994.245932341,0.534668977897,-0.270178462135,0.537768134269,-1.61260578093,1.58221811941,0.171675129303,7.859735,33.696431,45.600209,-0.36334,1.501612,-2.231781
6,1789438994.250953197,0.534668977897,-0.270178462135,0.537768134269,-1.61260578093,1.58221811941,0.171675129303,7.855286,33.631733,45.587576,-0.35771,1.503255,-2.227433
6,1789438994.255960941,0.534668977897,-0.270178462135,0.537768134269,-1.61260578093,1.58221811941,0.171675129303,7.83154,33.663724,45.889017,-0.359845,1.500983,-2.231476
6,1789438994.261388540,0.534668977897,-0.270178462135,0.537768134269,-1.61260578093,1.58221811941,0.171675129303,7.949745,33.651385,45.651292,-0.357766,1.506804,-2.23406
6,1789438994.266077757,0.534668977897,-0.270178462135,0.537768134269,-1.61260578093,1.58221811941,0.171675129303,7.902107,33.710885,45.759858,-0.360504,1.505041,-2.236579
6,1789438994.271015882,0.534668977897,-0.270178462135,0.537768134269,-1.61260578093,1.58221811941,0.171675129303,7.907793,33.693043,45.754702,-0.362857,1.503869,-2.239947
6,1789438994.275887966,0.534668977897,-0.270178462135,0.537768134269,-1.61260578093,1.58221811941,0.171675129303,7.871707,33.67048,45.733843,-0.36104,1.50124,-2.241652
6,1789438994.281194687,0.534668977897,-0.270178462135,0.537768134269,-1.61260578093,1.58221811941,0.171675129303,7.872869,33.641643,45.752105,-0.361403,1.501742,-2.229498
6,1789438994.285971642,0.534668977897,-0.270178462135,0.537768134269,-1.61260578093,1.58221811941,0.171675129303,7.840318,33.644131,45.421085,-0.360297,1.501941,-2.226995
6,1789438994.290914774,0.534668977897,-0.270178462135,0.537768134269,-1.61260578093,1.58221811941,0.171675129303,7.829952,33.650154,45.78621,-0.358212,1.500311,-2.231816
6,1789438994.295936823,0.534668977897,-0.270178462135,0.537768134269,-1.61260578093,1.58221811941,0.171675129303,7.877542,33.676542,45.653923,-0.362535,1.503449,-2.23284
6,1789438994.301051855,0.534668977897,-0.270178462135,0.537768134269,-1.61260578093,1.58221811941,0.171675129303,7.923237,33.660339,45.628692,-0.35784,1.504613,-2.230904
6,1789438994.305911779,0.534668977897,-0.270178462135,0.537768134269,-1.61260578093,1.58221811941,0.171675129303,7.888903,33.692401,45.906014,-0.36317,1.501885,-2.238565
6,1789438994.310997963,0.534668977897,-0.270178462135,0.537768134269,-1.61260578093,1.58221811941,0.171675129303,7.933589,33.69304,45.661583,-0.359678,1.505115,-2.239892
6,1789438994.316176891,0.534668977897,-0.270178462135,0.537768134269,-1.61260578093,1.58221811941,0.171675129303,7.869191,33.703689,45.782141,-0.364493,1.499914,-2.234682
6,1789438994.321127653,0.534668977897,-0.270178462135,0.537768134269,-1.61260578093,1.58221811941,0.171675129303,7.848462,33.672221,45.928988,-0.36097,1.501345,-2.235728
6,1789438994.326452494,0.534668977897,-0.270178462135,0.537768134269,-1.61260578093,1.58221811941,0.171675129303,7.83478,33.679729,45.799381,-0.359475,1.500911,-2.235436
6,1789438994.331194878,0.534668977897,-0.270178462135,0.537768134269,-1.61260578093,1.58221811941,0.171675129303,7.844141,33.677934,45.948338,-0.357602,1.502151,-2.235233
6,1789438994.335994005,0.534668977897,-0.270178462135,0.537768134269,-1.61260578093,1.58221811941,0.171675129303,7.789242,33.653252,45.820726,-0.356762,1.503412,-2.227218
6,1789438994.340877533,0.534668977897,-0.270178462135,0.537768134269,-1.61260578093,1.58221811941,0.171675129303,7.837404,33.638683,45.809981,-0.357202,1.501975,-2.228199
6,1789438994.345946550,0.534668977897,-0.270178462135,0.537768134269,-1.61260578093,1.58221811941,0.171675129303,7.95831,33.652263,45.977704,-0.361293,1.509795,-2.245301
6,1789438994.351181030,0.534668977897,-0.270178462135,0.537768134269,-1.61260578093,1.58221811941,0.171675129303,7.878397,33.704073,45.808526,-0.361291,1.499285,-2.229707
6,1789438994.355842113,0.534668977897,-0.270178462135,0.537768134269,-1.61260578093,1.58221811941,0.171675129303,7.90006,33.73022,45.665465,-0.36296,1.504157,-2.237639
6,1789438994.361120701,0.534668977897,-0.270178462135,0.537768134269,-1.61260578093,1.58221811941,0.171675129303,7.830786,33.670746,45.645371,-0.358057,1.500826,-2.232717
6,1789438994.366055727,0.534668977897,-0.270178462135,0.537768134269,-1.61260578093,1.58221811941,0.171675129303,7.821705,33.658061,45.838901,-0.359312,1.501197,-2.227711
6,1789438994.370969296,0.534668977897,-0.270178462135,0.537768134269,-1.61260578093,1.58221811941,0.171675129303,7.852234,33.643918,45.662326,-0.360336,1.502385,-2.227346
6,1789438994.376005173,0.534668977897,-0.270178462135,0.537768134269,-1.61260578093,1.58221811941,0.171675129303,7.869012,33.648556,45.779889,-0.35801,1.501801,-2.229662
6,1789438994.381414413,0.534668977897,-0.270178462135,0.537768134269,-1.61260578093,1.58221811941,0.171675129303,7.872753,33.672144,45.979633,-0.359081,1.501902,-2.239053
6,1789438994.386131525,0.534668977897,-0.270178462135,0.537768134269,-1.61260578093,1.58221811941,0.171675129303,7.889363,33.688273,45.785282,-0.3584,1.507582,-2.237838
6,1789438994.391030073,0.534668977897,-0.270178462135,0.537768134269,-1.61260578093,1.58221811941,0.171675129303,7.862539,33.67843,45.797304,-0.361832,1.501547,-2.230577
6,1789438994.396226406,0.534668977897,-0.270178462135,0.537768134269,-1.61260578093,1.58221811941,0.171675129303,7.901129,33.725991,45.959806,-0.362733,1.503611,-2.245951
6,1789438994.401098967,0.534668977897,-0.270178462135,0.537768134269,-1.61260578093,1.58221811941,0.171675129303,7.815713,33.704518,45.815675,-0.356614,1.502182,-2.230911
6,1789438994.405903816,0.534668977897,-0.270178462135,0.537768134269,-1.61260578093,1.58221811941,0.171675129303,7.817002,33.674855,45.659253,-0.358579,1.50259,-2.22955
6,1789438994.410989761,0.534668977897,-0.270178462135,0.537768134269,-1.61260578093,1.58221811941,0.171675129303,7.821207,33.62943,45.73729,-0.354454,1.503678,-2.232962
6,1789438994.416082621,0.534668977897,-0.270178462135,0.537768134269,-1.61260578093,1.58221811941,0.171675129303,7.844076,33.677963,45.936108,-0.360843,1.500299,-2.231226
6,1789438994.420867920,0.534668977897,-0.270178462135,0.537768134269,-1.61260578093,1.58221811941,0.171675129303,7.9358,33.658982,45.684401,-0.358543,1.505431,-2.230854
6,1789438994.425889492,0.534668977897,-0.270178462135,0.537768134269,-1.61260578093,1.58221811941,0.171675129303,7.877172,33.693353,45.786376,-0.363459,1.500832,-2.231764
6,1789438994.431285143,0.534668977897,-0.270178462135,0.537768134269,-1.61260578093,1.58221811941,0.171675129303,7.886582,33.692628,45.937023,-0.357984,1.503412,-2.242527
6,1789438994.436010122,0.534668977897,-0.270178462135,0.537768134269,-1.61260578093,1.58221811941,0.171675129303,7.826012,33.708535,45.81065,-0.357825,1.503071,-2.234092
6,1789438994.440939188,0.534668977897,-0.270178462135,0.537768134269,-1.61260578093,1.58221811941,0.171675129303,7.823929,33.671221,45.748774,-0.362877,1.501173,-2.231916
6,1789438994.446121454,0.534668977897,-0.270178462135,0.537768134269,-1.61260578093,1.58221811941,0.171675129303,7.815044,33.648657,45.977411,-0.358536,1.501208,-2.234433
6,1789438994.451225042,0.534668977897,-0.270178462135,0.537768134269,-1.61260578093,1.58221811941,0.171675129303,7.801016,33.677057,45.829617,-0.356576,1.500705,-2.227911
6,1789438994.456053495,0.534668977897,-0.270178462135,0.537768134269,-1.61260578093,1.58221811941,0.171675129303,7.918553,33.632548,45.672376,-0.357171,1.508419,-2.22611
6,1789438994.461141586,0.534668977897,-0.270178462135,0.537768134269,-1.61260578093,1.58221811941,0.171675129303,7.883344,33.69928,45.839943,-0.357524,1.501764,-2.233242
6,1789438994.466139078,0.534668977897,-0.270178462135,0.537768134269,-1.61260578093,1.58221811941,0.171675129303,7.891829,33.670885,45.874591,-0.358808,1.505723,-2.240378
6,1789438994.470960617,0.534668977897,-0.270178462135,0.537768134269,-1.61260578093,1.58221811941,0.171675129303,7.847169,33.687762,45.766313,-0.357064,1.500773,-2.232811
6,1789438994.475977182,0.534668977897,-0.270178462135,0.537768134269,-1.61260578093,1.58221811941,0.171675129303,7.831833,33.710489,45.781714,-0.362313,1.501855,-2.234841
6,1789438994.481318235,0.534668977897,-0.270178462135,0.537768134269,-1.61260578093,1.58221811941,0.171675129303,7.8462,33.628616,45.913198,-0.355501,1.504019,-2.233436
6,1789438994.485992908,0.534668977897,-0.270178462135,0.537768134269,-1.61260578093,1.58221811941,0.171675129303,7.837085,33.644189,45.787532,-0.359975,1.501818,-2.230719
6,1789438994.490895987,0.534668977897,-0.270178462135,0.537768134269,-1.61260578093,1.58221811941,0.171675129303,7.881593,33.608662,45.799313,-0.359262,1.505083,-2.228517
6,1789438994.496114016,0.534668977897,-0.270178462135,0.537768134269,-1.61260578093,1.58221811941,0.171675129303,7.915879,33.670102,45.9555,-0.36277,1.503683,-2.236285
6,1789438994.501257896,0.534668977897,-0.270178462135,0.537768134269,-1.61260578093,1.58221811941,0.171675129303,7.912186,33.732059,45.802737,-0.361996,1.502909,-2.233196
6,1789438994.505915403,0.534668977897,-0.270178462135,0.537768134269,-1.61260578093,1.58221811941,0.171675129303,7.904991,33.71368,45.634064,-0.360129,1.503672,-2.233844
6,1789438994.511057854,0.534668977897,-0.270178462135,0.537768134269,-1.61260578093,1.58221811941,0.171675129303,7.865055,33.700311,45.749521,-0.358408,1.503879,-2.23739
6,1789438994.516169071,0.534668977897,-0.270178462135,0.537768134269,-1.61260578093,1.58221811941,0.171675129303,7.801598,33.668734,45.907103,-0.359019,1.501288,-2.231845
6,1789438994.521138906,0.534668977897,-0.270178462135,0.537768134269,-1.61260578093,1.58221811941,0.171675129303,7.865526,33.638294,45.677235,-0.359846,1.501734,-2.229802
6,1789438994.526093006,0.534668977897,-0.270178462135,0.537768134269,-1.61260578093,1.58221811941,0.171675129303,7.84819,33.645986,45.784713,-0.358022,1.500459,-2.232744
6,1789438994.531126976,0.534668977897,-0.270178462135,0.537768134269,-1.61260578093,1.58221811941,0.171675129303,7.893996,33.671874,45.94956,-0.360746,1.504896,-2.234007
6,1789438994.535969973,0.534668977897,-0.270178462135,0.537768134269,-1.61260578093,1.58221811941,0.171675129303,7.907453,33.652197,45.746762,-0.363165,1.502066,-2.232957
6,1789438994.541076899,0.534668977897,-0.270178462135,0.537768134269,-1.61260578093,1.58221811941,0.171675129303,7.93323,33.648817,45.953085,-0.361344,1.506642,-2.237425
6,1789438994.546149731,0.534668977897,-0.270178462135,0.537768134269,-1.61260578093,1.58221811941,0.171675129303,7.903486,33.674428,45.731469,-0.361678,1.500111,-2.237235
6,1789438994.551048279,0.534668977897,-0.270178462135,0.537768134269,-1.61260578093,1.58221811941,0.171675129303,7.91055,33.711415,45.773383,-0.360189,1.502839,-2.240148
6,1789438994.555982351,0.534668977897,-0.270178462135,0.537768134269,-1.61260578093,1.58221811941,0.171675129303,7.871453,33.731246,45.935933,-0.364184,1.502209,-2.23742
6,1789438994.560954332,0.534668977897,-0.270178462135,0.537768134269,-1.61260578093,1.58221811941,0.171675129303,7.828891,33.690943,45.785946,-0.35726,1.501772,-2.238138
6,1789438994.566066027,0.534668977897,-0.270178462135,0.537768134269,-1.61260578093,1.58221811941,0.171675129303,7.850591,33.659636,45.624771,-0.358686,1.500919,-2.227844
6,1789438994.571008682,0.534668977897,-0.270178462135,0.537768134269,-1.61260578093,1.58221811941,0.171675129303,7.851418,33.630621,45.711839,-0.361295,1.500941,-2.225464
6,1789438994.575933695,0.534668977897,-0.270178462135,0.537768134269,-1.61260578093,1.58221811941,0.171675129303,7.872889,33.662518,45.872,-0.356064,1.505212,-2.236058
6,1789438994.581326246,0.534668977897,-0.270178462135,0.537768134269,-1.61260578093,1.58221811941,0.171675129303,7.894365,33.69317,45.717801,-0.361223,1.503949,-2.23369
6,1789438994.586082697,0.534668977897,-0.270178462135,0.537768134269,-1.61260578093,1.58221811941,0.171675129303,7.916415,33.670134,45.782406,-0.36017,1.504804,-2.239886
6,1789438994.591078997,0.534668977897,-0.270178462135,0.537768134269,-1.61260578093,1.58221811941,0.171675129303,7.85953,33.71986,45.955651,-0.359578,1.502661,-2.236658
6,1789438994.596091509,0.534668977897,-0.270178462135,0.537768134269,-1.61260578093,1.58221811941,0.171675129303,7.828527,33.709419,45.839776,-0.355549,1.504651,-2.233154
6,1789438994.601036310,0.534668977897,-0.270178462135,0.537768134269,-1.61260578093,1.58221811941,0.171675129303,7.819853,33.675334,45.783284,-0.357919,1.504376,-2.233418
6,1789438994.605885983,0.534668977897,-0.270178462135,0.537768134269,-1.61260578093,1.58221811941,0.171675129303,7.761006,33.643622,45.951517,-0.358236,1.498174,-2.227397
6,1789438994.610942125,0.534668977897,-0.270178462135,0.537768134269,-1.61260578093,1.58221811941,0.171675129303,7.881661,33.61632,45.816732,-0.353592,1.507441,-2.22915
6,1789438994.616026640,0.534668977897,-0.270178462135,0.537768134269,-1.61260578093,1.58221811941,0.171675129303,7.899718,33.670317,45.692147,-0.361781,1.501245,-2.226304
6,1789438994.620896339,0.534668977897,-0.270178462135,0.537768134269,-1.61260578093,1.58221811941,0.171675129303,7.946672,33.667674,45.787695,-0.35869,1.503534,-2.236555
6,1789438994.625872374,0.534668977897,-0.270178462135,0.537768134269,-1.61260578093,1.58221811941,0.171675129303,7.928444,33.727676,45.888075,-0.356953,1.505125,-2.23801
6,1789438994.631218672,0.534668977897,-0.270178462135,0.537768134269,-1.61260578093,1.58221811941,0.171675129303,7.817673,33.74678,45.773206,-0.360487,1.501183,-2.234628
6,1789438994.635997772,0.534668977897,-0.270178462135,0.537768134269,-1.61260578093,1.58221811941,0.171675129303,7.791549,33.649778,45.745636,-0.353603,1.503032,-2.233805
6,1789438994.640821934,0.534668977897,-0.270178462135,0.537768134269,-1.61260578093,1.58221811941,0.171675129303,7.81169,33.652236,45.816383,-0.35877,1.501821,-2.230183
6,1789438994.646146536,0.534668977897,-0.270178462135,0.537768134269,-1.61260578093,1.58221811941,0.171675129303,7.889092,33.63249,45.810039,-0.361318,1.505239,-2.227659
6,1789438994.651007652,0.534668977897,-0.270178462135,0.537768134269,-1.61260578093,1.58221811941,0.171675129303,7.863842,33.646036,45.771369,-0.359028,1.501005,-2.229215
6,1789438994.656094551,0.534668977897,-0.270178462135,0.537768134269,-1.61260578093,1.58221811941,0.171675129303,7.948315,33.672436,45.428827,-0.361803,1.503519,-2.233959
6,1789438994.661239624,0.534668977897,-0.270178462135,0.537768134269,-1.61260578093,1.58221811941,0.171675129303,7.881485,33.721265,45.814728,-0.362486,1.503844,-2.237376
6,1789438994.666120529,0.534668977897,-0.270178462135,0.537768134269,-1.61260578093,1.58221811941,0.171675129303,7.892769,33.706578,45.672333,-0.360576,1.504181,-2.239143
6,1789438994.670987844,0.534668977897,-0.270178462135,0.537768134269,-1.61260578093,1.58221811941,0.171675129303,7.851765,33.696349,45.721273,-0.362034,1.499237,-2.238071
6,1789438994.675885201,0.534668977897,-0.270178462135,0.537768134269,-1.61260578093,1.58221811941,0.171675129303,7.876616,33.665363,45.861937,-0.358917,1.503112,-2.236762
6,1789438994.681150436,0.534668977897,-0.270178462135,0.537768134269,-1.61260578093,1.58221811941,0.171675129303,7.852073,33.667697,45.710576,-0.361097,1.499759,-2.226621
6,1789438994.685940504,0.534668977897,-0.270178462135,0.537768134269,-1.61260578093,1.58221811941,0.171675129303,7.869522,33.626948,45.763145,-0.359476,1.501644,-2.228326
6,1789438994.690911293,0.534668977897,-0.270178462135,0.537768134269,-1.61260578093,1.58221811941,0.171675129303,7.904444,33.665112,45.925994,-0.362213,1.502856,-2.237413
6,1789438994.696008682,0.534668977897,-0.270178462135,0.537768134269,-1.61260578093,1.58221811941,0.171675129303,7.948904,33.709886,45.786807,-0.359987,1.50397,-2.23729
6,1789438994.701012373,0.534668977897,-0.270178462135,0.537768134269,-1.61260578093,1.58221811941,0.171675129303,7.919186,33.731637,45.785594,-0.363936,1.505739,-2.237967
6,1789438994.705931425,0.534668977897,-0.270178462135,0.537768134269,-1.61260578093,1.58221811941,0.171675129303,7.869254,33.692364,45.912337,-0.359902,1.500492,-2.240733
6,1789438994.711012125,0.534668977897,-0.270178462135,0.537768134269,-1.61260578093,1.58221811941,0.171675129303,7.820671,33.686598,45.816656,-0.3567,1.501951,-2.236278
6,1789438994.716097832,0.534668977897,-0.270178462135,0.537768134269,-1.61260578093,1.58221811941,0.171675129303,7.845969,33.641447,45.64134,-0.358761,1.502354,-2.22892
6,1789438994.720957518,0.534668977897,-0.270178462135,0.537768134269,-1.61260578093,1.58221811941,0.171675129303,7.865921,33.650587,45.777744,-0.359237,1.504093,-2.230802
6,1789438994.726150751,0.534668977897,-0.270178462135,0.537768134269,-1.61260578093,1.58221811941,0.171675129303,7.856665,33.636702,45.894531,-0.354375,1.502473,-2.2337
6,1789438994.731294632,0.534668977897,-0.270178462135,0.537768134269,-1.61260578093,1.58221811941,0.171675129303,7.914691,33.683428,45.76556,-0.359232,1.504772,-2.232744
6,1789438994.736008406,0.534668977897,-0.270178462135,0.537768134269,-1.61260578093,1.58221811941,0.171675129303,7.934305,33.712067,45.811514,-0.360859,1.507077,-2.239045
6,1789438994.740891933,0.534668977897,-0.270178462135,0.537768134269,-1.61260578093,1.58221811941,0.171675129303,7.828981,33.718577,45.979249,-0.356306,1.503364,-2.239463
6,1789438994.746011734,0.534668977897,-0.270178462135,0.537768134269,-1.61260578093,1.58221811941,0.171675129303,7.900988,33.710253,45.787755,-0.359547,1.505613,-2.236533
6,1789438994.751069546,0.534668977897,-0.270178462135,0.537768134269,-1.61260578093,1.58221811941,0.171675129303,7.883418,33.731124,45.993724,-0.360649,1.503971,-2.242054
6,1789438994.757042885,0.534668977897,-0.270178462135,0.537768134269,-1.61260578093,1.58221811941,0.171675129303,7.808047,33.687483,45.844014,-0.355375,1.501826,-2.230604
6,1789438994.761021137,0.534668977897,-0.270178462135,0.537768134269,-1.61260578093,1.58221811941,0.171675129303,7.810711,33.668631,45.746689,-0.355482,1.500905,-2.233413
6,1789438994.766195059,0.534668977897,-0.270178462135,0.537768134269,-1.61260578093,1.58221811941,0.171675129303,7.790793,33.620336,45.863855,-0.356549,1.502523,-2.229358
6,1789438994.770912170,0.534668977897,-0.270178462135,0.537768134269,-1.61260578093,1.58221811941,0.171675129303,7.864836,33.673042,45.864154,-0.359703,1.502403,-2.22935
6,1789438994.776254177,0.534668977897,-0.270178462135,0.537768134269,-1.61260578093,1.58221811941,0.171675129303,7.914796,33.651492,45.705674,-0.357069,1.502775,-2.229408
6,1789438994.781297922,0.534668977897,-0.270178462135,0.537768134269,-1.61260578093,1.58221811941,0.171675129303,7.909569,33.667265,45.828017,-0.358621,1.504736,-2.234416
6,1789438994.786101103,0.534668977897,-0.270178462135,0.537768134269,-1.61260578093,1.58221811941,0.171675129303,7.832172,33.706972,45.906723,-0.354965,1.503121,-2.238205
6,1789438994.791106701,0.534668977897,-0.270178462135,0.537768134269,-1.61260578093,1.58221811941,0.171675129303,7.841239,33.716839,45.748148,-0.357333,1.503291,-2.238477
6,1789438994.796022415,0.534668977897,-0.270178462135,0.537768134269,-1.61260578093,1.58221811941,0.171675129303,7.81437,33.701625,45.794079,-0.359238,1.503019,-2.238802
7,1789439042.450862646,0.534570651561,-0.274025678868,0.531321991118,1.65117290998,-1.79384555478,0.33192091875,-3.391917,-11.273696,50.798195,2.719217,1.288104,2.31259
7,1789439042.455926418,0.534570651561,-0.274025678868,0.531321991118,1.65117290998,-1.79384555478,0.33192091875,-3.429915,-11.294445,50.583003,2.7227,1.288984,2.317996
7,1789439042.460878134,0.534570651561,-0.274025678868,0.531321991118,1.65117290998,-1.79384555478,0.33192091875,-3.349968,-11.298885,50.473969,2.718547,1.291191,2.326175
7,1789439042.465983152,0.534570651561,-0.274025678868,0.531321991118,1.65117290998,-1.79384555478,0.33192091875,-3.317716,-11.314226,50.403311,2.719085,1.289179,2.32851
7,1789439042.471016169,0.534570651561,-0.274025678868,0.531321991118,1.65117290998,-1.79384555478,0.33192091875,-3.254821,-11.294821,50.659173,2.717488,1.296216,2.320173
7,1789439042.475831270,0.534570651561,-0.274025678868,0.531321991118,1.65117290998,-1.79384555478,0.33192091875,-3.306363,-11.314391,50.417668,2.716474,1.287473,2.325588
7,1789439042.480972290,0.534570651561,-0.274025678868,0.531321991118,1.65117290998,-1.79384555478,0.33192091875,-3.260142,-11.293879,50.570227,2.714611,1.291406,2.316252
7,1789439042.487930775,0.534570651561,-0.274025678868,0.531321991118,1.65117290998,-1.79384555478,0.33192091875,-3.383028,-11.254608,50.601678,2.717689,1.286385,2.317649
7,1789439042.492623091,0.534570651561,-0.274025678868,0.531321991118,1.65117290998,-1.79384555478,0.33192091875,-3.382789,-11.238431,50.538946,2.716456,1.289851,2.319532
7,1789439042.499616861,0.534570651561,-0.274025678868,0.531321991118,1.65117290998,-1.79384555478,0.33192091875,-3.376514,-11.275834,50.560053,2.714608,1.287743,2.321161
7,1789439042.502874613,0.534570651561,-0.274025678868,0.531321991118,1.65117290998,-1.79384555478,0.33192091875,-3.353203,-11.331188,50.732463,2.721689,1.289858,2.31877
7,1789439042.506800652,0.534570651561,-0.274025678868,0.531321991118,1.65117290998,-1.79384555478,0.33192091875,-3.287808,-11.343248,50.594339,2.720319,1.293367,2.320229
7,1789439042.511517525,0.534570651561,-0.274025678868,0.531321991118,1.65117290998,-1.79384555478,0.33192091875,-3.272038,-11.320606,50.477069,2.720464,1.292738,2.328527
7,1789439042.516271591,0.534570651561,-0.274025678868,0.531321991118,1.65117290998,-1.79384555478,0.33192091875,-3.251719,-11.280875,50.476347,2.718453,1.297593,2.322354
7,1789439042.521149397,0.534570651561,-0.274025678868,0.531321991118,1.65117290998,-1.79384555478,0.33192091875,-3.323118,-11.245796,50.639393,2.716493,1.294205,2.318878
7,1789439042.525991678,0.534570651561,-0.274025678868,0.531321991118,1.65117290998,-1.79384555478,0.33192091875,-3.382448,-11.230189,50.411614,2.719873,1.290182,2.321376
7,1789439042.530962706,0.534570651561,-0.274025678868,0.531321991118,1.65117290998,-1.79384555478,0.33192091875,-3.381276,-11.269199,50.582493,2.72156,1.289489,2.317642
7,1789439042.535843611,0.534570651561,-0.274025678868,0.531321991118,1.65117290998,-1.79384555478,0.33192091875,-3.362796,-11.323941,50.638854,2.720268,1.290266,2.31841
7,1789439042.540811539,0.534570651561,-0.274025678868,0.531321991118,1.65117290998,-1.79384555478,0.33192091875,-3.315853,-11.335297,50.564449,2.720546,1.291388,2.324724
7,1789439042.545886278,0.534570651561,-0.274025678868,0.531321991118,1.65117290998,-1.79384555478,0.33192091875,-3.265975,-11.306377,50.590974,2.718853,1.295177,2.324158
7,1789439042.550835133,0.534570651561,-0.274025678868,0.531321991118,1.65117290998,-1.79384555478,0.33192091875,-3.252581,-11.243384,50.584126,2.716384,1.294391,2.325386
7,1789439042.555845737,0.534570651561,-0.274025678868,0.531321991118,1.65117290998,-1.79384555478,0.33192091875,-3.307011,-11.264142,50.558982,2.716033,1.292759,2.320999
7,1789439042.560861588,0.534570651561,-0.274025678868,0.531321991118,1.65117290998,-1.79384555478,0.33192091875,-3.384044,-11.242946,50.543657,2.714736,1.286414,2.316192
7,1789439042.565946102,0.534570651561,-0.274025678868,0.531321991118,1.65117290998,-1.79384555478,0.33192091875,-3.426405,-11.28732,50.304816,2.719601,1.281889,2.323877
7,1789439042.570942163,0.534570651561,-0.274025678868,0.531321991118,1.65117290998,-1.79384555478,0.33192091875,-3.373241,-11.301596,50.658794,2.718537,1.289545,2.319099
7,1789439042.575768948,0.534570651561,-0.274025678868,0.531321991118,1.65117290998,-1.79384555478,0.33192091875,-3.360929,-11.303407,50.459175,2.715872,1.2885,2.328418
7,1789439042.580969334,0.534570651561,-0.274025678868,0.531321991118,1.65117290998,-1.79384555478,0.33192091875,-3.261401,-11.294972,50.566565,2.723296,1.295574,2.326368
7,1789439042.585828066,0.534570651561,-0.274025678868,0.531321991118,1.65117290998,-1.79384555478,0.33192091875,-3.308784,-11.283263,50.657833,2.719458,1.292049,2.324776
7,1789439042.590835571,0.534570651561,-0.274025678868,0.531321991118,1.65117290998,-1.79384555478,0.33192091875,-3.307634,-11.255572,50.563277,2.719451,1.292725,2.323707
7,1789439042.595929384,0.534570651561,-0.274025678868,0.531321991118,1.65117290998,-1.79384555478,0.33192091875,-3.373479,-11.246509,50.584766,2.718834,1.290377,2.319153
7,1789439042.600852489,0.534570651561,-0.274025678868,0.531321991118,1.65117290998,-1.79384555478,0.33192091875,-3.388348,-11.216891,50.735752,2.715016,1.287013,2.313979
7,1789439042.605944633,0.534570651561,-0.274025678868,0.531321991118,1.65117290998,-1.79384555478,0.33192091875,-3.393505,-11.297874,50.54847,2.720283,1.289447,2.319882
7,1789439042.610867739,0.534570651561,-0.274025678868,0.531321991118,1.65117290998,-1.79384555478,0.33192091875,-3.353596,-11.327342,50.454478,2.716931,1.288943,2.325515
7,1789439042.615899801,0.534570651561,-0.274025678868,0.531321991118,1.65117290998,-1.79384555478,0.33192091875,-3.303024,-11.342929,50.333826,2.718733,1.290209,2.325942
7,1789439042.620931149,0.534570651561,-0.274025678868,0.531321991118,1.65117290998,-1.79384555478,0.33192091875,-3.290695,-11.322114,50.63614,2.720472,1.292083,2.322968
7,1789439042.625717878,0.534570651561,-0.274025678868,0.531321991118,1.65117290998,-1.79384555478,0.33192091875,-3.26862,-11.316777,50.242321,2.71409,1.293041,2.333294
7,1789439042.631047249,0.534570651561,-0.274025678868,0.531321991118,1.65117290998,-1.79384555478,0.33192091875,-3.257012,-11.324977,50.655593,2.721301,1.292597,2.323611
7,1789439042.635959864,0.534570651561,-0.274025678868,0.531321991118,1.65117290998,-1.79384555478,0.33192091875,-3.251919,-11.272128,50.467011,2.718649,1.296109,2.322116
7,1789439042.640871286,0.534570651561,-0.274025678868,0.531321991118,1.65117290998,-1.79384555478,0.33192091875,-3.361531,-11.282015,50.581315,2.720572,1.290872,2.323208
7,1789439042.645955324,0.534570651561,-0.274025678868,0.531321991118,1.65117290998,-1.79384555478,0.33192091875,-3.378904,-11.259635,50.663828,2.720822,1.294396,2.316593
7,1789439042.650842428,0.534570651561,-0.274025678868,0.531321991118,1.65117290998,-1.79384555478,0.33192091875,-3.418148,-11.2765,50.515578,2.719205,1.289043,2.322542
7,1789439042.655808687,0.534570651561,-0.274025678868,0.531321991118,1.65117290998,-1.79384555478,0.33192091875,-3.371759,-11.279936,50.582331,2.723562,1.292045,2.317859
7,1789439042.660934448,0.534570651561,-0.274025678868,0.531321991118,1.65117290998,-1.79384555478,0.33192091875,-3.317349,-11.317181,50.772027,2.720003,1.293794,2.32073
7,1789439042.665989876,0.534570651561,-0.274025678868,0.531321991118,1.65117290998,-1.79384555478,0.33192091875,-3.302638,-11.352806,50.587453,2.722059,1.295142,2.328104
7,1789439042.670901299,0.534570651561,-0.274025678868,0.531321991118,1.65117290998,-1.79384555478,0.33192091875,-3.241046,-11.308841,50.451893,2.717458,1.295733,2.324575
7,1789439042.675806761,0.534570651561,-0.274025678868,0.531321991118,1.65117290998,-1.79384555478,0.33192091875,-3.317473,-11.276275,50.369929,2.716722,1.285827,2.324388
7,1789439042.681052446,0.534570651561,-0.274025678868,0.531321991118,1.65117290998,-1.79384555478,0.33192091875,-3.328123,-11.234779,50.659908,2.714505,1.293784,2.313963
7,1789439042.685935020,0.534570651561,-0.274025678868,0.531321991118,1.65117290998,-1.79384555478,0.33192091875,-3.409627,-11.252997,50.414798,2.716155,1.283113,2.322816
7,1789439042.690818310,0.534570651561,-0.274025678868,0.531321991118,1.65117290998,-1.79384555478,0.33192091875,-3.374614,-11.287159,50.59805,2.71726,1.287925,2.315637
7,1789439042.695925713,0.534570651561,-0.274025678868,0.531321991118,1.65117290998,-1.79384555478,0.33192091875,-3.349563,-11.341029,50.711804,2.719513,1.286865,2.317178
7,1789439042.701155424,0.534570651561,-0.274025678868,0.531321991118,1.65117290998,-1.79384555478,0.33192091875,-3.279804,-11.336119,50.578028,2.71753,1.289269,2.327359
7,1789439042.705950737,0.534570651561,-0.274025678868,0.531321991118,1.65117290998,-1.79384555478,0.33192091875,-3.278561,-11.293098,50.600586,2.719509,1.296358,2.324402
7,1789439042.710916042,0.534570651561,-0.274025678868,0.531321991118,1.65117290998,-1.79384555478,0.33192091875,-3.290836,-11.24781,50.756504,2.716037,1.292884,2.322354
7,1789439042.716044188,0.534570651561,-0.274025678868,0.531321991118,1.65117290998,-1.79384555478,0.33192091875,-3.310709,-11.211909,50.574552,2.715953,1.294604,2.318942
7,1789439042.720896959,0.534570651561,-0.274025678868,0.531321991118,1.65117290998,-1.79384555478,0.33192091875,-3.387775,-11.251283,50.38475,2.718746,1.28703,2.321829
7,1789439042.725858927,0.534570651561,-0.274025678868,0.531321991118,1.65117290998,-1.79384555478,0.33192091875,-3.346138,-11.283213,50.324014,2.715687,1.29004,2.319199
7,1789439042.731225252,0.534570651561,-0.274025678868,0.531321991118,1.65117290998,-1.79384555478,0.33192091875,-3.376901,-11.331537,50.662098,2.719464,1.283993,2.314696
7,1789439042.735906363,0.534570651561,-0.274025678868,0.531321991118,1.65117290998,-1.79384555478,0.33192091875,-3.327735,-11.3482,50.39854,2.719954,1.290038,2.325647
7,1789439042.740875721,0.534570651561,-0.274025678868,0.531321991118,1.65117290998,-1.79384555478,0.33192091875,-3.270597,-11.313568,50.540809,2.714805,1.290875,2.327462
7,1789439042.746090889,0.534570651561,-0.274025678868,0.531321991118,1.65117290998,-1.79384555478,0.33192091875,-3.299869,-11.272508,50.647451,2.717427,1.292024,2.324048
7,1789439042.751009941,0.534570651561,-0.274025678868,0.531321991118,1.65117290998,-1.79384555478,0.33192091875,-3.310454,-11.26739,50.553189,2.716949,1.294522,2.317411
7,1789439042.756316662,0.534570651561,-0.274025678868,0.531321991118,1.65117290998,-1.79384555478,0.33192091875,-3.364217,-11.27701,50.484269,2.714884,1.288396,2.320356
7,1789439042.761411190,0.534570651561,-0.274025678868,0.531321991118,1.65117290998,-1.79384555478,0.33192091875,-3.355107,-11.256476,50.723228,2.71825,1.289822,2.31238
7,1789439042.766452789,0.534570651561,-0.274025678868,0.531321991118,1.65117290998,-1.79384555478,0.33192091875,-3.400562,-11.265922,50.535098,2.718448,1.288105,2.316922
7,1789439042.771289825,0.534570651561,-0.274025678868,0.531321991118,1.65117290998,-1.79384555478,0.33192091875,-3.367246,-11.284145,50.40834,2.718593,1.288437,2.325439
7,1789439042.776299953,0.534570651561,-0.274025678868,0.531321991118,1.65117290998,-1.79384555478,0.33192091875,-3.297765,-11.303997,50.311891,2.721562,1.296614,2.330323
7,1789439042.781297207,0.534570651561,-0.274025678868,0.531321991118,1.65117290998,-1.79384555478,0.33192091875,-3.291205,-11.297567,50.675861,2.719747,1.294618,2.324774
7,1789439042.786120653,0.534570651561,-0.274025678868,0.531321991118,1.65117290998,-1.79384555478,0.33192091875,-3.235259,-11.319077,50.430071,2.719154,1.295995,2.322536
7,1789439042.790970564,0.534570651561,-0.274025678868,0.531321991118,1.65117290998,-1.79384555478,0.33192091875,-3.288159,-11.265286,50.572336,2.717581,1.291422,2.317414
7,1789439042.796223164,0.534570651561,-0.274025678868,0.531321991118,1.65117290998,-1.79384555478,0.33192091875,-3.361778,-11.247313,50.607254,2.716534,1.289588,2.315568
7,1789439042.801106930,0.534570651561,-0.274025678868,0.531321991118,1.65117290998,-1.79384555478,0.33192091875,-3.407612,-11.264258,50.535187,2.719475,1.289916,2.317155
7,1789439042.806165695,0.534570651561,-0.274025678868,0.531321991118,1.65117290998,-1.79384555478,0.33192091875,-3.402251,-11.301777,50.558446,2.717299,1.287269,2.320134
7,1789439042.811231136,0.534570651561,-0.274025678868,0.531321991118,1.65117290998,-1.79384555478,0.33192091875,-3.315882,-11.35827,50.78839,2.719708,1.293474,2.319452
7,1789439042.816183090,0.534570651561,-0.274025678868,0.531321991118,1.65117290998,-1.79384555478,0.33192091875,-3.283984,-11.326681,50.610822,2.718414,1.291938,2.324705
7,1789439042.821119547,0.534570651561,-0.274025678868,0.531321991118,1.65117290998,-1.79384555478,0.33192091875,-3.263485,-11.287859,50.437961,2.719259,1.292132,2.327069
7,1789439042.826077700,0.534570651561,-0.274025678868,0.531321991118,1.65117290998,-1.79384555478,0.33192091875,-3.301577,-11.263189,50.313819,2.718634,1.29483,2.325124
7,1789439042.831200361,0.534570651561,-0.274025678868,0.531321991118,1.65117290998,-1.79384555478,0.33192091875,-3.376383,-11.213648,50.643068,2.715063,1.28928,2.320533
7,1789439042.836132765,0.534570651561,-0.274025678868,0.531321991118,1.65117290998,-1.79384555478,0.33192091875,-3.285,-11.266658,50.321825,2.720132,1.294271,2.324224
7,1789439042.841028690,0.534570651561,-0.274025678868,0.531321991118,1.65117290998,-1.79384555478,0.33192091875,-3.34659,-11.240738,50.629742,2.71665,1.291051,2.318247
7,1789439042.845941067,0.534570651561,-0.274025678868,0.531321991118,1.65117290998,-1.79384555478,0.33192091875,-3.374791,-11.269452,50.418767,2.719288,1.291008,2.320287
7,1789439042.850788355,0.534570651561,-0.274025678868,0.531321991118,1.65117290998,-1.79384555478,0.33192091875,-3.36294,-11.300556,50.591713,2.720799,1.288391,2.317657
7,1789439042.855856657,0.534570651561,-0.274025678868,0.531321991118,1.65117290998,-1.79384555478,0.33192091875,-3.339899,-11.313645,50.660641,2.719162,1.291555,2.320615
7,1789439042.860997438,0.534570651561,-0.274025678868,0.531321991118,1.65117290998,-1.79384555478,0.33192091875,-3.323733,-11.325577,50.593456,2.721753,1.292092,2.325446
7,1789439042.866483688,0.534570651561,-0.274025678868,0.531321991118,1.65117290998,-1.79384555478,0.33192091875,-3.288993,-11.304174,50.56219,2.718954,1.294602,2.323488
7,1789439042.870898485,0.534570651561,-0.274025678868,0.531321991118,1.65117290998,-1.79384555478,0.33192091875,-3.282157,-11.27182,50.740287,2.717098,1.294043,2.318083
7,1789439042.875864744,0.534570651561,-0.274025678868,0.531321991118,1.65117290998,-1.79384555478,0.33192091875,-3.319773,-11.226022,50.567226,2.717573,1.291139,2.319889
7,1789439042.881036520,0.534570651561,-0.274025678868,0.531321991118,1.65117290998,-1.79384555478,0.33192091875,-3.359256,-11.248066,50.536796,2.717484,1.291544,2.318372
7,1789439042.885946035,0.534570651561,-0.274025678868,0.531321991118,1.65117290998,-1.79384555478,0.33192091875,-3.395611,-11.277399,50.537075,2.718172,1.288005,2.318272
7,1789439042.890872478,0.534570651561,-0.274025678868,0.531321991118,1.65117290998,-1.79384555478,0.33192091875,-3.393833,-11.30016,50.622006,2.720862,1.28577,2.318893
7,1789439042.896030188,0.534570651561,-0.274025678868,0.531321991118,1.65117290998,-1.79384555478,0.33192091875,-3.321232,-11.319117,50.555671,2.719963,1.292773,2.325141
7,1789439042.901018381,0.534570651561,-0.274025678868,0.531321991118,1.65117290998,-1.79384555478,0.33192091875,-3.26964,-11.29825,50.545409,2.716451,1.291206,2.32432
7,1789439042.905832052,0.534570651561,-0.274025678868,0.531321991118,1.65117290998,-1.79384555478,0.33192091875,-3.243682,-11.285349,50.666534,2.718966,1.294103,2.318604
7,1789439042.911040783,0.534570651561,-0.274025678868,0.531321991118,1.65117290998,-1.79384555478,0.33192091875,-3.336526,-11.27156,50.539603,2.716571,1.291609,2.320371
7,1789439042.915887117,0.534570651561,-0.274025678868,0.531321991118,1.65117290998,-1.79384555478,0.33192091875,-3.357377,-11.250716,50.539477,2.714517,1.293164,2.320366
7,1789439042.920924425,0.534570651561,-0.274025678868,0.531321991118,1.65117290998,-1.79384555478,0.33192091875,-3.437948,-11.268251,50.755453,2.716522,1.284545,2.314628
7,1789439042.925901651,0.534570651561,-0.274025678868,0.531321991118,1.65117290998,-1.79384555478,0.33192091875,-3.400552,-11.255585,50.555043,2.717702,1.284951,2.3174
7,1789439042.931462049,0.534570651561,-0.274025678868,0.531321991118,1.65117290998,-1.79384555478,0.33192091875,-3.352999,-11.320489,50.494646,2.719992,1.290914,2.32759
7,1789439042.935936451,0.534570651561,-0.274025678868,0.531321991118,1.65117290998,-1.79384555478,0.33192091875,-3.268308,-11.336386,50.358238,2.716227,1.293438,2.33013
7,1789439042.941057444,0.534570651561,-0.274025678868,0.531321991118,1.65117290998,-1.79384555478,0.33192091875,-3.278382,-11.321506,50.673549,2.719809,1.291061,2.322999
7,1789439042.946139574,0.534570651561,-0.274025678868,0.531321991118,1.65117290998,-1.79384555478,0.33192091875,-3.320853,-11.270501,50.44368,2.720112,1.293242,2.324699
7,1789439042.950973034,0.534570651561,-0.274025678868,0.531321991118,1.65117290998,-1.79384555478,0.33192091875,-3.346471,-11.243516,50.557921,2.7153,1.292529,2.320148
7,1789439042.956040859,0.534570651561,-0.274025678868,0.531321991118,1.65117290998,-1.79384555478,0.33192091875,-3.427264,-11.255334,50.648299,2.720347,1.28591,2.317595
7,1789439042.961106777,0.534570651561,-0.274025678868,0.531321991118,1.65117290998,-1.79384555478,0.33192091875,-3.366268,-11.251661,50.565449,2.718061,1.291703,2.318882
7,1789439042.966144800,0.534570651561,-0.274025678868,0.531321991118,1.65117290998,-1.79384555478,0.33192091875,-3.366528,-11.315422,50.579044,2.720778,1.287187,2.321479
7,1789439042.971163034,0.534570651561,-0.274025678868,0.531321991118,1.65117290998,-1.79384555478,0.33192091875,-3.257887,-11.352712,50.821792,2.722314,1.299136,2.317578
7,1789439042.975927830,0.534570651561,-0.274025678868,0.531321991118,1.65117290998,-1.79384555478,0.33192091875,-3.277665,-11.301519,50.596054,2.721232,1.292642,2.327123
7,1789439042.981108665,0.534570651561,-0.274025678868,0.531321991118,1.65117290998,-1.79384555478,0.33192091875,-3.265979,-11.302112,50.383387,2.720895,1.297733,2.328561
7,1789439042.986138582,0.534570651561,-0.274025678868,0.531321991118,1.65117290998,-1.79384555478,0.33192091875,-3.332754,-11.257341,50.2887,2.718827,1.293314,2.326718
7,1789439042.990908623,0.534570651561,-0.274025678868,0.531321991118,1.65117290998,-1.79384555478,0.33192091875,-3.394347,-11.207918,50.686076,2.717172,1.289315,2.318169
7,1789439042.996062756,0.534570651561,-0.274025678868,0.531321991118,1.65117290998,-1.79384555478,0.33192091875,-3.408037,-11.276539,50.429687,2.72177,1.288817,2.321073
7,1789439043.000949621,0.534570651561,-0.274025678868,0.531321991118,1.65117290998,-1.79384555478,0.33192091875,-3.36179,-11.290715,50.585286,2.718446,1.291293,2.319847
7,1789439043.005954027,0.534570651561,-0.274025678868,0.531321991118,1.65117290998,-1.79384555478,0.33192091875,-3.325099,-11.33082,50.693093,2.723906,1.291611,2.317544
7,1789439043.010752678,0.534570651561,-0.274025678868,0.531321991118,1.65117290998,-1.79384555478,0.33192091875,-3.296107,-11.302445,50.59025,2.719982,1.296411,2.323761
7,1789439043.016056538,0.534570651561,-0.274025678868,0.531321991118,1.65117290998,-1.79384555478,0.33192091875,-3.303467,-11.288084,50.576616,2.71869,1.291936,2.326444
7,1789439043.021056652,0.534570651561,-0.274025678868,0.531321991118,1.65117290998,-1.79384555478,0.33192091875,-3.332984,-11.264475,50.732781,2.719638,1.295361,2.319289
7,1789439043.025999546,0.534570651561,-0.274025678868,0.531321991118,1.65117290998,-1.79384555478,0.33192091875,-3.364805,-11.221917,50.587319,2.715175,1.289587,2.320663
7,1789439043.031489372,0.534570651561,-0.274025678868,0.531321991118,1.65117290998,-1.79384555478,0.33192091875,-3.37016,-11.250055,50.36619,2.71874,1.288099,2.321987
7,1789439043.036062717,0.534570651561,-0.274025678868,0.531321991118,1.65117290998,-1.79384555478,0.33192091875,-3.370183,-11.299968,50.571868,2.717606,1.288945,2.316947
7,1789439043.040880680,0.534570651561,-0.274025678868,0.531321991118,1.65117290998,-1.79384555478,0.33192091875,-3.340504,-11.302949,50.674213,2.71714,1.287342,2.316823
7,1789439043.045981646,0.534570651561,-0.274025678868,0.531321991118,1.65117290998,-1.79384555478,0.33192091875,-3.406841,-11.266461,50.530155,2.716495,1.284557,2.3194
7,1789439043.051091671,0.534570651561,-0.274025678868,0.531321991118,1.65117290998,-1.79384555478,0.33192091875,-3.346324,-11.286861,50.443185,2.716871,1.287793,2.323877
7,1789439043.055956841,0.534570651561,-0.274025678868,0.531321991118,1.65117290998,-1.79384555478,0.33192091875,-3.317052,-11.350252,50.482167,2.720854,1.291443,2.325747
7,1789439043.060919046,0.534570651561,-0.274025678868,0.531321991118,1.65117290998,-1.79384555478,0.33192091875,-3.242056,-11.339262,50.619474,2.718057,1.298001,2.325067
7,1789439043.066038132,0.534570651561,-0.274025678868,0.531321991118,1.65117290998,-1.79384555478,0.33192091875,-3.264695,-11.283248,50.698899,2.714528,1.292368,2.321359
7,1789439043.070914745,0.534570651561,-0.274025678868,0.531321991118,1.65117290998,-1.79384555478,0.33192091875,-3.371868,-11.236637,50.572343,2.719055,1.288862,2.316889
7,1789439043.075875282,0.534570651561,-0.274025678868,0.531321991118,1.65117290998,-1.79384555478,0.33192091875,-3.390743,-11.224841,50.520464,2.713238,1.290945,2.319704
7,1789439043.082004070,0.534570651561,-0.274025678868,0.531321991118,1.65117290998,-1.79384555478,0.33192091875,-3.429123,-11.257285,50.677015,2.716428,1.284861,2.318071
7,1789439043.085885525,0.534570651561,-0.274025678868,0.531321991118,1.65117290998,-1.79384555478,0.33192091875,-3.347965,-11.29838,50.560423,2.71987,1.293038,2.315983
7,1789439043.091188192,0.534570651561,-0.274025678868,0.531321991118,1.65117290998,-1.79384555478,0.33192091875,-3.325799,-11.345932,50.442235,2.719678,1.289077,2.323689
7,1789439043.096230745,0.534570651561,-0.274025678868,0.531321991118,1.65117290998,-1.79384555478,0.33192091875,-3.239181,-11.342054,50.454823,2.719273,1.295729,2.326641
7,1789439043.101106644,0.534570651561,-0.274025678868,0.531321991118,1.65117290998,-1.79384555478,0.33192091875,-3.276261,-11.287781,50.683119,2.717997,1.292432,2.323177
7,1789439043.105977058,0.534570651561,-0.274025678868,0.531321991118,1.65117290998,-1.79384555478,0.33192091875,-3.302512,-11.242084,50.385287,2.715887,1.293358,2.322954
7,1789439043.111031771,0.534570651561,-0.274025678868,0.531321991118,1.65117290998,-1.79384555478,0.33192091875,-3.386607,-11.24764,50.569868,2.717878,1.290893,2.315563
7,1789439043.115965605,0.534570651561,-0.274025678868,0.531321991118,1.65117290998,-1.79384555478,0.33192091875,-3.37609,-11.261785,50.675225,2.717197,1.289736,2.317505
7,1789439043.120856762,0.534570651561,-0.274025678868,0.531321991118,1.65117290998,-1.79384555478,0.33192091875,-3.368212,-11.316639,50.565266,2.719469,1.286885,2.318544
7,1789439043.125806808,0.534570651561,-0.274025678868,0.531321991118,1.65117290998,-1.79384555478,0.33192091875,-3.301178,-11.349065,50.573027,2.723125,1.293501,2.318453
7,1789439043.131227732,0.534570651561,-0.274025678868,0.531321991118,1.65117290998,-1.79384555478,0.33192091875,-3.296808,-11.314365,50.773317,2.716792,1.293326,2.321569
7,1789439043.135845900,0.534570651561,-0.274025678868,0.531321991118,1.65117290998,-1.79384555478,0.33192091875,-3.275013,-11.304305,50.552142,2.722789,1.296809,2.329288
7,1789439043.140738249,0.534570651561,-0.274025678868,0.531321991118,1.65117290998,-1.79384555478,0.33192091875,-3.298134,-11.261845,50.402099,2.718326,1.295275,2.328152
7,1789439043.145920992,0.534570651561,-0.274025678868,0.531321991118,1.65117290998,-1.79384555478,0.33192091875,-3.348831,-11.27989,50.368413,2.719298,1.287652,2.323558
7,1789439043.150964260,0.534570651561,-0.274025678868,0.531321991118,1.65117290998,-1.79384555478,0.33192091875,-3.32203,-11.26256,50.680134,2.718366,1.292196,2.314941
7,1789439043.155955791,0.534570651561,-0.274025678868,0.531321991118,1.65117290998,-1.79384555478,0.33192091875,-3.394527,-11.295311,50.443511,2.717741,1.285039,2.323773
7,1789439043.160918236,0.534570651561,-0.274025678868,0.531321991118,1.65117290998,-1.79384555478,0.33192091875,-3.360118,-11.327944,50.545305,2.71823,1.287653,2.317828
7,1789439043.165990829,0.534570651561,-0.274025678868,0.531321991118,1.65117290998,-1.79384555478,0.33192091875,-3.34254,-11.306714,50.692645,2.719315,1.290477,2.32313
7,1789439043.170926332,0.534570651561,-0.274025678868,0.531321991118,1.65117290998,-1.79384555478,0.33192091875,-3.316267,-11.315743,50.561423,2.717756,1.290981,2.328718
7,1789439043.175870657,0.534570651561,-0.274025678868,0.531321991118,1.65117290998,-1.79384555478,0.33192091875,-3.28062,-11.292087,50.533415,2.717273,1.293297,2.322742
7,1789439043.180952311,0.534570651561,-0.274025678868,0.531321991118,1.65117290998,-1.79384555478,0.33192091875,-3.322897,-11.26863,50.757328,2.717572,1.290738,2.316631
7,1789439043.185933352,0.534570651561,-0.274025678868,0.531321991118,1.65117290998,-1.79384555478,0.33192091875,-3.32704,-11.23521,50.571992,2.716107,1.29503,2.317425
7,1789439043.190835476,0.534570651561,-0.274025678868,0.531321991118,1.65117290998,-1.79384555478,0.33192091875,-3.397557,-11.25537,50.405124,2.716081,1.284685,2.322774
7,1789439043.195902348,0.534570651561,-0.274025678868,0.531321991118,1.65117290998,-1.79384555478,0.33192091875,-3.370918,-11.274545,50.544378,2.718196,1.291125,2.317321
7,1789439043.200866222,0.534570651561,-0.274025678868,0.531321991118,1.65117290998,-1.79384555478,0.33192091875,-3.373844,-11.313133,50.686753,2.718911,1.287365,2.318943
7,1789439043.205859423,0.534570651561,-0.274025678868,0.531321991118,1.65117290998,-1.79384555478,0.33192091875,-3.321479,-11.32855,50.567044,2.719105,1.294263,2.326724
7,1789439043.210910797,0.534570651561,-0.274025678868,0.531321991118,1.65117290998,-1.79384555478,0.33192091875,-3.280593,-11.310793,50.571014,2.722008,1.293673,2.323068
7,1789439043.215980530,0.534570651561,-0.274025678868,0.531321991118,1.65117290998,-1.79384555478,0.33192091875,-3.259756,-11.270227,50.691501,2.714191,1.295579,2.316822
7,1789439043.221012592,0.534570651561,-0.274025678868,0.531321991118,1.65117290998,-1.79384555478,0.33192091875,-3.336112,-11.240903,50.562454,2.718888,1.291002,2.316801
7,1789439043.225953579,0.534570651561,-0.274025678868,0.531321991118,1.65117290998,-1.79384555478,0.33192091875,-3.357108,-11.243945,50.51834,2.715647,1.294074,2.318761
7,1789439043.231712818,0.534570651561,-0.274025678868,0.531321991118,1.65117290998,-1.79384555478,0.33192091875,-3.409961,-11.260628,50.731533,2.715662,1.284432,2.317218
7,1789439043.235894442,0.534570651561,-0.274025678868,0.531321991118,1.65117290998,-1.79384555478,0.33192091875,-3.358035,-11.284346,50.599559,2.722456,1.289721,2.316748
7,1789439043.240738630,0.534570651561,-0.274025678868,0.531321991118,1.65117290998,-1.79384555478,0.33192091875,-3.315132,-11.34352,50.364846,2.71745,1.290477,2.328017
7,1789439043.245932579,0.534570651561,-0.274025678868,0.531321991118,1.65117290998,-1.79384555478,0.33192091875,-3.265058,-11.337288,50.413279,2.718772,1.291142,2.329336
7,1789439043.250849485,0.534570651561,-0.274025678868,0.531321991118,1.65117290998,-1.79384555478,0.33192091875,-3.260753,-11.308238,50.635389,2.72041,1.294138,2.32266
7,1789439043.255924225,0.534570651561,-0.274025678868,0.531321991118,1.65117290998,-1.79384555478,0.33192091875,-3.27132,-11.304347,50.552064,2.719223,1.29107,2.322565
7,1789439043.260880709,0.534570651561,-0.274025678868,0.531321991118,1.65117290998,-1.79384555478,0.33192091875,-3.288368,-11.289607,50.650493,2.715733,1.293297,2.320222
7,1789439043.266124010,0.534570651561,-0.274025678868,0.531321991118,1.65117290998,-1.79384555478,0.33192091875,-3.31255,-11.280215,50.452999,2.717932,1.292341,2.324699
7,1789439043.270870447,0.534570651561,-0.274025678868,0.531321991118,1.65117290998,-1.79384555478,0.33192091875,-3.362777,-11.249317,50.575017,2.714872,1.289788,2.318877
7,1789439043.275962114,0.534570651561,-0.274025678868,0.531321991118,1.65117290998,-1.79384555478,0.33192091875,-3.398949,-11.258454,50.699337,2.718616,1.289157,2.314901
7,1789439043.281351566,0.534570651561,-0.274025678868,0.531321991118,1.65117290998,-1.79384555478,0.33192091875,-3.368064,-11.277077,50.566153,2.719088,1.289019,2.319159
7,1789439043.285937309,0.534570651561,-0.274025678868,0.531321991118,1.65117290998,-1.79384555478,0.33192091875,-3.349474,-11.315315,50.573905,2.719127,1.288076,2.324339
7,1789439043.291062832,0.534570651561,-0.274025678868,0.531321991118,1.65117290998,-1.79384555478,0.33192091875,-3.307696,-11.352142,50.761237,2.722411,1.293264,2.319857
7,1789439043.295906067,0.534570651561,-0.274025678868,0.531321991118,1.65117290998,-1.79384555478,0.33192091875,-3.29542,-11.300217,50.583409,2.718083,1.293812,2.325094
7,1789439043.300949097,0.534570651561,-0.274025678868,0.531321991118,1.65117290998,-1.79384555478,0.33192091875,-3.301066,-11.278778,50.382009,2.721486,1.291868,2.32684
7,1789439043.305893660,0.534570651561,-0.274025678868,0.531321991118,1.65117290998,-1.79384555478,0.33192091875,-3.290408,-11.270141,50.466188,2.716835,1.293683,2.32129
7,1789439043.310799360,0.534570651561,-0.274025678868,0.531321991118,1.65117290998,-1.79384555478,0.33192091875,-3.390723,-11.279682,50.622976,2.717773,1.286224,2.319517
7,1789439043.316090584,0.534570651561,-0.274025678868,0.531321991118,1.65117290998,-1.79384555478,0.33192091875,-3.361454,-11.289832,50.410548,2.722345,1.292012,2.321184
7,1789439043.320817232,0.534570651561,-0.274025678868,0.531321991118,1.65117290998,-1.79384555478,0.33192091875,-3.343468,-11.305633,50.55302,2.715139,1.28666,2.3227
7,1789439043.325789690,0.534570651561,-0.274025678868,0.531321991118,1.65117290998,-1.79384555478,0.33192091875,-3.289468,-11.319411,50.696441,2.721824,1.291322,2.319699
7,1789439043.331256151,0.534570651561,-0.274025678868,0.531321991118,1.65117290998,-1.79384555478,0.33192091875,-3.278834,-11.319795,50.589562,2.720513,1.295495,2.323307
7,1789439043.335870028,0.534570651561,-0.274025678868,0.531321991118,1.65117290998,-1.79384555478,0.33192091875,-3.302576,-11.274143,50.557298,2.718364,1.292266,2.325947
7,1789439043.340881109,0.534570651561,-0.274025678868,0.531321991118,1.65117290998,-1.79384555478,0.33192091875,-3.325411,-11.282951,50.145342,2.719842,1.294467,2.330561
7,1789439043.345960379,0.534570651561,-0.274025678868,0.531321991118,1.65117290998,-1.79384555478,0.33192091875,-3.395824,-11.235231,50.586074,2.717192,1.287555,2.319637
7,1789439043.350899696,0.534570651561,-0.274025678868,0.531321991118,1.65117290998,-1.79384555478,0.33192091875,-3.360135,-11.255787,50.409761,2.716663,1.290843,2.32044
7,1789439043.355995655,0.534570651561,-0.274025678868,0.531321991118,1.65117290998,-1.79384555478,0.33192091875,-3.351057,-11.283583,50.501216,2.719555,1.290486,2.319485
7,1789439043.360945702,0.534570651561,-0.274025678868,0.531321991118,1.65117290998,-1.79384555478,0.33192091875,-3.330546,-11.298661,50.665319,2.718512,1.288941,2.317235
7,1789439043.366014004,0.534570651561,-0.274025678868,0.531321991118,1.65117290998,-1.79384555478,0.33192091875,-3.307836,-11.346919,50.472076,2.723503,1.294166,2.32549
7,1789439043.370872974,0.534570651561,-0.274025678868,0.531321991118,1.65117290998,-1.79384555478,0.33192091875,-3.299893,-11.283724,50.620174,2.717183,1.29536,2.324899
7,1789439043.375767946,0.534570651561,-0.274025678868,0.531321991118,1.65117290998,-1.79384555478,0.33192091875,-3.314105,-11.254676,50.735953,2.716908,1.294357,2.321252
7,1789439043.381279707,0.534570651561,-0.274025678868,0.531321991118,1.65117290998,-1.79384555478,0.33192091875,-3.372282,-11.218488,50.55763,2.717535,1.290305,2.319521
7,1789439043.385998249,0.534570651561,-0.274025678868,0.531321991118,1.65117290998,-1.79384555478,0.33192091875,-3.363664,-11.249118,50.539944,2.714551,1.288883,2.320175
7,1789439043.390983582,0.534570651561,-0.274025678868,0.531321991118,1.65117290998,-1.79384555478,0.33192091875,-3.362412,-11.267023,50.719207,2.716722,1.28852,2.315759
7,1789439043.396053076,0.534570651561,-0.274025678868,0.531321991118,1.65117290998,-1.79384555478,0.33192091875,-3.342427,-11.29946,50.618541,2.718849,1.290139,2.317187
7,1789439043.400885344,0.534570651561,-0.274025678868,0.531321991118,1.65117290998,-1.79384555478,0.33192091875,-3.318008,-11.340029,50.393503,2.719459,1.287207,2.32809
7,1789439043.405915737,0.534570651561,-0.274025678868,0.531321991118,1.65117290998,-1.79384555478,0.33192091875,-3.260059,-11.296485,50.502033,2.716801,1.294104,2.326691
7,1789439043.410920858,0.534570651561,-0.274025678868,0.531321991118,1.65117290998,-1.79384555478,0.33192091875,-3.303255,-11.256902,50.638915,2.714871,1.287846,2.324031
7,1789439043.416364193,0.534570651561,-0.274025678868,0.531321991118,1.65117290998,-1.79384555478,0.33192091875,-3.313264,-11.243211,50.449647,2.720395,1.291742,2.322207
7,1789439043.420957088,0.534570651561,-0.274025678868,0.531321991118,1.65117290998,-1.79384555478,0.33192091875,-3.373201,-11.260761,50.540883,2.717212,1.28966,2.320892
7,1789439043.425867319,0.534570651561,-0.274025678868,0.531321991118,1.65117290998,-1.79384555478,0.33192091875,-3.358227,-11.26563,50.702822,2.717068,1.289333,2.317293
7,1789439043.431372881,0.534570651561,-0.274025678868,0.531321991118,1.65117290998,-1.79384555478,0.33192091875,-3.37135,-11.291472,50.546083,2.722643,1.289481,2.318276
7,1789439043.436058521,0.534570651561,-0.274025678868,0.531321991118,1.65117290998,-1.79384555478,0.33192091875,-3.352385,-11.323749,50.517119,2.722176,1.289259,2.323836
7,1789439043.440851212,0.534570651561,-0.274025678868,0.531321991118,1.65117290998,-1.79384555478,0.33192091875,-3.275997,-11.30953,50.773505,2.719139,1.300013,2.322401
7,1789439043.445971966,0.534570651561,-0.274025678868,0.531321991118,1.65117290998,-1.79384555478,0.33192091875,-3.296697,-11.289675,50.635722,2.721213,1.291754,2.328552
7,1789439043.450878143,0.534570651561,-0.274025678868,0.531321991118,1.65117290998,-1.79384555478,0.33192091875,-3.277363,-11.27905,50.577007,2.721131,1.297795,2.321215
7,1789439043.455877304,0.534570651561,-0.274025678868,0.531321991118,1.65117290998,-1.79384555478,0.33192091875,-3.342089,-11.256916,50.555752,2.717557,1.289137,2.318391
7,1789439043.460916281,0.534570651561,-0.274025678868,0.531321991118,1.65117290998,-1.79384555478,0.33192091875,-3.359343,-11.267534,50.627996,2.718327,1.290839,2.317189
7,1789439043.465996265,0.534570651561,-0.274025678868,0.531321991118,1.65117290998,-1.79384555478,0.33192091875,-3.399868,-11.206944,50.507203,2.712073,1.283709,2.297971
7,1789439043.470868587,0.534570651561,-0.274025678868,0.531321991118,1.65117290998,-1.79384555478,0.33192091875,-3.473327,-11.272304,50.654524,2.711339,1.286454,2.321909
7,1789439043.476011515,0.534570651561,-0.274025678868,0.531321991118,1.65117290998,-1.79384555478,0.33192091875,-3.416505,-11.300422,50.483165,2.710894,1.293409,2.338583
7,1789439043.481380701,0.534570651561,-0.274025678868,0.531321991118,1.65117290998,-1.79384555478,0.33192091875,-3.385514,-11.300917,50.550893,2.717304,1.294245,2.322072
7,1789439043.485925674,0.534570651561,-0.274025678868,0.531321991118,1.65117290998,-1.79384555478,0.33192091875,-3.357315,-11.27087,50.561365,2.717328,1.300247,2.31121
7,1789439043.490901470,0.534570651561,-0.274025678868,0.531321991118,1.65117290998,-1.79384555478,0.33192091875,-3.286269,-11.265231,50.633044,2.718619,1.311093,2.316728
7,1789439043.495966911,0.534570651561,-0.274025678868,0.531321991118,1.65117290998,-1.79384555478,0.33192091875,-3.319842,-11.252318,50.624562,2.722196,1.309941,2.323069
7,1789439043.501014948,0.534570651561,-0.274025678868,0.531321991118,1.65117290998,-1.79384555478,0.33192091875,-3.36364,-11.250474,50.263607,2.724276,1.311657,2.330479
7,1789439043.505939007,0.534570651561,-0.274025678868,0.531321991118,1.65117290998,-1.79384555478,0.33192091875,-3.470205,-11.286713,50.700979,2.72975,1.302824,2.335686
7,1789439043.510907173,0.534570651561,-0.274025678868,0.531321991118,1.65117290998,-1.79384555478,0.33192091875,-3.476943,-11.313711,50.56148,2.726572,1.313988,2.355398
7,1789439043.515944958,0.534570651561,-0.274025678868,0.531321991118,1.65117290998,-1.79384555478,0.33192091875,-3.476561,-11.365238,50.610273,2.724727,1.309276,2.356659
7,1789439043.520867586,0.534570651561,-0.274025678868,0.531321991118,1.65117290998,-1.79384555478,0.33192091875,-3.395413,-11.393772,50.724957,2.727465,1.301878,2.333674
7,1789439043.525875807,0.534570651561,-0.274025678868,0.531321991118,1.65117290998,-1.79384555478,0.33192091875,-3.282685,-11.378909,50.513251,2.724982,1.297856,2.328665
7,1789439043.531020403,0.534570651561,-0.274025678868,0.531321991118,1.65117290998,-1.79384555478,0.33192091875,-3.237398,-11.322893,50.56027,2.716152,1.296934,2.328759
7,1789439043.535981655,0.534570651561,-0.274025678868,0.531321991118,1.65117290998,-1.79384555478,0.33192091875,-3.247048,-11.316505,50.672745,2.718578,1.294763,2.322907
7,1789439043.540887594,0.534570651561,-0.274025678868,0.531321991118,1.65117290998,-1.79384555478,0.33192091875,-3.334914,-11.284048,50.540842,2.714317,1.283864,2.320411
7,1789439043.545951128,0.534570651561,-0.274025678868,0.531321991118,1.65117290998,-1.79384555478,0.33192091875,-3.347672,-11.32482,50.511467,2.715963,1.277194,2.324966
7,1789439043.550958157,0.534570651561,-0.274025678868,0.531321991118,1.65117290998,-1.79384555478,0.33192091875,-3.396902,-11.338692,50.5747,2.713508,1.277476,2.317752
7,1789439043.556034565,0.534570651561,-0.274025678868,0.531321991118,1.65117290998,-1.79384555478,0.33192091875,-3.317567,-11.323296,50.531171,2.718243,1.274284,2.294932
7,1789439043.560930252,0.534570651561,-0.274025678868,0.531321991118,1.65117290998,-1.79384555478,0.33192091875,-3.299134,-11.282349,50.417704,2.719785,1.28363,2.312804
7,1789439043.565990925,0.534570651561,-0.274025678868,0.531321991118,1.65117290998,-1.79384555478,0.33192091875,-3.212312,-11.186919,50.57628,2.707588,1.307834,2.345956
7,1789439043.570818186,0.534570651561,-0.274025678868,0.531321991118,1.65117290998,-1.79384555478,0.33192091875,-3.292155,-11.371801,50.67789,2.7203,1.302933,2.345666
7,1789439043.575854063,0.534570651561,-0.274025678868,0.531321991118,1.65117290998,-1.79384555478,0.33192091875,-3.448712,-11.393435,50.56059,2.731135,1.29631,2.328882
7,1789439043.580993891,0.534570651561,-0.274025678868,0.531321991118,1.65117290998,-1.79384555478,0.33192091875,-3.464806,-11.388625,50.665265,2.72871,1.301817,2.331031
7,1789439043.585920334,0.534570651561,-0.274025678868,0.531321991118,1.65117290998,-1.79384555478,0.33192091875,-3.424819,-11.317518,50.765354,2.720896,1.304307,2.329613
7,1789439043.590867043,0.534570651561,-0.274025678868,0.531321991118,1.65117290998,-1.79384555478,0.33192091875,-3.380573,-11.193216,50.566853,2.719179,1.302529,2.302433
7,1789439043.595991373,0.534570651561,-0.274025678868,0.531321991118,1.65117290998,-1.79384555478,0.33192091875,-3.338633,-11.21523,50.540568,2.721499,1.294526,2.284467
7,1789439043.600948811,0.534570651561,-0.274025678868,0.531321991118,1.65117290998,-1.79384555478,0.33192091875,-3.259787,-11.217811,50.720305,2.712869,1.299324,2.293243
7,1789439043.605907917,0.534570651561,-0.274025678868,0.531321991118,1.65117290998,-1.79384555478,0.33192091875,-3.313133,-11.220692,50.609416,2.713836,1.294361,2.311374
7,1789439043.611169577,0.534570651561,-0.274025678868,0.531321991118,1.65117290998,-1.79384555478,0.33192091875,-3.29698,-11.226877,50.423361,2.710111,1.292746,2.311293
7,1789439043.616011620,0.534570651561,-0.274025678868,0.531321991118,1.65117290998,-1.79384555478,0.33192091875,-3.373308,-11.217619,50.521154,2.707545,1.28433,2.313388
7,1789439043.620955467,0.534570651561,-0.274025678868,0.531321991118,1.65117290998,-1.79384555478,0.33192091875,-3.319312,-11.17331,50.607269,2.705874,1.294752,2.322037
7,1789439043.625920296,0.534570651561,-0.274025678868,0.531321991118,1.65117290998,-1.79384555478,0.33192091875,-3.338074,-11.251439,50.421574,2.706367,1.286311,2.321716
7,1789439043.631014824,0.534570651561,-0.274025678868,0.531321991118,1.65117290998,-1.79384555478,0.33192091875,-3.321953,-11.335015,50.534589,2.715751,1.286702,2.304739
7,1789439043.636086226,0.534570651561,-0.274025678868,0.531321991118,1.65117290998,-1.79384555478,0.33192091875,-3.323009,-11.367968,50.769592,2.720152,1.287102,2.306485
7,1789439043.640887737,0.534570651561,-0.274025678868,0.531321991118,1.65117290998,-1.79384555478,0.33192091875,-3.280948,-11.350948,50.607232,2.72303,1.29813,2.3292
7,1789439043.646053076,0.534570651561,-0.274025678868,0.531321991118,1.65117290998,-1.79384555478,0.33192091875,-3.298162,-11.268985,50.592681,2.72108,1.30316,2.331995
7,1789439043.650921822,0.534570651561,-0.274025678868,0.531321991118,1.65117290998,-1.79384555478,0.33192091875,-3.420174,-11.250642,50.609475,2.730792,1.29598,2.323584
7,1789439043.655936241,0.534570651561,-0.274025678868,0.531321991118,1.65117290998,-1.79384555478,0.33192091875,-3.473138,-11.194991,50.699568,2.727678,1.300794,2.321912
7,1789439043.660969496,0.534570651561,-0.274025678868,0.531321991118,1.65117290998,-1.79384555478,0.33192091875,-3.495926,-11.20911,50.559949,2.727379,1.295424,2.3274
7,1789439043.666037321,0.534570651561,-0.274025678868,0.531321991118,1.65117290998,-1.79384555478,0.33192091875,-3.422137,-11.260943,50.5888,2.728342,1.302917,2.317018
7,1789439043.671004772,0.534570651561,-0.274025678868,0.531321991118,1.65117290998,-1.79384555478,0.33192091875,-3.398088,-11.274384,50.724427,2.724402,1.294123,2.313618
7,1789439043.675863028,0.534570651561,-0.274025678868,0.531321991118,1.65117290998,-1.79384555478,0.33192091875,-3.372237,-11.19385,50.598041,2.715256,1.299024,2.30425
7,1789439043.681055784,0.534570651561,-0.274025678868,0.531321991118,1.65117290998,-1.79384555478,0.33192091875,-3.301553,-11.226314,50.659061,2.712087,1.298001,2.307814
7,1789439043.686100721,0.534570651561,-0.274025678868,0.531321991118,1.65117290998,-1.79384555478,0.33192091875,-3.259563,-11.269922,50.513414,2.714851,1.295226,2.3159
7,1789439043.690907478,0.534570651561,-0.274025678868,0.531321991118,1.65117290998,-1.79384555478,0.33192091875,-3.273372,-11.275715,50.551181,2.711186,1.292063,2.31598
7,1789439043.696071386,0.534570651561,-0.274025678868,0.531321991118,1.65117290998,-1.79384555478,0.33192091875,-3.342479,-11.265985,50.708715,2.710247,1.287727,2.314997
7,1789439043.700960159,0.534570651561,-0.274025678868,0.531321991118,1.65117290998,-1.79384555478,0.33192091875,-3.381692,-11.266589,50.518722,2.716116,1.284177,2.317991
7,1789439043.705948114,0.534570651561,-0.274025678868,0.531321991118,1.65117290998,-1.79384555478,0.33192091875,-3.379963,-11.265986,50.453858,2.714822,1.283371,2.324166
7,1789439043.710859776,0.534570651561,-0.274025678868,0.531321991118,1.65117290998,-1.79384555478,0.33192091875,-3.331883,-11.292073,50.448069,2.717033,1.286897,2.327006
7,1789439043.716063261,0.534570651561,-0.274025678868,0.531321991118,1.65117290998,-1.79384555478,0.33192091875,-3.333427,-11.346665,50.632006,2.724182,1.288833,2.326023
7,1789439043.720932961,0.534570651561,-0.274025678868,0.531321991118,1.65117290998,-1.79384555478,0.33192091875,-3.326624,-11.34126,50.463798,2.724299,1.292699,2.332019
7,1789439043.725898027,0.534570651561,-0.274025678868,0.531321991118,1.65117290998,-1.79384555478,0.33192091875,-3.338318,-11.329046,50.605797,2.722987,1.294584,2.333782
7,1789439043.731362820,0.534570651561,-0.274025678868,0.531321991118,1.65117290998,-1.79384555478,0.33192091875,-3.392093,-11.253259,50.65477,2.722587,1.295154,2.328932
7,1789439043.735886812,0.534570651561,-0.274025678868,0.531321991118,1.65117290998,-1.79384555478,0.33192091875,-3.38501,-11.18992,50.570735,2.721786,1.298061,2.322655
7,1789439043.740887880,0.534570651561,-0.274025678868,0.531321991118,1.65117290998,-1.79384555478,0.33192091875,-3.410142,-11.240986,50.600602,2.721638,1.294152,2.317667
7,1789439043.745977402,0.534570651561,-0.274025678868,0.531321991118,1.65117290998,-1.79384555478,0.33192091875,-3.412565,-11.319501,50.784639,2.724059,1.296024,2.310856
7,1789439043.750935793,0.534570651561,-0.274025678868,0.531321991118,1.65117290998,-1.79384555478,0.33192091875,-3.395434,-11.350975,50.610707,2.722975,1.293671,2.312633
7,1789439043.755965471,0.534570651561,-0.274025678868,0.531321991118,1.65117290998,-1.79384555478,0.33192091875,-3.322572,-11.348586,50.513797,2.723195,1.295114,2.316383
7,1789439043.761195421,0.534570651561,-0.274025678868,0.531321991118,1.65117290998,-1.79384555478,0.33192091875,-3.259828,-11.313097,50.594314,2.716475,1.303041,2.315137
7,1789439043.766076326,0.534570651561,-0.274025678868,0.531321991118,1.65117290998,-1.79384555478,0.33192091875,-3.233226,-11.25477,50.631562,2.713866,1.300493,2.314624
7,1789439043.770889044,0.534570651561,-0.274025678868,0.531321991118,1.65117290998,-1.79384555478,0.33192091875,-3.258212,-11.236798,50.412881,2.71272,1.296475,2.310989
7,1789439043.775846720,0.534570651561,-0.274025678868,0.531321991118,1.65117290998,-1.79384555478,0.33192091875,-3.293045,-11.236512,50.577372,2.713446,1.293252,2.30257
7,1789439043.781346798,0.534570651561,-0.274025678868,0.531321991118,1.65117290998,-1.79384555478,0.33192091875,-3.372304,-11.24095,50.62682,2.714472,1.290819,2.304158
7,1789439043.785859585,0.534570651561,-0.274025678868,0.531321991118,1.65117290998,-1.79384555478,0.33192091875,-3.353977,-11.255608,50.504244,2.715069,1.293533,2.309558
7,1789439043.790856600,0.534570651561,-0.274025678868,0.531321991118,1.65117290998,-1.79384555478,0.33192091875,-3.326613,-11.283841,50.551347,2.716612,1.294931,2.316332
7,1789439043.795956850,0.534570651561,-0.274025678868,0.531321991118,1.65117290998,-1.79384555478,0.33192091875,-3.310053,-11.28882,50.737232,2.717426,1.295829,2.316349
7,1789439043.800903082,0.534570651561,-0.274025678868,0.531321991118,1.65117290998,-1.79384555478,0.33192091875,-3.297909,-11.297448,50.57822,2.723017,1.298838,2.322179
7,1789439043.805897236,0.534570651561,-0.274025678868,0.531321991118,1.65117290998,-1.79384555478,0.33192091875,-3.362558,-11.293429,50.570551,2.722266,1.294967,2.322748
7,1789439043.810935259,0.534570651561,-0.274025678868,0.531321991118,1.65117290998,-1.79384555478,0.33192091875,-3.380582,-11.253202,50.616162,2.723224,1.294936,2.321912
7,1789439043.816211939,0.534570651561,-0.274025678868,0.531321991118,1.65117290998,-1.79384555478,0.33192091875,-3.428535,-11.22113,50.610345,2.722436,1.292836,2.323757
7,1789439043.821141005,0.534570651561,-0.274025678868,0.531321991118,1.65117290998,-1.79384555478,0.33192091875,-3.415913,-11.182545,50.546927,2.721038,1.294877,2.324924
7,1789439043.825929880,0.534570651561,-0.274025678868,0.531321991118,1.65117290998,-1.79384555478,0.33192091875,-3.428247,-11.265628,50.528363,2.72108,1.287942,2.324602
7,1789439043.831295252,0.534570651561,-0.274025678868,0.531321991118,1.65117290998,-1.79384555478,0.33192091875,-3.389921,-11.295914,50.679175,2.721931,1.29063,2.320289
7,1789439043.835925102,0.534570651561,-0.274025678868,0.531321991118,1.65117290998,-1.79384555478,0.33192091875,-3.356488,-11.328074,50.506403,2.716585,1.288063,2.32896
7,1789439043.840867519,0.534570651561,-0.274025678868,0.531321991118,1.65117290998,-1.79384555478,0.33192091875,-3.286164,-11.252125,50.571763,2.711406,1.28987,2.322968
7,1789439043.845951080,0.534570651561,-0.274025678868,0.531321991118,1.65117290998,-1.79384555478,0.33192091875,-3.285277,-11.233729,50.705465,2.708297,1.291906,2.313246
7,1789439043.850892305,0.534570651561,-0.274025678868,0.531321991118,1.65117290998,-1.79384555478,0.33192091875,-3.348675,-11.205437,50.521346,2.70648,1.284853,2.313543
7,1789439043.855897903,0.534570651561,-0.274025678868,0.531321991118,1.65117290998,-1.79384555478,0.33192091875,-3.390089,-11.281824,50.459447,2.709675,1.284298,2.309829
7,1789439043.860841036,0.534570651561,-0.274025678868,0.531321991118,1.65117290998,-1.79384555478,0.33192091875,-3.405344,-11.336812,50.414575,2.711674,1.282892,2.310996
7,1789439043.866035700,0.534570651561,-0.274025678868,0.531321991118,1.65117290998,-1.79384555478,0.33192091875,-3.378083,-11.305059,50.635054,2.714937,1.288818,2.309646
7,1789439043.870927811,0.534570651561,-0.274025678868,0.531321991118,1.65117290998,-1.79384555478,0.33192091875,-3.288733,-11.293598,50.465593,2.715658,1.295904,2.321293
7,1789439043.875860929,0.534570651561,-0.274025678868,0.531321991118,1.65117290998,-1.79384555478,0.33192091875,-3.250083,-11.249324,50.600264,2.715311,1.300474,2.318424
7,1789439043.881048679,0.534570651561,-0.274025678868,0.531321991118,1.65117290998,-1.79384555478,0.33192091875,-3.284396,-11.22823,50.6766,2.718471,1.304547,2.313866
7,1789439043.885949850,0.534570651561,-0.274025678868,0.531321991118,1.65117290998,-1.79384555478,0.33192091875,-3.336335,-11.325416,50.568764,2.725983,1.294009,2.327691
7,1789439043.891048670,0.534570651561,-0.274025678868,0.531321991118,1.65117290998,-1.79384555478,0.33192091875,-3.354639,-11.278823,50.694887,2.723569,1.299371,2.319294
7,1789439043.896150351,0.534570651561,-0.274025678868,0.531321991118,1.65117290998,-1.79384555478,0.33192091875,-3.384434,-11.255613,50.539172,2.722861,1.294864,2.32024
7,1789439043.900953293,0.534570651561,-0.274025678868,0.531321991118,1.65117290998,-1.79384555478,0.33192091875,-3.371398,-11.277664,50.51491,2.724603,1.296648,2.316845
7,1789439043.905919075,0.534570651561,-0.274025678868,0.531321991118,1.65117290998,-1.79384555478,0.33192091875,-3.360868,-11.275681,50.756826,2.720117,1.298648,2.31108
7,1789439043.910938025,0.534570651561,-0.274025678868,0.531321991118,1.65117290998,-1.79384555478,0.33192091875,-3.347613,-11.316502,50.56403,2.722673,1.29193,2.318272
7,1789439043.916067123,0.534570651561,-0.274025678868,0.531321991118,1.65117290998,-1.79384555478,0.33192091875,-3.304512,-11.345137,50.504489,2.722931,1.300406,2.316974
7,1789439043.920927525,0.534570651561,-0.274025678868,0.531321991118,1.65117290998,-1.79384555478,0.33192091875,-3.294677,-11.322193,50.480249,2.7176,1.294624,2.318686
7,1789439043.925914049,0.534570651561,-0.274025678868,0.531321991118,1.65117290998,-1.79384555478,0.33192091875,-3.275258,-11.27605,50.667722,2.720256,1.302389,2.314136
7,1789439043.931199551,0.534570651561,-0.274025678868,0.531321991118,1.65117290998,-1.79384555478,0.33192091875,-3.315881,-11.259263,50.432724,2.716512,1.296485,2.317898
7,1789439043.936006546,0.534570651561,-0.274025678868,0.531321991118,1.65117290998,-1.79384555478,0.33192091875,-3.347577,-11.225581,50.585917,2.715747,1.295541,2.308278
7,1789439043.940924406,0.534570651561,-0.274025678868,0.531321991118,1.65117290998,-1.79384555478,0.33192091875,-3.386094,-11.256938,50.660498,2.718333,1.293882,2.308293
7,1789439043.946088552,0.534570651561,-0.274025678868,0.531321991118,1.65117290998,-1.79384555478,0.33192091875,-3.41936,-11.268952,50.545881,2.71843,1.288204,2.311821
7,1789439043.951298237,0.534570651561,-0.274025678868,0.531321991118,1.65117290998,-1.79384555478,0.33192091875,-3.322775,-11.30541,50.568607,2.719029,1.298374,2.315922
7,1789439043.956028700,0.534570651561,-0.274025678868,0.531321991118,1.65117290998,-1.79384555478,0.33192091875,-3.346459,-11.278068,50.77897,2.71612,1.293127,2.318937
7,1789439043.961105585,0.534570651561,-0.274025678868,0.531321991118,1.65117290998,-1.79384555478,0.33192091875,-3.32022,-11.250181,50.610643,2.719639,1.300769,2.319045
7,1789439043.966134787,0.534570651561,-0.274025678868,0.531321991118,1.65117290998,-1.79384555478,0.33192091875,-3.3361,-11.210047,50.479788,2.713776,1.29167,2.32356
7,1789439043.970966816,0.534570651561,-0.274025678868,0.531321991118,1.65117290998,-1.79384555478,0.33192091875,-3.371846,-11.218375,50.405268,2.713991,1.288313,2.317049
7,1789439043.975909233,0.534570651561,-0.274025678868,0.531321991118,1.65117290998,-1.79384555478,0.33192091875,-3.449784,-11.25512,50.612704,2.718479,1.286468,2.31264
7,1789439043.981242895,0.534570651561,-0.274025678868,0.531321991118,1.65117290998,-1.79384555478,0.33192091875,-3.413439,-11.253641,50.546631,2.713263,1.2871,2.318267
7,1789439043.985925913,0.534570651561,-0.274025678868,0.531321991118,1.65117290998,-1.79384555478,0.33192091875,-3.407524,-11.298974,50.549333,2.716732,1.288124,2.320344
7,1789439043.990980625,0.534570651561,-0.274025678868,0.531321991118,1.65117290998,-1.79384555478,0.33192091875,-3.349513,-11.311497,50.493454,2.717606,1.289728,2.326666
7,1789439043.996067524,0.534570651561,-0.274025678868,0.531321991118,1.65117290998,-1.79384555478,0.33192091875,-3.310357,-11.269444,50.533418,2.712694,1.293957,2.32274
7,1789439044.000956059,0.534570651561,-0.274025678868,0.531321991118,1.65117290998,-1.79384555478,0.33192091875,-3.328683,-11.260608,50.530365,2.714866,1.29105,2.320324
7,1789439044.006081104,0.534570651561,-0.274025678868,0.531321991118,1.65117290998,-1.79384555478,0.33192091875,-3.283246,-11.231212,50.685088,2.712551,1.292767,2.312111
7,1789439044.011016369,0.534570651561,-0.274025678868,0.531321991118,1.65117290998,-1.79384555478,0.33192091875,-3.357049,-11.24708,50.557304,2.71428,1.290429,2.313452
7,1789439044.016198874,0.534570651561,-0.274025678868,0.531321991118,1.65117290998,-1.79384555478,0.33192091875,-3.387554,-11.250381,50.490572,2.716218,1.291875,2.312525
7,1789439044.021095753,0.534570651561,-0.274025678868,0.531321991118,1.65117290998,-1.79384555478,0.33192091875,-3.401575,-11.285452,50.383552,2.715764,1.290594,2.315578
7,1789439044.025996447,0.534570651561,-0.274025678868,0.531321991118,1.65117290998,-1.79384555478,0.33192091875,-3.347439,-11.295973,50.643609,2.719593,1.291359,2.315433
7,1789439044.031355143,0.534570651561,-0.274025678868,0.531321991118,1.65117290998,-1.79384555478,0.33192091875,-3.289364,-11.34256,50.441735,2.718748,1.296937,2.31819
7,1789439044.035972834,0.534570651561,-0.274025678868,0.531321991118,1.65117290998,-1.79384555478,0.33192091875,-3.245229,-11.331189,50.61545,2.717635,1.3018,2.316743
7,1789439044.040889263,0.534570651561,-0.274025678868,0.531321991118,1.65117290998,-1.79384555478,0.33192091875,-3.290599,-11.281238,50.699252,2.721138,1.300372,2.310197
7,1789439044.045969009,0.534570651561,-0.274025678868,0.531321991118,1.65117290998,-1.79384555478,0.33192091875,-3.33756,-11.238515,50.591826,2.719313,1.30082,2.312759
7,1789439044.050954819,0.534570651561,-0.274025678868,0.531321991118,1.65117290998,-1.79384555478,0.33192091875,-3.412967,-11.2493,50.568532,2.721137,1.293701,2.314945
7,1789439044.055896044,0.534570651561,-0.274025678868,0.531321991118,1.65117290998,-1.79384555478,0.33192091875,-3.406959,-11.241986,50.764509,2.720337,1.296702,2.309583
7,1789439044.060981274,0.534570651561,-0.274025678868,0.531321991118,1.65117290998,-1.79384555478,0.33192091875,-3.377171,-11.298176,50.59393,2.727035,1.294754,2.319707
7,1789439044.066110134,0.534570651561,-0.274025678868,0.531321991118,1.65117290998,-1.79384555478,0.33192091875,-3.274252,-11.324199,50.510944,2.723988,1.302959,2.32138
7,1789439044.070963144,0.534570651561,-0.274025678868,0.531321991118,1.65117290998,-1.79384555478,0.33192091875,-3.272266,-11.32114,50.488808,2.724363,1.301227,2.324938
7,1789439044.075922251,0.534570651561,-0.274025678868,0.531321991118,1.65117290998,-1.79384555478,0.33192091875,-3.286758,-11.289,50.674276,2.721569,1.296564,2.317806
7,1789439044.081360340,0.534570651561,-0.274025678868,0.531321991118,1.65117290998,-1.79384555478,0.33192091875,-3.322072,-11.251631,50.455671,2.719591,1.294554,2.320429
7,1789439044.086369753,0.534570651561,-0.274025678868,0.531321991118,1.65117290998,-1.79384555478,0.33192091875,-3.43108,-11.253283,50.521054,2.717178,1.286375,2.319636
7,1789439044.091068506,0.534570651561,-0.274025678868,0.531321991118,1.65117290998,-1.79384555478,0.33192091875,-3.420316,-11.267288,50.641104,2.718155,1.292442,2.313726
7,1789439044.095984936,0.534570651561,-0.274025678868,0.531321991118,1.65117290998,-1.79384555478,0.33192091875,-3.40296,-11.268277,50.577074,2.717761,1.288918,2.314067
7,1789439044.100896597,0.534570651561,-0.274025678868,0.531321991118,1.65117290998,-1.79384555478,0.33192091875,-3.391867,-11.258428,50.664695,2.716037,1.291246,2.310776
7,1789439044.105864286,0.534570651561,-0.274025678868,0.531321991118,1.65117290998,-1.79384555478,0.33192091875,-3.415065,-11.289197,50.539993,2.718266,1.289011,2.320339
7,1789439044.111066103,0.534570651561,-0.274025678868,0.531321991118,1.65117290998,-1.79384555478,0.33192091875,-3.342532,-11.294044,50.57735,2.716406,1.296018,2.321334
7,1789439044.116116762,0.534570651561,-0.274025678868,0.531321991118,1.65117290998,-1.79384555478,0.33192091875,-3.294409,-11.302546,50.77514,2.718695,1.297509,2.317061
7,1789439044.120931864,0.534570651561,-0.274025678868,0.531321991118,1.65117290998,-1.79384555478,0.33192091875,-3.30729,-11.256045,50.610088,2.718828,1.299384,2.31858
7,1789439044.125837564,0.534570651561,-0.274025678868,0.531321991118,1.65117290998,-1.79384555478,0.33192091875,-3.321918,-11.20454,50.452005,2.716478,1.295048,2.317883
7,1789439044.131032228,0.534570651561,-0.274025678868,0.531321991118,1.65117290998,-1.79384555478,0.33192091875,-3.378003,-11.204212,50.335275,2.717244,1.292639,2.320303
7,1789439044.136025429,0.534570651561,-0.274025678868,0.531321991118,1.65117290998,-1.79384555478,0.33192091875,-3.440297,-11.211081,50.649158,2.71592,1.288209,2.312152
7,1789439044.140888691,0.534570651561,-0.274025678868,0.531321991118,1.65117290998,-1.79384555478,0.33192091875,-3.422011,-11.248758,50.516163,2.716947,1.286733,2.316466
7,1789439044.146105766,0.534570651561,-0.274025678868,0.531321991118,1.65117290998,-1.79384555478,0.33192091875,-3.394151,-11.314855,50.53106,2.720225,1.291515,2.320987
7,1789439044.151109219,0.534570651561,-0.274025678868,0.531321991118,1.65117290998,-1.79384555478,0.33192091875,-3.319159,-11.319576,50.671267,2.715755,1.292571,2.321692
7,1789439044.156119108,0.534570651561,-0.274025678868,0.531321991118,1.65117290998,-1.79384555478,0.33192091875,-3.294411,-11.293895,50.550656,2.714681,1.293263,2.321882
7,1789439044.161077023,0.534570651561,-0.274025678868,0.531321991118,1.65117290998,-1.79384555478,0.33192091875,-3.282994,-11.225027,50.574202,2.712361,1.292904,2.318667
7,1789439044.166147232,0.534570651561,-0.274025678868,0.531321991118,1.65117290998,-1.79384555478,0.33192091875,-3.380189,-11.193961,50.753487,2.713592,1.288635,2.313498
7,1789439044.171204329,0.534570651561,-0.274025678868,0.531321991118,1.65117290998,-1.79384555478,0.33192091875,-3.419259,-11.211368,50.550657,2.716202,1.291956,2.315091
7,1789439044.175964832,0.534570651561,-0.274025678868,0.531321991118,1.65117290998,-1.79384555478,0.33192091875,-3.427358,-11.259202,50.451898,2.716075,1.286512,2.317064
7,1789439044.181195498,0.534570651561,-0.274025678868,0.531321991118,1.65117290998,-1.79384555478,0.33192091875,-3.3555,-11.310068,50.288101,2.718003,1.291579,2.320322
7,1789439044.186166763,0.534570651561,-0.274025678868,0.531321991118,1.65117290998,-1.79384555478,0.33192091875,-3.309238,-11.330285,50.644987,2.721325,1.297162,2.317175
7,1789439044.190906525,0.534570651561,-0.274025678868,0.531321991118,1.65117290998,-1.79384555478,0.33192091875,-3.245232,-11.306761,50.437282,2.718824,1.298789,2.321414
7,1789439044.196035624,0.534570651561,-0.274025678868,0.531321991118,1.65117290998,-1.79384555478,0.33192091875,-3.298826,-11.28302,50.561919,2.722388,1.297945,2.317435
7,1789439044.200914145,0.534570651561,-0.274025678868,0.531321991118,1.65117290998,-1.79384555478,0.33192091875,-3.358805,-11.248079,50.671876,2.719447,1.299266,2.316296
7,1789439044.205905437,0.534570651561,-0.274025678868,0.531321991118,1.65117290998,-1.79384555478,0.33192091875,-3.37521,-11.251399,50.534166,2.717452,1.293031,2.316825
7,1789439044.211131096,0.534570651561,-0.274025678868,0.531321991118,1.65117290998,-1.79384555478,0.33192091875,-3.380434,-11.265177,50.573054,2.720705,1.292269,2.311775
7,1789439044.216210604,0.534570651561,-0.274025678868,0.531321991118,1.65117290998,-1.79384555478,0.33192091875,-3.352792,-11.281343,50.71917,2.718343,1.29425,2.310357
7,1789439044.221165419,0.534570651561,-0.274025678868,0.531321991118,1.65117290998,-1.79384555478,0.33192091875,-3.323027,-11.303615,50.602266,2.721318,1.297787,2.319572
7,1789439044.226084948,0.534570651561,-0.274025678868,0.531321991118,1.65117290998,-1.79384555478,0.33192091875,-3.301115,-11.303205,50.449417,2.719976,1.294336,2.322683
7,1789439044.231160402,0.534570651561,-0.274025678868,0.531321991118,1.65117290998,-1.79384555478,0.33192091875,-3.265304,-11.292832,50.401722,2.720144,1.296084,2.32208
7,1789439044.235929251,0.534570651561,-0.274025678868,0.531321991118,1.65117290998,-1.79384555478,0.33192091875,-3.306208,-11.282106,50.64571,2.718549,1.298121,2.317543
7,1789439044.240934372,0.534570651561,-0.274025678868,0.531321991118,1.65117290998,-1.79384555478,0.33192091875,-3.328367,-11.262603,50.560895,2.718068,1.294741,2.316335
7,1789439044.246054888,0.534570651561,-0.274025678868,0.531321991118,1.65117290998,-1.79384555478,0.33192091875,-3.362323,-11.23763,50.538554,2.71904,1.294198,2.313658
7,1789439044.250894070,0.534570651561,-0.274025678868,0.531321991118,1.65117290998,-1.79384555478,0.33192091875,-3.398253,-11.300315,50.657555,2.720251,1.289968,2.312203
7,1789439044.255916834,0.534570651561,-0.274025678868,0.531321991118,1.65117290998,-1.79384555478,0.33192091875,-3.374204,-11.298568,50.562528,2.721213,1.293624,2.317385
7,1789439044.261034727,0.534570651561,-0.274025678868,0.531321991118,1.65117290998,-1.79384555478,0.33192091875,-3.351122,-11.319892,50.597965,2.722598,1.293093,2.322359
7,1789439044.266058922,0.534570651561,-0.274025678868,0.531321991118,1.65117290998,-1.79384555478,0.33192091875,-3.296481,-11.286873,50.749695,2.719392,1.301385,2.319012
7,1789439044.270918608,0.534570651561,-0.274025678868,0.531321991118,1.65117290998,-1.79384555478,0.33192091875,-3.30699,-11.238461,50.58029,2.719856,1.296735,2.323021
7,1789439044.275905371,0.534570651561,-0.274025678868,0.531321991118,1.65117290998,-1.79384555478,0.33192091875,-3.316958,-11.225842,50.444507,2.716309,1.29736,2.319443
7,1789439044.281170368,0.534570651561,-0.274025678868,0.531321991118,1.65117290998,-1.79384555478,0.33192091875,-3.380476,-11.216505,50.251298,2.714376,1.288318,2.319758
7,1789439044.286108255,0.534570651561,-0.274025678868,0.531321991118,1.65117290998,-1.79384555478,0.33192091875,-3.423605,-11.244036,50.654978,2.718366,1.289362,2.310158
7,1789439044.291113138,0.534570651561,-0.274025678868,0.531321991118,1.65117290998,-1.79384555478,0.33192091875,-3.417363,-11.269302,50.415613,2.717119,1.288138,2.317899
7,1789439044.296187401,0.534570651561,-0.274025678868,0.531321991118,1.65117290998,-1.79384555478,0.33192091875,-3.382036,-11.293261,50.586106,2.715194,1.288456,2.320107
7,1789439044.300958157,0.534570651561,-0.274025678868,0.531321991118,1.65117290998,-1.79384555478,0.33192091875,-3.291653,-11.294572,50.63402,2.717264,1.296905,2.315942
7,1789439044.305936813,0.534570651561,-0.274025678868,0.531321991118,1.65117290998,-1.79384555478,0.33192091875,-3.324541,-11.291825,50.580858,2.713821,1.289375,2.316839
7,1789439044.310911894,0.534570651561,-0.274025678868,0.531321991118,1.65117290998,-1.79384555478,0.33192091875,-3.318944,-11.303637,50.6344,2.715159,1.290924,2.315574
7,1789439044.316149473,0.534570651561,-0.274025678868,0.531321991118,1.65117290998,-1.79384555478,0.33192091875,-3.305807,-11.272484,50.540048,2.71489,1.294082,2.314913
7,1789439044.320973396,0.534570651561,-0.274025678868,0.531321991118,1.65117290998,-1.79384555478,0.33192091875,-3.345407,-11.218175,50.562229,2.712016,1.293967,2.316958
7,1789439044.325879097,0.534570651561,-0.274025678868,0.531321991118,1.65117290998,-1.79384555478,0.33192091875,-3.355409,-11.18611,50.767321,2.715034,1.294328,2.310976
7,1789439044.331129551,0.534570651561,-0.274025678868,0.531321991118,1.65117290998,-1.79384555478,0.33192091875,-3.378512,-11.218191,50.555994,2.713379,1.291431,2.31255
7,1789439044.335959435,0.534570651561,-0.274025678868,0.531321991118,1.65117290998,-1.79384555478,0.33192091875,-3.428466,-11.263469,50.503297,2.719208,1.28544,2.314031
7,1789439044.341017962,0.534570651561,-0.274025678868,0.531321991118,1.65117290998,-1.79384555478,0.33192091875,-3.344293,-11.28641,50.586191,2.717888,1.29571,2.314853
7,1789439044.346002102,0.534570651561,-0.274025678868,0.531321991118,1.65117290998,-1.79384555478,0.33192091875,-3.342029,-11.299807,50.655015,2.719152,1.290643,2.322841
7,1789439044.350900412,0.534570651561,-0.274025678868,0.531321991118,1.65117290998,-1.79384555478,0.33192091875,-3.287642,-11.299701,50.574701,2.721011,1.29863,2.319904
7,1789439044.355969191,0.534570651561,-0.274025678868,0.531321991118,1.65117290998,-1.79384555478,0.33192091875,-3.294269,-11.27443,50.57134,2.718684,1.296696,2.323465
7,1789439044.360970974,0.534570651561,-0.274025678868,0.531321991118,1.65117290998,-1.79384555478,0.33192091875,-3.327465,-11.254734,50.70154,2.716623,1.294142,2.316969
7,1789439044.365943909,0.534570651561,-0.274025678868,0.531321991118,1.65117290998,-1.79384555478,0.33192091875,-3.373832,-11.279768,50.548029,2.723577,1.291017,2.313561
7,1789439044.370886803,0.534570651561,-0.274025678868,0.531321991118,1.65117290998,-1.79384555478,0.33192091875,-3.416438,-11.276664,50.561737,2.717597,1.289599,2.316317
7,1789439044.375841379,0.534570651561,-0.274025678868,0.531321991118,1.65117290998,-1.79384555478,0.33192091875,-3.391543,-11.303611,50.736084,2.722415,1.291076,2.315004
7,1789439044.381055593,0.534570651561,-0.274025678868,0.531321991118,1.65117290998,-1.79384555478,0.33192091875,-3.327135,-11.285515,50.627105,2.721733,1.298556,2.323628
7,1789439044.385976791,0.534570651561,-0.274025678868,0.531321991118,1.65117290998,-1.79384555478,0.33192091875,-3.273416,-11.282573,50.465187,2.718119,1.294565,2.326877
7,1789439044.390943050,0.534570651561,-0.274025678868,0.531321991118,1.65117290998,-1.79384555478,0.33192091875,-3.249465,-11.299026,50.399985,2.722559,1.29794,2.321163
7,1789439044.396039963,0.534570651561,-0.274025678868,0.531321991118,1.65117290998,-1.79384555478,0.33192091875,-3.309956,-11.249223,50.66756,2.719965,1.29927,2.313513
7,1789439044.401010513,0.534570651561,-0.274025678868,0.531321991118,1.65117290998,-1.79384555478,0.33192091875,-3.347414,-11.238036,50.42984,2.719971,1.295509,2.315715
7,1789439044.405982018,0.534570651561,-0.274025678868,0.531321991118,1.65117290998,-1.79384555478,0.33192091875,-3.37152,-11.229252,50.572386,2.718611,1.294775,2.311467
7,1789439044.411111116,0.534570651561,-0.274025678868,0.531321991118,1.65117290998,-1.79384555478,0.33192091875,-3.409415,-11.26935,50.694629,2.720028,1.294402,2.312442
7,1789439044.416006327,0.534570651561,-0.274025678868,0.531321991118,1.65117290998,-1.79384555478,0.33192091875,-3.341416,-11.301063,50.584465,2.716262,1.296789,2.313949
7,1789439044.421024561,0.534570651561,-0.274025678868,0.531321991118,1.65117290998,-1.79384555478,0.33192091875,-3.333217,-11.339689,50.577865,2.722773,1.294606,2.315588
7,1789439044.425894499,0.534570651561,-0.274025678868,0.531321991118,1.65117290998,-1.79384555478,0.33192091875,-3.265399,-11.311323,50.767576,2.717806,1.300211,2.312503
7,1789439044.431005239,0.534570651561,-0.274025678868,0.531321991118,1.65117290998,-1.79384555478,0.33192091875,-3.300063,-11.24788,50.583257,2.717046,1.294789,2.318757
7,1789439044.435948133,0.534570651561,-0.274025678868,0.531321991118,1.65117290998,-1.79384555478,0.33192091875,-3.30854,-11.214332,50.37729,2.715267,1.296798,2.317969
7,1789439044.440895796,0.534570651561,-0.274025678868,0.531321991118,1.65117290998,-1.79384555478,0.33192091875,-3.390999,-11.193532,50.343765,2.713628,1.287779,2.31921
7,1789439044.446067095,0.534570651561,-0.274025678868,0.531321991118,1.65117290998,-1.79384555478,0.33192091875,-3.456689,-11.253206,50.658358,2.719835,1.288458,2.312266
8,1789439080.871030092,0.534548253035,-0.27393479167,0.531409344461,2.02978675893,-2.27339307539,0.375362293784,-3.305521,7.099645,57.863193,2.193931,1.934417,0.747239
8,1789439080.876071215,0.534548253035,-0.27393479167,0.531409344461,2.02978675893,-2.27339307539,0.375362293784,-3.305867,7.052584,58.03279,2.197723,1.940952,0.743491
8,1789439080.880964041,0.534548253035,-0.27393479167,0.531409344461,2.02978675893,-2.27339307539,0.375362293784,-3.382471,7.047062,57.876959,2.197391,1.932885,0.756233
8,1789439080.885840416,0.534548253035,-0.27393479167,0.531409344461,2.02978675893,-2.27339307539,0.375362293784,-3.309644,6.986816,57.768956,2.198462,1.940155,0.759788
8,1789439080.891047239,0.534548253035,-0.27393479167,0.531409344461,2.02978675893,-2.27339307539,0.375362293784,-3.254713,6.975999,57.663633,2.198408,1.938347,0.763814
8,1789439080.895989418,0.534548253035,-0.27393479167,0.531409344461,2.02978675893,-2.27339307539,0.375362293784,-3.231923,7.052013,58.0239,2.194621,1.937944,0.749613
8,1789439080.901012659,0.534548253035,-0.27393479167,0.531409344461,2.02978675893,-2.27339307539,0.375362293784,-3.234823,7.069184,57.743923,2.197947,1.940758,0.749203
8,1789439080.905852318,0.534548253035,-0.27393479167,0.531409344461,2.02978675893,-2.27339307539,0.375362293784,-3.280489,7.102556,57.832149,2.194283,1.93772,0.745561
8,1789439080.910907745,0.534548253035,-0.27393479167,0.531409344461,2.02978675893,-2.27339307539,0.375362293784,-3.328533,7.062006,57.965368,2.198315,1.940547,0.741863
8,1789439080.916154861,0.534548253035,-0.27393479167,0.531409344461,2.02978675893,-2.27339307539,0.375362293784,-3.368703,6.995038,57.85728,2.20101,1.931364,0.755595
8,1789439080.920899868,0.534548253035,-0.27393479167,0.531409344461,2.02978675893,-2.27339307539,0.375362293784,-3.306387,7.007252,57.897907,2.196033,1.941743,0.752972
8,1789439080.926040173,0.534548253035,-0.27393479167,0.531409344461,2.02978675893,-2.27339307539,0.375362293784,-3.311657,6.984122,58.065812,2.200011,1.93745,0.752848
8,1789439080.931402922,0.534548253035,-0.27393479167,0.531409344461,2.02978675893,-2.27339307539,0.375362293784,-3.219247,7.044192,57.887567,2.197325,1.939313,0.751877
8,1789439080.935894489,0.534548253035,-0.27393479167,0.531409344461,2.02978675893,-2.27339307539,0.375362293784,-3.211788,7.058329,57.687023,2.194088,1.940422,0.754671
8,1789439080.940861940,0.534548253035,-0.27393479167,0.531409344461,2.02978675893,-2.27339307539,0.375362293784,-3.245178,7.082651,57.642713,2.196346,1.941351,0.749945
8,1789439080.946061611,0.534548253035,-0.27393479167,0.531409344461,2.02978675893,-2.27339307539,0.375362293784,-3.279855,7.075709,58.001044,2.19755,1.939229,0.740689
8,1789439080.950944185,0.534548253035,-0.27393479167,0.531409344461,2.02978675893,-2.27339307539,0.375362293784,-3.314254,7.066084,57.702544,2.198029,1.936303,0.752009
8,1789439080.955831289,0.534548253035,-0.27393479167,0.531409344461,2.02978675893,-2.27339307539,0.375362293784,-3.346723,7.043328,57.90261,2.197918,1.941324,0.749666
8,1789439080.961054325,0.534548253035,-0.27393479167,0.531409344461,2.02978675893,-2.27339307539,0.375362293784,-3.301002,7.023471,57.964202,2.195723,1.936424,0.753065
8,1789439080.965834141,0.534548253035,-0.27393479167,0.531409344461,2.02978675893,-2.27339307539,0.375362293784,-3.289592,7.021089,57.841657,2.196947,1.938022,0.752197
8,1789439080.970934868,0.534548253035,-0.27393479167,0.531409344461,2.02978675893,-2.27339307539,0.375362293784,-3.262633,7.042376,57.85616,2.196089,1.938122,0.749448
8,1789439080.975893974,0.534548253035,-0.27393479167,0.531409344461,2.02978675893,-2.27339307539,0.375362293784,-3.223674,7.087834,58.040474,2.193511,1.941056,0.742385
8,1789439080.980979443,0.534548253035,-0.27393479167,0.531409344461,2.02978675893,-2.27339307539,0.375362293784,-3.276075,7.106088,57.895716,2.196291,1.937973,0.74453
8,1789439080.986005306,0.534548253035,-0.27393479167,0.531409344461,2.02978675893,-2.27339307539,0.375362293784,-3.304235,7.060682,57.702776,2.194338,1.937756,0.752415
8,1789439080.990882158,0.534548253035,-0.27393479167,0.531409344461,2.02978675893,-2.27339307539,0.375362293784,-3.350523,7.044225,57.865581,2.195999,1.937737,0.749402
8,1789439080.996003389,0.534548253035,-0.27393479167,0.531409344461,2.02978675893,-2.27339307539,0.375362293784,-3.348875,7.013869,57.962188,2.197543,1.935329,0.751611
8,1789439081.000924110,0.534548253035,-0.27393479167,0.531409344461,2.02978675893,-2.27339307539,0.375362293784,-3.323418,7.013774,57.867215,2.197154,1.934542,0.756359
8,1789439081.005890131,0.534548253035,-0.27393479167,0.531409344461,2.02978675893,-2.27339307539,0.375362293784,-3.252495,7.024631,57.873132,2.198565,1.941009,0.754853
8,1789439081.011080503,0.534548253035,-0.27393479167,0.531409344461,2.02978675893,-2.27339307539,0.375362293784,-3.250064,7.068669,57.988298,2.194399,1.939064,0.75069
8,1789439081.015909672,0.534548253035,-0.27393479167,0.531409344461,2.02978675893,-2.27339307539,0.375362293784,-3.245934,7.092332,57.886966,2.195269,1.939151,0.745136
8,1789439081.020882845,0.534548253035,-0.27393479167,0.531409344461,2.02978675893,-2.27339307539,0.375362293784,-3.336346,7.051168,57.858501,2.197721,1.933148,0.750289
8,1789439081.026010513,0.534548253035,-0.27393479167,0.531409344461,2.02978675893,-2.27339307539,0.375362293784,-3.326114,7.068924,58.050945,2.195235,1.940476,0.743075
8,1789439081.031177044,0.534548253035,-0.27393479167,0.531409344461,2.02978675893,-2.27339307539,0.375362293784,-3.329321,7.035143,57.819915,2.197648,1.931698,0.7554
8,1789439081.035926104,0.534548253035,-0.27393479167,0.531409344461,2.02978675893,-2.27339307539,0.375362293784,-3.282777,7.025668,57.720325,2.196702,1.936544,0.757839
8,1789439081.040951014,0.534548253035,-0.27393479167,0.531409344461,2.02978675893,-2.27339307539,0.375362293784,-3.232353,7.006489,57.583584,2.192287,1.937653,0.760002
8,1789439081.046058655,0.534548253035,-0.27393479167,0.531409344461,2.02978675893,-2.27339307539,0.375362293784,-3.227899,7.030619,57.952985,2.194141,1.939764,0.746153
8,1789439081.051039219,0.534548253035,-0.27393479167,0.531409344461,2.02978675893,-2.27339307539,0.375362293784,-3.220023,7.042516,57.722436,2.196661,1.939749,0.747378
8,1789439081.055825710,0.534548253035,-0.27393479167,0.531409344461,2.02978675893,-2.27339307539,0.375362293784,-3.206543,7.035398,57.983651,2.194521,1.939803,0.747946
8,1789439081.061013222,0.534548253035,-0.27393479167,0.531409344461,2.02978675893,-2.27339307539,0.375362293784,-3.220719,7.070369,57.727574,2.194706,1.938597,0.750488
8,1789439081.065884590,0.534548253035,-0.27393479167,0.531409344461,2.02978675893,-2.27339307539,0.375362293784,-3.297108,7.067457,57.85755,2.199655,1.938701,0.744127
8,1789439081.071060658,0.534548253035,-0.27393479167,0.531409344461,2.02978675893,-2.27339307539,0.375362293784,-3.352486,7.047462,57.985865,2.198022,1.941442,0.749343
8,1789439081.076134443,0.534548253035,-0.27393479167,0.531409344461,2.02978675893,-2.27339307539,0.375362293784,-3.368602,7.03865,57.865612,2.201703,1.936625,0.75531
8,1789439081.081127644,0.534548253035,-0.27393479167,0.531409344461,2.02978675893,-2.27339307539,0.375362293784,-3.284702,7.003355,57.840149,2.19878,1.938086,0.757372
8,1789439081.085913658,0.534548253035,-0.27393479167,0.531409344461,2.02978675893,-2.27339307539,0.375362293784,-3.2648,6.992647,58.077007,2.199139,1.939487,0.754319
8,1789439081.090943813,0.534548253035,-0.27393479167,0.531409344461,2.02978675893,-2.27339307539,0.375362293784,-3.233165,7.015901,57.900272,2.197348,1.93893,0.754196
8,1789439081.096161842,0.534548253035,-0.27393479167,0.531409344461,2.02978675893,-2.27339307539,0.375362293784,-3.217593,7.035192,57.684595,2.195188,1.940049,0.753145
8,1789439081.100940228,0.534548253035,-0.27393479167,0.531409344461,2.02978675893,-2.27339307539,0.375362293784,-3.254815,7.080754,57.666364,2.196642,1.938827,0.746877
8,1789439081.105924606,0.534548253035,-0.27393479167,0.531409344461,2.02978675893,-2.27339307539,0.375362293784,-3.322459,7.101006,57.962411,2.194981,1.9383,0.745605
8,1789439081.111007690,0.534548253035,-0.27393479167,0.531409344461,2.02978675893,-2.27339307539,0.375362293784,-3.302147,7.064736,57.713811,2.196678,1.936393,0.75334
8,1789439081.116200686,0.534548253035,-0.27393479167,0.531409344461,2.02978675893,-2.27339307539,0.375362293784,-3.310056,7.004582,57.876134,2.195643,1.936139,0.750288
8,1789439081.120964766,0.534548253035,-0.27393479167,0.531409344461,2.02978675893,-2.27339307539,0.375362293784,-3.301485,6.966669,57.944782,2.196366,1.936907,0.752879
8,1789439081.125851631,0.534548253035,-0.27393479167,0.531409344461,2.02978675893,-2.27339307539,0.375362293784,-3.225099,7.015613,57.838646,2.193469,1.941002,0.750696
8,1789439081.131238461,0.534548253035,-0.27393479167,0.531409344461,2.02978675893,-2.27339307539,0.375362293784,-3.220612,7.062776,57.813793,2.193234,1.938596,0.75218
8,1789439081.135944605,0.534548253035,-0.27393479167,0.531409344461,2.02978675893,-2.27339307539,0.375362293784,-3.220616,7.088482,57.768409,2.19255,1.940433,0.746917
8,1789439081.141009331,0.534548253035,-0.27393479167,0.531409344461,2.02978675893,-2.27339307539,0.375362293784,-3.285013,7.105985,57.867572,2.194053,1.938743,0.744488
8,1789439081.146183729,0.534548253035,-0.27393479167,0.531409344461,2.02978675893,-2.27339307539,0.375362293784,-3.301151,7.07794,57.758194,2.196674,1.938048,0.745982
8,1789439081.151000977,0.534548253035,-0.27393479167,0.531409344461,2.02978675893,-2.27339307539,0.375362293784,-3.306853,7.033995,57.628749,2.196312,1.936019,0.752589
8,1789439081.155875444,0.534548253035,-0.27393479167,0.531409344461,2.02978675893,-2.27339307539,0.375362293784,-3.334183,7.010036,57.954773,2.199031,1.934065,0.752713
8,1789439081.161095142,0.534548253035,-0.27393479167,0.531409344461,2.02978675893,-2.27339307539,0.375362293784,-3.271608,7.000421,57.72171,2.196431,1.939091,0.759178
8,1789439081.165943384,0.534548253035,-0.27393479167,0.531409344461,2.02978675893,-2.27339307539,0.375362293784,-3.252117,7.048986,57.856165,2.192322,1.935269,0.75524
8,1789439081.171001434,0.534548253035,-0.27393479167,0.531409344461,2.02978675893,-2.27339307539,0.375362293784,-3.207205,7.07601,57.967904,2.193526,1.940515,0.743611
8,1789439081.175981760,0.534548253035,-0.27393479167,0.531409344461,2.02978675893,-2.27339307539,0.375362293784,-3.260207,7.074676,57.849055,2.192623,1.934187,0.744241
8,1789439081.180997372,0.534548253035,-0.27393479167,0.531409344461,2.02978675893,-2.27339307539,0.375362293784,-3.282104,7.06788,57.831718,2.195753,1.937262,0.745389
8,1789439081.186057329,0.534548253035,-0.27393479167,0.531409344461,2.02978675893,-2.27339307539,0.375362293784,-3.334126,7.047613,58.051384,2.197,1.937519,0.749193
8,1789439081.190855265,0.534548253035,-0.27393479167,0.531409344461,2.02978675893,-2.27339307539,0.375362293784,-3.335642,7.058616,57.894779,2.197877,1.93308,0.755712
8,1789439081.196022749,0.534548253035,-0.27393479167,0.531409344461,2.02978675893,-2.27339307539,0.375362293784,-3.317204,7.014803,57.726677,2.19781,1.936215,0.761968
8,1789439081.201026917,0.534548253035,-0.27393479167,0.531409344461,2.02978675893,-2.27339307539,0.375362293784,-3.26273,7.010151,57.690387,2.195676,1.940548,0.757076
8,1789439081.205898285,0.534548253035,-0.27393479167,0.531409344461,2.02978675893,-2.27339307539,0.375362293784,-3.239247,7.038142,57.986034,2.19627,1.941082,0.749581
8,1789439081.211209774,0.534548253035,-0.27393479167,0.531409344461,2.02978675893,-2.27339307539,0.375362293784,-3.217211,7.061021,57.760841,2.198683,1.938345,0.747876
8,1789439081.215898037,0.534548253035,-0.27393479167,0.531409344461,2.02978675893,-2.27339307539,0.375362293784,-3.286869,7.091464,57.912656,2.19631,1.93954,0.743686
8,1789439081.220888615,0.534548253035,-0.27393479167,0.531409344461,2.02978675893,-2.27339307539,0.375362293784,-3.342137,7.100747,57.965361,2.195348,1.9415,0.747873
8,1789439081.225979805,0.534548253035,-0.27393479167,0.531409344461,2.02978675893,-2.27339307539,0.375362293784,-3.373088,7.048153,57.85071,2.19839,1.936934,0.751679
8,1789439081.231039047,0.534548253035,-0.27393479167,0.531409344461,2.02978675893,-2.27339307539,0.375362293784,-3.328709,6.986145,57.856831,2.197193,1.937664,0.756145
8,1789439081.235981464,0.534548253035,-0.27393479167,0.531409344461,2.02978675893,-2.27339307539,0.375362293784,-3.24964,6.985106,58.087195,2.195395,1.939388,0.748912
8,1789439081.240993261,0.534548253035,-0.27393479167,0.531409344461,2.02978675893,-2.27339307539,0.375362293784,-3.202485,7.005928,57.887864,2.1977,1.937889,0.752123
8,1789439081.246017456,0.534548253035,-0.27393479167,0.531409344461,2.02978675893,-2.27339307539,0.375362293784,-3.197782,7.06408,57.886874,2.19421,1.943076,0.745723
8,1789439081.250970840,0.534548253035,-0.27393479167,0.531409344461,2.02978675893,-2.27339307539,0.375362293784,-3.261146,7.105866,57.839689,2.193673,1.937648,0.744407
8,1789439081.255966187,0.534548253035,-0.27393479167,0.531409344461,2.02978675893,-2.27339307539,0.375362293784,-3.340023,7.078579,57.956848,2.197744,1.938754,0.742083
8,1789439081.261035681,0.534548253035,-0.27393479167,0.531409344461,2.02978675893,-2.27339307539,0.375362293784,-3.344258,7.07521,57.865682,2.195726,1.938092,0.749352
8,1789439081.265923023,0.534548253035,-0.27393479167,0.531409344461,2.02978675893,-2.27339307539,0.375362293784,-3.312334,7.066877,57.964317,2.20031,1.938651,0.747003
8,1789439081.270873308,0.534548253035,-0.27393479167,0.531409344461,2.02978675893,-2.27339307539,0.375362293784,-3.365788,7.050807,57.861299,2.196496,1.937132,0.752561
8,1789439081.275871992,0.534548253035,-0.27393479167,0.531409344461,2.02978675893,-2.27339307539,0.375362293784,-3.314077,6.997958,57.874883,2.200006,1.935823,0.755485
8,1789439081.281345606,0.534548253035,-0.27393479167,0.531409344461,2.02978675893,-2.27339307539,0.375362293784,-3.285296,6.993026,57.8321,2.198531,1.934431,0.757839
8,1789439081.285971642,0.534548253035,-0.27393479167,0.531409344461,2.02978675893,-2.27339307539,0.375362293784,-3.200568,7.026834,57.845867,2.193681,1.943006,0.749518
8,1789439081.290834904,0.534548253035,-0.27393479167,0.531409344461,2.02978675893,-2.27339307539,0.375362293784,-3.209948,7.062116,57.804462,2.194164,1.938534,0.752153
8,1789439081.295971155,0.534548253035,-0.27393479167,0.531409344461,2.02978675893,-2.27339307539,0.375362293784,-3.206226,7.066124,57.64473,2.191698,1.941459,0.745382
8,1789439081.301216841,0.534548253035,-0.27393479167,0.531409344461,2.02978675893,-2.27339307539,0.375362293784,-3.284818,7.072434,57.864056,2.195549,1.938255,0.742291
8,1789439081.305909157,0.534548253035,-0.27393479167,0.531409344461,2.02978675893,-2.27339307539,0.375362293784,-3.331232,7.05526,57.806628,2.196214,1.937293,0.747255
8,1789439081.310982943,0.534548253035,-0.27393479167,0.531409344461,2.02978675893,-2.27339307539,0.375362293784,-3.332153,7.014721,57.759352,2.197534,1.935693,0.752854
8,1789439081.316328049,0.534548253035,-0.27393479167,0.531409344461,2.02978675893,-2.27339307539,0.375362293784,-3.327533,7.010082,57.981457,2.199029,1.93723,0.752274
8,1789439081.321020126,0.534548253035,-0.27393479167,0.531409344461,2.02978675893,-2.27339307539,0.375362293784,-3.245594,7.059051,57.809137,2.19224,1.941554,0.755564
8,1789439081.325921535,0.534548253035,-0.27393479167,0.531409344461,2.02978675893,-2.27339307539,0.375362293784,-3.252521,7.062095,57.853266,2.194246,1.936916,0.753433
8,1789439081.331085205,0.534548253035,-0.27393479167,0.531409344461,2.02978675893,-2.27339307539,0.375362293784,-3.234928,7.103504,58.000635,2.194544,1.940928,0.740545
8,1789439081.335813999,0.534548253035,-0.27393479167,0.531409344461,2.02978675893,-2.27339307539,0.375362293784,-3.29326,7.090661,57.868264,2.19565,1.93674,0.744767
8,1789439081.340715885,0.534548253035,-0.27393479167,0.531409344461,2.02978675893,-2.27339307539,0.375362293784,-3.312019,7.063578,57.8508,2.196048,1.939239,0.745917
8,1789439081.345801353,0.534548253035,-0.27393479167,0.531409344461,2.02978675893,-2.27339307539,0.375362293784,-3.36907,7.058723,58.070217,2.196678,1.93572,0.749056
8,1789439081.350768328,0.534548253035,-0.27393479167,0.531409344461,2.02978675893,-2.27339307539,0.375362293784,-3.355004,7.037441,57.870723,2.19744,1.93576,0.758634
8,1789439081.355638266,0.534548253035,-0.27393479167,0.531409344461,2.02978675893,-2.27339307539,0.375362293784,-3.303165,7.013242,57.714924,2.197107,1.937753,0.760569
8,1789439081.360858440,0.534548253035,-0.27393479167,0.531409344461,2.02978675893,-2.27339307539,0.375362293784,-3.259913,6.989113,57.685573,2.195812,1.935714,0.759579
8,1789439081.365867615,0.534548253035,-0.27393479167,0.531409344461,2.02978675893,-2.27339307539,0.375362293784,-3.20769,7.016063,57.937264,2.195368,1.938022,0.747918
8,1789439081.370954037,0.534548253035,-0.27393479167,0.531409344461,2.02978675893,-2.27339307539,0.375362293784,-3.210324,7.055249,57.735315,2.196601,1.939304,0.749608
8,1789439081.375811815,0.534548253035,-0.27393479167,0.531409344461,2.02978675893,-2.27339307539,0.375362293784,-3.267119,7.100685,57.849396,2.193572,1.939266,0.744877
8,1789439081.381327391,0.534548253035,-0.27393479167,0.531409344461,2.02978675893,-2.27339307539,0.375362293784,-3.330867,7.084421,58.001241,2.196227,1.937218,0.746605
8,1789439081.385910273,0.534548253035,-0.27393479167,0.531409344461,2.02978675893,-2.27339307539,0.375362293784,-3.348817,7.053811,57.843061,2.196849,1.936552,0.752729
8,1789439081.390815020,0.534548253035,-0.27393479167,0.531409344461,2.02978675893,-2.27339307539,0.375362293784,-3.32276,6.997463,57.825892,2.198734,1.937517,0.75407
8,1789439081.396002054,0.534548253035,-0.27393479167,0.531409344461,2.02978675893,-2.27339307539,0.375362293784,-3.255455,6.982957,58.067311,2.196004,1.938793,0.748007
8,1789439081.400843382,0.534548253035,-0.27393479167,0.531409344461,2.02978675893,-2.27339307539,0.375362293784,-3.227474,7.032526,57.909949,2.197084,1.939544,0.748349
8,1789439081.405800819,0.534548253035,-0.27393479167,0.531409344461,2.02978675893,-2.27339307539,0.375362293784,-3.206091,7.049454,57.730327,2.1955,1.939796,0.746452
8,1789439081.410873175,0.534548253035,-0.27393479167,0.531409344461,2.02978675893,-2.27339307539,0.375362293784,-3.242217,7.075709,57.801004,2.193284,1.941884,0.744101
8,1789439081.416078568,0.534548253035,-0.27393479167,0.531409344461,2.02978675893,-2.27339307539,0.375362293784,-3.324278,7.06284,57.924549,2.196685,1.934726,0.744954
8,1789439081.420813322,0.534548253035,-0.27393479167,0.531409344461,2.02978675893,-2.27339307539,0.375362293784,-3.301863,6.995099,57.752954,2.19994,1.937813,0.749004
8,1789439081.425911665,0.534548253035,-0.27393479167,0.531409344461,2.02978675893,-2.27339307539,0.375362293784,-3.300831,7.007183,57.872322,2.195035,1.937745,0.754061
8,1789439081.431335211,0.534548253035,-0.27393479167,0.531409344461,2.02978675893,-2.27339307539,0.375362293784,-3.25907,6.987122,57.97595,2.198683,1.940293,0.755283
8,1789439081.436219215,0.534548253035,-0.27393479167,0.531409344461,2.02978675893,-2.27339307539,0.375362293784,-3.220436,7.051943,57.851805,2.192672,1.941737,0.753122
8,1789439081.441206217,0.534548253035,-0.27393479167,0.531409344461,2.02978675893,-2.27339307539,0.375362293784,-3.245899,7.081082,57.840734,2.195314,1.936373,0.751149
8,1789439081.446251154,0.534548253035,-0.27393479167,0.531409344461,2.02978675893,-2.27339307539,0.375362293784,-3.241814,7.065809,57.865463,2.198216,1.941132,0.743566
8,1789439081.451313972,0.534548253035,-0.27393479167,0.531409344461,2.02978675893,-2.27339307539,0.375362293784,-3.32039,7.087566,57.863153,2.196588,1.93311,0.74708
8,1789439081.455945730,0.534548253035,-0.27393479167,0.531409344461,2.02978675893,-2.27339307539,0.375362293784,-3.294283,7.017836,57.825528,2.199482,1.939996,0.747933
8,1789439081.461247206,0.534548253035,-0.27393479167,0.531409344461,2.02978675893,-2.27339307539,0.375362293784,-3.348149,7.016178,57.831349,2.19758,1.933074,0.757034
8,1789439081.465979099,0.534548253035,-0.27393479167,0.531409344461,2.02978675893,-2.27339307539,0.375362293784,-3.300984,7.016259,57.930406,2.193938,1.935512,0.75526
8,1789439081.470923424,0.534548253035,-0.27393479167,0.531409344461,2.02978675893,-2.27339307539,0.375362293784,-3.275987,7.015133,57.776165,2.195798,1.936406,0.757913
8,1789439081.475997210,0.534548253035,-0.27393479167,0.531409344461,2.02978675893,-2.27339307539,0.375362293784,-3.300641,6.998868,57.927735,2.199998,1.935521,0.753519
8,1789439081.481164694,0.534548253035,-0.27393479167,0.531409344461,2.02978675893,-2.27339307539,0.375362293784,-3.243607,7.047809,57.832773,2.192625,1.940438,0.752701
8,1789439081.485935688,0.534548253035,-0.27393479167,0.531409344461,2.02978675893,-2.27339307539,0.375362293784,-3.227427,7.052376,57.808371,2.191725,1.937695,0.748605
8,1789439081.490870714,0.534548253035,-0.27393479167,0.531409344461,2.02978675893,-2.27339307539,0.375362293784,-3.250449,7.076677,57.857358,2.194922,1.938189,0.744002
8,1789439081.496041298,0.534548253035,-0.27393479167,0.531409344461,2.02978675893,-2.27339307539,0.375362293784,-3.30824,7.070094,57.878682,2.197791,1.936368,0.74552
8,1789439081.501174212,0.534548253035,-0.27393479167,0.531409344461,2.02978675893,-2.27339307539,0.375362293784,-3.33216,7.06199,57.845714,2.196042,1.937108,0.748426
8,1789439081.505905390,0.534548253035,-0.27393479167,0.531409344461,2.02978675893,-2.27339307539,0.375362293784,-3.360736,7.033375,58.049078,2.196075,1.936656,0.753737
8,1789439081.511228085,0.534548253035,-0.27393479167,0.531409344461,2.02978675893,-2.27339307539,0.375362293784,-3.341509,7.05122,57.877221,2.197408,1.936358,0.756806
8,1789439081.515974998,0.534548253035,-0.27393479167,0.531409344461,2.02978675893,-2.27339307539,0.375362293784,-3.273432,7.029778,57.760155,2.19742,1.937778,0.759665
8,1789439081.520946980,0.534548253035,-0.27393479167,0.531409344461,2.02978675893,-2.27339307539,0.375362293784,-3.248353,7.022355,57.729287,2.197524,1.937784,0.75779
8,1789439081.525928259,0.534548253035,-0.27393479167,0.531409344461,2.02978675893,-2.27339307539,0.375362293784,-3.230656,7.032772,57.96171,2.196772,1.937972,0.745521
8,1789439081.531062126,0.534548253035,-0.27393479167,0.531409344461,2.02978675893,-2.27339307539,0.375362293784,-3.269642,7.064085,57.803491,2.195637,1.939896,0.751591
8,1789439081.535936117,0.534548253035,-0.27393479167,0.531409344461,2.02978675893,-2.27339307539,0.375362293784,-3.312562,7.091484,57.853807,2.195066,1.93864,0.747681
8,1789439081.540842772,0.534548253035,-0.27393479167,0.531409344461,2.02978675893,-2.27339307539,0.375362293784,-3.36274,7.067947,58.001637,2.198179,1.937415,0.746919
8,1789439081.546023846,0.534548253035,-0.27393479167,0.531409344461,2.02978675893,-2.27339307539,0.375362293784,-3.333336,7.028161,57.851865,2.198811,1.936604,0.752529
8,1789439081.550930977,0.534548253035,-0.27393479167,0.531409344461,2.02978675893,-2.27339307539,0.375362293784,-3.308773,6.990526,57.816863,2.196606,1.936849,0.754253
8,1789439081.555922985,0.534548253035,-0.27393479167,0.531409344461,2.02978675893,-2.27339307539,0.375362293784,-3.231956,6.994127,57.993895,2.195568,1.939712,0.748734
8,1789439081.561085463,0.534548253035,-0.27393479167,0.531409344461,2.02978675893,-2.27339307539,0.375362293784,-3.173921,7.031263,57.85383,2.196624,1.94109,0.748382
8,1789439081.566017389,0.534548253035,-0.27393479167,0.531409344461,2.02978675893,-2.27339307539,0.375362293784,-3.177583,7.077295,57.751901,2.194782,1.940924,0.748405
8,1789439081.570944548,0.534548253035,-0.27393479167,0.531409344461,2.02978675893,-2.27339307539,0.375362293784,-3.284547,7.08545,57.796219,2.197135,1.939671,0.746664
8,1789439081.576184273,0.534548253035,-0.27393479167,0.531409344461,2.02978675893,-2.27339307539,0.375362293784,-3.331029,7.066213,57.979759,2.197746,1.93542,0.744596
8,1789439081.580980062,0.534548253035,-0.27393479167,0.531409344461,2.02978675893,-2.27339307539,0.375362293784,-3.326793,7.059401,57.750553,2.197899,1.936224,0.753005
8,1789439081.586227417,0.534548253035,-0.27393479167,0.531409344461,2.02978675893,-2.27339307539,0.375362293784,-3.328245,6.993628,57.857642,2.196391,1.937088,0.756583
8,1789439081.590882778,0.534548253035,-0.27393479167,0.531409344461,2.02978675893,-2.27339307539,0.375362293784,-3.278225,6.997496,58.011054,2.196056,1.939441,0.753777
8,1789439081.596111298,0.534548253035,-0.27393479167,0.531409344461,2.02978675893,-2.27339307539,0.375362293784,-3.218323,7.010718,57.877914,2.196554,1.937883,0.751677
8,1789439081.601050138,0.534548253035,-0.27393479167,0.531409344461,2.02978675893,-2.27339307539,0.375362293784,-3.218485,7.064717,57.864611,2.193924,1.938557,0.748889
8,1789439081.605897665,0.534548253035,-0.27393479167,0.531409344461,2.02978675893,-2.27339307539,0.375362293784,-3.265014,7.071761,58.042332,2.197737,1.937586,0.7432
8,1789439081.611158133,0.534548253035,-0.27393479167,0.531409344461,2.02978675893,-2.27339307539,0.375362293784,-3.32687,7.084869,57.87501,2.195908,1.938043,0.749323
8,1789439081.616078377,0.534548253035,-0.27393479167,0.531409344461,2.02978675893,-2.27339307539,0.375362293784,-3.312385,7.081312,57.718419,2.198288,1.936717,0.756285
8,1789439081.620949984,0.534548253035,-0.27393479167,0.531409344461,2.02978675893,-2.27339307539,0.375362293784,-3.318876,7.034623,57.840288,2.197952,1.937158,0.757177
8,1789439081.625941515,0.534548253035,-0.27393479167,0.531409344461,2.02978675893,-2.27339307539,0.375362293784,-3.314581,7.037759,57.954318,2.197695,1.936889,0.752622
8,1789439081.631022930,0.534548253035,-0.27393479167,0.531409344461,2.02978675893,-2.27339307539,0.375362293784,-3.264311,7.004882,57.781048,2.198138,1.939848,0.755441
8,1789439081.635966063,0.534548253035,-0.27393479167,0.531409344461,2.02978675893,-2.27339307539,0.375362293784,-3.232974,7.053354,57.850304,2.194002,1.935393,0.751391
8,1789439081.640993595,0.534548253035,-0.27393479167,0.531409344461,2.02978675893,-2.27339307539,0.375362293784,-3.232339,7.072139,58.005977,2.194451,1.938692,0.743957
8,1789439081.646129370,0.534548253035,-0.27393479167,0.531409344461,2.02978675893,-2.27339307539,0.375362293784,-3.296328,7.08371,57.823775,2.192279,1.939411,0.746474
8,1789439081.651030064,0.534548253035,-0.27393479167,0.531409344461,2.02978675893,-2.27339307539,0.375362293784,-3.338452,7.090529,57.864442,2.196374,1.934066,0.748002
8,1789439081.655854225,0.534548253035,-0.27393479167,0.531409344461,2.02978675893,-2.27339307539,0.375362293784,-3.319836,7.040168,57.849815,2.19842,1.938494,0.751354
8,1789439081.661098242,0.534548253035,-0.27393479167,0.531409344461,2.02978675893,-2.27339307539,0.375362293784,-3.350923,7.014147,57.902418,2.196574,1.933337,0.754895
8,1789439081.666245461,0.534548253035,-0.27393479167,0.531409344461,2.02978675893,-2.27339307539,0.375362293784,-3.24828,7.019728,57.86936,2.196834,1.940392,0.752372
8,1789439081.670928478,0.534548253035,-0.27393479167,0.531409344461,2.02978675893,-2.27339307539,0.375362293784,-3.249684,7.061216,57.690651,2.194548,1.938505,0.756775
8,1789439081.676119804,0.534548253035,-0.27393479167,0.531409344461,2.02978675893,-2.27339307539,0.375362293784,-3.23686,7.094587,57.967701,2.194018,1.94116,0.743421
8,1789439081.681059837,0.534548253035,-0.27393479167,0.531409344461,2.02978675893,-2.27339307539,0.375362293784,-3.270751,7.056972,57.791315,2.198065,1.940673,0.749801
8,1789439081.685872078,0.534548253035,-0.27393479167,0.531409344461,2.02978675893,-2.27339307539,0.375362293784,-3.22832,7.052771,57.822117,2.195283,1.938601,0.751557
8,1789439081.690899134,0.534548253035,-0.27393479167,0.531409344461,2.02978675893,-2.27339307539,0.375362293784,-3.251667,7.046532,57.874093,2.197136,1.940255,0.74922
8,1789439081.696142673,0.534548253035,-0.27393479167,0.531409344461,2.02978675893,-2.27339307539,0.375362293784,-3.316949,7.089537,57.856862,2.197288,1.939275,0.749724
8,1789439081.701148272,0.534548253035,-0.27393479167,0.531409344461,2.02978675893,-2.27339307539,0.375362293784,-3.339022,7.100304,58.033003,2.19628,1.937909,0.74911
8,1789439081.706044436,0.534548253035,-0.27393479167,0.531409344461,2.02978675893,-2.27339307539,0.375362293784,-3.334965,7.047697,57.844618,2.199261,1.937334,0.753844
8,1789439081.711252213,0.534548253035,-0.27393479167,0.531409344461,2.02978675893,-2.27339307539,0.375362293784,-3.309166,7.015378,57.845597,2.196516,1.933493,0.754284
8,1789439081.715967655,0.534548253035,-0.27393479167,0.531409344461,2.02978675893,-2.27339307539,0.375362293784,-3.214889,6.985984,57.940134,2.19503,1.942097,0.750411
8,1789439081.720946789,0.534548253035,-0.27393479167,0.531409344461,2.02978675893,-2.27339307539,0.375362293784,-3.239039,7.046516,57.913519,2.195164,1.939224,0.750591
8,1789439081.725865364,0.534548253035,-0.27393479167,0.531409344461,2.02978675893,-2.27339307539,0.375362293784,-3.188897,7.084975,57.739106,2.196282,1.941915,0.746162
8,1789439081.731000423,0.534548253035,-0.27393479167,0.531409344461,2.02978675893,-2.27339307539,0.375362293784,-3.309128,7.101747,57.845701,2.196581,1.938165,0.748336
8,1789439081.735992670,0.534548253035,-0.27393479167,0.531409344461,2.02978675893,-2.27339307539,0.375362293784,-3.36267,7.100582,57.978827,2.195384,1.938307,0.744138
8,1789439081.740915775,0.534548253035,-0.27393479167,0.531409344461,2.02978675893,-2.27339307539,0.375362293784,-3.352513,7.022937,57.78595,2.200682,1.938896,0.752252
8,1789439081.746184349,0.534548253035,-0.27393479167,0.531409344461,2.02978675893,-2.27339307539,0.375362293784,-3.340983,6.983124,57.91156,2.198109,1.935184,0.755148
8,1789439081.751013041,0.534548253035,-0.27393479167,0.531409344461,2.02978675893,-2.27339307539,0.375362293784,-3.252168,6.985075,58.021332,2.198294,1.93922,0.754445
8,1789439081.755976677,0.534548253035,-0.27393479167,0.531409344461,2.02978675893,-2.27339307539,0.375362293784,-3.235658,7.038929,57.882781,2.194011,1.94043,0.755018
8,1789439081.760997772,0.534548253035,-0.27393479167,0.531409344461,2.02978675893,-2.27339307539,0.375362293784,-3.204377,7.084957,57.814763,2.193721,1.93969,0.746744
8,1789439081.766033411,0.534548253035,-0.27393479167,0.531409344461,2.02978675893,-2.27339307539,0.375362293784,-3.269021,7.067855,57.915586,2.194428,1.936959,0.745478
8,1789439081.771225691,0.534548253035,-0.27393479167,0.531409344461,2.02978675893,-2.27339307539,0.375362293784,-3.307599,7.081122,57.860374,2.197061,1.932838,0.74527
8,1789439081.776388407,0.534548253035,-0.27393479167,0.531409344461,2.02978675893,-2.27339307539,0.375362293784,-3.32781,7.044316,57.72309,2.198527,1.936825,0.753434
8,1789439081.781105518,0.534548253035,-0.27393479167,0.531409344461,2.02978675893,-2.27339307539,0.375362293784,-3.315158,7.036259,57.866234,2.195722,1.936533,0.75585
8,1789439081.786083937,0.534548253035,-0.27393479167,0.531409344461,2.02978675893,-2.27339307539,0.375362293784,-3.289554,7.012186,57.953175,2.197034,1.933752,0.757769
8,1789439081.790930748,0.534548253035,-0.27393479167,0.531409344461,2.02978675893,-2.27339307539,0.375362293784,-3.273347,7.034777,57.765562,2.194313,1.938165,0.75718
8,1789439081.796214104,0.534548253035,-0.27393479167,0.531409344461,2.02978675893,-2.27339307539,0.375362293784,-3.242051,7.058989,57.852515,2.195465,1.939297,0.747134
8,1789439081.801008224,0.534548253035,-0.27393479167,0.531409344461,2.02978675893,-2.27339307539,0.375362293784,-3.267669,7.066951,58.04158,2.195381,1.939326,0.742961
8,1789439081.805911303,0.534548253035,-0.27393479167,0.531409344461,2.02978675893,-2.27339307539,0.375362293784,-3.2691,7.080143,57.867008,2.195689,1.938973,0.744272
8,1789439081.811039209,0.534548253035,-0.27393479167,0.531409344461,2.02978675893,-2.27339307539,0.375362293784,-3.336296,7.069112,57.840534,2.197495,1.935694,0.7509
8,1789439081.815966368,0.534548253035,-0.27393479167,0.531409344461,2.02978675893,-2.27339307539,0.375362293784,-3.332349,7.042562,58.009207,2.193338,1.94062,0.752458
8,1789439081.820879936,0.534548253035,-0.27393479167,0.531409344461,2.02978675893,-2.27339307539,0.375362293784,-3.350942,7.045088,57.894039,2.196324,1.936779,0.755725
8,1789439081.825983763,0.534548253035,-0.27393479167,0.531409344461,2.02978675893,-2.27339307539,0.375362293784,-3.252821,7.027856,57.74215,2.199281,1.938076,0.754009
8,1789439081.831158161,0.534548253035,-0.27393479167,0.531409344461,2.02978675893,-2.27339307539,0.375362293784,-3.225984,7.026383,57.911414,2.194998,1.938418,0.749244
8,1789439081.836075306,0.534548253035,-0.27393479167,0.531409344461,2.02978675893,-2.27339307539,0.375362293784,-3.213554,7.044577,57.985303,2.194438,1.9409,0.743014
8,1789439081.841047764,0.534548253035,-0.27393479167,0.531409344461,2.02978675893,-2.27339307539,0.375362293784,-3.241868,7.093828,57.826868,2.194012,1.939084,0.742344
8,1789439081.846107244,0.534548253035,-0.27393479167,0.531409344461,2.02978675893,-2.27339307539,0.375362293784,-3.320874,7.074785,57.830581,2.194691,1.936635,0.750604
8,1789439081.850974798,0.534548253035,-0.27393479167,0.531409344461,2.02978675893,-2.27339307539,0.375362293784,-3.361705,7.055528,57.966283,2.196271,1.935391,0.747999
8,1789439081.855819225,0.534548253035,-0.27393479167,0.531409344461,2.02978675893,-2.27339307539,0.375362293784,-3.331699,6.997189,57.849707,2.198746,1.93954,0.757697
8,1789439081.860936880,0.534548253035,-0.27393479167,0.531409344461,2.02978675893,-2.27339307539,0.375362293784,-3.29377,7.003381,57.867947,2.196543,1.938853,0.757411
8,1789439081.865980625,0.534548253035,-0.27393479167,0.531409344461,2.02978675893,-2.27339307539,0.375362293784,-3.200907,7.018789,57.932505,2.197352,1.939677,0.751037
8,1789439081.870910883,0.534548253035,-0.27393479167,0.531409344461,2.02978675893,-2.27339307539,0.375362293784,-3.214549,7.059888,57.920035,2.195743,1.939569,0.748748
8,1789439081.875802040,0.534548253035,-0.27393479167,0.531409344461,2.02978675893,-2.27339307539,0.375362293784,-3.247728,7.069081,57.71375,2.195068,1.939421,0.747604
8,1789439081.881044388,0.534548253035,-0.27393479167,0.531409344461,2.02978675893,-2.27339307539,0.375362293784,-3.306933,7.068959,57.80602,2.195828,1.936716,0.746746
8,1789439081.885820866,0.534548253035,-0.27393479167,0.531409344461,2.02978675893,-2.27339307539,0.375362293784,-3.335983,7.030617,57.939116,2.198868,1.933729,0.748413
8,1789439081.890899420,0.534548253035,-0.27393479167,0.531409344461,2.02978675893,-2.27339307539,0.375362293784,-3.288545,7.006532,57.802017,2.197576,1.938917,0.756861
8,1789439081.895987749,0.534548253035,-0.27393479167,0.531409344461,2.02978675893,-2.27339307539,0.375362293784,-3.322153,7.072563,57.938834,2.192386,1.937234,0.748506
8,1789439081.901103020,0.534548253035,-0.27393479167,0.531409344461,2.02978675893,-2.27339307539,0.375362293784,-3.336595,7.007763,57.761991,2.199959,1.93468,0.754463
8,1789439081.905864716,0.534548253035,-0.27393479167,0.531409344461,2.02978675893,-2.27339307539,0.375362293784,-3.262769,6.972162,57.871873,2.197705,1.938584,0.75404
8,1789439081.911069155,0.534548253035,-0.27393479167,0.531409344461,2.02978675893,-2.27339307539,0.375362293784,-3.263592,7.03271,58.029148,2.193923,1.939237,0.753276
8,1789439081.915818930,0.534548253035,-0.27393479167,0.531409344461,2.02978675893,-2.27339307539,0.375362293784,-3.241107,7.035447,57.827993,2.198127,1.936677,0.755223
8,1789439081.920862198,0.534548253035,-0.27393479167,0.531409344461,2.02978675893,-2.27339307539,0.375362293784,-3.234863,7.070971,57.745232,2.192162,1.936355,0.749638
8,1789439081.925762415,0.534548253035,-0.27393479167,0.531409344461,2.02978675893,-2.27339307539,0.375362293784,-3.268524,7.061316,57.885868,2.194927,1.936968,0.744324
8,1789439081.931011438,0.534548253035,-0.27393479167,0.531409344461,2.02978675893,-2.27339307539,0.375362293784,-3.320748,7.061955,57.880919,2.197309,1.937214,0.747118
8,1789439081.935835838,0.534548253035,-0.27393479167,0.531409344461,2.02978675893,-2.27339307539,0.375362293784,-3.3372,7.048009,57.860142,2.197657,1.935377,0.751629
8,1789439081.940701008,0.534548253035,-0.27393479167,0.531409344461,2.02978675893,-2.27339307539,0.375362293784,-3.270256,7.021748,57.834441,2.199512,1.941611,0.75394
8,1789439081.945919037,0.534548253035,-0.27393479167,0.531409344461,2.02978675893,-2.27339307539,0.375362293784,-3.309588,7.02744,57.886201,2.195175,1.93439,0.756558
8,1789439081.950869083,0.534548253035,-0.27393479167,0.531409344461,2.02978675893,-2.27339307539,0.375362293784,-3.261238,7.041188,57.861296,2.19735,1.940275,0.753037
8,1789439081.955855370,0.534548253035,-0.27393479167,0.531409344461,2.02978675893,-2.27339307539,0.375362293784,-3.267421,7.053211,57.898532,2.197324,1.93951,0.746817
8,1789439081.961058855,0.534548253035,-0.27393479167,0.531409344461,2.02978675893,-2.27339307539,0.375362293784,-3.247648,7.082443,58.051356,2.193112,1.94032,0.74335
8,1789439081.966014385,0.534548253035,-0.27393479167,0.531409344461,2.02978675893,-2.27339307539,0.375362293784,-3.27534,7.071499,57.828176,2.197105,1.937808,0.749183
8,1789439081.971158028,0.534548253035,-0.27393479167,0.531409344461,2.02978675893,-2.27339307539,0.375362293784,-3.325612,7.078393,57.845272,2.195761,1.938037,0.748164
8,1789439081.976051569,0.534548253035,-0.27393479167,0.531409344461,2.02978675893,-2.27339307539,0.375362293784,-3.34721,7.007019,57.869271,2.196095,1.934949,0.751699
8,1789439081.981124163,0.534548253035,-0.27393479167,0.531409344461,2.02978675893,-2.27339307539,0.375362293784,-3.308591,6.984112,57.879304,2.197753,1.937225,0.752562
8,1789439081.985754013,0.534548253035,-0.27393479167,0.531409344461,2.02978675893,-2.27339307539,0.375362293784,-3.256133,6.990551,57.774583,2.194549,1.936007,0.756999
8,1789439081.990665197,0.534548253035,-0.27393479167,0.531409344461,2.02978675893,-2.27339307539,0.375362293784,-3.208828,7.041993,57.881917,2.196293,1.939659,0.748257
8,1789439081.995920658,0.534548253035,-0.27393479167,0.531409344461,2.02978675893,-2.27339307539,0.375362293784,-3.212436,7.106583,57.950299,2.192625,1.941502,0.744223
8,1789439082.000760317,0.534548253035,-0.27393479167,0.531409344461,2.02978675893,-2.27339307539,0.375362293784,-3.296018,7.10882,57.790547,2.195099,1.937308,0.748668
8,1789439082.005721569,0.534548253035,-0.27393479167,0.531409344461,2.02978675893,-2.27339307539,0.375362293784,-3.343827,7.054728,57.827291,2.195905,1.937758,0.748649
8,1789439082.010790110,0.534548253035,-0.27393479167,0.531409344461,2.02978675893,-2.27339307539,0.375362293784,-3.377312,7.027621,58.025716,2.197594,1.934667,0.750399
8,1789439082.015791893,0.534548253035,-0.27393479167,0.531409344461,2.02978675893,-2.27339307539,0.375362293784,-3.288094,7.008294,57.855007,2.198583,1.938354,0.754926
8,1789439082.020711184,0.534548253035,-0.27393479167,0.531409344461,2.02978675893,-2.27339307539,0.375362293784,-3.267741,7.014744,57.779498,2.197053,1.935093,0.759935
8,1789439082.025667906,0.534548253035,-0.27393479167,0.531409344461,2.02978675893,-2.27339307539,0.375362293784,-3.231304,6.992483,57.90366,2.198766,1.94263,0.750851
8,1789439082.030848265,0.534548253035,-0.27393479167,0.531409344461,2.02978675893,-2.27339307539,0.375362293784,-3.265754,7.048708,57.963364,2.195918,1.937639,0.746464
8,1789439082.035861254,0.534548253035,-0.27393479167,0.531409344461,2.02978675893,-2.27339307539,0.375362293784,-3.252564,7.061934,57.735011,2.197812,1.938599,0.749242
8,1789439082.040787458,0.534548253035,-0.27393479167,0.531409344461,2.02978675893,-2.27339307539,0.375362293784,-3.304111,7.093051,57.883282,2.197008,1.936217,0.748403
8,1789439082.045937777,0.534548253035,-0.27393479167,0.531409344461,2.02978675893,-2.27339307539,0.375362293784,-3.32266,7.082972,57.943432,2.195517,1.935537,0.751219
8,1789439082.050753593,0.534548253035,-0.27393479167,0.531409344461,2.02978675893,-2.27339307539,0.375362293784,-3.35113,7.069313,57.793907,2.195597,1.939322,0.75733
8,1789439082.055816650,0.534548253035,-0.27393479167,0.531409344461,2.02978675893,-2.27339307539,0.375362293784,-3.324384,7.013195,57.892982,2.199085,1.935668,0.75506
8,1789439082.060878515,0.534548253035,-0.27393479167,0.531409344461,2.02978675893,-2.27339307539,0.375362293784,-3.263629,6.990603,58.044336,2.19555,1.940055,0.751333
8,1789439082.066044569,0.534548253035,-0.27393479167,0.531409344461,2.02978675893,-2.27339307539,0.375362293784,-3.251045,7.012821,57.870224,2.198594,1.933826,0.752208
8,1789439082.070806265,0.534548253035,-0.27393479167,0.531409344461,2.02978675893,-2.27339307539,0.375362293784,-3.205097,7.052824,57.824688,2.193966,1.94289,0.747676
8,1789439082.075788260,0.534548253035,-0.27393479167,0.531409344461,2.02978675893,-2.27339307539,0.375362293784,-3.29507,7.108423,57.888685,2.196387,1.939131,0.746116
8,1789439082.080959558,0.534548253035,-0.27393479167,0.531409344461,2.02978675893,-2.27339307539,0.375362293784,-3.338743,7.132218,57.921926,2.195744,1.940474,0.743518
8,1789439082.085847855,0.534548253035,-0.27393479167,0.531409344461,2.02978675893,-2.27339307539,0.375362293784,-3.341708,7.007315,57.73091,2.200928,1.933153,0.752202
8,1789439082.090782166,0.534548253035,-0.27393479167,0.531409344461,2.02978675893,-2.27339307539,0.375362293784,-3.305351,6.982266,57.877796,2.195777,1.939379,0.751859
8,1789439082.095880747,0.534548253035,-0.27393479167,0.531409344461,2.02978675893,-2.27339307539,0.375362293784,-3.282352,6.988509,58.004022,2.198441,1.940269,0.755364
8,1789439082.101019382,0.534548253035,-0.27393479167,0.531409344461,2.02978675893,-2.27339307539,0.375362293784,-3.155452,7.044873,57.848984,2.193666,1.942479,0.751438
8,1789439082.105894327,0.534548253035,-0.27393479167,0.531409344461,2.02978675893,-2.27339307539,0.375362293784,-3.299699,7.016246,57.94798,2.198464,1.938413,0.754847
8,1789439082.110890388,0.534548253035,-0.27393479167,0.531409344461,2.02978675893,-2.27339307539,0.375362293784,-3.246619,7.034941,57.814014,2.195239,1.939232,0.752493
8,1789439082.116249084,0.534548253035,-0.27393479167,0.531409344461,2.02978675893,-2.27339307539,0.375362293784,-3.208921,7.043646,57.864625,2.195678,1.937815,0.748909
8,1789439082.120885134,0.534548253035,-0.27393479167,0.531409344461,2.02978675893,-2.27339307539,0.375362293784,-3.185952,7.090701,58.059962,2.190607,1.942995,0.737156
8,1789439082.125762701,0.534548253035,-0.27393479167,0.531409344461,2.02978675893,-2.27339307539,0.375362293784,-3.289543,7.103659,57.825459,2.1956,1.933121,0.74672
8,1789439082.130893469,0.534548253035,-0.27393479167,0.531409344461,2.02978675893,-2.27339307539,0.375362293784,-3.339883,7.037099,57.810062,2.19678,1.936954,0.749543
8,1789439082.135837555,0.534548253035,-0.27393479167,0.531409344461,2.02978675893,-2.27339307539,0.375362293784,-3.339988,7.015125,57.480311,2.194962,1.935095,0.765007
8,1789439082.140659571,0.534548253035,-0.27393479167,0.531409344461,2.02978675893,-2.27339307539,0.375362293784,-3.288859,6.981487,57.884461,2.198286,1.936754,0.755903
8,1789439082.145957947,0.534548253035,-0.27393479167,0.531409344461,2.02978675893,-2.27339307539,0.375362293784,-3.211814,7.018336,57.772064,2.193162,1.938274,0.755516
8,1789439082.150866508,0.534548253035,-0.27393479167,0.531409344461,2.02978675893,-2.27339307539,0.375362293784,-3.216967,7.049296,57.907273,2.194548,1.940953,0.746714
8,1789439082.155816793,0.534548253035,-0.27393479167,0.531409344461,2.02978675893,-2.27339307539,0.375362293784,-3.245051,7.096877,57.993765,2.197,1.942993,0.742359
8,1789439082.160910845,0.534548253035,-0.27393479167,0.531409344461,2.02978675893,-2.27339307539,0.375362293784,-3.330712,7.117966,57.82768,2.194737,1.937348,0.748549
8,1789439082.166388988,0.534548253035,-0.27393479167,0.531409344461,2.02978675893,-2.27339307539,0.375362293784,-3.351154,7.089366,57.848794,2.195728,1.93472,0.750015
8,1789439082.170918465,0.534548253035,-0.27393479167,0.531409344461,2.02978675893,-2.27339307539,0.375362293784,-3.351973,7.05685,58.013826,2.19241,1.937015,0.748912
8,1789439082.175769567,0.534548253035,-0.27393479167,0.531409344461,2.02978675893,-2.27339307539,0.375362293784,-3.32092,7.010843,57.864909,2.196107,1.931741,0.75457
8,1789439082.180916309,0.534548253035,-0.27393479167,0.531409344461,2.02978675893,-2.27339307539,0.375362293784,-3.225051,6.951885,57.768701,2.196175,1.93608,0.759451
8,1789439082.185863018,0.534548253035,-0.27393479167,0.531409344461,2.02978675893,-2.27339307539,0.375362293784,-3.207321,6.968998,57.826164,2.19492,1.935491,0.754321
8,1789439082.190844297,0.534548253035,-0.27393479167,0.531409344461,2.02978675893,-2.27339307539,0.375362293784,-3.240457,7.067849,57.923796,2.195664,1.938882,0.744986
8,1789439082.196050644,0.534548253035,-0.27393479167,0.531409344461,2.02978675893,-2.27339307539,0.375362293784,-3.287183,7.125545,57.699009,2.191914,1.937276,0.749603
8,1789439082.200925589,0.534548253035,-0.27393479167,0.531409344461,2.02978675893,-2.27339307539,0.375362293784,-3.321499,7.115017,57.824088,2.193688,1.937714,0.746281
8,1789439082.205846310,0.534548253035,-0.27393479167,0.531409344461,2.02978675893,-2.27339307539,0.375362293784,-3.359049,7.024097,57.944778,2.200703,1.935343,0.752285
8,1789439082.211086512,0.534548253035,-0.27393479167,0.531409344461,2.02978675893,-2.27339307539,0.375362293784,-3.290977,6.993357,57.822592,2.198563,1.937509,0.758044
8,1789439082.216256618,0.534548253035,-0.27393479167,0.531409344461,2.02978675893,-2.27339307539,0.375362293784,-3.24242,6.989676,57.900669,2.2,1.940281,0.754701
8,1789439082.220802307,0.534548253035,-0.27393479167,0.531409344461,2.02978675893,-2.27339307539,0.375362293784,-3.234109,7.027611,58.097857,2.196658,1.94097,0.749747
8,1789439082.225906610,0.534548253035,-0.27393479167,0.531409344461,2.02978675893,-2.27339307539,0.375362293784,-3.205548,7.075967,57.873967,2.19804,1.94301,0.749316
8,1789439082.230916500,0.534548253035,-0.27393479167,0.531409344461,2.02978675893,-2.27339307539,0.375362293784,-3.280946,7.096609,57.753112,2.197372,1.937716,0.748612
8,1789439082.236049175,0.534548253035,-0.27393479167,0.531409344461,2.02978675893,-2.27339307539,0.375362293784,-3.263087,7.074045,57.802053,2.195545,1.940694,0.744612
8,1789439082.240764141,0.534548253035,-0.27393479167,0.531409344461,2.02978675893,-2.27339307539,0.375362293784,-3.319583,7.045799,57.912778,2.19918,1.934426,0.749447
8,1789439082.245925188,0.534548253035,-0.27393479167,0.531409344461,2.02978675893,-2.27339307539,0.375362293784,-3.306252,7.017826,57.858772,2.196915,1.939151,0.751354
8,1789439082.250743628,0.534548253035,-0.27393479167,0.531409344461,2.02978675893,-2.27339307539,0.375362293784,-3.292475,6.997929,57.85915,2.195119,1.937365,0.757625
8,1789439082.255899429,0.534548253035,-0.27393479167,0.531409344461,2.02978675893,-2.27339307539,0.375362293784,-3.267599,7.013626,57.852452,2.197368,1.936786,0.753086
8,1789439082.260879755,0.534548253035,-0.27393479167,0.531409344461,2.02978675893,-2.27339307539,0.375362293784,-3.245231,7.041845,57.859153,2.19475,1.939928,0.751644
8,1789439082.265741110,0.534548253035,-0.27393479167,0.531409344461,2.02978675893,-2.27339307539,0.375362293784,-3.26602,7.075464,57.853272,2.195566,1.938156,0.747393
8,1789439082.270995617,0.534548253035,-0.27393479167,0.531409344461,2.02978675893,-2.27339307539,0.375362293784,-3.248438,7.096572,58.031071,2.194732,1.940683,0.742194
8,1789439082.275853634,0.534548253035,-0.27393479167,0.531409344461,2.02978675893,-2.27339307539,0.375362293784,-3.296306,7.079342,57.854679,2.195721,1.938836,0.748341
8,1789439082.281173944,0.534548253035,-0.27393479167,0.531409344461,2.02978675893,-2.27339307539,0.375362293784,-3.329562,7.030428,57.80336,2.196596,1.935247,0.751098
8,1789439082.286204576,0.534548253035,-0.27393479167,0.531409344461,2.02978675893,-2.27339307539,0.375362293784,-3.330571,6.967576,57.783709,2.198055,1.934791,0.756757
8,1789439082.291154385,0.534548253035,-0.27393479167,0.531409344461,2.02978675893,-2.27339307539,0.375362293784,-3.306443,6.984589,57.943802,2.196453,1.937138,0.758245
8,1789439082.296237707,0.534548253035,-0.27393479167,0.531409344461,2.02978675893,-2.27339307539,0.375362293784,-3.276396,7.04258,57.766571,2.196429,1.937102,0.757646
8,1789439082.301353216,0.534548253035,-0.27393479167,0.531409344461,2.02978675893,-2.27339307539,0.375362293784,-3.233754,7.062036,57.89541,2.195511,1.940547,0.750981
8,1789439082.306096554,0.534548253035,-0.27393479167,0.531409344461,2.02978675893,-2.27339307539,0.375362293784,-3.246212,7.085758,57.955799,2.193493,1.937866,0.74748
8,1789439082.311269999,0.534548253035,-0.27393479167,0.531409344461,2.02978675893,-2.27339307539,0.375362293784,-3.291121,7.093773,57.843996,2.196999,1.935562,0.74698
8,1789439082.316018105,0.534548253035,-0.27393479167,0.531409344461,2.02978675893,-2.27339307539,0.375362293784,-3.223771,7.138794,57.936021,2.189829,1.937502,0.740381
8,1789439082.320935488,0.534548253035,-0.27393479167,0.531409344461,2.02978675893,-2.27339307539,0.375362293784,-3.330066,7.094364,57.787044,2.195806,1.934258,0.746074
8,1789439082.325962543,0.534548253035,-0.27393479167,0.531409344461,2.02978675893,-2.27339307539,0.375362293784,-3.342402,7.048649,57.856727,2.193819,1.936631,0.749585
8,1789439082.331129789,0.534548253035,-0.27393479167,0.531409344461,2.02978675893,-2.27339307539,0.375362293784,-3.331963,6.984619,58.067142,2.196495,1.931846,0.753119
8,1789439082.336083651,0.534548253035,-0.27393479167,0.531409344461,2.02978675893,-2.27339307539,0.375362293784,-3.275675,7.020694,57.901796,2.197872,1.939334,0.755171
8,1789439082.340950012,0.534548253035,-0.27393479167,0.531409344461,2.02978675893,-2.27339307539,0.375362293784,-3.246399,7.014067,57.769786,2.194098,1.93812,0.760072
8,1789439082.346173763,0.534548253035,-0.27393479167,0.531409344461,2.02978675893,-2.27339307539,0.375362293784,-3.229157,7.050622,57.740054,2.19524,1.93973,0.752782
8,1789439082.351104259,0.534548253035,-0.27393479167,0.531409344461,2.02978675893,-2.27339307539,0.375362293784,-3.272345,7.099302,57.924998,2.197423,1.940096,0.745689
8,1789439082.356068611,0.534548253035,-0.27393479167,0.531409344461,2.02978675893,-2.27339307539,0.375362293784,-3.311714,7.089018,57.774233,2.197255,1.935844,0.750062
8,1789439082.361213446,0.534548253035,-0.27393479167,0.531409344461,2.02978675893,-2.27339307539,0.375362293784,-3.31163,7.035447,57.901882,2.198305,1.940536,0.749166
8,1789439082.366081476,0.534548253035,-0.27393479167,0.531409344461,2.02978675893,-2.27339307539,0.375362293784,-3.32822,7.026576,57.96583,2.198102,1.934263,0.753813
8,1789439082.371098995,0.534548253035,-0.27393479167,0.531409344461,2.02978675893,-2.27339307539,0.375362293784,-3.301024,7.007838,57.822982,2.196979,1.937718,0.75826
8,1789439082.376378536,0.534548253035,-0.27393479167,0.531409344461,2.02978675893,-2.27339307539,0.375362293784,-3.314332,6.99203,57.863152,2.196625,1.93288,0.759728
8,1789439082.381022930,0.534548253035,-0.27393479167,0.531409344461,2.02978675893,-2.27339307539,0.375362293784,-3.254114,7.017512,58.078118,2.194208,1.939069,0.748865
8,1789439082.386064529,0.534548253035,-0.27393479167,0.531409344461,2.02978675893,-2.27339307539,0.375362293784,-3.237516,7.049986,57.882879,2.195237,1.936987,0.748535
8,1789439082.391040564,0.534548253035,-0.27393479167,0.531409344461,2.02978675893,-2.27339307539,0.375362293784,-3.205464,7.092498,57.758667,2.194865,1.939151,0.746443
8,1789439082.396063089,0.534548253035,-0.27393479167,0.531409344461,2.02978675893,-2.27339307539,0.375362293784,-3.244874,7.068254,57.694857,2.192788,1.94029,0.747554
8,1789439082.400976419,0.534548253035,-0.27393479167,0.531409344461,2.02978675893,-2.27339307539,0.375362293784,-3.330294,7.061543,57.903021,2.198594,1.933728,0.748987
8,1789439082.405978441,0.534548253035,-0.27393479167,0.531409344461,2.02978675893,-2.27339307539,0.375362293784,-3.320692,7.0235,57.720637,2.198696,1.940024,0.752304
8,1789439082.411166906,0.534548253035,-0.27393479167,0.531409344461,2.02978675893,-2.27339307539,0.375362293784,-3.310657,6.994541,57.876306,2.196378,1.938523,0.756793
8,1789439082.416129351,0.534548253035,-0.27393479167,0.531409344461,2.02978675893,-2.27339307539,0.375362293784,-3.231901,7.033936,57.965803,2.195841,1.941853,0.74864
8,1789439082.421048641,0.534548253035,-0.27393479167,0.531409344461,2.02978675893,-2.27339307539,0.375362293784,-3.199371,7.039178,57.862956,2.198475,1.941467,0.74822
8,1789439082.426186800,0.534548253035,-0.27393479167,0.531409344461,2.02978675893,-2.27339307539,0.375362293784,-3.226049,7.085181,57.856946,2.194431,1.942039,0.744147
8,1789439082.431543112,0.534548253035,-0.27393479167,0.531409344461,2.02978675893,-2.27339307539,0.375362293784,-3.284763,7.060327,57.856808,2.199465,1.938435,0.743662
8,1789439082.436195374,0.534548253035,-0.27393479167,0.531409344461,2.02978675893,-2.27339307539,0.375362293784,-3.36975,7.06164,57.875679,2.197085,1.938506,0.749884
8,1789439082.441083431,0.534548253035,-0.27393479167,0.531409344461,2.02978675893,-2.27339307539,0.375362293784,-3.370838,7.050124,57.854205,2.199715,1.936858,0.753927
8,1789439082.446188688,0.534548253035,-0.27393479167,0.531409344461,2.02978675893,-2.27339307539,0.375362293784,-3.307767,6.989708,57.576134,2.195921,1.936403,0.767129
8,1789439082.451040983,0.534548253035,-0.27393479167,0.531409344461,2.02978675893,-2.27339307539,0.375362293784,-3.24375,6.996549,57.913914,2.19401,1.936807,0.756938
8,1789439082.456033230,0.534548253035,-0.27393479167,0.531409344461,2.02978675893,-2.27339307539,0.375362293784,-3.187715,7.026774,57.725476,2.19265,1.935872,0.75518
8,1789439082.461166859,0.534548253035,-0.27393479167,0.531409344461,2.02978675893,-2.27339307539,0.375362293784,-3.197912,7.064544,57.808838,2.191283,1.934787,0.74855
8,1789439082.466013432,0.534548253035,-0.27393479167,0.531409344461,2.02978675893,-2.27339307539,0.375362293784,-3.260801,7.073605,57.896563,2.192599,1.93493,0.74498
8,1789439082.471076250,0.534548253035,-0.27393479167,0.531409344461,2.02978675893,-2.27339307539,0.375362293784,-3.310507,7.059848,57.781373,2.19724,1.93735,0.748974
8,1789439082.476129293,0.534548253035,-0.27393479167,0.531409344461,2.02978675893,-2.27339307539,0.375362293784,-3.33958,7.039847,57.880009,2.193916,1.933429,0.75233
8,1789439082.481043100,0.534548253035,-0.27393479167,0.531409344461,2.02978675893,-2.27339307539,0.375362293784,-3.327105,7.011163,58.074811,2.1984,1.936474,0.752406
8,1789439082.486124277,0.534548253035,-0.27393479167,0.531409344461,2.02978675893,-2.27339307539,0.375362293784,-3.301469,7.008591,57.876907,2.198289,1.937724,0.757001
8,1789439082.490940094,0.534548253035,-0.27393479167,0.531409344461,2.02978675893,-2.27339307539,0.375362293784,-3.257061,7.047792,57.781138,2.192002,1.939631,0.755343
8,1789439082.496060371,0.534548253035,-0.27393479167,0.531409344461,2.02978675893,-2.27339307539,0.375362293784,-3.218302,7.030749,57.720511,2.196373,1.938228,0.752099
8,1789439082.501284122,0.534548253035,-0.27393479167,0.531409344461,2.02978675893,-2.27339307539,0.375362293784,-3.222408,7.087444,57.955418,2.193184,1.941595,0.741584
8,1789439082.506118774,0.534548253035,-0.27393479167,0.531409344461,2.02978675893,-2.27339307539,0.375362293784,-3.257546,7.101612,57.74825,2.194859,1.937202,0.745405
8,1789439082.511052608,0.534548253035,-0.27393479167,0.531409344461,2.02978675893,-2.27339307539,0.375362293784,-3.333739,7.058388,57.856629,2.196615,1.939718,0.749783
8,1789439082.515918732,0.534548253035,-0.27393479167,0.531409344461,2.02978675893,-2.27339307539,0.375362293784,-3.346564,7.070868,57.937104,2.194315,1.934074,0.753062
8,1789439082.521064758,0.534548253035,-0.27393479167,0.531409344461,2.02978675893,-2.27339307539,0.375362293784,-3.336042,7.033716,57.859951,2.196993,1.935525,0.757689
8,1789439082.525989771,0.534548253035,-0.27393479167,0.531409344461,2.02978675893,-2.27339307539,0.375362293784,-3.319922,7.036078,57.949146,2.195073,1.934431,0.755088
8,1789439082.531037331,0.534548253035,-0.27393479167,0.531409344461,2.02978675893,-2.27339307539,0.375362293784,-3.27575,7.023359,57.800801,2.19728,1.936391,0.755707
8,1789439082.536131382,0.534548253035,-0.27393479167,0.531409344461,2.02978675893,-2.27339307539,0.375362293784,-3.2971,7.005147,57.882692,2.196262,1.935811,0.754537
8,1789439082.541003466,0.534548253035,-0.27393479167,0.531409344461,2.02978675893,-2.27339307539,0.375362293784,-3.24311,7.018349,58.082328,2.197437,1.939191,0.745507
8,1789439082.546084881,0.534548253035,-0.27393479167,0.531409344461,2.02978675893,-2.27339307539,0.375362293784,-3.252892,7.059278,57.902325,2.198078,1.941357,0.749473
8,1789439082.550982237,0.534548253035,-0.27393479167,0.531409344461,2.02978675893,-2.27339307539,0.375362293784,-3.230553,7.105495,57.723746,2.195219,1.940431,0.747989
8,1789439082.556122541,0.534548253035,-0.27393479167,0.531409344461,2.02978675893,-2.27339307539,0.375362293784,-3.289983,7.101962,57.633341,2.194619,1.939221,0.749546
8,1789439082.561148882,0.534548253035,-0.27393479167,0.531409344461,2.02978675893,-2.27339307539,0.375362293784,-3.347093,7.041752,57.923553,2.196892,1.935987,0.750617
8,1789439082.566080809,0.534548253035,-0.27393479167,0.531409344461,2.02978675893,-2.27339307539,0.375362293784,-3.305201,6.997118,57.735718,2.197402,1.938959,0.756134
8,1789439082.571058989,0.534548253035,-0.27393479167,0.531409344461,2.02978675893,-2.27339307539,0.375362293784,-3.266728,6.966916,57.893416,2.199516,1.936084,0.755677
8,1789439082.576058388,0.534548253035,-0.27393479167,0.531409344461,2.02978675893,-2.27339307539,0.375362293784,-3.211969,7.044432,57.969048,2.192154,1.940274,0.750598
8,1789439082.581473589,0.534548253035,-0.27393479167,0.531409344461,2.02978675893,-2.27339307539,0.375362293784,-3.261804,7.079981,57.82416,2.197905,1.937089,0.752513
8,1789439082.586135149,0.534548253035,-0.27393479167,0.531409344461,2.02978675893,-2.27339307539,0.375362293784,-3.254113,7.089274,57.847184,2.193932,1.943009,0.75
8,1789439082.590964794,0.534548253035,-0.27393479167,0.531409344461,2.02978675893,-2.27339307539,0.375362293784,-3.335966,7.085758,58.083354,2.196256,1.934016,0.745179
8,1789439082.596057177,0.534548253035,-0.27393479167,0.531409344461,2.02978675893,-2.27339307539,0.375362293784,-3.30982,7.000568,57.873797,2.201687,1.936678,0.748754
8,1789439082.601009607,0.534548253035,-0.27393479167,0.531409344461,2.02978675893,-2.27339307539,0.375362293784,-3.317378,7.014274,57.757414,2.196192,1.936067,0.757745
8,1789439082.605964661,0.534548253035,-0.27393479167,0.531409344461,2.02978675893,-2.27339307539,0.375362293784,-3.254477,7.00642,57.634805,2.198776,1.936635,0.762852
8,1789439082.611196995,0.534548253035,-0.27393479167,0.531409344461,2.02978675893,-2.27339307539,0.375362293784,-3.244525,7.052139,57.959007,2.195609,1.93801,0.755824
8,1789439082.616631031,0.534548253035,-0.27393479167,0.531409344461,2.02978675893,-2.27339307539,0.375362293784,-3.242778,7.038512,57.710149,2.193037,1.936362,0.757265
8,1789439082.621005058,0.534548253035,-0.27393479167,0.531409344461,2.02978675893,-2.27339307539,0.375362293784,-3.233628,7.051111,57.863261,2.197522,1.938918,0.748054
8,1789439082.625973225,0.534548253035,-0.27393479167,0.531409344461,2.02978675893,-2.27339307539,0.375362293784,-3.273642,7.069958,57.961178,2.193847,1.938905,0.745088
8,1789439082.631481171,0.534548253035,-0.27393479167,0.531409344461,2.02978675893,-2.27339307539,0.375362293784,-3.298194,7.054173,57.826404,2.197402,1.936158,0.747908
8,1789439082.636260271,0.534548253035,-0.27393479167,0.531409344461,2.02978675893,-2.27339307539,0.375362293784,-3.319399,7.033328,57.851207,2.197291,1.937943,0.752256
8,1789439082.640885353,0.534548253035,-0.27393479167,0.531409344461,2.02978675893,-2.27339307539,0.375362293784,-3.339086,7.064556,57.864141,2.192534,1.935541,0.760328
8,1789439082.646132469,0.534548253035,-0.27393479167,0.531409344461,2.02978675893,-2.27339307539,0.375362293784,-3.306481,7.013982,57.819488,2.198424,1.936736,0.755807
8,1789439082.651087284,0.534548253035,-0.27393479167,0.531409344461,2.02978675893,-2.27339307539,0.375362293784,-3.22321,7.045532,57.848009,2.191884,1.939622,0.750446
8,1789439082.656061888,0.534548253035,-0.27393479167,0.531409344461,2.02978675893,-2.27339307539,0.375362293784,-3.180761,7.064573,57.781843,2.191252,1.936603,0.749366
8,1789439082.661171198,0.534548253035,-0.27393479167,0.531409344461,2.02978675893,-2.27339307539,0.375362293784,-3.16974,7.070375,57.950667,2.195584,1.939877,0.738384
8,1789439082.666784763,0.534548253035,-0.27393479167,0.531409344461,2.02978675893,-2.27339307539,0.375362293784,-3.284661,7.074025,57.782577,2.194286,1.936042,0.743521
8,1789439082.671076298,0.534548253035,-0.27393479167,0.531409344461,2.02978675893,-2.27339307539,0.375362293784,-3.34379,7.048064,57.844167,2.196723,1.937955,0.747564
8,1789439082.675983191,0.534548253035,-0.27393479167,0.531409344461,2.02978675893,-2.27339307539,0.375362293784,-3.365537,7.012339,57.948774,2.199152,1.935502,0.754995
8,1789439082.681316137,0.534548253035,-0.27393479167,0.531409344461,2.02978675893,-2.27339307539,0.375362293784,-3.32445,7.03067,57.846199,2.194635,1.936177,0.760995
8,1789439082.686119080,0.534548253035,-0.27393479167,0.531409344461,2.02978675893,-2.27339307539,0.375362293784,-3.248207,7.014418,57.864961,2.199286,1.940001,0.755527
8,1789439082.690943480,0.534548253035,-0.27393479167,0.531409344461,2.02978675893,-2.27339307539,0.375362293784,-3.206087,7.068284,58.082073,2.196253,1.943233,0.745577
8,1789439082.696041584,0.534548253035,-0.27393479167,0.531409344461,2.02978675893,-2.27339307539,0.375362293784,-3.215311,7.05842,57.908368,2.197658,1.941433,0.747392
8,1789439082.701099157,0.534548253035,-0.27393479167,0.531409344461,2.02978675893,-2.27339307539,0.375362293784,-3.303194,7.076183,57.782432,2.200489,1.934373,0.749203
8,1789439082.706058741,0.534548253035,-0.27393479167,0.531409344461,2.02978675893,-2.27339307539,0.375362293784,-3.311834,7.091081,57.568358,2.193433,1.937319,0.755561
8,1789439082.711048841,0.534548253035,-0.27393479167,0.531409344461,2.02978675893,-2.27339307539,0.375362293784,-3.354543,7.049541,57.943659,2.197702,1.932042,0.757176
8,1789439082.716518641,0.534548253035,-0.27393479167,0.531409344461,2.02978675893,-2.27339307539,0.375362293784,-3.300881,7.008552,57.734172,2.194727,1.935688,0.760818
8,1789439082.720999479,0.534548253035,-0.27393479167,0.531409344461,2.02978675893,-2.27339307539,0.375362293784,-3.252842,6.966707,57.895482,2.196571,1.935217,0.756986
8,1789439082.725950480,0.534548253035,-0.27393479167,0.531409344461,2.02978675893,-2.27339307539,0.375362293784,-3.230146,6.998426,58.012168,2.199208,1.938727,0.748332
8,1789439082.731479406,0.534548253035,-0.27393479167,0.531409344461,2.02978675893,-2.27339307539,0.375362293784,-3.2699,7.061368,57.852196,2.194587,1.935661,0.752576
8,1789439082.735963345,0.534548253035,-0.27393479167,0.531409344461,2.02978675893,-2.27339307539,0.375362293784,-3.24375,7.02316,57.975516,2.19592,1.939339,0.754753
8,1789439082.740924597,0.534548253035,-0.27393479167,0.531409344461,2.02978675893,-2.27339307539,0.375362293784,-3.245333,7.070804,57.856984,2.196061,1.939882,0.750048
8,1789439082.746130705,0.534548253035,-0.27393479167,0.531409344461,2.02978675893,-2.27339307539,0.375362293784,-3.268443,7.066472,57.901017,2.196981,1.939501,0.748374
8,1789439082.750994921,0.534548253035,-0.27393479167,0.531409344461,2.02978675893,-2.27339307539,0.375362293784,-3.303575,7.064878,58.062346,2.199924,1.938648,0.744213
8,1789439082.756020784,0.534548253035,-0.27393479167,0.531409344461,2.02978675893,-2.27339307539,0.375362293784,-3.31771,7.038964,57.889413,2.200309,1.935479,0.752557
8,1789439082.761025906,0.534548253035,-0.27393479167,0.531409344461,2.02978675893,-2.27339307539,0.375362293784,-3.288054,7.025493,57.738673,2.196399,1.940165,0.758079
8,1789439082.766098976,0.534548253035,-0.27393479167,0.531409344461,2.02978675893,-2.27339307539,0.375362293784,-3.276599,7.009632,57.605085,2.198575,1.93549,0.761508
8,1789439082.771037102,0.534548253035,-0.27393479167,0.531409344461,2.02978675893,-2.27339307539,0.375362293784,-3.260085,7.012792,57.954574,2.196051,1.940664,0.753415
8,1789439082.776065111,0.534548253035,-0.27393479167,0.531409344461,2.02978675893,-2.27339307539,0.375362293784,-3.227361,7.031983,57.7123,2.193513,1.937521,0.752761
8,1789439082.781052113,0.534548253035,-0.27393479167,0.531409344461,2.02978675893,-2.27339307539,0.375362293784,-3.19993,7.066414,57.845751,2.192971,1.939463,0.742763
8,1789439082.786170006,0.534548253035,-0.27393479167,0.531409344461,2.02978675893,-2.27339307539,0.375362293784,-3.279614,7.085473,57.946331,2.196796,1.936448,0.741057
8,1789439082.790892839,0.534548253035,-0.27393479167,0.531409344461,2.02978675893,-2.27339307539,0.375362293784,-3.320888,7.059934,57.826806,2.196622,1.938327,0.748377
8,1789439082.796105146,0.534548253035,-0.27393479167,0.531409344461,2.02978675893,-2.27339307539,0.375362293784,-3.347043,7.047093,57.880629,2.195075,1.936342,0.753001
8,1789439082.800961971,0.534548253035,-0.27393479167,0.531409344461,2.02978675893,-2.27339307539,0.375362293784,-3.322339,6.995303,58.038139,2.198989,1.934366,0.752601
8,1789439082.806000233,0.534548253035,-0.27393479167,0.531409344461,2.02978675893,-2.27339307539,0.375362293784,-3.285262,7.024137,57.882524,2.196352,1.937164,0.754487
8,1789439082.811151981,0.534548253035,-0.27393479167,0.531409344461,2.02978675893,-2.27339307539,0.375362293784,-3.214805,7.023595,57.678388,2.196203,1.939621,0.755169
8,1789439082.815868378,0.534548253035,-0.27393479167,0.531409344461,2.02978675893,-2.27339307539,0.375362293784,-3.183489,7.08475,57.627358,2.192062,1.941966,0.752241
8,1789439082.821028709,0.534548253035,-0.27393479167,0.531409344461,2.02978675893,-2.27339307539,0.375362293784,-3.266663,7.092688,57.942128,2.198218,1.936848,0.744388
8,1789439082.826067448,0.534548253035,-0.27393479167,0.531409344461,2.02978675893,-2.27339307539,0.375362293784,-3.328672,7.085452,57.747914,2.19592,1.93624,0.75117
8,1789439082.831034422,0.534548253035,-0.27393479167,0.531409344461,2.02978675893,-2.27339307539,0.375362293784,-3.340847,7.053338,57.895847,2.196494,1.934722,0.750556
8,1789439082.836057663,0.534548253035,-0.27393479167,0.531409344461,2.02978675893,-2.27339307539,0.375362293784,-3.340874,7.018225,57.961579,2.19601,1.934594,0.751136
8,1789439082.840818882,0.534548253035,-0.27393479167,0.531409344461,2.02978675893,-2.27339307539,0.375362293784,-3.290892,6.991772,57.887977,2.198184,1.9329,0.757713
8,1789439082.845927715,0.534548253035,-0.27393479167,0.531409344461,2.02978675893,-2.27339307539,0.375362293784,-3.260658,7.014271,57.83903,2.193813,1.937541,0.756613
8,1789439082.850882769,0.534548253035,-0.27393479167,0.531409344461,2.02978675893,-2.27339307539,0.375362293784,-3.239695,7.03023,57.84963,2.195121,1.940559,0.751632
8,1789439082.855904818,0.534548253035,-0.27393479167,0.531409344461,2.02978675893,-2.27339307539,0.375362293784,-3.255894,7.083493,57.872953,2.196365,1.936426,0.747855
8,1789439082.860904932,0.534548253035,-0.27393479167,0.531409344461,2.02978675893,-2.27339307539,0.375362293784,-3.284328,7.080561,57.785427,2.197666,1.938206,0.745544
8,1789439082.865841389,0.534548253035,-0.27393479167,0.531409344461,2.02978675893,-2.27339307539,0.375362293784,-3.296854,7.078619,57.596118,2.195699,1.938091,0.755596
9,1789439124.206043243,0.534585907443,-0.273950815252,0.531342589673,0.88509611794,-0.835865964696,1.56916110705,-15.884028,-9.593196,11.998947,-0.284006,-2.610644,3.031641
9,1789439124.211003065,0.534585907443,-0.273950815252,0.531342589673,0.88509611794,-0.835865964696,1.56916110705,-15.895623,-9.597582,11.886016,-0.283125,-2.612423,3.036676
9,1789439124.215822935,0.534585907443,-0.273950815252,0.531342589673,0.88509611794,-0.835865964696,1.56916110705,-15.885208,-9.571435,11.910315,-0.285129,-2.612687,3.034185
9,1789439124.221011639,0.534585907443,-0.273950815252,0.531342589673,0.88509611794,-0.835865964696,1.56916110705,-15.900101,-9.548899,11.827958,-0.282971,-2.61405,3.034763
9,1789439124.225938320,0.534585907443,-0.273950815252,0.531342589673,0.88509611794,-0.835865964696,1.56916110705,-15.904137,-9.556691,11.900669,-0.283791,-2.615414,3.033541
9,1789439124.230800152,0.534585907443,-0.273950815252,0.531342589673,0.88509611794,-0.835865964696,1.56916110705,-15.925513,-9.574757,11.886533,-0.282873,-2.61565,3.036501
9,1789439124.236076355,0.534585907443,-0.273950815252,0.531342589673,0.88509611794,-0.835865964696,1.56916110705,-15.920948,-9.600628,11.822792,-0.282505,-2.615525,3.037553
9,1789439124.240908146,0.534585907443,-0.273950815252,0.531342589673,0.88509611794,-0.835865964696,1.56916110705,-15.930677,-9.599802,11.974817,-0.281164,-2.613457,3.033751
9,1789439124.245829344,0.534585907443,-0.273950815252,0.531342589673,0.88509611794,-0.835865964696,1.56916110705,-15.90924,-9.596921,11.830234,-0.281465,-2.612667,3.036632
9,1789439124.250941992,0.534585907443,-0.273950815252,0.531342589673,0.88509611794,-0.835865964696,1.56916110705,-15.86839,-9.576173,11.890143,-0.283655,-2.612141,3.03324
9,1789439124.255984306,0.534585907443,-0.273950815252,0.531342589673,0.88509611794,-0.835865964696,1.56916110705,-15.852744,-9.554023,11.953447,-0.28609,-2.612711,3.03192
9,1789439124.260934114,0.534585907443,-0.273950815252,0.531342589673,0.88509611794,-0.835865964696,1.56916110705,-15.931593,-9.599419,11.882794,-0.280831,-2.614354,3.0343
9,1789439124.265869856,0.534585907443,-0.273950815252,0.531342589673,0.88509611794,-0.835865964696,1.56916110705,-15.927884,-9.564229,11.87604,-0.285204,-2.614862,3.035788
9,1789439124.271063089,0.534585907443,-0.273950815252,0.531342589673,0.88509611794,-0.835865964696,1.56916110705,-15.940842,-9.570305,12.074001,-0.285961,-2.615278,3.031394
9,1789439124.276089191,0.534585907443,-0.273950815252,0.531342589673,0.88509611794,-0.835865964696,1.56916110705,-15.920126,-9.595884,11.866527,-0.28174,-2.612602,3.036029
9,1789439124.281065941,0.534585907443,-0.273950815252,0.531342589673,0.88509611794,-0.835865964696,1.56916110705,-15.877116,-9.605678,11.755937,-0.284002,-2.615764,3.036476
9,1789439124.286069870,0.534585907443,-0.273950815252,0.531342589673,0.88509611794,-0.835865964696,1.56916110705,-15.863916,-9.636133,11.692679,-0.281165,-2.612526,3.038188
9,1789439124.290986061,0.534585907443,-0.273950815252,0.531342589673,0.88509611794,-0.835865964696,1.56916110705,-15.885595,-9.529795,11.990052,-0.287727,-2.613285,3.031327
9,1789439124.295941353,0.534585907443,-0.273950815252,0.531342589673,0.88509611794,-0.835865964696,1.56916110705,-15.917379,-9.543786,11.800549,-0.283464,-2.614766,3.034975
9,1789439124.300896168,0.534585907443,-0.273950815252,0.531342589673,0.88509611794,-0.835865964696,1.56916110705,-15.914871,-9.579237,11.936407,-0.283952,-2.613098,3.032952
9,1789439124.306080818,0.534585907443,-0.273950815252,0.531342589673,0.88509611794,-0.835865964696,1.56916110705,-15.926142,-9.583464,11.962937,-0.283705,-2.614488,3.031904
9,1789439124.311018467,0.534585907443,-0.273950815252,0.531342589673,0.88509611794,-0.835865964696,1.56916110705,-15.939297,-9.603507,11.886636,-0.281238,-2.614738,3.036789
9,1789439124.315930367,0.534585907443,-0.273950815252,0.531342589673,0.88509611794,-0.835865964696,1.56916110705,-15.952297,-9.57548,11.991809,-0.281854,-2.61447,3.032445
9,1789439124.321087837,0.534585907443,-0.273950815252,0.531342589673,0.88509611794,-0.835865964696,1.56916110705,-15.91762,-9.572437,11.837926,-0.283473,-2.614345,3.035283
9,1789439124.326014519,0.534585907443,-0.273950815252,0.531342589673,0.88509611794,-0.835865964696,1.56916110705,-15.893524,-9.594052,11.891572,-0.28305,-2.614304,3.033997
9,1789439124.330909491,0.534585907443,-0.273950815252,0.531342589673,0.88509611794,-0.835865964696,1.56916110705,-15.876526,-9.60901,12.09769,-0.283739,-2.611152,3.029326
9,1789439124.336108685,0.534585907443,-0.273950815252,0.531342589673,0.88509611794,-0.835865964696,1.56916110705,-15.859961,-9.549946,11.917737,-0.285662,-2.613478,3.032781
9,1789439124.341098309,0.534585907443,-0.273950815252,0.531342589673,0.88509611794,-0.835865964696,1.56916110705,-15.897685,-9.596242,11.776628,-0.28245,-2.61459,3.037882
9,1789439124.346108675,0.534585907443,-0.273950815252,0.531342589673,0.88509611794,-0.835865964696,1.56916110705,-15.896734,-9.599352,11.720155,-0.282833,-2.611834,3.037785
9,1789439124.350967884,0.534585907443,-0.273950815252,0.531342589673,0.88509611794,-0.835865964696,1.56916110705,-15.926899,-9.525458,11.936013,-0.283353,-2.616235,3.032037
9,1789439124.356140137,0.534585907443,-0.273950815252,0.531342589673,0.88509611794,-0.835865964696,1.56916110705,-15.945405,-9.572932,11.786262,-0.281814,-2.61428,3.037961
9,1789439124.361081839,0.534585907443,-0.273950815252,0.531342589673,0.88509611794,-0.835865964696,1.56916110705,-15.914654,-9.612313,11.904284,-0.281812,-2.613992,3.036322
9,1789439124.365863323,0.534585907443,-0.273950815252,0.531342589673,0.88509611794,-0.835865964696,1.56916110705,-15.90726,-9.609871,11.984052,-0.281118,-2.61195,3.033948
9,1789439124.371229172,0.534585907443,-0.273950815252,0.531342589673,0.88509611794,-0.835865964696,1.56916110705,-15.884485,-9.576948,11.866446,-0.28203,-2.612345,3.035938
9,1789439124.376082897,0.534585907443,-0.273950815252,0.531342589673,0.88509611794,-0.835865964696,1.56916110705,-15.887459,-9.577957,11.883913,-0.283987,-2.613737,3.035068
9,1789439124.380901575,0.534585907443,-0.273950815252,0.531342589673,0.88509611794,-0.835865964696,1.56916110705,-15.888231,-9.549769,12.043995,-0.284629,-2.613752,3.030109
9,1789439124.386156559,0.534585907443,-0.273950815252,0.531342589673,0.88509611794,-0.835865964696,1.56916110705,-15.922394,-9.559319,11.899317,-0.282517,-2.61499,3.032685
9,1789439124.391062498,0.534585907443,-0.273950815252,0.531342589673,0.88509611794,-0.835865964696,1.56916110705,-15.917588,-9.586494,11.767196,-0.285414,-2.615611,3.037657
9,1789439124.395853996,0.534585907443,-0.273950815252,0.531342589673,0.88509611794,-0.835865964696,1.56916110705,-15.934118,-9.613787,11.822503,-0.281163,-2.615757,3.037377
9,1789439124.400807142,0.534585907443,-0.273950815252,0.531342589673,0.88509611794,-0.835865964696,1.56916110705,-15.903069,-9.580656,11.992137,-0.284009,-2.612266,3.033007
9,1789439124.405910730,0.534585907443,-0.273950815252,0.531342589673,0.88509611794,-0.835865964696,1.56916110705,-15.874808,-9.583575,11.890597,-0.283498,-2.614746,3.033276
9,1789439124.410765886,0.534585907443,-0.273950815252,0.531342589673,0.88509611794,-0.835865964696,1.56916110705,-15.887268,-9.594195,11.936879,-0.282733,-2.610949,3.033586
9,1789439124.415648937,0.534585907443,-0.273950815252,0.531342589673,0.88509611794,-0.835865964696,1.56916110705,-15.914379,-9.552551,11.91733,-0.283982,-2.61168,3.032662
9,1789439124.420877457,0.534585907443,-0.273950815252,0.531342589673,0.88509611794,-0.835865964696,1.56916110705,-15.920184,-9.545768,11.905704,-0.282849,-2.613579,3.030872
9,1789439124.425693750,0.534585907443,-0.273950815252,0.531342589673,0.88509611794,-0.835865964696,1.56916110705,-15.935666,-9.513834,11.889278,-0.285638,-2.613461,3.032169
9,1789439124.430756807,0.534585907443,-0.273950815252,0.531342589673,0.88509611794,-0.835865964696,1.56916110705,-15.960187,-9.595482,12.077709,-0.281326,-2.612616,3.034168
9,1789439124.435858965,0.534585907443,-0.273950815252,0.531342589673,0.88509611794,-0.835865964696,1.56916110705,-15.905279,-9.592303,11.903263,-0.284285,-2.615885,3.035379
9,1789439124.440766096,0.534585907443,-0.273950815252,0.531342589673,0.88509611794,-0.835865964696,1.56916110705,-15.899469,-9.617804,11.846719,-0.283907,-2.615414,3.035091
9,1789439124.445756197,0.534585907443,-0.273950815252,0.531342589673,0.88509611794,-0.835865964696,1.56916110705,-15.863185,-9.587578,11.736897,-0.285546,-2.613526,3.036381
9,1789439124.450735331,0.534585907443,-0.273950815252,0.531342589673,0.88509611794,-0.835865964696,1.56916110705,-15.87477,-9.568543,11.948183,-0.284454,-2.615887,3.034238
9,1789439124.455926895,0.534585907443,-0.273950815252,0.531342589673,0.88509611794,-0.835865964696,1.56916110705,-15.898696,-9.589961,11.833214,-0.281984,-2.614036,3.038406
9,1789439124.460828066,0.534585907443,-0.273950815252,0.531342589673,0.88509611794,-0.835865964696,1.56916110705,-15.938807,-9.539176,11.901503,-0.284613,-2.616861,3.033814
9,1789439124.465806007,0.534585907443,-0.273950815252,0.531342589673,0.88509611794,-0.835865964696,1.56916110705,-15.961798,-9.560927,12.023403,-0.280533,-2.612645,3.034956
9,1789439124.470942974,0.534585907443,-0.273950815252,0.531342589673,0.88509611794,-0.835865964696,1.56916110705,-15.932257,-9.579305,11.849781,-0.282313,-2.614751,3.036913
9,1789439124.475963831,0.534585907443,-0.273950815252,0.531342589673,0.88509611794,-0.835865964696,1.56916110705,-15.909563,-9.618295,11.929377,-0.279689,-2.611336,3.034786
9,1789439124.480944157,0.534585907443,-0.273950815252,0.531342589673,0.88509611794,-0.835865964696,1.56916110705,-15.881041,-9.56817,12.080286,-0.285385,-2.612959,3.029711
9,1789439124.486044645,0.534585907443,-0.273950815252,0.531342589673,0.88509611794,-0.835865964696,1.56916110705,-15.890374,-9.592843,11.885584,-0.282386,-2.613658,3.036223
9,1789439124.490985155,0.534585907443,-0.273950815252,0.531342589673,0.88509611794,-0.835865964696,1.56916110705,-15.893396,-9.540532,11.784258,-0.285053,-2.613297,3.036679
9,1789439124.495918036,0.534585907443,-0.273950815252,0.531342589673,0.88509611794,-0.835865964696,1.56916110705,-15.903381,-9.562083,11.770756,-0.284563,-2.617249,3.033588
9,1789439124.500827789,0.534585907443,-0.273950815252,0.531342589673,0.88509611794,-0.835865964696,1.56916110705,-15.914132,-9.582794,11.953773,-0.284043,-2.615683,3.031872
9,1789439124.505974054,0.534585907443,-0.273950815252,0.531342589673,0.88509611794,-0.835865964696,1.56916110705,-15.924721,-9.610448,11.775072,-0.283685,-2.615591,3.036823
9,1789439124.510864019,0.534585907443,-0.273950815252,0.531342589673,0.88509611794,-0.835865964696,1.56916110705,-15.91728,-9.615366,11.918195,-0.282188,-2.612618,3.033427
9,1789439124.515796185,0.534585907443,-0.273950815252,0.531342589673,0.88509611794,-0.835865964696,1.56916110705,-15.897087,-9.591584,11.980577,-0.282975,-2.611641,3.031649
9,1789439124.521039009,0.534585907443,-0.273950815252,0.531342589673,0.88509611794,-0.835865964696,1.56916110705,-15.903233,-9.58597,11.913194,-0.281231,-2.612829,3.036058
9,1789439124.526015997,0.534585907443,-0.273950815252,0.531342589673,0.88509611794,-0.835865964696,1.56916110705,-15.891253,-9.60149,12.026175,-0.282571,-2.612127,3.031048
9,1789439124.531181812,0.534585907443,-0.273950815252,0.531342589673,0.88509611794,-0.835865964696,1.56916110705,-15.881602,-9.56689,11.91817,-0.282453,-2.61352,3.033085
9,1789439124.536239386,0.534585907443,-0.273950815252,0.531342589673,0.88509611794,-0.835865964696,1.56916110705,-15.880303,-9.548942,11.910539,-0.284298,-2.611186,3.034373
9,1789439124.541332960,0.534585907443,-0.273950815252,0.531342589673,0.88509611794,-0.835865964696,1.56916110705,-15.916149,-9.57183,12.006439,-0.285718,-2.614537,3.029905
9,1789439124.546133518,0.534585907443,-0.273950815252,0.531342589673,0.88509611794,-0.835865964696,1.56916110705,-15.93478,-9.579957,11.908551,-0.281993,-2.614857,3.032747
9,1789439124.551125765,0.534585907443,-0.273950815252,0.531342589673,0.88509611794,-0.835865964696,1.56916110705,-15.906898,-9.538495,11.862029,-0.285624,-2.615181,3.032561
9,1789439124.556271315,0.534585907443,-0.273950815252,0.531342589673,0.88509611794,-0.835865964696,1.56916110705,-15.896794,-9.596309,11.720666,-0.283097,-2.614601,3.037796
9,1789439124.560992956,0.534585907443,-0.273950815252,0.531342589673,0.88509611794,-0.835865964696,1.56916110705,-15.890957,-9.610351,11.973455,-0.284388,-2.611566,3.033208
9,1789439124.565892458,0.534585907443,-0.273950815252,0.531342589673,0.88509611794,-0.835865964696,1.56916110705,-15.883404,-9.596227,11.800272,-0.282474,-2.613796,3.035195
9,1789439124.571291924,0.534585907443,-0.273950815252,0.531342589673,0.88509611794,-0.835865964696,1.56916110705,-15.895296,-9.575095,11.880977,-0.28584,-2.614647,3.033052
9,1789439124.576049566,0.534585907443,-0.273950815252,0.531342589673,0.88509611794,-0.835865964696,1.56916110705,-15.908999,-9.589523,11.99126,-0.283555,-2.613217,3.032362
9,1789439124.580919027,0.534585907443,-0.273950815252,0.531342589673,0.88509611794,-0.835865964696,1.56916110705,-15.919771,-9.538783,11.88993,-0.284633,-2.61434,3.032627
9,1789439124.586267710,0.534585907443,-0.273950815252,0.531342589673,0.88509611794,-0.835865964696,1.56916110705,-15.941955,-9.576626,11.885234,-0.283201,-2.615815,3.035635
9,1789439124.591306925,0.534585907443,-0.273950815252,0.531342589673,0.88509611794,-0.835865964696,1.56916110705,-15.928755,-9.594033,12.086046,-0.282649,-2.611856,3.033659
9,1789439124.596039057,0.534585907443,-0.273950815252,0.531342589673,0.88509611794,-0.835865964696,1.56916110705,-15.917642,-9.585685,11.893534,-0.283457,-2.614878,3.035157
9,1789439124.601075888,0.534585907443,-0.273950815252,0.531342589673,0.88509611794,-0.835865964696,1.56916110705,-15.878647,-9.602632,11.866852,-0.282306,-2.611881,3.0364
9,1789439124.606160402,0.534585907443,-0.273950815252,0.531342589673,0.88509611794,-0.835865964696,1.56916110705,-15.895807,-9.577123,11.899297,-0.285233,-2.612794,3.033075
9,1789439124.611096382,0.534585907443,-0.273950815252,0.531342589673,0.88509611794,-0.835865964696,1.56916110705,-15.889918,-9.578844,11.96667,-0.281418,-2.612589,3.03453
9,1789439124.616039515,0.534585907443,-0.273950815252,0.531342589673,0.88509611794,-0.835865964696,1.56916110705,-15.93377,-9.546598,11.763948,-0.284783,-2.614747,3.035396
9,1789439124.620977163,0.534585907443,-0.273950815252,0.531342589673,0.88509611794,-0.835865964696,1.56916110705,-15.933921,-9.572285,11.89074,-0.283114,-2.615624,3.033157
9,1789439124.625945568,0.534585907443,-0.273950815252,0.531342589673,0.88509611794,-0.835865964696,1.56916110705,-15.915891,-9.577137,11.965824,-0.283912,-2.615298,3.033678
9,1789439124.630716562,0.534585907443,-0.273950815252,0.531342589673,0.88509611794,-0.835865964696,1.56916110705,-15.921268,-9.601577,11.859923,-0.282201,-2.6146,3.037605
9,1789439124.636071920,0.534585907443,-0.273950815252,0.531342589673,0.88509611794,-0.835865964696,1.56916110705,-15.873792,-9.587249,11.900328,-0.284542,-2.61163,3.033941
9,1789439124.640977621,0.534585907443,-0.273950815252,0.531342589673,0.88509611794,-0.835865964696,1.56916110705,-15.903671,-9.614389,12.073561,-0.282521,-2.612749,3.031605
9,1789439124.645907402,0.534585907443,-0.273950815252,0.531342589673,0.88509611794,-0.835865964696,1.56916110705,-15.886531,-9.594315,11.883048,-0.284354,-2.611514,3.034845
9,1789439124.650788069,0.534585907443,-0.273950815252,0.531342589673,0.88509611794,-0.835865964696,1.56916110705,-15.918463,-9.552485,11.832512,-0.284944,-2.614332,3.031659
9,1789439124.656085968,0.534585907443,-0.273950815252,0.531342589673,0.88509611794,-0.835865964696,1.56916110705,-15.930027,-9.573258,11.90479,-0.284099,-2.613295,3.030463
9,1789439124.660862684,0.534585907443,-0.273950815252,0.531342589673,0.88509611794,-0.835865964696,1.56916110705,-15.93502,-9.558396,11.965753,-0.282475,-2.615451,3.033478
9,1789439124.665860415,0.534585907443,-0.273950815252,0.531342589673,0.88509611794,-0.835865964696,1.56916110705,-15.932838,-9.60123,11.82371,-0.282814,-2.614702,3.038243
9,1789439124.670900583,0.534585907443,-0.273950815252,0.531342589673,0.88509611794,-0.835865964696,1.56916110705,-15.918259,-9.599506,11.902475,-0.282804,-2.615026,3.034967
9,1789439124.675987482,0.534585907443,-0.273950815252,0.531342589673,0.88509611794,-0.835865964696,1.56916110705,-15.870667,-9.592967,11.981402,-0.28597,-2.611682,3.032257
9,1789439124.680894613,0.534585907443,-0.273950815252,0.531342589673,0.88509611794,-0.835865964696,1.56916110705,-15.879661,-9.593003,11.891715,-0.284998,-2.615721,3.033965
9,1789439124.685991049,0.534585907443,-0.273950815252,0.531342589673,0.88509611794,-0.835865964696,1.56916110705,-15.885853,-9.599579,11.919836,-0.284804,-2.612809,3.034459
9,1789439124.691029072,0.534585907443,-0.273950815252,0.531342589673,0.88509611794,-0.835865964696,1.56916110705,-15.914711,-9.549957,11.970434,-0.287484,-2.615523,3.030493
9,1789439124.695911884,0.534585907443,-0.273950815252,0.531342589673,0.88509611794,-0.835865964696,1.56916110705,-15.929276,-9.578954,11.91787,-0.281654,-2.612961,3.032965
9,1789439124.700874805,0.534585907443,-0.273950815252,0.531342589673,0.88509611794,-0.835865964696,1.56916110705,-15.949579,-9.553154,11.837879,-0.286199,-2.616951,3.03487
9,1789439124.706006765,0.534585907443,-0.273950815252,0.531342589673,0.88509611794,-0.835865964696,1.56916110705,-15.930235,-9.628243,11.805387,-0.280204,-2.613251,3.038699
9,1789439124.710898876,0.534585907443,-0.273950815252,0.531342589673,0.88509611794,-0.835865964696,1.56916110705,-15.885439,-9.591153,11.955951,-0.284615,-2.61357,3.033609
9,1789439124.715862751,0.534585907443,-0.273950815252,0.531342589673,0.88509611794,-0.835865964696,1.56916110705,-15.88405,-9.599201,11.819507,-0.282211,-2.611388,3.035888
9,1789439124.721141100,0.534585907443,-0.273950815252,0.531342589673,0.88509611794,-0.835865964696,1.56916110705,-15.890679,-9.545877,11.928512,-0.28518,-2.612975,3.033746
9,1789439124.726088285,0.534585907443,-0.273950815252,0.531342589673,0.88509611794,-0.835865964696,1.56916110705,-15.908368,-9.554533,12.018673,-0.283724,-2.612742,3.031909
9,1789439124.730906725,0.534585907443,-0.273950815252,0.531342589673,0.88509611794,-0.835865964696,1.56916110705,-15.933412,-9.540208,11.862824,-0.28334,-2.612926,3.033288
9,1789439124.736118317,0.534585907443,-0.273950815252,0.531342589673,0.88509611794,-0.835865964696,1.56916110705,-15.891949,-9.565413,11.981405,-0.282719,-2.613467,3.031847
9,1789439124.741071939,0.534585907443,-0.273950815252,0.531342589673,0.88509611794,-0.835865964696,1.56916110705,-15.933583,-9.559661,11.837149,-0.284439,-2.6151,3.034623
9,1789439124.746104002,0.534585907443,-0.273950815252,0.531342589673,0.88509611794,-0.835865964696,1.56916110705,-15.931045,-9.591488,11.866106,-0.282272,-2.61567,3.035384
9,1789439124.750977039,0.534585907443,-0.273950815252,0.531342589673,0.88509611794,-0.835865964696,1.56916110705,-15.926285,-9.589092,12.030856,-0.285137,-2.616328,3.033578
9,1789439124.756242752,0.534585907443,-0.273950815252,0.531342589673,0.88509611794,-0.835865964696,1.56916110705,-15.896314,-9.616925,11.88407,-0.28163,-2.613476,3.035366
9,1789439124.760975599,0.534585907443,-0.273950815252,0.531342589673,0.88509611794,-0.835865964696,1.56916110705,-15.872446,-9.584014,11.818008,-0.286417,-2.614971,3.034496
9,1789439124.765948534,0.534585907443,-0.273950815252,0.531342589673,0.88509611794,-0.835865964696,1.56916110705,-15.885484,-9.59686,12.002014,-0.284427,-2.614483,3.033239
9,1789439124.771269321,0.534585907443,-0.273950815252,0.531342589673,0.88509611794,-0.835865964696,1.56916110705,-15.896721,-9.563231,11.938093,-0.285241,-2.612992,3.034014
9,1789439124.776068449,0.534585907443,-0.273950815252,0.531342589673,0.88509611794,-0.835865964696,1.56916110705,-15.927003,-9.576166,11.788843,-0.284183,-2.615947,3.033445
9,1789439124.780916929,0.534585907443,-0.273950815252,0.531342589673,0.88509611794,-0.835865964696,1.56916110705,-15.925145,-9.571738,11.916355,-0.284398,-2.612498,3.032031
9,1789439124.786137581,0.534585907443,-0.273950815252,0.531342589673,0.88509611794,-0.835865964696,1.56916110705,-15.937173,-9.582678,11.953666,-0.284308,-2.614602,3.031907
9,1789439124.791024208,0.534585907443,-0.273950815252,0.531342589673,0.88509611794,-0.835865964696,1.56916110705,-15.925584,-9.577172,11.847789,-0.281948,-2.613243,3.035769
9,1789439124.796044588,0.534585907443,-0.273950815252,0.531342589673,0.88509611794,-0.835865964696,1.56916110705,-15.905859,-9.601625,11.902148,-0.283196,-2.613645,3.034936
9,1789439124.801136017,0.534585907443,-0.273950815252,0.531342589673,0.88509611794,-0.835865964696,1.56916110705,-15.871004,-9.591583,12.071638,-0.284325,-2.611865,3.030379
9,1789439124.806237221,0.534585907443,-0.273950815252,0.531342589673,0.88509611794,-0.835865964696,1.56916110705,-15.880484,-9.589894,11.891849,-0.284269,-2.612396,3.034399
9,1789439124.811239958,0.534585907443,-0.273950815252,0.531342589673,0.88509611794,-0.835865964696,1.56916110705,-15.874145,-9.564049,11.835593,-0.284339,-2.613685,3.033835
9,1789439124.815959215,0.534585907443,-0.273950815252,0.531342589673,0.88509611794,-0.835865964696,1.56916110705,-15.917035,-9.563906,12.015632,-0.284892,-2.615271,3.029696
9,1789439124.821043491,0.534585907443,-0.273950815252,0.531342589673,0.88509611794,-0.835865964696,1.56916110705,-15.940404,-9.554453,11.928878,-0.283018,-2.615699,3.033653
9,1789439124.825992823,0.534585907443,-0.273950815252,0.531342589673,0.88509611794,-0.835865964696,1.56916110705,-15.929126,-9.617786,11.786964,-0.281268,-2.616236,3.038444
9,1789439124.830878496,0.534585907443,-0.273950815252,0.531342589673,0.88509611794,-0.835865964696,1.56916110705,-15.89534,-9.612164,11.885474,-0.283133,-2.611848,3.036464
9,1789439124.836176634,0.534585907443,-0.273950815252,0.531342589673,0.88509611794,-0.835865964696,1.56916110705,-15.915317,-9.598946,12.013268,-0.279887,-2.612351,3.034675
9,1789439124.840944052,0.534585907443,-0.273950815252,0.531342589673,0.88509611794,-0.835865964696,1.56916110705,-15.881692,-9.549562,11.857778,-0.284636,-2.611712,3.036318
9,1789439124.845892429,0.534585907443,-0.273950815252,0.531342589673,0.88509611794,-0.835865964696,1.56916110705,-15.903779,-9.542114,11.909436,-0.283782,-2.615631,3.033089
9,1789439124.850875616,0.534585907443,-0.273950815252,0.531342589673,0.88509611794,-0.835865964696,1.56916110705,-15.891118,-9.580252,12.054284,-0.282733,-2.612171,3.031063
9,1789439124.856131315,0.534585907443,-0.273950815252,0.531342589673,0.88509611794,-0.835865964696,1.56916110705,-15.915409,-9.574926,11.890554,-0.283865,-2.617144,3.032904
9,1789439124.861045599,0.534585907443,-0.273950815252,0.531342589673,0.88509611794,-0.835865964696,1.56916110705,-15.915458,-9.592779,11.869046,-0.282008,-2.613276,3.037591
9,1789439124.866015673,0.534585907443,-0.273950815252,0.531342589673,0.88509611794,-0.835865964696,1.56916110705,-15.905755,-9.580221,11.459618,-0.284653,-2.616271,3.043247
9,1789439124.871023655,0.534585907443,-0.273950815252,0.531342589673,0.88509611794,-0.835865964696,1.56916110705,-15.873369,-9.593526,11.946276,-0.284689,-2.611998,3.033566
9,1789439124.876124144,0.534585907443,-0.273950815252,0.531342589673,0.88509611794,-0.835865964696,1.56916110705,-15.882476,-9.601552,11.772873,-0.283571,-2.615461,3.035386
9,1789439124.880905867,0.534585907443,-0.273950815252,0.531342589673,0.88509611794,-0.835865964696,1.56916110705,-15.874915,-9.593834,11.892507,-0.284372,-2.612519,3.034842
9,1789439124.886007071,0.534585907443,-0.273950815252,0.531342589673,0.88509611794,-0.835865964696,1.56916110705,-15.900409,-9.557156,11.961405,-0.284768,-2.613456,3.030916
9,1789439124.890973330,0.534585907443,-0.273950815252,0.531342589673,0.88509611794,-0.835865964696,1.56916110705,-15.923375,-9.541426,11.800712,-0.283393,-2.613529,3.035202
9,1789439124.895837069,0.534585907443,-0.273950815252,0.531342589673,0.88509611794,-0.835865964696,1.56916110705,-15.932631,-9.544512,11.892584,-0.285067,-2.615702,3.034235
9,1789439124.900843859,0.534585907443,-0.273950815252,0.531342589673,0.88509611794,-0.835865964696,1.56916110705,-15.934709,-9.589074,12.068003,-0.282849,-2.613018,3.033868
9,1789439124.906046629,0.534585907443,-0.273950815252,0.531342589673,0.88509611794,-0.835865964696,1.56916110705,-15.890002,-9.626194,11.893546,-0.282184,-2.614892,3.035382
9,1789439124.910839796,0.534585907443,-0.273950815252,0.531342589673,0.88509611794,-0.835865964696,1.56916110705,-15.869216,-9.602782,11.856532,-0.284919,-2.614659,3.03547
9,1789439124.915870190,0.534585907443,-0.273950815252,0.531342589673,0.88509611794,-0.835865964696,1.56916110705,-15.878366,-9.601764,11.953718,-0.284545,-2.613152,3.032258
9,1789439124.920786142,0.534585907443,-0.273950815252,0.531342589673,0.88509611794,-0.835865964696,1.56916110705,-15.892192,-9.554423,11.930766,-0.28505,-2.612383,3.035328
9,1789439124.925770998,0.534585907443,-0.273950815252,0.531342589673,0.88509611794,-0.835865964696,1.56916110705,-15.935589,-9.545586,11.772443,-0.282821,-2.61545,3.034754
9,1789439124.930824757,0.534585907443,-0.273950815252,0.531342589673,0.88509611794,-0.835865964696,1.56916110705,-15.914834,-9.587341,11.901395,-0.285106,-2.612902,3.034471
9,1789439124.935833931,0.534585907443,-0.273950815252,0.531342589673,0.88509611794,-0.835865964696,1.56916110705,-15.933883,-9.599739,11.972768,-0.282451,-2.615579,3.032188
9,1789439124.940653801,0.534585907443,-0.273950815252,0.531342589673,0.88509611794,-0.835865964696,1.56916110705,-15.908525,-9.610289,11.83201,-0.283069,-2.613765,3.037765
9,1789439124.945726871,0.534585907443,-0.273950815252,0.531342589673,0.88509611794,-0.835865964696,1.56916110705,-15.939684,-9.574435,11.981616,-0.282183,-2.615676,3.031738
9,1789439124.950750351,0.534585907443,-0.273950815252,0.531342589673,0.88509611794,-0.835865964696,1.56916110705,-15.904451,-9.614039,11.795484,-0.281874,-2.614224,3.038167
9,1789439124.955796242,0.534585907443,-0.273950815252,0.531342589673,0.88509611794,-0.835865964696,1.56916110705,-15.902138,-9.626602,11.867616,-0.282813,-2.614617,3.036708
9,1789439124.960817814,0.534585907443,-0.273950815252,0.531342589673,0.88509611794,-0.835865964696,1.56916110705,-15.880983,-9.582048,12.06449,-0.281828,-2.611488,3.031735
9,1789439124.965655088,0.534585907443,-0.273950815252,0.531342589673,0.88509611794,-0.835865964696,1.56916110705,-15.890958,-9.553357,11.891483,-0.285025,-2.612769,3.033926
9,1789439124.971016407,0.534585907443,-0.273950815252,0.531342589673,0.88509611794,-0.835865964696,1.56916110705,-15.908283,-9.553623,11.867922,-0.282419,-2.613504,3.036635
9,1789439124.975892305,0.534585907443,-0.273950815252,0.531342589673,0.88509611794,-0.835865964696,1.56916110705,-15.942839,-9.550144,11.953978,-0.284523,-2.615083,3.031883
9,1789439124.980857849,0.534585907443,-0.273950815252,0.531342589673,0.88509611794,-0.835865964696,1.56916110705,-15.969892,-9.604213,11.948675,-0.278604,-2.614776,3.034711
9,1789439124.986053705,0.534585907443,-0.273950815252,0.531342589673,0.88509611794,-0.835865964696,1.56916110705,-15.927001,-9.606124,11.758964,-0.282934,-2.614085,3.038589
9,1789439124.991163254,0.534585907443,-0.273950815252,0.531342589673,0.88509611794,-0.835865964696,1.56916110705,-15.882749,-9.603577,11.865737,-0.28329,-2.613434,3.035513
9,1789439124.995970964,0.534585907443,-0.273950815252,0.531342589673,0.88509611794,-0.835865964696,1.56916110705,-15.859636,-9.558955,11.962166,-0.284891,-2.611074,3.031726
9,1789439125.001739502,0.534585907443,-0.273950815252,0.531342589673,0.88509611794,-0.835865964696,1.56916110705,-15.903171,-9.579713,11.916679,-0.28334,-2.612993,3.032233
9,1789439125.006203413,0.534585907443,-0.273950815252,0.531342589673,0.88509611794,-0.835865964696,1.56916110705,-15.922807,-9.577373,11.901423,-0.283245,-2.612192,3.034483
9,1789439125.010951281,0.534585907443,-0.273950815252,0.531342589673,0.88509611794,-0.835865964696,1.56916110705,-15.919743,-9.549629,11.879636,-0.284242,-2.616897,3.031744
9,1789439125.015835285,0.534585907443,-0.273950815252,0.531342589673,0.88509611794,-0.835865964696,1.56916110705,-15.917629,-9.573645,11.873935,-0.28285,-2.612871,3.03466
9,1789439125.021105051,0.534585907443,-0.273950815252,0.531342589673,0.88509611794,-0.835865964696,1.56916110705,-15.902898,-9.565619,11.902746,-0.285934,-2.614321,3.035101
9,1789439125.026001215,0.534585907443,-0.273950815252,0.531342589673,0.88509611794,-0.835865964696,1.56916110705,-15.897161,-9.599047,12.011977,-0.284767,-2.612188,3.033936
9,1789439125.030883074,0.534585907443,-0.273950815252,0.531342589673,0.88509611794,-0.835865964696,1.56916110705,-15.870537,-9.56946,11.923885,-0.285112,-2.613375,3.030817
9,1789439125.036107779,0.534585907443,-0.273950815252,0.531342589673,0.88509611794,-0.835865964696,1.56916110705,-15.905916,-9.599854,11.799936,-0.283158,-2.61548,3.034797
9,1789439125.041151047,0.534585907443,-0.273950815252,0.531342589673,0.88509611794,-0.835865964696,1.56916110705,-15.885486,-9.597801,11.855951,-0.285738,-2.614842,3.035042
9,1789439125.045956373,0.534585907443,-0.273950815252,0.531342589673,0.88509611794,-0.835865964696,1.56916110705,-15.919873,-9.533958,11.983512,-0.284843,-2.612331,3.033193
9,1789439125.051584482,0.534585907443,-0.273950815252,0.531342589673,0.88509611794,-0.835865964696,1.56916110705,-15.921564,-9.538896,11.809313,-0.284636,-2.615409,3.034538
9,1789439125.055984735,0.534585907443,-0.273950815252,0.531342589673,0.88509611794,-0.835865964696,1.56916110705,-15.953111,-9.604056,11.901955,-0.282832,-2.615322,3.034589
9,1789439125.061066389,0.534585907443,-0.273950815252,0.531342589673,0.88509611794,-0.835865964696,1.56916110705,-15.98165,-9.643679,12.08753,-0.278521,-2.616105,3.034312
9,1789439125.066489935,0.534585907443,-0.273950815252,0.531342589673,0.88509611794,-0.835865964696,1.56916110705,-15.900356,-9.594339,11.903846,-0.283683,-2.61158,3.036251
9,1789439125.071138859,0.534585907443,-0.273950815252,0.531342589673,0.88509611794,-0.835865964696,1.56916110705,-15.864149,-9.565019,11.855261,-0.283417,-2.613738,3.034524
9,1789439125.076136589,0.534585907443,-0.273950815252,0.531342589673,0.88509611794,-0.835865964696,1.56916110705,-15.858007,-9.551916,11.990814,-0.286672,-2.611122,3.032193
9,1789439125.080917597,0.534585907443,-0.273950815252,0.531342589673,0.88509611794,-0.835865964696,1.56916110705,-15.926706,-9.580912,11.903544,-0.281074,-2.615982,3.035427
9,1789439125.086176872,0.534585907443,-0.273950815252,0.531342589673,0.88509611794,-0.835865964696,1.56916110705,-15.921956,-9.614504,11.75932,-0.282499,-2.616399,3.038604
9,1789439125.091093302,0.534585907443,-0.273950815252,0.531342589673,0.88509611794,-0.835865964696,1.56916110705,-15.937227,-9.585822,11.831686,-0.283431,-2.618121,3.036915
9,1789439125.096029758,0.534585907443,-0.273950815252,0.531342589673,0.88509611794,-0.835865964696,1.56916110705,-15.916426,-9.559056,11.959356,-0.284786,-2.613484,3.035652
9,1789439125.101619005,0.534585907443,-0.273950815252,0.531342589673,0.88509611794,-0.835865964696,1.56916110705,-15.901707,-9.585711,11.822118,-0.28349,-2.613775,3.03726
9,1789439125.106246233,0.534585907443,-0.273950815252,0.531342589673,0.88509611794,-0.835865964696,1.56916110705,-15.88666,-9.620761,11.917588,-0.283021,-2.612199,3.033144
9,1789439125.110986471,0.534585907443,-0.273950815252,0.531342589673,0.88509611794,-0.835865964696,1.56916110705,-15.897128,-9.605345,12.025714,-0.282321,-2.611432,3.030836
9,1789439125.116318226,0.534585907443,-0.273950815252,0.531342589673,0.88509611794,-0.835865964696,1.56916110705,-15.896272,-9.575149,11.912223,-0.281644,-2.613002,3.035357
9,1789439125.121121645,0.534585907443,-0.273950815252,0.531342589673,0.88509611794,-0.835865964696,1.56916110705,-15.893357,-9.516071,11.845442,-0.288035,-2.611292,3.034244
9,1789439125.126072884,0.534585907443,-0.273950815252,0.531342589673,0.88509611794,-0.835865964696,1.56916110705,-15.946044,-9.537976,12.07106,-0.284882,-2.614656,3.029349
9,1789439125.131040335,0.534585907443,-0.273950815252,0.531342589673,0.88509611794,-0.835865964696,1.56916110705,-15.90506,-9.578307,11.909806,-0.282991,-2.614989,3.033583
9,1789439125.136084080,0.534585907443,-0.273950815252,0.531342589673,0.88509611794,-0.835865964696,1.56916110705,-15.91537,-9.63134,11.754353,-0.280631,-2.615954,3.035475
9,1789439125.141063690,0.534585907443,-0.273950815252,0.531342589673,0.88509611794,-0.835865964696,1.56916110705,-15.864543,-9.631331,11.899902,-0.282338,-2.610666,3.033981
9,1789439125.146075487,0.534585907443,-0.273950815252,0.531342589673,0.88509611794,-0.835865964696,1.56916110705,-15.884037,-9.548573,11.979914,-0.283637,-2.612563,3.030904
9,1789439125.150943518,0.534585907443,-0.273950815252,0.531342589673,0.88509611794,-0.835865964696,1.56916110705,-15.898055,-9.53805,11.820596,-0.285627,-2.611718,3.036277
9,1789439125.156226158,0.534585907443,-0.273950815252,0.531342589673,0.88509611794,-0.835865964696,1.56916110705,-15.872351,-9.591009,11.988984,-0.283665,-2.612939,3.030945
9,1789439125.161024809,0.534585907443,-0.273950815252,0.531342589673,0.88509611794,-0.835865964696,1.56916110705,-15.878063,-9.590202,11.840109,-0.283311,-2.61081,3.037232
9,1789439125.165937901,0.534585907443,-0.273950815252,0.531342589673,0.88509611794,-0.835865964696,1.56916110705,-15.894006,-9.542444,11.863511,-0.28735,-2.612706,3.033865
9,1789439125.171132565,0.534585907443,-0.273950815252,0.531342589673,0.88509611794,-0.835865964696,1.56916110705,-15.936879,-9.560312,12.03467,-0.283152,-2.61465,3.029988
9,1789439125.176021576,0.534585907443,-0.273950815252,0.531342589673,0.88509611794,-0.835865964696,1.56916110705,-15.939588,-9.577395,11.855984,-0.284508,-2.614749,3.034903
9,1789439125.180862188,0.534585907443,-0.273950815252,0.531342589673,0.88509611794,-0.835865964696,1.56916110705,-15.936815,-9.622899,11.880624,-0.280076,-2.614594,3.039045
9,1789439125.186195374,0.534585907443,-0.273950815252,0.531342589673,0.88509611794,-0.835865964696,1.56916110705,-15.888193,-9.587332,11.88493,-0.283872,-2.612051,3.03597
9,1789439125.191115856,0.534585907443,-0.273950815252,0.531342589673,0.88509611794,-0.835865964696,1.56916110705,-15.885104,-9.569034,11.955174,-0.284434,-2.614167,3.032914
9,1789439125.196110964,0.534585907443,-0.273950815252,0.531342589673,0.88509611794,-0.835865964696,1.56916110705,-15.8718,-9.557775,11.890974,-0.286135,-2.612641,3.033663
9,1789439125.201027393,0.534585907443,-0.273950815252,0.531342589673,0.88509611794,-0.835865964696,1.56916110705,-15.891751,-9.584859,11.883297,-0.285112,-2.616382,3.034418
9,1789439125.206144810,0.534585907443,-0.273950815252,0.531342589673,0.88509611794,-0.835865964696,1.56916110705,-15.923688,-9.59057,12.019108,-0.280962,-2.611787,3.032439
9,1789439125.210898161,0.534585907443,-0.273950815252,0.531342589673,0.88509611794,-0.835865964696,1.56916110705,-15.931611,-9.508504,11.76386,-0.286507,-2.617067,3.034903
9,1789439125.215838432,0.534585907443,-0.273950815252,0.531342589673,0.88509611794,-0.835865964696,1.56916110705,-15.919922,-9.587644,11.885047,-0.281879,-2.613543,3.035826
9,1789439125.221031666,0.534585907443,-0.273950815252,0.531342589673,0.88509611794,-0.835865964696,1.56916110705,-15.936903,-9.575001,12.03839,-0.285109,-2.615183,3.032466
9,1789439125.225974083,0.534585907443,-0.273950815252,0.531342589673,0.88509611794,-0.835865964696,1.56916110705,-15.878549,-9.622096,11.921835,-0.28211,-2.612956,3.035835
9,1789439125.230855227,0.534585907443,-0.273950815252,0.531342589673,0.88509611794,-0.835865964696,1.56916110705,-15.866254,-9.588971,11.910595,-0.286543,-2.613637,3.03439
9,1789439125.236135006,0.534585907443,-0.273950815252,0.531342589673,0.88509611794,-0.835865964696,1.56916110705,-15.890226,-9.580817,12.092496,-0.284041,-2.611824,3.031779
9,1789439125.240906477,0.534585907443,-0.273950815252,0.531342589673,0.88509611794,-0.835865964696,1.56916110705,-15.90151,-9.530201,11.927,-0.28512,-2.613301,3.032628
9,1789439125.245904207,0.534585907443,-0.273950815252,0.531342589673,0.88509611794,-0.835865964696,1.56916110705,-15.950116,-9.555036,11.760172,-0.283656,-2.614754,3.039024
9,1789439125.250886679,0.534585907443,-0.273950815252,0.531342589673,0.88509611794,-0.835865964696,1.56916110705,-15.945299,-9.594034,11.741662,-0.282944,-2.61498,3.039262
9,1789439125.256246090,0.534585907443,-0.273950815252,0.531342589673,0.88509611794,-0.835865964696,1.56916110705,-15.940682,-9.598635,12.002844,-0.282732,-2.613779,3.033801
9,1789439125.261062145,0.534585907443,-0.273950815252,0.531342589673,0.88509611794,-0.835865964696,1.56916110705,-15.898497,-9.590484,11.792642,-0.280371,-2.612739,3.036334
9,1789439125.266122580,0.534585907443,-0.273950815252,0.531342589673,0.88509611794,-0.835865964696,1.56916110705,-15.867497,-9.556276,11.90542,-0.287718,-2.612535,3.030974
9,1789439125.271136999,0.534585907443,-0.273950815252,0.531342589673,0.88509611794,-0.835865964696,1.56916110705,-15.905412,-9.593713,12.038552,-0.282048,-2.613122,3.032885
9,1789439125.276000738,0.534585907443,-0.273950815252,0.531342589673,0.88509611794,-0.835865964696,1.56916110705,-15.90973,-9.582853,11.855398,-0.284696,-2.614315,3.034625
9,1789439125.280882835,0.534585907443,-0.273950815252,0.531342589673,0.88509611794,-0.835865964696,1.56916110705,-15.897965,-9.590176,11.909496,-0.283919,-2.61402,3.033571
9,1789439125.286203146,0.534585907443,-0.273950815252,0.531342589673,0.88509611794,-0.835865964696,1.56916110705,-15.91232,-9.530253,12.024018,-0.288322,-2.613396,3.029182
9,1789439125.290997744,0.534585907443,-0.273950815252,0.531342589673,0.88509611794,-0.835865964696,1.56916110705,-15.956304,-9.598407,11.939886,-0.280436,-2.614355,3.035101
9,1789439125.295847416,0.534585907443,-0.273950815252,0.531342589673,0.88509611794,-0.835865964696,1.56916110705,-15.906274,-9.601863,11.775925,-0.284819,-2.614923,3.037442
9,1789439125.300851345,0.534585907443,-0.273950815252,0.531342589673,0.88509611794,-0.835865964696,1.56916110705,-15.910125,-9.630079,11.875556,-0.280289,-2.614065,3.035854
9,1789439125.306101084,0.534585907443,-0.273950815252,0.531342589673,0.88509611794,-0.835865964696,1.56916110705,-15.88491,-9.587043,11.999592,-0.283539,-2.610087,3.032085
9,1789439125.311029911,0.534585907443,-0.273950815252,0.531342589673,0.88509611794,-0.835865964696,1.56916110705,-15.884522,-9.529031,11.761483,-0.285448,-2.613131,3.033924
9,1789439125.316023350,0.534585907443,-0.273950815252,0.531342589673,0.88509611794,-0.835865964696,1.56916110705,-15.882051,-9.550094,11.924732,-0.285607,-2.61149,3.031477
9,1789439125.321134806,0.534585907443,-0.273950815252,0.531342589673,0.88509611794,-0.835865964696,1.56916110705,-15.926346,-9.582575,12.00037,-0.283689,-2.615226,3.031961
9,1789439125.326012611,0.534585907443,-0.273950815252,0.531342589673,0.88509611794,-0.835865964696,1.56916110705,-15.945315,-9.598483,11.896563,-0.281438,-2.615901,3.037038
9,1789439125.331004143,0.534585907443,-0.273950815252,0.531342589673,0.88509611794,-0.835865964696,1.56916110705,-15.921001,-9.560505,11.903329,-0.28578,-2.615023,3.035359
9,1789439125.336134434,0.534585907443,-0.273950815252,0.531342589673,0.88509611794,-0.835865964696,1.56916110705,-15.905785,-9.602866,11.641342,-0.28258,-2.613292,3.04084
9,1789439125.341009617,0.534585907443,-0.273950815252,0.531342589673,0.88509611794,-0.835865964696,1.56916110705,-15.865874,-9.581936,11.928906,-0.286706,-2.613474,3.034182
9,1789439125.345978975,0.534585907443,-0.273950815252,0.531342589673,0.88509611794,-0.835865964696,1.56916110705,-15.891057,-9.613824,11.784055,-0.282218,-2.614336,3.036779
9,1789439125.350841999,0.534585907443,-0.273950815252,0.531342589673,0.88509611794,-0.835865964696,1.56916110705,-15.903104,-9.567077,11.782429,-0.285959,-2.613568,3.035599
9,1789439125.356138229,0.534585907443,-0.273950815252,0.531342589673,0.88509611794,-0.835865964696,1.56916110705,-15.935984,-9.553019,12.026114,-0.284281,-2.615049,3.030409
9,1789439125.360977888,0.534585907443,-0.273950815252,0.531342589673,0.88509611794,-0.835865964696,1.56916110705,-15.941121,-9.551654,11.81926,-0.283264,-2.612922,3.035271
9,1789439125.365871191,0.534585907443,-0.273950815252,0.531342589673,0.88509611794,-0.835865964696,1.56916110705,-15.946408,-9.570746,11.999602,-0.281115,-2.615348,3.031328
9,1789439125.371155977,0.534585907443,-0.273950815252,0.531342589673,0.88509611794,-0.835865964696,1.56916110705,-15.935339,-9.539863,11.794809,-0.284955,-2.61529,3.037231
9,1789439125.376025915,0.534585907443,-0.273950815252,0.531342589673,0.88509611794,-0.835865964696,1.56916110705,-15.913749,-9.589804,11.896364,-0.283243,-2.615525,3.036956
9,1789439125.380972624,0.534585907443,-0.273950815252,0.531342589673,0.88509611794,-0.835865964696,1.56916110705,-15.890102,-9.5869,12.000837,-0.284829,-2.613283,3.032554
9,1789439125.386094809,0.534585907443,-0.273950815252,0.531342589673,0.88509611794,-0.835865964696,1.56916110705,-15.915587,-9.605217,11.940231,-0.280356,-2.61362,3.035478
9,1789439125.391040087,0.534585907443,-0.273950815252,0.531342589673,0.88509611794,-0.835865964696,1.56916110705,-15.867526,-9.581433,11.890715,-0.284752,-2.613806,3.033471
9,1789439125.395931482,0.534585907443,-0.273950815252,0.531342589673,0.88509611794,-0.835865964696,1.56916110705,-15.889849,-9.538982,12.081177,-0.288252,-2.613353,3.030129
9,1789439125.400953770,0.534585907443,-0.273950815252,0.531342589673,0.88509611794,-0.835865964696,1.56916110705,-15.909028,-9.553136,11.91749,-0.283695,-2.614566,3.032446
9,1789439125.406084061,0.534585907443,-0.273950815252,0.531342589673,0.88509611794,-0.835865964696,1.56916110705,-15.922164,-9.569057,11.728504,-0.285645,-2.614789,3.036689
9,1789439125.410933256,0.534585907443,-0.273950815252,0.531342589673,0.88509611794,-0.835865964696,1.56916110705,-15.948015,-9.608039,11.714448,-0.281001,-2.615454,3.039707
9,1789439125.415846109,0.534585907443,-0.273950815252,0.531342589673,0.88509611794,-0.835865964696,1.56916110705,-15.917288,-9.601161,12.002535,-0.282514,-2.612652,3.033755
9,1789439125.421048403,0.534585907443,-0.273950815252,0.531342589673,0.88509611794,-0.835865964696,1.56916110705,-15.895253,-9.56906,11.792697,-0.283117,-2.61284,3.036288
9,1789439125.426006794,0.534585907443,-0.273950815252,0.531342589673,0.88509611794,-0.835865964696,1.56916110705,-15.872784,-9.563744,11.925579,-0.284009,-2.612793,3.031942
9,1789439125.430862188,0.534585907443,-0.273950815252,0.531342589673,0.88509611794,-0.835865964696,1.56916110705,-15.889355,-9.575112,12.018442,-0.284875,-2.610924,3.032103
9,1789439125.436185360,0.534585907443,-0.273950815252,0.531342589673,0.88509611794,-0.835865964696,1.56916110705,-15.904361,-9.611076,11.884899,-0.280196,-2.615521,3.03562
9,1789439125.441044569,0.534585907443,-0.273950815252,0.531342589673,0.88509611794,-0.835865964696,1.56916110705,-15.898541,-9.565065,11.883013,-0.283983,-2.611845,3.034615
9,1789439125.445846081,0.534585907443,-0.273950815252,0.531342589673,0.88509611794,-0.835865964696,1.56916110705,-15.956784,-9.527099,12.07562,-0.283008,-2.616115,3.032073
9,1789439125.450852394,0.534585907443,-0.273950815252,0.531342589673,0.88509611794,-0.835865964696,1.56916110705,-15.93156,-9.558887,11.906754,-0.283464,-2.614256,3.037634
9,1789439125.456265688,0.534585907443,-0.273950815252,0.531342589673,0.88509611794,-0.835865964696,1.56916110705,-15.924999,-9.60392,11.774688,-0.28321,-2.615044,3.036592
9,1789439125.461074829,0.534585907443,-0.273950815252,0.531342589673,0.88509611794,-0.835865964696,1.56916110705,-15.874625,-9.633455,11.792339,-0.280761,-2.613207,3.036337
9,1789439125.465996027,0.534585907443,-0.273950815252,0.531342589673,0.88509611794,-0.835865964696,1.56916110705,-15.88012,-9.615324,11.991773,-0.283565,-2.613835,3.032789
9,1789439125.471157074,0.534585907443,-0.273950815252,0.531342589673,0.88509611794,-0.835865964696,1.56916110705,-15.889336,-9.561072,11.786243,-0.28456,-2.611706,3.038261
9,1789439125.476077557,0.534585907443,-0.273950815252,0.531342589673,0.88509611794,-0.835865964696,1.56916110705,-15.913659,-9.514135,11.899784,-0.285054,-2.61471,3.032826
9,1789439125.481003284,0.534585907443,-0.273950815252,0.531342589673,0.88509611794,-0.835865964696,1.56916110705,-15.939108,-9.579125,12.036724,-0.282278,-2.611262,3.031797
9,1789439125.486130476,0.534585907443,-0.273950815252,0.531342589673,0.88509611794,-0.835865964696,1.56916110705,-15.921437,-9.578835,11.892223,-0.284589,-2.617003,3.034038
9,1789439125.491018295,0.534585907443,-0.273950815252,0.531342589673,0.88509611794,-0.835865964696,1.56916110705,-15.941483,-9.611997,11.91475,-0.279488,-2.613578,3.037072
9,1789439125.495883703,0.534585907443,-0.273950815252,0.531342589673,0.88509611794,-0.835865964696,1.56916110705,-15.880731,-9.583896,11.578065,-0.284782,-2.613155,3.042012
9,1789439125.500856161,0.534585907443,-0.273950815252,0.531342589673,0.88509611794,-0.835865964696,1.56916110705,-15.874293,-9.563027,11.892751,-0.284969,-2.614797,3.034591
9,1789439125.506167650,0.534585907443,-0.273950815252,0.531342589673,0.88509611794,-0.835865964696,1.56916110705,-15.886263,-9.577952,11.783489,-0.285927,-2.614491,3.036259
9,1789439125.510886192,0.534585907443,-0.273950815252,0.531342589673,0.88509611794,-0.835865964696,1.56916110705,-15.895676,-9.595677,11.692769,-0.284054,-2.615174,3.03775
9,1789439125.515874147,0.534585907443,-0.273950815252,0.531342589673,0.88509611794,-0.835865964696,1.56916110705,-15.912586,-9.577608,11.988234,-0.283916,-2.613142,3.030331
9,1789439125.521147966,0.534585907443,-0.273950815252,0.531342589673,0.88509611794,-0.835865964696,1.56916110705,-15.927601,-9.562899,11.829655,-0.2855,-2.616154,3.035724
9,1789439125.526122332,0.534585907443,-0.273950815252,0.531342589673,0.88509611794,-0.835865964696,1.56916110705,-15.916621,-9.572372,11.912449,-0.284445,-2.614188,3.035381
9,1789439125.531199932,0.534585907443,-0.273950815252,0.531342589673,0.88509611794,-0.835865964696,1.56916110705,-15.91414,-9.582597,12.001469,-0.284688,-2.616059,3.03261
9,1789439125.536278725,0.534585907443,-0.273950815252,0.531342589673,0.88509611794,-0.835865964696,1.56916110705,-15.903981,-9.627677,11.904788,-0.281218,-2.613662,3.036771
9,1789439125.541039467,0.534585907443,-0.273950815252,0.531342589673,0.88509611794,-0.835865964696,1.56916110705,-15.875152,-9.614627,11.883115,-0.284202,-2.612845,3.034855
9,1789439125.545972824,0.534585907443,-0.273950815252,0.531342589673,0.88509611794,-0.835865964696,1.56916110705,-15.882861,-9.554591,12.073538,-0.285075,-2.613321,3.031262
9,1789439125.550805330,0.534585907443,-0.273950815252,0.531342589673,0.88509611794,-0.835865964696,1.56916110705,-15.897319,-9.518105,11.927421,-0.283891,-2.615083,3.032624
9,1789439125.555916548,0.534585907443,-0.273950815252,0.531342589673,0.88509611794,-0.835865964696,1.56916110705,-15.94844,-9.553452,11.769687,-0.285243,-2.616079,3.03903
9,1789439125.560871601,0.534585907443,-0.273950815252,0.531342589673,0.88509611794,-0.835865964696,1.56916110705,-15.943643,-9.597513,11.7178,-0.281425,-2.616691,3.041713
9,1789439125.565820932,0.534585907443,-0.273950815252,0.531342589673,0.88509611794,-0.835865964696,1.56916110705,-15.933522,-9.623307,12.041765,-0.279759,-2.611896,3.035224
9,1789439125.570994616,0.534585907443,-0.273950815252,0.531342589673,0.88509611794,-0.835865964696,1.56916110705,-15.882003,-9.573974,11.755012,-0.284232,-2.615151,3.035771
9,1789439125.575919628,0.534585907443,-0.273950815252,0.531342589673,0.88509611794,-0.835865964696,1.56916110705,-15.915088,-9.598076,11.989374,-0.282447,-2.614164,3.031047
9,1789439125.580815554,0.534585907443,-0.273950815252,0.531342589673,0.88509611794,-0.835865964696,1.56916110705,-15.90298,-9.601809,11.803814,-0.282558,-2.612248,3.0377
9,1789439125.586186171,0.534585907443,-0.273950815252,0.531342589673,0.88509611794,-0.835865964696,1.56916110705,-15.873295,-9.572091,11.91132,-0.285818,-2.61296,3.034835
9,1789439125.590899467,0.534585907443,-0.273950815252,0.531342589673,0.88509611794,-0.835865964696,1.56916110705,-15.888171,-9.555787,11.980307,-0.285416,-2.615212,3.030923
9,1789439125.595926523,0.534585907443,-0.273950815252,0.531342589673,0.88509611794,-0.835865964696,1.56916110705,-15.903975,-9.566463,11.889063,-0.28271,-2.612447,3.032405
9,1789439125.600972891,0.534585907443,-0.273950815252,0.531342589673,0.88509611794,-0.835865964696,1.56916110705,-15.915553,-9.584805,11.88321,-0.284732,-2.615285,3.034459
9,1789439125.606029034,0.534585907443,-0.273950815252,0.531342589673,0.88509611794,-0.835865964696,1.56916110705,-15.928382,-9.545548,12.063966,-0.286057,-2.612657,3.03109
9,1789439125.610966206,0.534585907443,-0.273950815252,0.531342589673,0.88509611794,-0.835865964696,1.56916110705,-15.950489,-9.586629,11.921549,-0.280507,-2.615797,3.035058
9,1789439125.615881681,0.534585907443,-0.273950815252,0.531342589673,0.88509611794,-0.835865964696,1.56916110705,-15.895285,-9.589337,11.75756,-0.284232,-2.614277,3.037605
9,1789439125.620981693,0.534585907443,-0.273950815252,0.531342589673,0.88509611794,-0.835865964696,1.56916110705,-15.894512,-9.606955,11.705319,-0.28174,-2.615942,3.039814
9,1789439125.625909090,0.534585907443,-0.273950815252,0.531342589673,0.88509611794,-0.835865964696,1.56916110705,-15.878468,-9.576149,11.982148,-0.2846,-2.610989,3.032707
9,1789439125.630842209,0.534585907443,-0.273950815252,0.531342589673,0.88509611794,-0.835865964696,1.56916110705,-15.898189,-9.560821,11.781198,-0.284543,-2.615902,3.034481
9,1789439125.636010647,0.534585907443,-0.273950815252,0.531342589673,0.88509611794,-0.835865964696,1.56916110705,-15.916891,-9.581952,11.910212,-0.283036,-2.611398,3.034263
9,1789439125.640998125,0.534585907443,-0.273950815252,0.531342589673,0.88509611794,-0.835865964696,1.56916110705,-15.947248,-9.532309,11.974461,-0.286692,-2.615382,3.03301
9,1789439125.645899773,0.534585907443,-0.273950815252,0.531342589673,0.88509611794,-0.835865964696,1.56916110705,-15.964593,-9.594133,11.905319,-0.279681,-2.615657,3.036643
9,1789439125.650927782,0.534585907443,-0.273950815252,0.531342589673,0.88509611794,-0.835865964696,1.56916110705,-15.88504,-9.576823,11.882937,-0.285581,-2.614336,3.034382
9,1789439125.656151056,0.534585907443,-0.273950815252,0.531342589673,0.88509611794,-0.835865964696,1.56916110705,-15.907847,-9.623722,11.585419,-0.280792,-2.613762,3.040801
9,1789439125.660978794,0.534585907443,-0.273950815252,0.531342589673,0.88509611794,-0.835865964696,1.56916110705,-15.888764,-9.580033,11.896139,-0.284355,-2.612794,3.037101
9,1789439125.666057825,0.534585907443,-0.273950815252,0.531342589673,0.88509611794,-0.835865964696,1.56916110705,-15.886253,-9.562735,11.784125,-0.286229,-2.615625,3.036471
9,1789439125.671007156,0.534585907443,-0.273950815252,0.531342589673,0.88509611794,-0.835865964696,1.56916110705,-15.89209,-9.567915,11.647979,-0.282774,-2.612736,3.038988
9,1789439125.675961018,0.534585907443,-0.273950815252,0.531342589673,0.88509611794,-0.835865964696,1.56916110705,-15.929752,-9.543716,11.979389,-0.2844,-2.614282,3.030315
9,1789439125.680960655,0.534585907443,-0.273950815252,0.531342589673,0.88509611794,-0.835865964696,1.56916110705,-15.923797,-9.54631,11.781694,-0.282863,-2.615351,3.034746
9,1789439125.686199903,0.534585907443,-0.273950815252,0.531342589673,0.88509611794,-0.835865964696,1.56916110705,-15.917516,-9.604834,11.911292,-0.283254,-2.616319,3.03454
9,1789439125.690971851,0.534585907443,-0.273950815252,0.531342589673,0.88509611794,-0.835865964696,1.56916110705,-15.918889,-9.588092,12.05986,-0.281891,-2.612101,3.034723
9,1789439125.695904016,0.534585907443,-0.273950815252,0.531342589673,0.88509611794,-0.835865964696,1.56916110705,-15.873485,-9.56842,11.873598,-0.285419,-2.616089,3.034124
9,1789439125.700928688,0.534585907443,-0.273950815252,0.531342589673,0.88509611794,-0.835865964696,1.56916110705,-15.863601,-9.609203,11.901236,-0.283777,-2.611831,3.034626
9,1789439125.706111670,0.534585907443,-0.273950815252,0.531342589673,0.88509611794,-0.835865964696,1.56916110705,-15.885506,-9.570759,12.052021,-0.286402,-2.613396,3.029453
9,1789439125.710852623,0.534585907443,-0.273950815252,0.531342589673,0.88509611794,-0.835865964696,1.56916110705,-15.916672,-9.550639,11.8826,-0.283299,-2.614219,3.033977
9,1789439125.715832233,0.534585907443,-0.273950815252,0.531342589673,0.88509611794,-0.835865964696,1.56916110705,-15.936137,-9.553553,11.748931,-0.284622,-2.615984,3.037636
9,1789439125.720940351,0.534585907443,-0.273950815252,0.531342589673,0.88509611794,-0.835865964696,1.56916110705,-15.921029,-9.567585,11.668861,-0.284329,-2.615209,3.040196
9,1789439125.725947380,0.534585907443,-0.273950815252,0.531342589673,0.88509611794,-0.835865964696,1.56916110705,-15.938033,-9.617096,12.002034,-0.279607,-2.613264,3.033384
9,1789439125.730920076,0.534585907443,-0.273950815252,0.531342589673,0.88509611794,-0.835865964696,1.56916110705,-15.877074,-9.593821,11.793287,-0.284049,-2.613764,3.036729
9,1789439125.735949516,0.534585907443,-0.273950815252,0.531342589673,0.88509611794,-0.835865964696,1.56916110705,-15.87666,-9.593583,11.919511,-0.282426,-2.612487,3.034223
9,1789439125.740865946,0.534585907443,-0.273950815252,0.531342589673,0.88509611794,-0.835865964696,1.56916110705,-15.874323,-9.538135,11.978766,-0.286321,-2.612235,3.030182
9,1789439125.745833635,0.534585907443,-0.273950815252,0.531342589673,0.88509611794,-0.835865964696,1.56916110705,-15.902526,-9.540536,11.880625,-0.284396,-2.616758,3.032374
9,1789439125.750736475,0.534585907443,-0.273950815252,0.531342589673,0.88509611794,-0.835865964696,1.56916110705,-15.918278,-9.593734,11.884382,-0.282991,-2.614114,3.035377
9,1789439125.755962133,0.534585907443,-0.273950815252,0.531342589673,0.88509611794,-0.835865964696,1.56916110705,-15.912849,-9.583304,12.064398,-0.284702,-2.61461,3.031346
9,1789439125.760946751,0.534585907443,-0.273950815252,0.531342589673,0.88509611794,-0.835865964696,1.56916110705,-15.914631,-9.603943,11.867986,-0.282271,-2.61548,3.036714
9,1789439125.765859604,0.534585907443,-0.273950815252,0.531342589673,0.88509611794,-0.835865964696,1.56916110705,-15.890121,-9.586487,11.722739,-0.284827,-2.614773,3.03911
9,1789439125.771143913,0.534585907443,-0.273950815252,0.531342589673,0.88509611794,-0.835865964696,1.56916110705,-15.893077,-9.615135,11.769547,-0.282572,-2.614486,3.039452
9,1789439125.776062250,0.534585907443,-0.273950815252,0.531342589673,0.88509611794,-0.835865964696,1.56916110705,-15.872133,-9.569324,11.999592,-0.284466,-2.613722,3.031607
9,1789439125.780861855,0.534585907443,-0.273950815252,0.531342589673,0.88509611794,-0.835865964696,1.56916110705,-15.896726,-9.576873,11.89831,-0.283933,-2.612774,3.032411
9,1789439125.785962820,0.534585907443,-0.273950815252,0.531342589673,0.88509611794,-0.835865964696,1.56916110705,-15.873163,-9.577562,12.009063,-0.283681,-2.612768,3.031855
9,1789439125.791188002,0.534585907443,-0.273950815252,0.531342589673,0.88509611794,-0.835865964696,1.56916110705,-15.910344,-9.54145,11.773819,-0.285039,-2.614375,3.035806
9,1789439125.796120167,0.534585907443,-0.273950815252,0.531342589673,0.88509611794,-0.835865964696,1.56916110705,-15.909279,-9.562204,11.925724,-0.282925,-2.612518,3.032014
9,1789439125.801018953,0.534585907443,-0.273950815252,0.531342589673,0.88509611794,-0.835865964696,1.56916110705,-15.934235,-9.545413,11.952341,-0.286048,-2.615827,3.030733
9,1789439125.805989265,0.534585907443,-0.273950815252,0.531342589673,0.88509611794,-0.835865964696,1.56916110705,-15.932493,-9.58609,11.877034,-0.281822,-2.614736,3.036515
9,1789439125.810886860,0.534585907443,-0.273950815252,0.531342589673,0.88509611794,-0.835865964696,1.56916110705,-15.928047,-9.588892,11.914137,-0.280609,-2.615577,3.036351
9,1789439125.815867901,0.534585907443,-0.273950815252,0.531342589673,0.88509611794,-0.835865964696,1.56916110705,-15.866312,-9.602303,12.091323,-0.283939,-2.612329,3.031088
9,1789439125.821047783,0.534585907443,-0.273950815252,0.531342589673,0.88509611794,-0.835865964696,1.56916110705,-15.883501,-9.594707,11.874016,-0.282121,-2.614723,3.034634
9,1789439125.825983286,0.534585907443,-0.273950815252,0.531342589673,0.88509611794,-0.835865964696,1.56916110705,-15.870045,-9.578552,11.748175,-0.285647,-2.612473,3.037738
9,1789439125.830838203,0.534585907443,-0.273950815252,0.531342589673,0.88509611794,-0.835865964696,1.56916110705,-15.870923,-9.562637,11.619563,-0.28561,-2.614871,3.038447
9,1789439125.835936785,0.534585907443,-0.273950815252,0.531342589673,0.88509611794,-0.835865964696,1.56916110705,-15.886454,-9.573472,11.982864,-0.28325,-2.616345,3.032532
9,1789439125.840980053,0.534585907443,-0.273950815252,0.531342589673,0.88509611794,-0.835865964696,1.56916110705,-15.953217,-9.583933,11.761415,-0.28173,-2.614645,3.039972
9,1789439125.845804691,0.534585907443,-0.273950815252,0.531342589673,0.88509611794,-0.835865964696,1.56916110705,-15.923559,-9.611026,11.893943,-0.283698,-2.614146,3.035639
9,1789439125.850773335,0.534585907443,-0.273950815252,0.531342589673,0.88509611794,-0.835865964696,1.56916110705,-15.885559,-9.596099,11.983506,-0.284411,-2.615218,3.033216
9,1789439125.856215954,0.534585907443,-0.273950815252,0.531342589673,0.88509611794,-0.835865964696,1.56916110705,-15.877468,-9.602198,11.902019,-0.282296,-2.611536,3.035102
9,1789439125.860936642,0.534585907443,-0.273950815252,0.531342589673,0.88509611794,-0.835865964696,1.56916110705,-15.859052,-9.5495,11.872245,-0.286947,-2.614231,3.033382
9,1789439125.866033316,0.534585907443,-0.273950815252,0.531342589673,0.88509611794,-0.835865964696,1.56916110705,-15.88701,-9.571778,12.050846,-0.28448,-2.612258,3.028789
9,1789439125.871003389,0.534585907443,-0.273950815252,0.531342589673,0.88509611794,-0.835865964696,1.56916110705,-15.910082,-9.56784,11.880772,-0.283059,-2.614333,3.032862
9,1789439125.876061678,0.534585907443,-0.273950815252,0.531342589673,0.88509611794,-0.835865964696,1.56916110705,-15.913815,-9.535421,11.726829,-0.286833,-2.616133,3.035288
9,1789439125.880877256,0.534585907443,-0.273950815252,0.531342589673,0.88509611794,-0.835865964696,1.56916110705,-15.916319,-9.599489,11.658307,-0.282807,-2.615076,3.039544
9,1789439125.886175632,0.534585907443,-0.273950815252,0.531342589673,0.88509611794,-0.835865964696,1.56916110705,-15.88645,-9.611446,11.991136,-0.282816,-2.613698,3.032351
9,1789439125.891019583,0.534585907443,-0.273950815252,0.531342589673,0.88509611794,-0.835865964696,1.56916110705,-15.88275,-9.601673,11.78325,-0.283898,-2.615642,3.036073
9,1789439125.895927906,0.534585907443,-0.273950815252,0.531342589673,0.88509611794,-0.835865964696,1.56916110705,-15.885073,-9.570489,11.909401,-0.284786,-2.613242,3.033516
9,1789439125.900872707,0.534585907443,-0.273950815252,0.531342589673,0.88509611794,-0.835865964696,1.56916110705,-15.872291,-9.556444,11.98334,-0.285464,-2.613377,3.03313
9,1789439125.906102180,0.534585907443,-0.273950815252,0.531342589673,0.88509611794,-0.835865964696,1.56916110705,-15.888947,-9.549946,11.871199,-0.285925,-2.615203,3.032552
9,1789439125.910945654,0.534585907443,-0.273950815252,0.531342589673,0.88509611794,-0.835865964696,1.56916110705,-15.942874,-9.576376,11.884246,-0.281901,-2.615796,3.03497
9,1789439125.915862560,0.534585907443,-0.273950815252,0.531342589673,0.88509611794,-0.835865964696,1.56916110705,-15.916692,-9.566599,11.783597,-0.284953,-2.613819,3.036306
9,1789439125.921034098,0.534585907443,-0.273950815252,0.531342589673,0.88509611794,-0.835865964696,1.56916110705,-15.93671,-9.600036,11.902548,-0.282136,-2.616815,3.034791
9,1789439125.925962687,0.534585907443,-0.273950815252,0.531342589673,0.88509611794,-0.835865964696,1.56916110705,-15.896775,-9.605424,11.769358,-0.284274,-2.613305,3.039431
9,1789439125.931020498,0.534585907443,-0.273950815252,0.531342589673,0.88509611794,-0.835865964696,1.56916110705,-15.887933,-9.599731,11.614838,-0.283519,-2.614258,3.041661
9,1789439125.936030388,0.534585907443,-0.273950815252,0.531342589673,0.88509611794,-0.835865964696,1.56916110705,-15.878797,-9.581281,11.99211,-0.284724,-2.612818,3.03296
9,1789439125.941028357,0.534585907443,-0.273950815252,0.531342589673,0.88509611794,-0.835865964696,1.56916110705,-15.900371,-9.589968,11.783428,-0.283916,-2.615813,3.036094
9,1789439125.945854902,0.534585907443,-0.273950815252,0.531342589673,0.88509611794,-0.835865964696,1.56916110705,-15.902086,-9.56018,11.900002,-0.285154,-2.612131,3.033514
9,1789439125.950834751,0.534585907443,-0.273950815252,0.531342589673,0.88509611794,-0.835865964696,1.56916110705,-15.970763,-9.546969,11.975352,-0.282144,-2.617603,3.033335
9,1789439125.956109285,0.534585907443,-0.273950815252,0.531342589673,0.88509611794,-0.835865964696,1.56916110705,-15.933756,-9.602884,11.905209,-0.280906,-2.612474,3.037019
9,1789439125.960899830,0.534585907443,-0.273950815252,0.531342589673,0.88509611794,-0.835865964696,1.56916110705,-15.883114,-9.573859,11.880153,-0.285842,-2.61603,3.032361
9,1789439125.965850353,0.534585907443,-0.273950815252,0.531342589673,0.88509611794,-0.835865964696,1.56916110705,-15.912763,-9.612777,12.05722,-0.28085,-2.611638,3.03317
9,1789439125.971008778,0.534585907443,-0.273950815252,0.531342589673,0.88509611794,-0.835865964696,1.56916110705,-15.857689,-9.589816,11.865109,-0.284323,-2.614026,3.034998
9,1789439125.975970030,0.534585907443,-0.273950815252,0.531342589673,0.88509611794,-0.835865964696,1.56916110705,-15.888918,-9.569959,11.765875,-0.28413,-2.615744,3.036695
9,1789439125.980843306,0.534585907443,-0.273950815252,0.531342589673,0.88509611794,-0.835865964696,1.56916110705,-15.911696,-9.535668,11.628516,-0.285549,-2.614721,3.038057
9,1789439125.986169815,0.534585907443,-0.273950815252,0.531342589673,0.88509611794,-0.835865964696,1.56916110705,-15.927544,-9.56323,11.983755,-0.283566,-2.61432,3.033259
9,1789439125.990983486,0.534585907443,-0.273950815252,0.531342589673,0.88509611794,-0.835865964696,1.56916110705,-15.9186,-9.579714,11.729608,-0.284286,-2.615415,3.03738
9,1789439125.995986700,0.534585907443,-0.273950815252,0.531342589673,0.88509611794,-0.835865964696,1.56916110705,-15.930871,-9.558356,11.970642,-0.283763,-2.61405,3.030772
9,1789439126.001002073,0.534585907443,-0.273950815252,0.531342589673,0.88509611794,-0.835865964696,1.56916110705,-15.927347,-9.564731,11.756919,-0.286506,-2.615232,3.036955
9,1789439126.006206512,0.534585907443,-0.273950815252,0.531342589673,0.88509611794,-0.835865964696,1.56916110705,-15.910457,-9.60372,11.926686,-0.282585,-2.613527,3.032744
9,1789439126.010918140,0.534585907443,-0.273950815252,0.531342589673,0.88509611794,-0.835865964696,1.56916110705,-15.882621,-9.620079,11.98889,-0.284947,-2.611541,3.031205
9,1789439126.015856743,0.534585907443,-0.273950815252,0.531342589673,0.88509611794,-0.835865964696,1.56916110705,-15.875592,-9.606016,11.890271,-0.282713,-2.613585,3.033301
9,1789439126.021064043,0.534585907443,-0.273950815252,0.531342589673,0.88509611794,-0.835865964696,1.56916110705,-15.863609,-9.547462,11.889867,-0.287528,-2.612284,3.032951
9,1789439126.026067495,0.534585907443,-0.273950815252,0.531342589673,0.88509611794,-0.835865964696,1.56916110705,-15.909285,-9.548328,12.05228,-0.286161,-2.613446,3.029475
9,1789439126.030872345,0.534585907443,-0.273950815252,0.531342589673,0.88509611794,-0.835865964696,1.56916110705,-15.929333,-9.56652,11.882902,-0.282659,-2.612247,3.03446
9,1789439126.036066771,0.534585907443,-0.273950815252,0.531342589673,0.88509611794,-0.835865964696,1.56916110705,-15.93331,-9.581271,11.745862,-0.285578,-2.61543,3.035855
9,1789439126.041024923,0.534585907443,-0.273950815252,0.531342589673,0.88509611794,-0.835865964696,1.56916110705,-15.928913,-9.612589,11.694214,-0.281464,-2.614952,3.038745
9,1789439126.045944929,0.534585907443,-0.273950815252,0.531342589673,0.88509611794,-0.835865964696,1.56916110705,-15.942701,-9.557423,12.004096,-0.281463,-2.613264,3.034438
9,1789439126.050915241,0.534585907443,-0.273950815252,0.531342589673,0.88509611794,-0.835865964696,1.56916110705,-15.902051,-9.593126,11.81306,-0.283335,-2.613571,3.03748
9,1789439126.056114197,0.534585907443,-0.273950815252,0.531342589673,0.88509611794,-0.835865964696,1.56916110705,-15.873675,-9.571402,11.937274,-0.284509,-2.612952,3.033535
9,1789439126.061107159,0.534585907443,-0.273950815252,0.531342589673,0.88509611794,-0.835865964696,1.56916110705,-15.889443,-9.557878,11.998647,-0.284164,-2.613344,3.030952
9,1789439126.065916777,0.534585907443,-0.273950815252,0.531342589673,0.88509611794,-0.835865964696,1.56916110705,-15.925606,-9.580793,11.865176,-0.281393,-2.615814,3.034695
9,1789439126.071036100,0.534585907443,-0.273950815252,0.531342589673,0.88509611794,-0.835865964696,1.56916110705,-15.926779,-9.547122,11.846856,-0.285466,-2.617118,3.034615
9,1789439126.076192856,0.534585907443,-0.273950815252,0.531342589673,0.88509611794,-0.835865964696,1.56916110705,-15.924831,-9.595799,11.878128,-0.284003,-2.615994,3.037179
9,1789439126.080901384,0.534585907443,-0.273950815252,0.531342589673,0.88509611794,-0.835865964696,1.56916110705,-15.907452,-9.601356,11.88682,-0.283518,-2.614909,3.036938
9,1789439126.086190701,0.534585907443,-0.273950815252,0.531342589673,0.88509611794,-0.835865964696,1.56916110705,-15.885702,-9.632091,11.821509,-0.282003,-2.614063,3.037067
9,1789439126.091079473,0.534585907443,-0.273950815252,0.531342589673,0.88509611794,-0.835865964696,1.56916110705,-15.872135,-9.586657,11.620058,-0.284858,-2.612595,3.039142
9,1789439126.096103668,0.534585907443,-0.273950815252,0.531342589673,0.88509611794,-0.835865964696,1.56916110705,-15.907621,-9.54572,11.9731,-0.284821,-2.614611,3.032284
9,1789439126.101188421,0.534585907443,-0.273950815252,0.531342589673,0.88509611794,-0.835865964696,1.56916110705,-15.917156,-9.560075,11.819429,-0.283831,-2.612902,3.035456
9,1789439126.106059790,0.534585907443,-0.273950815252,0.531342589673,0.88509611794,-0.835865964696,1.56916110705,-15.942306,-9.534867,11.88005,-0.285146,-2.616404,3.031986
9,1789439126.111037970,0.534585907443,-0.273950815252,0.531342589673,0.88509611794,-0.835865964696,1.56916110705,-15.939266,-9.591416,12.010759,-0.283213,-2.613449,3.0329
9,1789439126.115950823,0.534585907443,-0.273950815252,0.531342589673,0.88509611794,-0.835865964696,1.56916110705,-15.931212,-9.598703,11.868527,-0.28341,-2.616212,3.036961
9,1789439126.121217489,0.534585907443,-0.273950815252,0.531342589673,0.88509611794,-0.835865964696,1.56916110705,-15.884972,-9.616566,11.903906,-0.281976,-2.614662,3.036049
9,1789439126.126107216,0.534585907443,-0.273950815252,0.531342589673,0.88509611794,-0.835865964696,1.56916110705,-15.886852,-9.570685,12.063541,-0.286404,-2.614112,3.030821
9,1789439126.131013393,0.534585907443,-0.273950815252,0.531342589673,0.88509611794,-0.835865964696,1.56916110705,-15.8853,-9.569782,11.893024,-0.285744,-2.61453,3.034837
9,1789439126.136182308,0.534585907443,-0.273950815252,0.531342589673,0.88509611794,-0.835865964696,1.56916110705,-15.878865,-9.55649,11.789557,-0.285436,-2.611005,3.034421
9,1789439126.140922546,0.534585907443,-0.273950815252,0.531342589673,0.88509611794,-0.835865964696,1.56916110705,-15.893977,-9.587128,11.654298,-0.28483,-2.616137,3.036786
9,1789439126.145871401,0.534585907443,-0.273950815252,0.531342589673,0.88509611794,-0.835865964696,1.56916110705,-15.91707,-9.564969,11.955614,-0.282333,-2.613453,3.033204
9,1789439126.151051044,0.534585907443,-0.273950815252,0.531342589673,0.88509611794,-0.835865964696,1.56916110705,-15.944249,-9.577559,11.786928,-0.283221,-2.616505,3.038192
9,1789439126.156462908,0.534585907443,-0.273950815252,0.531342589673,0.88509611794,-0.835865964696,1.56916110705,-15.900824,-9.600052,11.911582,-0.282522,-2.612295,3.035159
9,1789439126.161091566,0.534585907443,-0.273950815252,0.531342589673,0.88509611794,-0.835865964696,1.56916110705,-15.869919,-9.566801,11.941875,-0.285382,-2.615418,3.030175
9,1789439126.166007996,0.534585907443,-0.273950815252,0.531342589673,0.88509611794,-0.835865964696,1.56916110705,-15.876929,-9.62205,11.899938,-0.281781,-2.612058,3.033781
9,1789439126.171169043,0.534585907443,-0.273950815252,0.531342589673,0.88509611794,-0.835865964696,1.56916110705,-15.880623,-9.589069,11.901312,-0.284253,-2.613133,3.034416
9,1789439126.176039696,0.534585907443,-0.273950815252,0.531342589673,0.88509611794,-0.835865964696,1.56916110705,-15.89786,-9.548925,12.042929,-0.285877,-2.613523,3.029443
9,1789439126.180900574,0.534585907443,-0.273950815252,0.531342589673,0.88509611794,-0.835865964696,1.56916110705,-15.90404,-9.542798,11.875257,-0.285092,-2.615996,3.035053
9,1789439126.186056376,0.534585907443,-0.273950815252,0.531342589673,0.88509611794,-0.835865964696,1.56916110705,-15.918321,-9.572234,11.766636,-0.284441,-2.615621,3.0372
9,1789439126.191044331,0.534585907443,-0.273950815252,0.531342589673,0.88509611794,-0.835865964696,1.56916110705,-15.901017,-9.61133,11.691153,-0.283755,-2.616123,3.036661
9,1789439126.196083784,0.534585907443,-0.273950815252,0.531342589673,0.88509611794,-0.835865964696,1.56916110705,-15.888437,-9.626779,11.946099,-0.28187,-2.613262,3.033431
9,1789439126.201421022,0.534585907443,-0.273950815252,0.531342589673,0.88509611794,-0.835865964696,1.56916110705,-15.88339,-9.601668,11.775025,-0.283899,-2.616,3.036736
10,1789439218.700817347,0.534575510799,-0.27395336394,0.53138718367,0.058244466776,0.645473988813,1.93643553688,20.238581,4.079462,-0.367259,-2.081204,-1.468677,-0.74499
10,1789439218.705973864,0.534575510799,-0.27395336394,0.53138718367,0.058244466776,0.645473988813,1.93643553688,20.231829,4.092728,-0.442826,-2.084748,-1.467046,-0.745579
10,1789439218.710835457,0.534575510799,-0.27395336394,0.53138718367,0.058244466776,0.645473988813,1.93643553688,20.25096,3.988079,-0.155183,-2.076216,-1.465884,-0.745487
10,1789439218.715934753,0.534575510799,-0.27395336394,0.53138718367,0.058244466776,0.645473988813,1.93643553688,20.276573,4.04637,-0.371787,-2.081068,-1.464904,-0.741239
10,1789439218.721120834,0.534575510799,-0.27395336394,0.53138718367,0.058244466776,0.645473988813,1.93643553688,20.261072,4.074391,-0.288409,-2.082971,-1.4664,-0.74785
10,1789439218.726102829,0.534575510799,-0.27395336394,0.53138718367,0.058244466776,0.645473988813,1.93643553688,20.278422,4.137653,-0.166255,-2.083486,-1.463939,-0.753173
10,1789439218.730909348,0.534575510799,-0.27395336394,0.53138718367,0.058244466776,0.645473988813,1.93643553688,20.248543,4.084863,-0.282049,-2.08077,-1.467971,-0.750048
10,1789439218.735835314,0.534575510799,-0.27395336394,0.53138718367,0.058244466776,0.645473988813,1.93643553688,20.262714,4.054122,-0.27376,-2.082154,-1.46606,-0.744219
10,1789439218.740996361,0.534575510799,-0.27395336394,0.53138718367,0.058244466776,0.645473988813,1.93643553688,20.229183,4.045244,-0.083204,-2.08132,-1.466936,-0.74745
10,1789439218.745878935,0.534575510799,-0.27395336394,0.53138718367,0.058244466776,0.645473988813,1.93643553688,20.241807,4.062096,-0.226409,-2.07966,-1.46322,-0.743448
10,1789439218.750930548,0.534575510799,-0.27395336394,0.53138718367,0.058244466776,0.645473988813,1.93643553688,20.277174,4.056375,-0.41216,-2.085045,-1.469138,-0.743777
10,1789439218.755934238,0.534575510799,-0.27395336394,0.53138718367,0.058244466776,0.645473988813,1.93643553688,20.264109,4.021979,-0.364891,-2.079343,-1.466967,-0.74295
10,1789439218.760858059,0.534575510799,-0.27395336394,0.53138718367,0.058244466776,0.645473988813,1.93643553688,20.266337,4.056044,-0.237717,-2.085013,-1.467016,-0.751138
10,1789439218.765836000,0.534575510799,-0.27395336394,0.53138718367,0.058244466776,0.645473988813,1.93643553688,20.262902,4.063752,-0.347074,-2.077738,-1.466282,-0.743635
10,1789439218.770869970,0.534575510799,-0.27395336394,0.53138718367,0.058244466776,0.645473988813,1.93643553688,20.236972,4.113319,-0.285572,-2.083636,-1.463164,-0.745848
10,1789439218.775924444,0.534575510799,-0.27395336394,0.53138718367,0.058244466776,0.645473988813,1.93643553688,20.223999,4.098876,-0.140826,-2.080724,-1.466902,-0.748924
10,1789439218.781057358,0.534575510799,-0.27395336394,0.53138718367,0.058244466776,0.645473988813,1.93643553688,20.226748,4.03948,-0.258997,-2.079489,-1.462813,-0.746357
10,1789439218.786023140,0.534575510799,-0.27395336394,0.53138718367,0.058244466776,0.645473988813,1.93643553688,20.266901,4.024233,-0.344196,-2.083169,-1.469201,-0.747871
10,1789439218.790942430,0.534575510799,-0.27395336394,0.53138718367,0.058244466776,0.645473988813,1.93643553688,20.307251,4.055766,-0.088668,-2.085109,-1.465388,-0.750785
10,1789439218.795873880,0.534575510799,-0.27395336394,0.53138718367,0.058244466776,0.645473988813,1.93643553688,20.249842,4.061729,-0.253551,-2.082266,-1.466301,-0.749329
10,1789439218.800822973,0.534575510799,-0.27395336394,0.53138718367,0.058244466776,0.645473988813,1.93643553688,20.270066,4.062614,-0.399147,-2.080678,-1.46368,-0.74084
10,1789439218.805974007,0.534575510799,-0.27395336394,0.53138718367,0.058244466776,0.645473988813,1.93643553688,20.26342,4.093736,-0.433084,-2.087073,-1.472368,-0.745836
10,1789439218.810854673,0.534575510799,-0.27395336394,0.53138718367,0.058244466776,0.645473988813,1.93643553688,20.214656,4.072533,-0.166269,-2.079046,-1.466104,-0.747114
10,1789439218.815752506,0.534575510799,-0.27395336394,0.53138718367,0.058244466776,0.645473988813,1.93643553688,20.231361,4.044229,-0.358292,-2.080066,-1.4714,-0.745351
10,1789439218.820789814,0.534575510799,-0.27395336394,0.53138718367,0.058244466776,0.645473988813,1.93643553688,20.245088,4.037542,-0.163677,-2.076354,-1.462893,-0.744887
10,1789439218.825999022,0.534575510799,-0.27395336394,0.53138718367,0.058244466776,0.645473988813,1.93643553688,20.261897,4.098489,-0.452351,-2.085339,-1.470319,-0.74609
10,1789439218.830857992,0.534575510799,-0.27395336394,0.53138718367,0.058244466776,0.645473988813,1.93643553688,20.270487,4.057644,-0.210274,-2.077885,-1.463131,-0.745032
10,1789439218.835840940,0.534575510799,-0.27395336394,0.53138718367,0.058244466776,0.645473988813,1.93643553688,20.253117,4.111156,-0.175216,-2.087274,-1.466981,-0.753116
10,1789439218.841080666,0.534575510799,-0.27395336394,0.53138718367,0.058244466776,0.645473988813,1.93643553688,20.250727,4.042971,-0.27803,-2.079797,-1.466863,-0.747086
10,1789439218.846060514,0.534575510799,-0.27395336394,0.53138718367,0.058244466776,0.645473988813,1.93643553688,20.258529,4.081243,-0.27826,-2.081198,-1.46655,-0.747378
10,1789439218.850972414,0.534575510799,-0.27395336394,0.53138718367,0.058244466776,0.645473988813,1.93643553688,20.254133,4.064081,-0.275842,-2.078673,-1.464783,-0.745548
10,1789439218.856098890,0.534575510799,-0.27395336394,0.53138718367,0.058244466776,0.645473988813,1.93643553688,20.279242,4.137946,-0.277787,-2.088986,-1.467095,-0.747301
10,1789439218.861104727,0.534575510799,-0.27395336394,0.53138718367,0.058244466776,0.645473988813,1.93643553688,20.246021,4.056122,-0.375846,-2.083051,-1.470273,-0.744544
10,1789439218.865728140,0.534575510799,-0.27395336394,0.53138718367,0.058244466776,0.645473988813,1.93643553688,20.238722,4.004753,-0.434047,-2.080324,-1.464893,-0.739189
10,1789439218.871101379,0.534575510799,-0.27395336394,0.53138718367,0.058244466776,0.645473988813,1.93643553688,20.23329,4.008586,-0.167595,-2.079588,-1.469171,-0.747963
10,1789439218.876012802,0.534575510799,-0.27395336394,0.53138718367,0.058244466776,0.645473988813,1.93643553688,20.262332,4.058249,-0.319003,-2.082374,-1.464033,-0.74318
10,1789439218.880899668,0.534575510799,-0.27395336394,0.53138718367,0.058244466776,0.645473988813,1.93643553688,20.285219,4.121066,-0.325065,-2.088739,-1.467932,-0.747803
10,1789439218.885861158,0.534575510799,-0.27395336394,0.53138718367,0.058244466776,0.645473988813,1.93643553688,20.252152,4.069651,-0.102455,-2.075308,-1.462185,-0.747535
10,1789439218.891002178,0.534575510799,-0.27395336394,0.53138718367,0.058244466776,0.645473988813,1.93643553688,20.225394,4.062118,-0.305204,-2.0835,-1.466854,-0.746673
10,1789439218.896018028,0.534575510799,-0.27395336394,0.53138718367,0.058244466776,0.645473988813,1.93643553688,20.2422,4.010369,-0.224188,-2.076336,-1.465371,-0.742011
10,1789439218.900805235,0.534575510799,-0.27395336394,0.53138718367,0.058244466776,0.645473988813,1.93643553688,20.245628,4.108329,-0.098753,-2.087008,-1.467742,-0.751863
10,1789439218.906091690,0.534575510799,-0.27395336394,0.53138718367,0.058244466776,0.645473988813,1.93643553688,20.254518,4.048555,-0.200927,-2.079351,-1.463481,-0.744986
10,1789439218.911106825,0.534575510799,-0.27395336394,0.53138718367,0.058244466776,0.645473988813,1.93643553688,20.265868,4.05112,-0.405448,-2.078997,-1.466859,-0.745284
10,1789439218.915884495,0.534575510799,-0.27395336394,0.53138718367,0.058244466776,0.645473988813,1.93643553688,20.284194,4.036001,-0.394773,-2.080344,-1.464122,-0.743964
10,1789439218.921072960,0.534575510799,-0.27395336394,0.53138718367,0.058244466776,0.645473988813,1.93643553688,20.269409,4.072386,-0.228707,-2.082384,-1.466205,-0.751361
10,1789439218.926023960,0.534575510799,-0.27395336394,0.53138718367,0.058244466776,0.645473988813,1.93643553688,20.265535,4.09633,-0.377184,-2.083771,-1.465811,-0.745104
10,1789439218.930852890,0.534575510799,-0.27395336394,0.53138718367,0.058244466776,0.645473988813,1.93643553688,20.227185,4.108192,-0.280025,-2.083404,-1.463101,-0.74828
10,1789439218.935976982,0.534575510799,-0.27395336394,0.53138718367,0.058244466776,0.645473988813,1.93643553688,20.228345,4.087061,-0.098743,-2.082291,-1.467328,-0.75178
10,1789439218.941176176,0.534575510799,-0.27395336394,0.53138718367,0.058244466776,0.645473988813,1.93643553688,20.239806,4.000459,-0.277313,-2.075894,-1.463794,-0.746112
10,1789439218.945966482,0.534575510799,-0.27395336394,0.53138718367,0.058244466776,0.645473988813,1.93643553688,20.253003,4.086014,-0.306796,-2.086249,-1.469721,-0.748101
10,1789439218.950963259,0.534575510799,-0.27395336394,0.53138718367,0.058244466776,0.645473988813,1.93643553688,20.287939,4.044582,-0.042201,-2.078534,-1.461459,-0.750426
10,1789439218.956138849,0.534575510799,-0.27395336394,0.53138718367,0.058244466776,0.645473988813,1.93643553688,20.275534,4.083869,-0.288368,-2.085377,-1.468948,-0.748113
10,1789439218.960946321,0.534575510799,-0.27395336394,0.53138718367,0.058244466776,0.645473988813,1.93643553688,20.274341,4.065702,-0.429963,-2.082877,-1.465417,-0.742917
10,1789439218.965878487,0.534575510799,-0.27395336394,0.53138718367,0.058244466776,0.645473988813,1.93643553688,20.263177,4.057725,-0.441988,-2.082076,-1.469374,-0.74512
10,1789439218.970908165,0.534575510799,-0.27395336394,0.53138718367,0.058244466776,0.645473988813,1.93643553688,20.239733,4.071222,-0.1528,-2.077518,-1.464675,-0.744225
10,1789439218.976085901,0.534575510799,-0.27395336394,0.53138718367,0.058244466776,0.645473988813,1.93643553688,20.243279,4.101442,-0.342413,-2.083612,-1.468251,-0.747022
10,1789439218.981011391,0.534575510799,-0.27395336394,0.53138718367,0.058244466776,0.645473988813,1.93643553688,20.261027,4.01686,-0.260976,-2.07751,-1.46286,-0.741455
10,1789439218.985859156,0.534575510799,-0.27395336394,0.53138718367,0.058244466776,0.645473988813,1.93643553688,20.282184,4.082346,-0.313174,-2.087699,-1.471861,-0.746365
10,1789439218.991063833,0.534575510799,-0.27395336394,0.53138718367,0.058244466776,0.645473988813,1.93643553688,20.241264,4.02094,-0.220361,-2.077691,-1.463314,-0.745397
10,1789439218.996015072,0.534575510799,-0.27395336394,0.53138718367,0.058244466776,0.645473988813,1.93643553688,20.246528,4.12113,-0.310705,-2.083475,-1.46521,-0.750382
10,1789439219.000864744,0.534575510799,-0.27395336394,0.53138718367,0.058244466776,0.645473988813,1.93643553688,20.265152,4.097982,-0.579779,-2.084381,-1.46837,-0.744041
10,1789439219.006111860,0.534575510799,-0.27395336394,0.53138718367,0.058244466776,0.645473988813,1.93643553688,20.240711,3.981714,-0.197146,-2.074726,-1.464739,-0.742379
10,1789439219.011156559,0.534575510799,-0.27395336394,0.53138718367,0.058244466776,0.645473988813,1.93643553688,20.24624,4.129724,-0.386082,-2.087496,-1.469097,-0.745348
10,1789439219.015938282,0.534575510799,-0.27395336394,0.53138718367,0.058244466776,0.645473988813,1.93643553688,20.228139,4.084625,-0.4042,-2.082346,-1.466598,-0.744599
10,1789439219.020916700,0.534575510799,-0.27395336394,0.53138718367,0.058244466776,0.645473988813,1.93643553688,20.258141,4.004844,-0.151662,-2.079392,-1.466226,-0.749342
10,1789439219.025977850,0.534575510799,-0.27395336394,0.53138718367,0.058244466776,0.645473988813,1.93643553688,20.239969,4.074262,-0.441251,-2.082621,-1.47053,-0.744867
10,1789439219.030958414,0.534575510799,-0.27395336394,0.53138718367,0.058244466776,0.645473988813,1.93643553688,20.250403,4.018252,-0.148287,-2.079386,-1.463324,-0.746887
10,1789439219.035858870,0.534575510799,-0.27395336394,0.53138718367,0.058244466776,0.645473988813,1.93643553688,20.278221,4.073387,-0.421991,-2.085943,-1.471356,-0.75053
10,1789439219.041094065,0.534575510799,-0.27395336394,0.53138718367,0.058244466776,0.645473988813,1.93643553688,20.249812,4.044389,-0.264588,-2.081047,-1.463174,-0.743955
10,1789439219.045936584,0.534575510799,-0.27395336394,0.53138718367,0.058244466776,0.645473988813,1.93643553688,20.265214,4.090041,-0.187492,-2.085854,-1.466883,-0.748866
10,1789439219.050963879,0.534575510799,-0.27395336394,0.53138718367,0.058244466776,0.645473988813,1.93643553688,20.245551,4.059497,-0.260596,-2.079415,-1.465337,-0.741696
10,1789439219.055985928,0.534575510799,-0.27395336394,0.53138718367,0.058244466776,0.645473988813,1.93643553688,20.243915,4.106146,-0.302662,-2.085442,-1.466807,-0.745197
10,1789439219.061048269,0.534575510799,-0.27395336394,0.53138718367,0.058244466776,0.645473988813,1.93643553688,20.234664,4.034938,-0.060563,-2.07833,-1.465931,-0.750765
10,1789439219.067151546,0.534575510799,-0.27395336394,0.53138718367,0.058244466776,0.645473988813,1.93643553688,20.265628,4.08649,-0.269783,-2.081722,-1.461929,-0.747412
10,1789439219.074221134,0.534575510799,-0.27395336394,0.53138718367,0.058244466776,0.645473988813,1.93643553688,20.274533,4.057557,-0.426508,-2.080163,-1.468893,-0.747127
10,1789439219.076228619,0.534575510799,-0.27395336394,0.53138718367,0.058244466776,0.645473988813,1.93643553688,20.285274,4.039953,-0.408947,-2.083484,-1.462684,-0.74088
10,1789439219.082759857,0.534575510799,-0.27395336394,0.53138718367,0.058244466776,0.645473988813,1.93643553688,20.242697,4.089954,-0.169607,-2.081296,-1.468963,-0.749655
10,1789439219.085917234,0.534575510799,-0.27395336394,0.53138718367,0.058244466776,0.645473988813,1.93643553688,20.235914,4.023391,-0.342086,-2.077304,-1.4623,-0.73974
10,1789439219.090915680,0.534575510799,-0.27395336394,0.53138718367,0.058244466776,0.645473988813,1.93643553688,20.274198,4.118218,-0.310834,-2.087167,-1.46969,-0.750878
10,1789439219.095915079,0.534575510799,-0.27395336394,0.53138718367,0.058244466776,0.645473988813,1.93643553688,20.21494,4.059391,-0.114923,-2.077081,-1.465529,-0.749931
10,1789439219.100810528,0.534575510799,-0.27395336394,0.53138718367,0.058244466776,0.645473988813,1.93643553688,20.247293,4.064162,-0.267831,-2.082201,-1.463686,-0.746223
10,1789439219.105860949,0.534575510799,-0.27395336394,0.53138718367,0.058244466776,0.645473988813,1.93643553688,20.261624,4.017474,-0.26587,-2.080744,-1.470575,-0.745477
10,1789439219.111276388,0.534575510799,-0.27395336394,0.53138718367,0.058244466776,0.645473988813,1.93643553688,20.285404,4.016404,-0.091442,-2.079832,-1.463578,-0.746198
10,1789439219.115831375,0.534575510799,-0.27395336394,0.53138718367,0.058244466776,0.645473988813,1.93643553688,20.277479,4.128427,-0.31681,-2.086627,-1.47072,-0.748878
10,1789439219.120883226,0.534575510799,-0.27395336394,0.53138718367,0.058244466776,0.645473988813,1.93643553688,20.267733,4.069823,-0.423362,-2.080827,-1.464903,-0.744683
10,1789439219.125855207,0.534575510799,-0.27395336394,0.53138718367,0.058244466776,0.645473988813,1.93643553688,20.271126,4.094975,-0.499377,-2.082846,-1.467949,-0.746168
10,1789439219.130805969,0.534575510799,-0.27395336394,0.53138718367,0.058244466776,0.645473988813,1.93643553688,20.218112,4.025043,-0.184656,-2.07723,-1.465184,-0.746639
10,1789439219.135746717,0.534575510799,-0.27395336394,0.53138718367,0.058244466776,0.645473988813,1.93643553688,20.268996,4.094306,-0.447472,-2.083838,-1.468843,-0.742728
10,1789439219.140896797,0.534575510799,-0.27395336394,0.53138718367,0.058244466776,0.645473988813,1.93643553688,20.245558,4.067026,-0.265148,-2.082147,-1.466978,-0.744857
10,1789439219.145819426,0.534575510799,-0.27395336394,0.53138718367,0.058244466776,0.645473988813,1.93643553688,20.264568,4.054038,-0.130078,-2.081184,-1.464073,-0.747383
10,1789439219.150696993,0.534575510799,-0.27395336394,0.53138718367,0.058244466776,0.645473988813,1.93643553688,20.299573,4.048114,-0.291092,-2.084629,-1.468874,-0.749686
10,1789439219.155843258,0.534575510799,-0.27395336394,0.53138718367,0.058244466776,0.645473988813,1.93643553688,20.292058,4.06449,-0.345279,-2.083913,-1.468184,-0.748647
10,1789439219.160721302,0.534575510799,-0.27395336394,0.53138718367,0.058244466776,0.645473988813,1.93643553688,20.260408,4.075174,-0.57787,-2.081342,-1.467689,-0.742644
10,1789439219.167181730,0.534575510799,-0.27395336394,0.53138718367,0.058244466776,0.645473988813,1.93643553688,20.240875,4.083334,-0.245976,-2.083375,-1.465609,-0.744405
10,1789439219.172239780,0.534575510799,-0.27395336394,0.53138718367,0.058244466776,0.645473988813,1.93643553688,20.237227,4.105075,-0.350288,-2.084164,-1.46849,-0.746131
10,1789439219.177967548,0.534575510799,-0.27395336394,0.53138718367,0.058244466776,0.645473988813,1.93643553688,20.222753,3.989744,-0.419093,-2.074811,-1.462668,-0.74134
10,1789439219.182243586,0.534575510799,-0.27395336394,0.53138718367,0.058244466776,0.645473988813,1.93643553688,20.276421,4.047467,-0.236474,-2.084263,-1.466687,-0.750246
10,1789439219.187502861,0.534575510799,-0.27395336394,0.53138718367,0.058244466776,0.645473988813,1.93643553688,20.283006,4.039109,-0.412843,-2.079635,-1.46705,-0.743971
10,1789439219.193012714,0.534575510799,-0.27395336394,0.53138718367,0.058244466776,0.645473988813,1.93643553688,20.278043,4.135595,-0.335112,-2.087089,-1.464849,-0.748051
10,1789439219.197553873,0.534575510799,-0.27395336394,0.53138718367,0.058244466776,0.645473988813,1.93643553688,20.229479,4.039592,-0.074365,-2.076281,-1.465479,-0.747632
10,1789439219.201708317,0.534575510799,-0.27395336394,0.53138718367,0.058244466776,0.645473988813,1.93643553688,20.233423,4.105967,-0.296679,-2.084768,-1.465082,-0.747191
10,1789439219.206415415,0.534575510799,-0.27395336394,0.53138718367,0.058244466776,0.645473988813,1.93643553688,20.242133,4.031397,-0.314451,-2.082953,-1.468658,-0.746671
10,1789439219.211395502,0.534575510799,-0.27395336394,0.53138718367,0.058244466776,0.645473988813,1.93643553688,20.281275,4.013738,-0.067019,-2.079555,-1.462915,-0.748396
10,1789439219.216206312,0.534575510799,-0.27395336394,0.53138718367,0.058244466776,0.645473988813,1.93643553688,20.262855,4.034083,-0.258342,-2.085844,-1.468579,-0.746426
10,1789439219.221304417,0.534575510799,-0.27395336394,0.53138718367,0.058244466776,0.645473988813,1.93643553688,20.306709,4.061458,-0.444762,-2.082401,-1.464694,-0.740306
10,1789439219.226017475,0.534575510799,-0.27395336394,0.53138718367,0.058244466776,0.645473988813,1.93643553688,20.24371,4.04666,-0.446471,-2.083248,-1.469437,-0.747999
10,1789439219.230921745,0.534575510799,-0.27395336394,0.53138718367,0.058244466776,0.645473988813,1.93643553688,20.251243,4.080502,-0.176053,-2.079897,-1.462345,-0.747007
10,1789439219.235881567,0.534575510799,-0.27395336394,0.53138718367,0.058244466776,0.645473988813,1.93643553688,20.27895,3.996334,-0.364312,-2.077382,-1.467272,-0.742486
10,1789439219.240981579,0.534575510799,-0.27395336394,0.53138718367,0.058244466776,0.645473988813,1.93643553688,20.276528,4.070883,-0.387277,-2.08275,-1.462518,-0.745122
10,1789439219.245959282,0.534575510799,-0.27395336394,0.53138718367,0.058244466776,0.645473988813,1.93643553688,20.26844,4.134588,-0.199484,-2.087102,-1.467939,-0.750959
10,1789439219.250926018,0.534575510799,-0.27395336394,0.53138718367,0.058244466776,0.645473988813,1.93643553688,20.245889,4.053769,-0.385496,-2.077601,-1.465683,-0.744322
10,1789439219.256048679,0.534575510799,-0.27395336394,0.53138718367,0.058244466776,0.645473988813,1.93643553688,20.260343,4.067995,-0.314852,-2.083121,-1.46748,-0.746978
10,1789439219.260898352,0.534575510799,-0.27395336394,0.53138718367,0.058244466776,0.645473988813,1.93643553688,20.235404,4.041064,-0.161094,-2.079494,-1.46599,-0.743528
10,1789439219.265839577,0.534575510799,-0.27395336394,0.53138718367,0.058244466776,0.645473988813,1.93643553688,20.23673,4.073835,-0.26348,-2.080351,-1.46404,-0.743505
10,1789439219.270946026,0.534575510799,-0.27395336394,0.53138718367,0.058244466776,0.645473988813,1.93643553688,20.257809,4.056799,-0.26427,-2.083047,-1.46503,-0.743987
10,1789439219.275860786,0.534575510799,-0.27395336394,0.53138718367,0.058244466776,0.645473988813,1.93643553688,20.278786,4.050815,-0.099425,-2.085168,-1.468404,-0.752071
10,1789439219.280842781,0.534575510799,-0.27395336394,0.53138718367,0.058244466776,0.645473988813,1.93643553688,20.231073,4.058806,-0.267112,-2.078743,-1.46498,-0.745934
10,1789439219.285809755,0.534575510799,-0.27395336394,0.53138718367,0.058244466776,0.645473988813,1.93643553688,20.2579,4.063833,-0.431262,-2.083205,-1.465582,-0.743784
10,1789439219.290959358,0.534575510799,-0.27395336394,0.53138718367,0.058244466776,0.645473988813,1.93643553688,20.273917,4.032631,-0.470312,-2.080738,-1.466668,-0.738883
10,1789439219.295882225,0.534575510799,-0.27395336394,0.53138718367,0.058244466776,0.645473988813,1.93643553688,20.22618,4.090379,-0.178125,-2.08253,-1.465636,-0.748766
10,1789439219.300796509,0.534575510799,-0.27395336394,0.53138718367,0.058244466776,0.645473988813,1.93643553688,20.245731,4.03185,-0.37324,-2.079075,-1.465831,-0.74227
10,1789439219.305967093,0.534575510799,-0.27395336394,0.53138718367,0.058244466776,0.645473988813,1.93643553688,20.264167,4.028067,-0.310571,-2.083726,-1.468065,-0.744021
10,1789439219.310925245,0.534575510799,-0.27395336394,0.53138718367,0.058244466776,0.645473988813,1.93643553688,20.273852,4.102481,-0.138748,-2.084612,-1.466531,-0.753527
10,1789439219.315915108,0.534575510799,-0.27395336394,0.53138718367,0.058244466776,0.645473988813,1.93643553688,20.274849,4.106809,-0.270689,-2.079016,-1.461632,-0.748111
10,1789439219.321050882,0.534575510799,-0.27395336394,0.53138718367,0.058244466776,0.645473988813,1.93643553688,20.256821,4.120428,-0.287803,-2.084493,-1.466381,-0.747678
10,1789439219.326020241,0.534575510799,-0.27395336394,0.53138718367,0.058244466776,0.645473988813,1.93643553688,20.242392,4.072991,-0.264442,-2.079744,-1.466376,-0.744397
10,1789439219.330909967,0.534575510799,-0.27395336394,0.53138718367,0.058244466776,0.645473988813,1.93643553688,20.203433,4.034597,-0.229419,-2.080526,-1.463933,-0.745369
10,1789439219.335846424,0.534575510799,-0.27395336394,0.53138718367,0.058244466776,0.645473988813,1.93643553688,20.230248,4.066668,-0.287013,-2.082442,-1.467899,-0.747098
10,1789439219.341018438,0.534575510799,-0.27395336394,0.53138718367,0.058244466776,0.645473988813,1.93643553688,20.270563,4.094798,-0.341016,-2.087704,-1.469957,-0.746183
10,1789439219.345901489,0.534575510799,-0.27395336394,0.53138718367,0.058244466776,0.645473988813,1.93643553688,20.255685,4.038389,-0.094272,-2.077975,-1.465142,-0.748393
10,1789439219.350796223,0.534575510799,-0.27395336394,0.53138718367,0.058244466776,0.645473988813,1.93643553688,20.246057,4.049587,-0.359368,-2.081885,-1.463999,-0.745212
10,1789439219.356025696,0.534575510799,-0.27395336394,0.53138718367,0.058244466776,0.645473988813,1.93643553688,20.26454,4.120479,-0.305205,-2.086781,-1.470051,-0.747264
10,1789439219.360877275,0.534575510799,-0.27395336394,0.53138718367,0.058244466776,0.645473988813,1.93643553688,20.237789,4.014097,-0.109114,-2.074616,-1.463244,-0.745653
10,1789439219.365904808,0.534575510799,-0.27395336394,0.53138718367,0.058244466776,0.645473988813,1.93643553688,20.260415,4.057934,-0.300339,-2.080764,-1.463813,-0.74314
10,1789439219.370849133,0.534575510799,-0.27395336394,0.53138718367,0.058244466776,0.645473988813,1.93643553688,20.255788,4.170626,-0.30954,-2.086897,-1.468816,-0.750231
10,1789439219.375989676,0.534575510799,-0.27395336394,0.53138718367,0.058244466776,0.645473988813,1.93643553688,20.239012,4.040567,-0.05191,-2.076583,-1.46181,-0.750778
10,1789439219.380915165,0.534575510799,-0.27395336394,0.53138718367,0.058244466776,0.645473988813,1.93643553688,20.237274,4.022164,-0.264513,-2.080576,-1.467822,-0.744328
10,1789439219.385870934,0.534575510799,-0.27395336394,0.53138718367,0.058244466776,0.645473988813,1.93643553688,20.261496,4.040559,-0.449001,-2.081815,-1.467473,-0.743323
10,1789439219.390985250,0.534575510799,-0.27395336394,0.53138718367,0.058244466776,0.645473988813,1.93643553688,20.293159,4.06801,-0.493921,-2.084478,-1.46566,-0.742159
10,1789439219.395906210,0.534575510799,-0.27395336394,0.53138718367,0.058244466776,0.645473988813,1.93643553688,20.245907,4.053321,-0.147599,-2.080844,-1.466043,-0.746912
10,1789439219.400902033,0.534575510799,-0.27395336394,0.53138718367,0.058244466776,0.645473988813,1.93643553688,20.241542,4.071541,-0.394107,-2.084295,-1.468167,-0.74415
10,1789439219.405982971,0.534575510799,-0.27395336394,0.53138718367,0.058244466776,0.645473988813,1.93643553688,20.241804,4.045151,-0.287154,-2.082314,-1.468125,-0.747093
10,1789439219.410885334,0.534575510799,-0.27395336394,0.53138718367,0.058244466776,0.645473988813,1.93643553688,20.23193,4.064612,-0.163358,-2.080539,-1.463874,-0.750965
10,1789439219.415860653,0.534575510799,-0.27395336394,0.53138718367,0.058244466776,0.645473988813,1.93643553688,20.256486,4.077846,-0.264091,-2.081918,-1.465043,-0.744
10,1789439219.420888662,0.534575510799,-0.27395336394,0.53138718367,0.058244466776,0.645473988813,1.93643553688,20.271862,4.030946,-0.278405,-2.082697,-1.466207,-0.747134
10,1789439219.425904274,0.534575510799,-0.27395336394,0.53138718367,0.058244466776,0.645473988813,1.93643553688,20.27657,4.034648,-0.080368,-2.07842,-1.464305,-0.751329
10,1789439219.430835962,0.534575510799,-0.27395336394,0.53138718367,0.058244466776,0.645473988813,1.93643553688,20.262228,4.088651,-0.270407,-2.083616,-1.466264,-0.748295
10,1789439219.435820818,0.534575510799,-0.27395336394,0.53138718367,0.058244466776,0.645473988813,1.93643553688,20.233131,4.041312,-0.393937,-2.077217,-1.466846,-0.743839
10,1789439219.441064358,0.534575510799,-0.27395336394,0.53138718367,0.058244466776,0.645473988813,1.93643553688,20.257254,4.085825,-0.522168,-2.08303,-1.464439,-0.742384
10,1789439219.446134329,0.534575510799,-0.27395336394,0.53138718367,0.058244466776,0.645473988813,1.93643553688,20.277266,4.111716,-0.47684,-2.085067,-1.468497,-0.743711
10,1789439219.450927734,0.534575510799,-0.27395336394,0.53138718367,0.058244466776,0.645473988813,1.93643553688,20.251491,4.096816,-0.420458,-2.083412,-1.46679,-0.743116
10,1789439219.456119537,0.534575510799,-0.27395336394,0.53138718367,0.058244466776,0.645473988813,1.93643553688,20.236098,4.095049,-0.197397,-2.085674,-1.46659,-0.74928
10,1789439219.460867882,0.534575510799,-0.27395336394,0.53138718367,0.058244466776,0.645473988813,1.93643553688,20.243968,4.006419,-0.366421,-2.076428,-1.467589,-0.743996
10,1789439219.465923309,0.534575510799,-0.27395336394,0.53138718367,0.058244466776,0.645473988813,1.93643553688,20.250175,4.013174,-0.251217,-2.078857,-1.465142,-0.747464
10,1789439219.470828533,0.534575510799,-0.27395336394,0.53138718367,0.058244466776,0.645473988813,1.93643553688,20.265678,4.096119,-0.198367,-2.085386,-1.465609,-0.74979
10,1789439219.476017952,0.534575510799,-0.27395336394,0.53138718367,0.058244466776,0.645473988813,1.93643553688,20.280571,4.098008,-0.293054,-2.081831,-1.465071,-0.744781
10,1789439219.480968475,0.534575510799,-0.27395336394,0.53138718367,0.058244466776,0.645473988813,1.93643553688,20.258885,4.078468,-0.275538,-2.082874,-1.4649,-0.745373
10,1789439219.485906839,0.534575510799,-0.27395336394,0.53138718367,0.058244466776,0.645473988813,1.93643553688,20.258175,4.094815,-0.304774,-2.081533,-1.466568,-0.746536
10,1789439219.491087437,0.534575510799,-0.27395336394,0.53138718367,0.058244466776,0.645473988813,1.93643553688,20.201926,4.030471,-0.202737,-2.078687,-1.466107,-0.746421
10,1789439219.495960951,0.534575510799,-0.27395336394,0.53138718367,0.058244466776,0.645473988813,1.93643553688,20.25075,4.05428,-0.291351,-2.082447,-1.465972,-0.743552
10,1789439219.500907660,0.534575510799,-0.27395336394,0.53138718367,0.058244466776,0.645473988813,1.93643553688,20.2569,4.047095,-0.274335,-2.081987,-1.468676,-0.744859
10,1789439219.505974770,0.534575510799,-0.27395336394,0.53138718367,0.058244466776,0.645473988813,1.93643553688,20.260103,4.043724,-0.20261,-2.083348,-1.464681,-0.746133
10,1789439219.511018038,0.534575510799,-0.27395336394,0.53138718367,0.058244466776,0.645473988813,1.93643553688,20.273693,4.062965,-0.41347,-2.081333,-1.468185,-0.745326
10,1789439219.516059399,0.534575510799,-0.27395336394,0.53138718367,0.058244466776,0.645473988813,1.93643553688,20.242018,4.079805,-0.254728,-2.079897,-1.466159,-0.750219
10,1789439219.521043539,0.534575510799,-0.27395336394,0.53138718367,0.058244466776,0.645473988813,1.93643553688,20.255098,4.097263,-0.166336,-2.083714,-1.464437,-0.753083
10,1789439219.525859118,0.534575510799,-0.27395336394,0.53138718367,0.058244466776,0.645473988813,1.93643553688,20.260292,4.081505,-0.294793,-2.083782,-1.467324,-0.746072
10,1789439219.530849218,0.534575510799,-0.27395336394,0.53138718367,0.058244466776,0.645473988813,1.93643553688,20.244972,4.058035,-0.309603,-2.082672,-1.466029,-0.743349
10,1789439219.535706997,0.534575510799,-0.27395336394,0.53138718367,0.058244466776,0.645473988813,1.93643553688,20.25776,4.052399,-0.075284,-2.07992,-1.465026,-0.748174
10,1789439219.540884018,0.534575510799,-0.27395336394,0.53138718367,0.058244466776,0.645473988813,1.93643553688,20.242611,4.015987,-0.212572,-2.078133,-1.464618,-0.7465
10,1789439219.545851707,0.534575510799,-0.27395336394,0.53138718367,0.058244466776,0.645473988813,1.93643553688,20.282757,4.084937,-0.454037,-2.087297,-1.467994,-0.746813
10,1789439219.550952911,0.534575510799,-0.27395336394,0.53138718367,0.058244466776,0.645473988813,1.93643553688,20.284986,4.060149,-0.52463,-2.08109,-1.467116,-0.744167
10,1789439219.555846930,0.534575510799,-0.27395336394,0.53138718367,0.058244466776,0.645473988813,1.93643553688,20.234258,4.057769,-0.142282,-2.078762,-1.462094,-0.749137
10,1789439219.560906172,0.534575510799,-0.27395336394,0.53138718367,0.058244466776,0.645473988813,1.93643553688,20.254972,4.118741,-0.440034,-2.085822,-1.467077,-0.743861
10,1789439219.565818310,0.534575510799,-0.27395336394,0.53138718367,0.058244466776,0.645473988813,1.93643553688,20.221704,4.035129,-0.283913,-2.081861,-1.468767,-0.745017
10,1789439219.570971966,0.534575510799,-0.27395336394,0.53138718367,0.058244466776,0.645473988813,1.93643553688,20.228848,4.102115,-0.176045,-2.085815,-1.464056,-0.747241
10,1789439219.575757027,0.534575510799,-0.27395336394,0.53138718367,0.058244466776,0.645473988813,1.93643553688,20.251521,4.030417,-0.296892,-2.080412,-1.468142,-0.747321
10,1789439219.580827951,0.534575510799,-0.27395336394,0.53138718367,0.058244466776,0.645473988813,1.93643553688,20.298703,4.036216,-0.24889,-2.081339,-1.463531,-0.745808
10,1789439219.585688591,0.534575510799,-0.27395336394,0.53138718367,0.058244466776,0.645473988813,1.93643553688,20.282609,4.107094,-0.090558,-2.082912,-1.465469,-0.752354
10,1789439219.590869427,0.534575510799,-0.27395336394,0.53138718367,0.058244466776,0.645473988813,1.93643553688,20.271515,4.050298,-0.216119,-2.075472,-1.461324,-0.742564
10,1789439219.595889807,0.534575510799,-0.27395336394,0.53138718367,0.058244466776,0.645473988813,1.93643553688,20.258941,4.137669,-0.47223,-2.087015,-1.469938,-0.747066
10,1789439219.600750685,0.534575510799,-0.27395336394,0.53138718367,0.058244466776,0.645473988813,1.93643553688,20.244242,4.100943,-0.422083,-2.081363,-1.466633,-0.744218
10,1789439219.605878830,0.534575510799,-0.27395336394,0.53138718367,0.058244466776,0.645473988813,1.93643553688,20.239823,4.028989,-0.194677,-2.080416,-1.466039,-0.747162
10,1789439219.610998869,0.534575510799,-0.27395336394,0.53138718367,0.058244466776,0.645473988813,1.93643553688,20.280736,4.039763,-0.445651,-2.079949,-1.469039,-0.741317
10,1789439219.615804911,0.534575510799,-0.27395336394,0.53138718367,0.058244466776,0.645473988813,1.93643553688,20.271512,4.036293,-0.253887,-2.080316,-1.463851,-0.743067
10,1789439219.620648146,0.534575510799,-0.27395336394,0.53138718367,0.058244466776,0.645473988813,1.93643553688,20.230737,4.072429,-0.149904,-2.081661,-1.465716,-0.748484
10,1789439219.625904799,0.534575510799,-0.27395336394,0.53138718367,0.058244466776,0.645473988813,1.93643553688,20.235,4.087702,-0.296346,-2.081316,-1.465102,-0.746927
10,1789439219.630785942,0.534575510799,-0.27395336394,0.53138718367,0.058244466776,0.645473988813,1.93643553688,20.255895,4.088186,-0.306833,-2.083931,-1.468841,-0.754151
10,1789439219.635752201,0.534575510799,-0.27395336394,0.53138718367,0.058244466776,0.645473988813,1.93643553688,20.260448,4.038109,-0.043933,-2.07927,-1.463017,-0.75171
10,1789439219.640903950,0.534575510799,-0.27395336394,0.53138718367,0.058244466776,0.645473988813,1.93643553688,20.258089,4.094369,-0.288398,-2.085419,-1.468015,-0.748097
10,1789439219.645892859,0.534575510799,-0.27395336394,0.53138718367,0.058244466776,0.645473988813,1.93643553688,20.246714,4.099193,-0.414951,-2.082057,-1.464504,-0.739295
10,1789439219.650741100,0.534575510799,-0.27395336394,0.53138718367,0.058244466776,0.645473988813,1.93643553688,20.222837,4.047302,-0.237235,-2.082872,-1.466974,-0.744757
10,1789439219.655880451,0.534575510799,-0.27395336394,0.53138718367,0.058244466776,0.645473988813,1.93643553688,20.218915,4.032547,-0.262392,-2.080946,-1.467686,-0.742259
10,1789439219.660788536,0.534575510799,-0.27395336394,0.53138718367,0.058244466776,0.645473988813,1.93643553688,20.269127,4.007725,-0.545495,-2.08129,-1.466133,-0.739184
10,1789439219.665767431,0.534575510799,-0.27395336394,0.53138718367,0.058244466776,0.645473988813,1.93643553688,20.27694,4.001761,-0.206781,-2.080798,-1.467748,-0.749005
10,1789439219.670703650,0.534575510799,-0.27395336394,0.53138718367,0.058244466776,0.645473988813,1.93643553688,20.302188,4.113535,-0.410943,-2.086995,-1.464982,-0.748851
10,1789439219.675932407,0.534575510799,-0.27395336394,0.53138718367,0.058244466776,0.645473988813,1.93643553688,20.271176,4.138569,-0.228316,-2.083768,-1.462492,-0.751017
10,1789439219.681002855,0.534575510799,-0.27395336394,0.53138718367,0.058244466776,0.645473988813,1.93643553688,20.24045,4.097374,-0.208582,-2.083364,-1.465406,-0.750419
10,1789439219.685822964,0.534575510799,-0.27395336394,0.53138718367,0.058244466776,0.645473988813,1.93643553688,20.214869,4.046277,-0.261111,-2.078353,-1.467522,-0.74833
10,1789439219.691066265,0.534575510799,-0.27395336394,0.53138718367,0.058244466776,0.645473988813,1.93643553688,20.260504,4.044044,-0.311144,-2.08011,-1.463602,-0.744034
10,1789439219.695934296,0.534575510799,-0.27395336394,0.53138718367,0.058244466776,0.645473988813,1.93643553688,20.28038,4.118201,-0.097702,-2.082005,-1.463608,-0.750808
10,1789439219.700890541,0.534575510799,-0.27395336394,0.53138718367,0.058244466776,0.645473988813,1.93643553688,20.270561,4.091817,-0.312432,-2.082916,-1.465005,-0.745239
10,1789439219.706041098,0.534575510799,-0.27395336394,0.53138718367,0.058244466776,0.645473988813,1.93643553688,20.289049,4.054694,-0.432097,-2.084457,-1.467928,-0.744501
10,1789439219.711049557,0.534575510799,-0.27395336394,0.53138718367,0.058244466776,0.645473988813,1.93643553688,20.267555,3.989656,-0.527487,-2.079772,-1.468649,-0.739785
10,1789439219.716022253,0.534575510799,-0.27395336394,0.53138718367,0.058244466776,0.645473988813,1.93643553688,20.262706,4.074781,-0.249,-2.085555,-1.467177,-0.746464
10,1789439219.721136332,0.534575510799,-0.27395336394,0.53138718367,0.058244466776,0.645473988813,1.93643553688,20.26409,4.076556,-0.374846,-2.078734,-1.465221,-0.743479
10,1789439219.726128340,0.534575510799,-0.27395336394,0.53138718367,0.058244466776,0.645473988813,1.93643553688,20.231969,4.0895,-0.275627,-2.084818,-1.463742,-0.745354
10,1789439219.730883837,0.534575510799,-0.27395336394,0.53138718367,0.058244466776,0.645473988813,1.93643553688,20.248117,4.065303,-0.192702,-2.083496,-1.470709,-0.746538
10,1789439219.735879421,0.534575510799,-0.27395336394,0.53138718367,0.058244466776,0.645473988813,1.93643553688,20.241594,3.982016,-0.257371,-2.078268,-1.466378,-0.745395
10,1789439219.741004705,0.534575510799,-0.27395336394,0.53138718367,0.058244466776,0.645473988813,1.93643553688,20.297918,4.023404,-0.287436,-2.080016,-1.464408,-0.746732
10,1789439219.745890617,0.534575510799,-0.27395336394,0.53138718367,0.058244466776,0.645473988813,1.93643553688,20.291789,4.091557,-0.125222,-2.087172,-1.468219,-0.750846
10,1789439219.750818491,0.534575510799,-0.27395336394,0.53138718367,0.058244466776,0.645473988813,1.93643553688,20.287403,4.120291,-0.316973,-2.084875,-1.464309,-0.748238
10,1789439219.756032944,0.534575510799,-0.27395336394,0.53138718367,0.058244466776,0.645473988813,1.93643553688,20.233865,4.027051,-0.393377,-2.078191,-1.466836,-0.743382
10,1789439219.760929823,0.534575510799,-0.27395336394,0.53138718367,0.058244466776,0.645473988813,1.93643553688,20.244653,4.035986,-0.538592,-2.084141,-1.466891,-0.740967
10,1789439219.765902519,0.534575510799,-0.27395336394,0.53138718367,0.058244466776,0.645473988813,1.93643553688,20.250944,4.029896,-0.199837,-2.082357,-1.468476,-0.750777
10,1789439219.770983219,0.534575510799,-0.27395336394,0.53138718367,0.058244466776,0.645473988813,1.93643553688,20.277483,4.023216,-0.375501,-2.079971,-1.46211,-0.743245
10,1789439219.776218891,0.534575510799,-0.27395336394,0.53138718367,0.058244466776,0.645473988813,1.93643553688,20.281381,4.098571,-0.277612,-2.086018,-1.467087,-0.747018
10,1789439219.781144619,0.534575510799,-0.27395336394,0.53138718367,0.058244466776,0.645473988813,1.93643553688,20.251763,4.07555,-0.140273,-2.079693,-1.463636,-0.748063
10,1789439219.786027431,0.534575510799,-0.27395336394,0.53138718367,0.058244466776,0.645473988813,1.93643553688,20.245025,4.066428,-0.300709,-2.082793,-1.466927,-0.749842
10,1789439219.791080952,0.534575510799,-0.27395336394,0.53138718367,0.058244466776,0.645473988813,1.93643553688,20.233924,4.054871,-0.258147,-2.081107,-1.467422,-0.746372
10,1789439219.796051264,0.534575510799,-0.27395336394,0.53138718367,0.058244466776,0.645473988813,1.93643553688,20.248469,4.100666,-0.158449,-2.082017,-1.463779,-0.747901
10,1789439219.800888300,0.534575510799,-0.27395336394,0.53138718367,0.058244466776,0.645473988813,1.93643553688,20.244476,4.100812,-0.256504,-2.080722,-1.465544,-0.745327
10,1789439219.806057215,0.534575510799,-0.27395336394,0.53138718367,0.058244466776,0.645473988813,1.93643553688,20.236331,4.061408,-0.272953,-2.079993,-1.465482,-0.743718
10,1789439219.811173916,0.534575510799,-0.27395336394,0.53138718367,0.058244466776,0.645473988813,1.93643553688,20.252097,4.040069,-0.339118,-2.083114,-1.471674,-0.744926
10,1789439219.816127062,0.534575510799,-0.27395336394,0.53138718367,0.058244466776,0.645473988813,1.93643553688,20.253639,4.035493,-0.175402,-2.082559,-1.466179,-0.746732
10,1789439219.821219444,0.534575510799,-0.27395336394,0.53138718367,0.058244466776,0.645473988813,1.93643553688,20.271994,4.046727,-0.379065,-2.078461,-1.465885,-0.746151
10,1789439219.826175928,0.534575510799,-0.27395336394,0.53138718367,0.058244466776,0.645473988813,1.93643553688,20.309126,4.129823,-0.287014,-2.084379,-1.462075,-0.746686
10,1789439219.831205368,0.534575510799,-0.27395336394,0.53138718367,0.058244466776,0.645473988813,1.93643553688,20.24946,4.112631,-0.208896,-2.085953,-1.469495,-0.751121
10,1789439219.836131573,0.534575510799,-0.27395336394,0.53138718367,0.058244466776,0.645473988813,1.93643553688,20.215617,4.001361,-0.242828,-2.073569,-1.46273,-0.741751
10,1789439219.841127634,0.534575510799,-0.27395336394,0.53138718367,0.058244466776,0.645473988813,1.93643553688,20.239521,4.098284,-0.296249,-2.08529,-1.467971,-0.747181
10,1789439219.845998764,0.534575510799,-0.27395336394,0.53138718367,0.058244466776,0.645473988813,1.93643553688,20.269767,4.100472,-0.089121,-2.082716,-1.465723,-0.751421
10,1789439219.850951433,0.534575510799,-0.27395336394,0.53138718367,0.058244466776,0.645473988813,1.93643553688,20.273951,4.074349,-0.27297,-2.08235,-1.465949,-0.749867
10,1789439219.855937481,0.534575510799,-0.27395336394,0.53138718367,0.058244466776,0.645473988813,1.93643553688,20.292111,4.055821,-0.423724,-2.081526,-1.465984,-0.744936
10,1789439219.860810280,0.534575510799,-0.27395336394,0.53138718367,0.058244466776,0.645473988813,1.93643553688,20.268464,4.022997,-0.518999,-2.079973,-1.4667,-0.740272
10,1789439219.865990639,0.534575510799,-0.27395336394,0.53138718367,0.058244466776,0.645473988813,1.93643553688,20.238838,4.065525,-0.558002,-2.078615,-1.468118,-0.741873
10,1789439219.871107578,0.534575510799,-0.27395336394,0.53138718367,0.058244466776,0.645473988813,1.93643553688,20.235024,4.08929,-0.230848,-2.081611,-1.466401,-0.74683
10,1789439219.875819683,0.534575510799,-0.27395336394,0.53138718367,0.058244466776,0.645473988813,1.93643553688,20.25879,4.04615,-0.400713,-2.080393,-1.466702,-0.74213
10,1789439219.880876780,0.534575510799,-0.27395336394,0.53138718367,0.058244466776,0.645473988813,1.93643553688,20.264811,4.075097,-0.302757,-2.083289,-1.465581,-0.74497
10,1789439219.885866642,0.534575510799,-0.27395336394,0.53138718367,0.058244466776,0.645473988813,1.93643553688,20.243562,4.023411,-0.201404,-2.079907,-1.465391,-0.74538
10,1789439219.890859365,0.534575510799,-0.27395336394,0.53138718367,0.058244466776,0.645473988813,1.93643553688,20.251154,4.063402,-0.301715,-2.082243,-1.467466,-0.744466
10,1789439219.895829678,0.534575510799,-0.27395336394,0.53138718367,0.058244466776,0.645473988813,1.93643553688,20.261577,4.052978,-0.256334,-2.080559,-1.464747,-0.744861
10,1789439219.900964499,0.534575510799,-0.27395336394,0.53138718367,0.058244466776,0.645473988813,1.93643553688,20.278396,4.058483,-0.127572,-2.08467,-1.468959,-0.752337
10,1789439219.906005621,0.534575510799,-0.27395336394,0.53138718367,0.058244466776,0.645473988813,1.93643553688,20.26225,4.06693,-0.24555,-2.081858,-1.464973,-0.743972
10,1789439219.911033154,0.534575510799,-0.27395336394,0.53138718367,0.058244466776,0.645473988813,1.93643553688,20.260356,4.072311,-0.378718,-2.08366,-1.465643,-0.745967
10,1789439219.915859461,0.534575510799,-0.27395336394,0.53138718367,0.058244466776,0.645473988813,1.93643553688,20.254371,4.090349,-0.51117,-2.081948,-1.465562,-0.741448
10,1789439219.920910597,0.534575510799,-0.27395336394,0.53138718367,0.058244466776,0.645473988813,1.93643553688,20.221516,4.022425,-0.141418,-2.078595,-1.467821,-0.749041
10,1789439219.925823212,0.534575510799,-0.27395336394,0.53138718367,0.058244466776,0.645473988813,1.93643553688,20.266488,4.045818,-0.428983,-2.081695,-1.463553,-0.741985
10,1789439219.930831909,0.534575510799,-0.27395336394,0.53138718367,0.058244466776,0.645473988813,1.93643553688,20.286828,4.022356,-0.276888,-2.081326,-1.469309,-0.746453
10,1789439219.935754061,0.534575510799,-0.27395336394,0.53138718367,0.058244466776,0.645473988813,1.93643553688,20.284434,4.076294,-0.179767,-2.08135,-1.461971,-0.749322
10,1789439219.940800667,0.534575510799,-0.27395336394,0.53138718367,0.058244466776,0.645473988813,1.93643553688,20.262816,4.075908,-0.305741,-2.080034,-1.465538,-0.746969
10,1789439219.945843935,0.534575510799,-0.27395336394,0.53138718367,0.058244466776,0.645473988813,1.93643553688,20.24831,4.088874,-0.278588,-2.082291,-1.466324,-0.7476
10,1789439219.950720072,0.534575510799,-0.27395336394,0.53138718367,0.058244466776,0.645473988813,1.93643553688,20.250531,4.064899,-0.11433,-2.082854,-1.468542,-0.749799
10,1789439219.955851078,0.534575510799,-0.27395336394,0.53138718367,0.058244466776,0.645473988813,1.93643553688,20.23388,4.047722,-0.262849,-2.078368,-1.466149,-0.743222
10,1789439219.961799383,0.534575510799,-0.27395336394,0.53138718367,0.058244466776,0.645473988813,1.93643553688,20.235068,4.060526,-0.29062,-2.079364,-1.465088,-0.743066
10,1789439219.965840816,0.534575510799,-0.27395336394,0.53138718367,0.058244466776,0.645473988813,1.93643553688,20.265001,4.029138,-0.282412,-2.079504,-1.46645,-0.743741
10,1789439219.970892429,0.534575510799,-0.27395336394,0.53138718367,0.058244466776,0.645473988813,1.93643553688,20.243682,4.066465,-0.328266,-2.081512,-1.467307,-0.743593
10,1789439219.976075172,0.534575510799,-0.27395336394,0.53138718367,0.058244466776,0.645473988813,1.93643553688,20.244163,4.024613,-0.338823,-2.076326,-1.464865,-0.743991
10,1789439219.980787516,0.534575510799,-0.27395336394,0.53138718367,0.058244466776,0.645473988813,1.93643553688,20.264127,4.122888,-0.326034,-2.090264,-1.467994,-0.748449
10,1789439219.985631466,0.534575510799,-0.27395336394,0.53138718367,0.058244466776,0.645473988813,1.93643553688,20.250223,4.03714,-0.185373,-2.07929,-1.467587,-0.747387
10,1789439219.990839243,0.534575510799,-0.27395336394,0.53138718367,0.058244466776,0.645473988813,1.93643553688,20.226594,4.051994,-0.27211,-2.082115,-1.463026,-0.742818
10,1789439219.995953321,0.534575510799,-0.27395336394,0.53138718367,0.058244466776,0.645473988813,1.93643553688,20.234326,4.100325,-0.285729,-2.081348,-1.464195,-0.746033
10,1789439220.000900269,0.534575510799,-0.27395336394,0.53138718367,0.058244466776,0.645473988813,1.93643553688,20.253664,4.051124,-0.033058,-2.079291,-1.465287,-0.751012
10,1789439220.005911112,0.534575510799,-0.27395336394,0.53138718367,0.058244466776,0.645473988813,1.93643553688,20.239298,4.064361,-0.334954,-2.08445,-1.46882,-0.748085
10,1789439220.010871887,0.534575510799,-0.27395336394,0.53138718367,0.058244466776,0.645473988813,1.93643553688,20.279786,4.022382,-0.376382,-2.081624,-1.467123,-0.744354
10,1789439220.015807629,0.534575510799,-0.27395336394,0.53138718367,0.058244466776,0.645473988813,1.93643553688,20.282546,4.071072,-0.550492,-2.085034,-1.467621,-0.742889
10,1789439220.020832062,0.534575510799,-0.27395336394,0.53138718367,0.058244466776,0.645473988813,1.93643553688,20.269394,4.098083,-0.214638,-2.084706,-1.465341,-0.74825
10,1789439220.025780201,0.534575510799,-0.27395336394,0.53138718367,0.058244466776,0.645473988813,1.93643553688,20.238024,4.078511,-0.404671,-2.080575,-1.467924,-0.745041
10,1789439220.030863523,0.534575510799,-0.27395336394,0.53138718367,0.058244466776,0.645473988813,1.93643553688,20.2299,4.056273,-0.268611,-2.082024,-1.464928,-0.746848
10,1789439220.035805225,0.534575510799,-0.27395336394,0.53138718367,0.058244466776,0.645473988813,1.93643553688,20.249527,4.002214,-0.184816,-2.079121,-1.468064,-0.746894
10,1789439220.040843487,0.534575510799,-0.27395336394,0.53138718367,0.058244466776,0.645473988813,1.93643553688,20.273507,4.079908,-0.317632,-2.082556,-1.465438,-0.742544
10,1789439220.045811176,0.534575510799,-0.27395336394,0.53138718367,0.058244466776,0.645473988813,1.93643553688,20.281031,4.077343,-0.274496,-2.082306,-1.465413,-0.744733
10,1789439220.050583601,0.534575510799,-0.27395336394,0.53138718367,0.058244466776,0.645473988813,1.93643553688,20.274881,4.086913,-0.094684,-2.084006,-1.464536,-0.748748
10,1789439220.055863142,0.534575510799,-0.27395336394,0.53138718367,0.058244466776,0.645473988813,1.93643553688,20.239637,4.046801,-0.28679,-2.080664,-1.469744,-0.747072
10,1789439220.061127901,0.534575510799,-0.27395336394,0.53138718367,0.058244466776,0.645473988813,1.93643553688,20.259356,4.058067,-0.437927,-2.080759,-1.46489,-0.741985
10,1789439220.065702677,0.534575510799,-0.27395336394,0.53138718367,0.058244466776,0.645473988813,1.93643553688,20.255725,4.04585,-0.545477,-2.079752,-1.468111,-0.73963
10,1789439220.070839405,0.534575510799,-0.27395336394,0.53138718367,0.058244466776,0.645473988813,1.93643553688,20.283882,4.096673,-0.17333,-2.084124,-1.463115,-0.745311
10,1789439220.075897694,0.534575510799,-0.27395336394,0.53138718367,0.058244466776,0.645473988813,1.93643553688,20.212305,4.042047,-0.369275,-2.077791,-1.465252,-0.745795
10,1789439220.080843687,0.534575510799,-0.27395336394,0.53138718367,0.058244466776,0.645473988813,1.93643553688,20.258134,4.009573,-0.493625,-2.079929,-1.465879,-0.741774
10,1789439220.085708618,0.534575510799,-0.27395336394,0.53138718367,0.058244466776,0.645473988813,1.93643553688,20.278257,4.067587,-0.247693,-2.084458,-1.46532,-0.745365
10,1789439220.090875387,0.534575510799,-0.27395336394,0.53138718367,0.058244466776,0.645473988813,1.93643553688,20.286416,4.018771,-0.371388,-2.079789,-1.466192,-0.740987
10,1789439220.095759153,0.534575510799,-0.27395336394,0.53138718367,0.058244466776,0.645473988813,1.93643553688,20.251478,4.046669,-0.301552,-2.082619,-1.465233,-0.744013
10,1789439220.100717783,0.534575510799,-0.27395336394,0.53138718367,0.058244466776,0.645473988813,1.93643553688,20.265117,4.085776,-0.200301,-2.084015,-1.468338,-0.751326
10,1789439220.105881929,0.534575510799,-0.27395336394,0.53138718367,0.058244466776,0.645473988813,1.93643553688,20.242842,4.045333,-0.296428,-2.078108,-1.465772,-0.746871
10,1789439220.110877275,0.534575510799,-0.27395336394,0.53138718367,0.058244466776,0.645473988813,1.93643553688,20.255348,4.091209,-0.304195,-2.079341,-1.463746,-0.745855
10,1789439220.115863085,0.534575510799,-0.27395336394,0.53138718367,0.058244466776,0.645473988813,1.93643553688,20.260375,4.107123,-0.30258,-2.084484,-1.465532,-0.745005
10,1789439220.120755672,0.534575510799,-0.27395336394,0.53138718367,0.058244466776,0.645473988813,1.93643553688,20.250062,4.020428,-0.234643,-2.07741,-1.464822,-0.742734
10,1789439220.125940084,0.534575510799,-0.27395336394,0.53138718367,0.058244466776,0.645473988813,1.93643553688,20.242955,4.050112,-0.274272,-2.08511,-1.467243,-0.744639
10,1789439220.130845070,0.534575510799,-0.27395336394,0.53138718367,0.058244466776,0.645473988813,1.93643553688,20.279353,4.049647,-0.439787,-2.081968,-1.466977,-0.743357
10,1789439220.135690212,0.534575510799,-0.27395336394,0.53138718367,0.058244466776,0.645473988813,1.93643553688,20.271288,4.003848,-0.201626,-2.078786,-1.465035,-0.751457
10,1789439220.142944813,0.534575510799,-0.27395336394,0.53138718367,0.058244466776,0.645473988813,1.93643553688,20.295959,4.083903,-0.432319,-2.085088,-1.465925,-0.744561
10,1789439220.147485495,0.534575510799,-0.27395336394,0.53138718367,0.058244466776,0.645473988813,1.93643553688,20.249392,4.097611,-0.271473,-2.082093,-1.467093,-0.749165
10,1789439220.152158260,0.534575510799,-0.27395336394,0.53138718367,0.058244466776,0.645473988813,1.93643553688,20.220838,4.112463,-0.185271,-2.083946,-1.463714,-0.747241
10,1789439220.157448292,0.534575510799,-0.27395336394,0.53138718367,0.058244466776,0.645473988813,1.93643553688,20.212548,4.024238,-0.25704,-2.078537,-1.467998,-0.745604
10,1789439220.162572622,0.534575510799,-0.27395336394,0.53138718367,0.058244466776,0.645473988813,1.93643553688,20.245186,4.031315,-0.27007,-2.079399,-1.465239,-0.747729
10,1789439220.166583061,0.534575510799,-0.27395336394,0.53138718367,0.058244466776,0.645473988813,1.93643553688,20.291899,4.049663,-0.103547,-2.083934,-1.466887,-0.748514
10,1789439220.172251225,0.534575510799,-0.27395336394,0.53138718367,0.058244466776,0.645473988813,1.93643553688,20.2885,4.102796,-0.269954,-2.086259,-1.467435,-0.748145
10,1789439220.176966190,0.534575510799,-0.27395336394,0.53138718367,0.058244466776,0.645473988813,1.93643553688,20.251203,4.034308,-0.318148,-2.078383,-1.464861,-0.742653
10,1789439220.181674719,0.534575510799,-0.27395336394,0.53138718367,0.058244466776,0.645473988813,1.93643553688,20.25541,4.050989,-0.564787,-2.084152,-1.468826,-0.740135
10,1789439220.186146975,0.534575510799,-0.27395336394,0.53138718367,0.058244466776,0.645473988813,1.93643553688,20.229045,4.103234,-0.207671,-2.084191,-1.470128,-0.750384
10,1789439220.191113949,0.534575510799,-0.27395336394,0.53138718367,0.058244466776,0.645473988813,1.93643553688,20.228946,4.035169,-0.35864,-2.077659,-1.463602,-0.74469
10,1789439220.196060658,0.534575510799,-0.27395336394,0.53138718367,0.058244466776,0.645473988813,1.93643553688,20.278967,4.07678,-0.30252,-2.085547,-1.467557,-0.745002
10,1789439220.200803995,0.534575510799,-0.27395336394,0.53138718367,0.058244466776,0.645473988813,1.93643553688,20.252474,4.049945,-0.166593,-2.081258,-1.466366,-0.747173
10,1789439220.205981255,0.534575510799,-0.27395336394,0.53138718367,0.058244466776,0.645473988813,1.93643553688,20.24732,4.012562,-0.284212,-2.07855,-1.466012,-0.744809
10,1789439220.210845232,0.534575510799,-0.27395336394,0.53138718367,0.058244466776,0.645473988813,1.93643553688,20.267725,4.071461,-0.323779,-2.0795,-1.465277,-0.746549
10,1789439220.215832472,0.534575510799,-0.27395336394,0.53138718367,0.058244466776,0.645473988813,1.93643553688,20.267416,4.12746,-0.094785,-2.082731,-1.465693,-0.755266
10,1789439220.221317053,0.534575510799,-0.27395336394,0.53138718367,0.058244466776,0.645473988813,1.93643553688,20.274348,4.119997,-0.251732,-2.078713,-1.460911,-0.747875
10,1789439220.225839376,0.534575510799,-0.27395336394,0.53138718367,0.058244466776,0.645473988813,1.93643553688,20.229495,4.05096,-0.423221,-2.083444,-1.46785,-0.744815
10,1789439220.230809450,0.534575510799,-0.27395336394,0.53138718367,0.058244466776,0.645473988813,1.93643553688,20.238689,4.047789,-0.518577,-2.079661,-1.465513,-0.740023
10,1789439220.235828876,0.534575510799,-0.27395336394,0.53138718367,0.058244466776,0.645473988813,1.93643553688,20.240301,4.03735,-0.186534,-2.080227,-1.466799,-0.748052
10,1789439220.241012335,0.534575510799,-0.27395336394,0.53138718367,0.058244466776,0.645473988813,1.93643553688,20.285526,4.046082,-0.440158,-2.082063,-1.46711,-0.743589
10,1789439220.245888472,0.534575510799,-0.27395336394,0.53138718367,0.058244466776,0.645473988813,1.93643553688,20.291998,4.027985,-0.297349,-2.084748,-1.467387,-0.747426
10,1789439220.250751734,0.534575510799,-0.27395336394,0.53138718367,0.058244466776,0.645473988813,1.93643553688,20.294501,4.089072,-0.200243,-2.083987,-1.463493,-0.750737
10,1789439220.256005287,0.534575510799,-0.27395336394,0.53138718367,0.058244466776,0.645473988813,1.93643553688,20.265406,4.065006,-0.323334,-2.082882,-1.468515,-0.746541
10,1789439220.261025190,0.534575510799,-0.27395336394,0.53138718367,0.058244466776,0.645473988813,1.93643553688,20.236754,4.096383,-0.315092,-2.082739,-1.466438,-0.747193
10,1789439220.265816212,0.534575510799,-0.27395336394,0.53138718367,0.058244466776,0.645473988813,1.93643553688,20.243652,4.089189,-0.067207,-2.077112,-1.465512,-0.749278
10,1789439220.270974874,0.534575510799,-0.27395336394,0.53138718367,0.058244466776,0.645473988813,1.93643553688,20.242461,4.055244,-0.255118,-2.079816,-1.463216,-0.743932
10,1789439220.275942087,0.534575510799,-0.27395336394,0.53138718367,0.058244466776,0.645473988813,1.93643553688,20.266964,4.038504,-0.377738,-2.079938,-1.467964,-0.745456
10,1789439220.280850172,0.534575510799,-0.27395336394,0.53138718367,0.058244466776,0.645473988813,1.93643553688,20.269623,4.023727,-0.257204,-2.077046,-1.464338,-0.745273
10,1789439220.285695791,0.534575510799,-0.27395336394,0.53138718367,0.058244466776,0.645473988813,1.93643553688,20.255043,4.053365,-0.294403,-2.079575,-1.467726,-0.745778
10,1789439220.291049480,0.534575510799,-0.27395336394,0.53138718367,0.058244466776,0.645473988813,1.93643553688,20.2547,4.048425,-0.146108,-2.07903,-1.462935,-0.745581
10,1789439220.296019316,0.534575510799,-0.27395336394,0.53138718367,0.058244466776,0.645473988813,1.93643553688,20.282745,4.111576,-0.293905,-2.088307,-1.466771,-0.745505
10,1789439220.300936937,0.534575510799,-0.27395336394,0.53138718367,0.058244466776,0.645473988813,1.93643553688,20.249267,4.078987,-0.323903,-2.083823,-1.470374,-0.747195
10,1789439220.306162357,0.534575510799,-0.27395336394,0.53138718367,0.058244466776,0.645473988813,1.93643553688,20.235771,4.045987,-0.213759,-2.081627,-1.465047,-0.747438
10,1789439220.311163425,0.534575510799,-0.27395336394,0.53138718367,0.058244466776,0.645473988813,1.93643553688,20.235727,4.069257,-0.321833,-2.078194,-1.465659,-0.745353
10,1789439220.315954685,0.534575510799,-0.27395336394,0.53138718367,0.058244466776,0.645473988813,1.93643553688,20.259975,4.031747,-0.264676,-2.079751,-1.465047,-0.744167
10,1789439220.321165085,0.534575510799,-0.27395336394,0.53138718367,0.058244466776,0.645473988813,1.93643553688,20.274416,4.079394,-0.135697,-2.086446,-1.46581,-0.74522
10,1789439220.326091290,0.534575510799,-0.27395336394,0.53138718367,0.058244466776,0.645473988813,1.93643553688,20.273206,4.008704,-0.226321,-2.076769,-1.467724,-0.74363
10,1789439220.330996752,0.534575510799,-0.27395336394,0.53138718367,0.058244466776,0.645473988813,1.93643553688,20.271888,4.078627,-0.35938,-2.083866,-1.465739,-0.74552
10,1789439220.335867405,0.534575510799,-0.27395336394,0.53138718367,0.058244466776,0.645473988813,1.93643553688,20.278095,4.052243,-0.579088,-2.080942,-1.469708,-0.743537
10,1789439220.341067314,0.534575510799,-0.27395336394,0.53138718367,0.058244466776,0.645473988813,1.93643553688,20.222471,4.081763,-0.149969,-2.079489,-1.464447,-0.748472
10,1789439220.346011877,0.534575510799,-0.27395336394,0.53138718367,0.058244466776,0.645473988813,1.93643553688,20.256629,4.113529,-0.433367,-2.085944,-1.467831,-0.745638
10,1789439220.350880623,0.534575510799,-0.27395336394,0.53138718367,0.058244466776,0.645473988813,1.93643553688,20.256774,4.037729,-0.271208,-2.083493,-1.467558,-0.742618
10,1789439220.356257677,0.534575510799,-0.27395336394,0.53138718367,0.058244466776,0.645473988813,1.93643553688,20.264083,3.972394,-0.201428,-2.077567,-1.465227,-0.745123
10,1789439220.361121178,0.534575510799,-0.27395336394,0.53138718367,0.058244466776,0.645473988813,1.93643553688,20.257869,4.0571,-0.29538,-2.081419,-1.46447,-0.746042
10,1789439220.366067171,0.534575510799,-0.27395336394,0.53138718367,0.058244466776,0.645473988813,1.93643553688,20.303109,4.087652,-0.285294,-2.085652,-1.465324,-0.751771
10,1789439220.371212959,0.534575510799,-0.27395336394,0.53138718367,0.058244466776,0.645473988813,1.93643553688,20.27617,4.124522,-0.143943,-2.088952,-1.46824,-0.757168
10,1789439220.375970125,0.534575510799,-0.27395336394,0.53138718367,0.058244466776,0.645473988813,1.93643553688,20.227337,4.035867,-0.238376,-2.07603,-1.463766,-0.745177
10,1789439220.381127119,0.534575510799,-0.27395336394,0.53138718367,0.058244466776,0.645473988813,1.93643553688,20.23531,4.046825,-0.395715,-2.083227,-1.467425,-0.745007
10,1789439220.385961533,0.534575510799,-0.27395336394,0.53138718367,0.058244466776,0.645473988813,1.93643553688,20.242419,4.022117,-0.506631,-2.079292,-1.46575,-0.738188
10,1789439220.391075850,0.534575510799,-0.27395336394,0.53138718367,0.058244466776,0.645473988813,1.93643553688,20.242088,4.072592,-0.177763,-2.081361,-1.466528,-0.748539
10,1789439220.395987749,0.534575510799,-0.27395336394,0.53138718367,0.058244466776,0.645473988813,1.93643553688,20.2683,4.062355,-0.383737,-2.082618,-1.465093,-0.74306
10,1789439220.400862217,0.534575510799,-0.27395336394,0.53138718367,0.058244466776,0.645473988813,1.93643553688,20.263486,4.077296,-0.280836,-2.084206,-1.468291,-0.749189
10,1789439220.406030893,0.534575510799,-0.27395336394,0.53138718367,0.058244466776,0.645473988813,1.93643553688,20.252493,4.031607,-0.133257,-2.079419,-1.467618,-0.749776
10,1789439220.411036730,0.534575510799,-0.27395336394,0.53138718367,0.058244466776,0.645473988813,1.93643553688,20.262894,4.08735,-0.299337,-2.08333,-1.465021,-0.742738
10,1789439220.415859222,0.534575510799,-0.27395336394,0.53138718367,0.058244466776,0.645473988813,1.93643553688,20.251206,4.065305,-0.273442,-2.08253,-1.469132,-0.74442
10,1789439220.421041489,0.534575510799,-0.27395336394,0.53138718367,0.058244466776,0.645473988813,1.93643553688,20.251735,4.078174,-0.080071,-2.081891,-1.460892,-0.74487
10,1789439220.426091194,0.534575510799,-0.27395336394,0.53138718367,0.058244466776,0.645473988813,1.93643553688,20.230203,4.076873,-0.286793,-2.082542,-1.470679,-0.747319
10,1789439220.431014538,0.534575510799,-0.27395336394,0.53138718367,0.058244466776,0.645473988813,1.93643553688,20.248858,3.998115,-0.364331,-2.07662,-1.464379,-0.742218
10,1789439220.435973167,0.534575510799,-0.27395336394,0.53138718367,0.058244466776,0.645473988813,1.93643553688,20.292479,4.062149,-0.464702,-2.084928,-1.466891,-0.747485
10,1789439220.441096783,0.534575510799,-0.27395336394,0.53138718367,0.058244466776,0.645473988813,1.93643553688,20.26394,4.081995,-0.203745,-2.080865,-1.46429,-0.747068
10,1789439220.446097851,0.534575510799,-0.27395336394,0.53138718367,0.058244466776,0.645473988813,1.93643553688,20.259108,4.094003,-0.348343,-2.083816,-1.466771,-0.744595
10,1789439220.450867176,0.534575510799,-0.27395336394,0.53138718367,0.058244466776,0.645473988813,1.93643553688,20.221277,4.046152,-0.258136,-2.080304,-1.465462,-0.746119
10,1789439220.456079721,0.534575510799,-0.27395336394,0.53138718367,0.058244466776,0.645473988813,1.93643553688,20.239774,4.062017,-0.342493,-2.08062,-1.464797,-0.746523
10,1789439220.461024284,0.534575510799,-0.27395336394,0.53138718367,0.058244466776,0.645473988813,1.93643553688,20.225116,4.056079,-0.290344,-2.081373,-1.466648,-0.749098
10,1789439220.465974331,0.534575510799,-0.27395336394,0.53138718367,0.058244466776,0.645473988813,1.93643553688,20.292118,4.088021,-0.324389,-2.084981,-1.464735,-0.746875
10,1789439220.471105576,0.534575510799,-0.27395336394,0.53138718367,0.058244466776,0.645473988813,1.93643553688,20.26756,4.043626,-0.308164,-2.083043,-1.467224,-0.748524
10,1789439220.476097822,0.534575510799,-0.27395336394,0.53138718367,0.058244466776,0.645473988813,1.93643553688,20.289945,4.011141,-0.274144,-2.080283,-1.463851,-0.743999
10,1789439220.480949163,0.534575510799,-0.27395336394,0.53138718367,0.058244466776,0.645473988813,1.93643553688,20.275885,4.037732,-0.35805,-2.083215,-1.470738,-0.745001
10,1789439220.485965729,0.534575510799,-0.27395336394,0.53138718367,0.058244466776,0.645473988813,1.93643553688,20.266348,4.039417,-0.557961,-2.082165,-1.464819,-0.741262
10,1789439220.491106033,0.534575510799,-0.27395336394,0.53138718367,0.058244466776,0.645473988813,1.93643553688,20.263851,4.133702,-0.210954,-2.087113,-1.469296,-0.752527
10,1789439220.495996952,0.534575510799,-0.27395336394,0.53138718367,0.058244466776,0.645473988813,1.93643553688,20.275586,4.059788,-0.415145,-2.082041,-1.46524,-0.745353
10,1789439220.500962973,0.534575510799,-0.27395336394,0.53138718367,0.058244466776,0.645473988813,1.93643553688,20.259068,4.037256,-0.18459,-2.082203,-1.465018,-0.746537
10,1789439220.506231785,0.534575510799,-0.27395336394,0.53138718367,0.058244466776,0.645473988813,1.93643553688,20.25165,4.06943,-0.346677,-2.083396,-1.467118,-0.743426
10,1789439220.511211634,0.534575510799,-0.27395336394,0.53138718367,0.058244466776,0.645473988813,1.93643553688,20.234253,4.034833,-0.277822,-2.08092,-1.468125,-0.747046
10,1789439220.515944719,0.534575510799,-0.27395336394,0.53138718367,0.058244466776,0.645473988813,1.93643553688,20.243355,4.057696,-0.205289,-2.08267,-1.465971,-0.748127
10,1789439220.521146059,0.534575510799,-0.27395336394,0.53138718367,0.058244466776,0.645473988813,1.93643553688,20.281836,4.05798,-0.291216,-2.084359,-1.467381,-0.749671
10,1789439220.526042938,0.534575510799,-0.27395336394,0.53138718367,0.058244466776,0.645473988813,1.93643553688,20.313957,4.105711,-0.261548,-2.082356,-1.462143,-0.748188
10,1789439220.530961990,0.534575510799,-0.27395336394,0.53138718367,0.058244466776,0.645473988813,1.93643553688,20.267165,4.086903,-0.128844,-2.084314,-1.468196,-0.753248
10,1789439220.535856247,0.534575510799,-0.27395336394,0.53138718367,0.058244466776,0.645473988813,1.93643553688,20.251844,4.032399,-0.227435,-2.077774,-1.462296,-0.743877
10,1789439220.541114092,0.534575510799,-0.27395336394,0.53138718367,0.058244466776,0.645473988813,1.93643553688,20.258416,4.068341,-0.382868,-2.084736,-1.469844,-0.743035
10,1789439220.545995951,0.534575510799,-0.27395336394,0.53138718367,0.058244466776,0.645473988813,1.93643553688,20.271739,4.072424,-0.440663,-2.084981,-1.467379,-0.744059
10,1789439220.550866842,0.534575510799,-0.27395336394,0.53138718367,0.058244466776,0.645473988813,1.93643553688,20.266151,4.0781,-0.162805,-2.079988,-1.465239,-0.750809
10,1789439220.556016684,0.534575510799,-0.27395336394,0.53138718367,0.058244466776,0.645473988813,1.93643553688,20.278746,4.033726,-0.396055,-2.080061,-1.464541,-0.744845
10,1789439220.561109543,0.534575510799,-0.27395336394,0.53138718367,0.058244466776,0.645473988813,1.93643553688,20.28116,4.009386,-0.263751,-2.078375,-1.465502,-0.743497
10,1789439220.566036463,0.534575510799,-0.27395336394,0.53138718367,0.058244466776,0.645473988813,1.93643553688,20.262067,4.082511,-0.212959,-2.08441,-1.467364,-0.747308
10,1789439220.571207762,0.534575510799,-0.27395336394,0.53138718367,0.058244466776,0.645473988813,1.93643553688,20.255209,4.129642,-0.299865,-2.081387,-1.467689,-0.743642
10,1789439220.576213598,0.534575510799,-0.27395336394,0.53138718367,0.058244466776,0.645473988813,1.93643553688,20.227259,4.091719,-0.257493,-2.080568,-1.465682,-0.745957
10,1789439220.581028938,0.534575510799,-0.27395336394,0.53138718367,0.058244466776,0.645473988813,1.93643553688,20.241709,4.065093,-0.0617,-2.078618,-1.464482,-0.751495
10,1789439220.585923433,0.534575510799,-0.27395336394,0.53138718367,0.058244466776,0.645473988813,1.93643553688,20.255007,4.058295,-0.28075,-2.082035,-1.466967,-0.748921
10,1789439220.591181755,0.534575510799,-0.27395336394,0.53138718367,0.058244466776,0.645473988813,1.93643553688,20.276449,4.016619,-0.357084,-2.079174,-1.468525,-0.744067
10,1789439220.596111536,0.534575510799,-0.27395336394,0.53138718367,0.058244466776,0.645473988813,1.93643553688,20.291007,4.059141,-0.457676,-2.087261,-1.466319,-0.742779
10,1789439220.600881577,0.534575510799,-0.27395336394,0.53138718367,0.058244466776,0.645473988813,1.93643553688,20.229325,4.060329,-0.137386,-2.077099,-1.46588,-0.746403
10,1789439220.606129169,0.534575510799,-0.27395336394,0.53138718367,0.058244466776,0.645473988813,1.93643553688,20.269429,4.111268,-0.408976,-2.085043,-1.46535,-0.74765
10,1789439220.611001968,0.534575510799,-0.27395336394,0.53138718367,0.058244466776,0.645473988813,1.93643553688,20.267998,4.113778,-0.277304,-2.084761,-1.467659,-0.753072
10,1789439220.615949154,0.534575510799,-0.27395336394,0.53138718367,0.058244466776,0.645473988813,1.93643553688,20.225674,4.055127,-0.170445,-2.081394,-1.465192,-0.749606
10,1789439220.621114254,0.534575510799,-0.27395336394,0.53138718367,0.058244466776,0.645473988813,1.93643553688,20.243045,4.077302,-0.320082,-2.080282,-1.464182,-0.744049
10,1789439220.626059771,0.534575510799,-0.27395336394,0.53138718367,0.058244466776,0.645473988813,1.93643553688,20.253692,4.007938,-0.271182,-2.080935,-1.46634,-0.742345
10,1789439220.631056786,0.534575510799,-0.27395336394,0.53138718367,0.058244466776,0.645473988813,1.93643553688,20.302618,4.060297,-0.120084,-2.084033,-1.465132,-0.747011
10,1789439220.636016607,0.534575510799,-0.27395336394,0.53138718367,0.058244466776,0.645473988813,1.93643553688,20.253016,4.046138,-0.305551,-2.081998,-1.469673,-0.747132
10,1789439220.641096115,0.534575510799,-0.27395336394,0.53138718367,0.058244466776,0.645473988813,1.93643553688,20.291682,4.108869,-0.289136,-2.083531,-1.463842,-0.748188
10,1789439220.648146868,0.534575510799,-0.27395336394,0.53138718367,0.058244466776,0.645473988813,1.93643553688,20.270629,4.083607,-0.301855,-2.08408,-1.470296,-0.751021
10,1789439220.651118994,0.534575510799,-0.27395336394,0.53138718367,0.058244466776,0.645473988813,1.93643553688,20.257464,4.028921,-0.250393,-2.080137,-1.464084,-0.740784
10,1789439220.656084299,0.534575510799,-0.27395336394,0.53138718367,0.058244466776,0.645473988813,1.93643553688,20.228117,4.072781,-0.336905,-2.083599,-1.468981,-0.743363
10,1789439220.661084414,0.534575510799,-0.27395336394,0.53138718367,0.058244466776,0.645473988813,1.93643553688,20.2398,4.027193,-0.247294,-2.076589,-1.463152,-0.73871
10,1789439220.668038607,0.534575510799,-0.27395336394,0.53138718367,0.058244466776,0.645473988813,1.93643553688,20.235313,4.049207,-0.197764,-2.079943,-1.467066,-0.749414
10,1789439220.670847416,0.534575510799,-0.27395336394,0.53138718367,0.058244466776,0.645473988813,1.93643553688,20.289935,4.060643,-0.312486,-2.079471,-1.46375,-0.745001
10,1789439220.675883055,0.534575510799,-0.27395336394,0.53138718367,0.058244466776,0.645473988813,1.93643553688,20.298432,4.100656,-0.28596,-2.086318,-1.466892,-0.752446
10,1789439220.680811405,0.534575510799,-0.27395336394,0.53138718367,0.058244466776,0.645473988813,1.93643553688,20.27509,4.073126,-0.073534,-2.080757,-1.462846,-0.75295
10,1789439220.685637951,0.534575510799,-0.27395336394,0.53138718367,0.058244466776,0.645473988813,1.93643553688,20.237537,4.068442,-0.282633,-2.080801,-1.465332,-0.743972
10,1789439220.690930128,0.534575510799,-0.27395336394,0.53138718367,0.058244466776,0.645473988813,1.93643553688,20.250559,4.069114,-0.356004,-2.082432,-1.466911,-0.743432
10,1789439220.695834637,0.534575510799,-0.27395336394,0.53138718367,0.058244466776,0.645473988813,1.93643553688,20.265875,4.025847,-0.503455,-2.081183,-1.464788,-0.742059
11,1789439290.025862217,0.534586848803,-0.273973992308,0.531352263368,-0.100608897304,-0.0871458027349,1.46288452984,1.563934,11.54883,-4.060042,-2.765743,-2.747202,0.118646
11,1789439290.030972481,0.534586848803,-0.273973992308,0.531352263368,-0.100608897304,-0.0871458027349,1.46288452984,1.554528,11.574204,-3.985801,-2.762565,-2.74742,0.118314
11,1789439290.035847902,0.534586848803,-0.273973992308,0.531352263368,-0.100608897304,-0.0871458027349,1.46288452984,1.532976,11.543506,-4.088332,-2.764193,-2.750354,0.118023
11,1789439290.040700197,0.534586848803,-0.273973992308,0.531352263368,-0.100608897304,-0.0871458027349,1.46288452984,1.559975,11.501597,-4.108232,-2.761652,-2.748875,0.117551
11,1789439290.045907497,0.534586848803,-0.273973992308,0.531352263368,-0.100608897304,-0.0871458027349,1.46288452984,1.589279,11.508368,-3.973196,-2.764461,-2.747883,0.114746
11,1789439290.050934792,0.534586848803,-0.273973992308,0.531352263368,-0.100608897304,-0.0871458027349,1.46288452984,1.613352,11.493315,-4.114234,-2.763896,-2.748245,0.1199
11,1789439290.055840015,0.534586848803,-0.273973992308,0.531352263368,-0.100608897304,-0.0871458027349,1.46288452984,1.602568,11.514199,-4.067635,-2.764685,-2.7473,0.119953
11,1789439290.061045170,0.534586848803,-0.273973992308,0.531352263368,-0.100608897304,-0.0871458027349,1.46288452984,1.588524,11.53736,-3.88506,-2.766072,-2.749595,0.117306
11,1789439290.066009045,0.534586848803,-0.273973992308,0.531352263368,-0.100608897304,-0.0871458027349,1.46288452984,1.582673,11.553534,-4.041801,-2.761479,-2.746369,0.11843
11,1789439290.070891619,0.534586848803,-0.273973992308,0.531352263368,-0.100608897304,-0.0871458027349,1.46288452984,1.559196,11.584262,-4.137037,-2.765247,-2.749535,0.116503
11,1789439290.075825691,0.534586848803,-0.273973992308,0.531352263368,-0.100608897304,-0.0871458027349,1.46288452984,1.572817,11.506315,-4.027182,-2.76124,-2.746414,0.116058
11,1789439290.081018686,0.534586848803,-0.273973992308,0.531352263368,-0.100608897304,-0.0871458027349,1.46288452984,1.535979,11.548882,-4.025942,-2.765358,-2.747843,0.116512
11,1789439290.085992813,0.534586848803,-0.273973992308,0.531352263368,-0.100608897304,-0.0871458027349,1.46288452984,1.574633,11.497907,-4.12216,-2.761438,-2.744987,0.121074
11,1789439290.090865135,0.534586848803,-0.273973992308,0.531352263368,-0.100608897304,-0.0871458027349,1.46288452984,1.597273,11.532268,-4.042025,-2.763933,-2.746654,0.118412
11,1789439290.095955372,0.534586848803,-0.273973992308,0.531352263368,-0.100608897304,-0.0871458027349,1.46288452984,1.597557,11.539418,-3.961657,-2.762475,-2.745568,0.116281
11,1789439290.100993872,0.534586848803,-0.273973992308,0.531352263368,-0.100608897304,-0.0871458027349,1.46288452984,1.59924,11.560155,-4.116877,-2.765232,-2.746366,0.118036
11,1789439290.105924606,0.534586848803,-0.273973992308,0.531352263368,-0.100608897304,-0.0871458027349,1.46288452984,1.584837,11.560109,-4.093197,-2.765845,-2.747123,0.115184
11,1789439290.110997200,0.534586848803,-0.273973992308,0.531352263368,-0.100608897304,-0.0871458027349,1.46288452984,1.55485,11.552629,-3.927252,-2.764666,-2.747543,0.114151
11,1789439290.116070986,0.534586848803,-0.273973992308,0.531352263368,-0.100608897304,-0.0871458027349,1.46288452984,1.564945,11.519147,-4.11667,-2.761264,-2.749393,0.117963
11,1789439290.121153355,0.534586848803,-0.273973992308,0.531352263368,-0.100608897304,-0.0871458027349,1.46288452984,1.579929,11.501705,-4.159018,-2.766213,-2.748224,0.120995
11,1789439290.125965118,0.534586848803,-0.273973992308,0.531352263368,-0.100608897304,-0.0871458027349,1.46288452984,1.631099,11.489072,-4.035052,-2.761765,-2.746984,0.117078
11,1789439290.131159782,0.534586848803,-0.273973992308,0.531352263368,-0.100608897304,-0.0871458027349,1.46288452984,1.623177,11.551418,-4.079483,-2.765807,-2.74598,0.118273
11,1789439290.136079550,0.534586848803,-0.273973992308,0.531352263368,-0.100608897304,-0.0871458027349,1.46288452984,1.598882,11.541198,-4.20051,-2.765023,-2.748528,0.117951
11,1789439290.140995502,0.534586848803,-0.273973992308,0.531352263368,-0.100608897304,-0.0871458027349,1.46288452984,1.585258,11.533369,-4.024313,-2.763236,-2.74675,0.117791
11,1789439290.146048546,0.534586848803,-0.273973992308,0.531352263368,-0.100608897304,-0.0871458027349,1.46288452984,1.536955,11.572401,-4.006806,-2.766445,-2.749933,0.116515
11,1789439290.151071310,0.534586848803,-0.273973992308,0.531352263368,-0.100608897304,-0.0871458027349,1.46288452984,1.538719,11.518397,-4.159121,-2.760904,-2.74899,0.120642
11,1789439290.155953407,0.534586848803,-0.273973992308,0.531352263368,-0.100608897304,-0.0871458027349,1.46288452984,1.546507,11.498798,-4.084712,-2.762657,-2.747291,0.12096
11,1789439290.161025286,0.534586848803,-0.273973992308,0.531352263368,-0.100608897304,-0.0871458027349,1.46288452984,1.582707,11.513344,-3.893696,-2.761438,-2.747599,0.118022
11,1789439290.166126013,0.534586848803,-0.273973992308,0.531352263368,-0.100608897304,-0.0871458027349,1.46288452984,1.609973,11.530414,-4.037995,-2.761742,-2.744206,0.121311
11,1789439290.171099663,0.534586848803,-0.273973992308,0.531352263368,-0.100608897304,-0.0871458027349,1.46288452984,1.619885,11.543638,-4.150515,-2.764691,-2.74664,0.120438
11,1789439290.176002502,0.534586848803,-0.273973992308,0.531352263368,-0.100608897304,-0.0871458027349,1.46288452984,1.603473,11.514512,-4.022091,-2.765002,-2.747136,0.119342
11,1789439290.181004286,0.534586848803,-0.273973992308,0.531352263368,-0.100608897304,-0.0871458027349,1.46288452984,1.534216,11.572221,-4.051186,-2.765156,-2.750617,0.117813
11,1789439290.185961723,0.534586848803,-0.273973992308,0.531352263368,-0.100608897304,-0.0871458027349,1.46288452984,1.547134,11.515267,-4.077773,-2.761961,-2.748618,0.119169
11,1789439290.190992832,0.534586848803,-0.273973992308,0.531352263368,-0.100608897304,-0.0871458027349,1.46288452984,1.561228,11.52975,-4.115643,-2.763597,-2.749321,0.118617
11,1789439290.196213961,0.534586848803,-0.273973992308,0.531352263368,-0.100608897304,-0.0871458027349,1.46288452984,1.574871,11.521545,-4.049193,-2.760904,-2.746511,0.119819
11,1789439290.201187372,0.534586848803,-0.273973992308,0.531352263368,-0.100608897304,-0.0871458027349,1.46288452984,1.594335,11.537662,-4.1171,-2.766063,-2.747867,0.117849
11,1789439290.206058025,0.534586848803,-0.273973992308,0.531352263368,-0.100608897304,-0.0871458027349,1.46288452984,1.596761,11.551031,-4.088856,-2.763172,-2.744648,0.118319
11,1789439290.210927725,0.534586848803,-0.273973992308,0.531352263368,-0.100608897304,-0.0871458027349,1.46288452984,1.596766,11.532758,-3.917913,-2.765535,-2.747544,0.114327
11,1789439290.215973139,0.534586848803,-0.273973992308,0.531352263368,-0.100608897304,-0.0871458027349,1.46288452984,1.582883,11.537943,-4.070524,-2.766355,-2.747424,0.117933
11,1789439290.221007347,0.534586848803,-0.273973992308,0.531352263368,-0.100608897304,-0.0871458027349,1.46288452984,1.616235,11.563341,-4.081304,-2.763905,-2.746395,0.11694
11,1789439290.225881100,0.534586848803,-0.273973992308,0.531352263368,-0.100608897304,-0.0871458027349,1.46288452984,1.561373,11.56303,-4.108257,-2.767676,-2.749543,0.117221
11,1789439290.231150627,0.534586848803,-0.273973992308,0.531352263368,-0.100608897304,-0.0871458027349,1.46288452984,1.562431,11.51004,-4.095889,-2.765348,-2.750786,0.119335
11,1789439290.236200809,0.534586848803,-0.273973992308,0.531352263368,-0.100608897304,-0.0871458027349,1.46288452984,1.566136,11.498212,-4.474597,-2.76434,-2.751973,0.127103
11,1789439290.240917444,0.534586848803,-0.273973992308,0.531352263368,-0.100608897304,-0.0871458027349,1.46288452984,1.558945,11.480257,-4.029544,-2.763117,-2.749753,0.120375
11,1789439290.245875359,0.534586848803,-0.273973992308,0.531352263368,-0.100608897304,-0.0871458027349,1.46288452984,1.615129,11.515245,-4.188587,-2.765335,-2.749049,0.11976
11,1789439290.250872850,0.534586848803,-0.273973992308,0.531352263368,-0.100608897304,-0.0871458027349,1.46288452984,1.639257,11.537671,-4.101778,-2.762591,-2.743189,0.116215
11,1789439290.255892992,0.534586848803,-0.273973992308,0.531352263368,-0.100608897304,-0.0871458027349,1.46288452984,1.618664,11.558936,-3.976291,-2.762715,-2.746431,0.112616
11,1789439290.261211634,0.534586848803,-0.273973992308,0.531352263368,-0.100608897304,-0.0871458027349,1.46288452984,1.592575,11.564109,-4.170202,-2.765777,-2.747329,0.119538
11,1789439290.266231298,0.534586848803,-0.273973992308,0.531352263368,-0.100608897304,-0.0871458027349,1.46288452984,1.533045,11.555678,-4.088206,-2.764232,-2.74872,0.118225
11,1789439290.271192312,0.534586848803,-0.273973992308,0.531352263368,-0.100608897304,-0.0871458027349,1.46288452984,1.553045,11.557458,-3.888447,-2.763905,-2.74605,0.115322
11,1789439290.275856972,0.534586848803,-0.273973992308,0.531352263368,-0.100608897304,-0.0871458027349,1.46288452984,1.554763,11.532682,-4.115366,-2.763191,-2.748629,0.118849
11,1789439290.281035662,0.534586848803,-0.273973992308,0.531352263368,-0.100608897304,-0.0871458027349,1.46288452984,1.622711,11.509465,-4.094004,-2.762571,-2.745003,0.121229
11,1789439290.286030531,0.534586848803,-0.273973992308,0.531352263368,-0.100608897304,-0.0871458027349,1.46288452984,1.621807,11.519431,-3.950413,-2.764597,-2.748076,0.111343
11,1789439290.290995121,0.534586848803,-0.273973992308,0.531352263368,-0.100608897304,-0.0871458027349,1.46288452984,1.620904,11.508048,-4.0085,-2.762266,-2.744017,0.116422
11,1789439290.296077013,0.534586848803,-0.273973992308,0.531352263368,-0.100608897304,-0.0871458027349,1.46288452984,1.588134,11.569889,-4.234765,-2.767254,-2.749253,0.119673
11,1789439290.300911903,0.534586848803,-0.273973992308,0.531352263368,-0.100608897304,-0.0871458027349,1.46288452984,1.5699,11.545077,-4.076884,-2.761642,-2.74533,0.119975
11,1789439290.305937290,0.534586848803,-0.273973992308,0.531352263368,-0.100608897304,-0.0871458027349,1.46288452984,1.539317,11.573402,-4.027507,-2.767392,-2.750158,0.115131
11,1789439290.311246634,0.534586848803,-0.273973992308,0.531352263368,-0.100608897304,-0.0871458027349,1.46288452984,1.576741,11.502645,-4.152612,-2.761986,-2.748343,0.119019
11,1789439290.315920591,0.534586848803,-0.273973992308,0.531352263368,-0.100608897304,-0.0871458027349,1.46288452984,1.578982,11.500234,-4.134468,-2.763652,-2.745989,0.11902
11,1789439290.320960283,0.534586848803,-0.273973992308,0.531352263368,-0.100608897304,-0.0871458027349,1.46288452984,1.601971,11.524063,-3.915425,-2.761231,-2.746858,0.116573
11,1789439290.326065302,0.534586848803,-0.273973992308,0.531352263368,-0.100608897304,-0.0871458027349,1.46288452984,1.59543,11.523469,-4.049119,-2.763485,-2.74587,0.119983
11,1789439290.331224918,0.534586848803,-0.273973992308,0.531352263368,-0.100608897304,-0.0871458027349,1.46288452984,1.587824,11.541669,-4.172556,-2.765634,-2.748276,0.118006
11,1789439290.336040020,0.534586848803,-0.273973992308,0.531352263368,-0.100608897304,-0.0871458027349,1.46288452984,1.58868,11.5454,-3.934357,-2.764572,-2.743709,0.116083
11,1789439290.340945959,0.534586848803,-0.273973992308,0.531352263368,-0.100608897304,-0.0871458027349,1.46288452984,1.546351,11.564905,-4.069522,-2.765673,-2.751063,0.117996
11,1789439290.346064091,0.534586848803,-0.273973992308,0.531352263368,-0.100608897304,-0.0871458027349,1.46288452984,1.557253,11.499084,-4.205717,-2.761704,-2.748451,0.120778
11,1789439290.350994110,0.534586848803,-0.273973992308,0.531352263368,-0.100608897304,-0.0871458027349,1.46288452984,1.529018,11.528803,-4.080526,-2.76517,-2.752069,0.116941
11,1789439290.356050014,0.534586848803,-0.273973992308,0.531352263368,-0.100608897304,-0.0871458027349,1.46288452984,1.568315,11.483144,-3.947591,-2.760156,-2.746119,0.119574
11,1789439290.361396551,0.534586848803,-0.273973992308,0.531352263368,-0.100608897304,-0.0871458027349,1.46288452984,1.602102,11.537099,-4.21202,-2.766431,-2.750458,0.122417
11,1789439290.366105556,0.534586848803,-0.273973992308,0.531352263368,-0.100608897304,-0.0871458027349,1.46288452984,1.64909,11.522836,-4.068927,-2.763609,-2.744512,0.119399
11,1789439290.371004105,0.534586848803,-0.273973992308,0.531352263368,-0.100608897304,-0.0871458027349,1.46288452984,1.604307,11.557779,-3.93708,-2.766593,-2.747937,0.113805
11,1789439290.375987291,0.534586848803,-0.273973992308,0.531352263368,-0.100608897304,-0.0871458027349,1.46288452984,1.574185,11.56338,-4.107064,-2.764143,-2.7482,0.11811
11,1789439290.381034136,0.534586848803,-0.273973992308,0.531352263368,-0.100608897304,-0.0871458027349,1.46288452984,1.549501,11.539539,-4.096911,-2.763677,-2.751098,0.11844
11,1789439290.385914803,0.534586848803,-0.273973992308,0.531352263368,-0.100608897304,-0.0871458027349,1.46288452984,1.529648,11.534201,-4.086131,-2.762461,-2.749173,0.119616
11,1789439290.390950203,0.534586848803,-0.273973992308,0.531352263368,-0.100608897304,-0.0871458027349,1.46288452984,1.546718,11.534859,-4.041722,-2.766033,-2.749361,0.118282
11,1789439290.396018982,0.534586848803,-0.273973992308,0.531352263368,-0.100608897304,-0.0871458027349,1.46288452984,1.59608,11.518388,-4.06928,-2.763281,-2.747158,0.118846
11,1789439290.401033401,0.534586848803,-0.273973992308,0.531352263368,-0.100608897304,-0.0871458027349,1.46288452984,1.634765,11.519779,-4.314602,-2.763965,-2.743624,0.123104
11,1789439290.406011820,0.534586848803,-0.273973992308,0.531352263368,-0.100608897304,-0.0871458027349,1.46288452984,1.614549,11.528598,-3.963852,-2.765992,-2.748124,0.114681
11,1789439290.411262274,0.534586848803,-0.273973992308,0.531352263368,-0.100608897304,-0.0871458027349,1.46288452984,1.579335,11.543656,-4.189926,-2.763954,-2.747174,0.118896
11,1789439290.415995359,0.534586848803,-0.273973992308,0.531352263368,-0.100608897304,-0.0871458027349,1.46288452984,1.530921,11.577045,-4.098384,-2.766974,-2.751271,0.11729
11,1789439290.420974016,0.534586848803,-0.273973992308,0.531352263368,-0.100608897304,-0.0871458027349,1.46288452984,1.560349,11.561687,-3.917006,-2.764793,-2.746768,0.114813
11,1789439290.425914288,0.534586848803,-0.273973992308,0.531352263368,-0.100608897304,-0.0871458027349,1.46288452984,1.54404,11.566106,-4.072904,-2.766915,-2.747677,0.116175
11,1789439290.431040287,0.534586848803,-0.273973992308,0.531352263368,-0.100608897304,-0.0871458027349,1.46288452984,1.557973,11.533232,-3.925038,-2.763504,-2.747042,0.115744
11,1789439290.435873032,0.534586848803,-0.273973992308,0.531352263368,-0.100608897304,-0.0871458027349,1.46288452984,1.58413,11.480247,-4.125897,-2.762842,-2.750124,0.118176
11,1789439290.440950871,0.534586848803,-0.273973992308,0.531352263368,-0.100608897304,-0.0871458027349,1.46288452984,1.606177,11.495277,-4.109038,-2.760593,-2.745503,0.117459
11,1789439290.446007490,0.534586848803,-0.273973992308,0.531352263368,-0.100608897304,-0.0871458027349,1.46288452984,1.612261,11.520553,-3.917021,-2.764234,-2.747334,0.114992
11,1789439290.451013088,0.534586848803,-0.273973992308,0.531352263368,-0.100608897304,-0.0871458027349,1.46288452984,1.638747,11.568373,-4.069281,-2.764489,-2.746561,0.118699
11,1789439290.456102848,0.534586848803,-0.273973992308,0.531352263368,-0.100608897304,-0.0871458027349,1.46288452984,1.590093,11.575777,-4.208457,-2.768085,-2.747643,0.11879
11,1789439290.461230516,0.534586848803,-0.273973992308,0.531352263368,-0.100608897304,-0.0871458027349,1.46288452984,1.574533,11.548734,-4.135577,-2.764152,-2.747624,0.117858
11,1789439290.466123819,0.534586848803,-0.273973992308,0.531352263368,-0.100608897304,-0.0871458027349,1.46288452984,1.552891,11.513847,-4.00754,-2.764919,-2.751854,0.116121
11,1789439290.471060991,0.534586848803,-0.273973992308,0.531352263368,-0.100608897304,-0.0871458027349,1.46288452984,1.568229,11.489942,-4.166262,-2.762262,-2.747776,0.122386
11,1789439290.475938559,0.534586848803,-0.273973992308,0.531352263368,-0.100608897304,-0.0871458027349,1.46288452984,1.585425,11.513973,-4.088336,-2.764008,-2.748741,0.118399
11,1789439290.481065273,0.534586848803,-0.273973992308,0.531352263368,-0.100608897304,-0.0871458027349,1.46288452984,1.605498,11.535783,-3.935221,-2.763541,-2.745183,0.115403
11,1789439290.485943794,0.534586848803,-0.273973992308,0.531352263368,-0.100608897304,-0.0871458027349,1.46288452984,1.604457,11.571227,-4.090845,-2.763699,-2.746507,0.116717
11,1789439290.490960121,0.534586848803,-0.273973992308,0.531352263368,-0.100608897304,-0.0871458027349,1.46288452984,1.607179,11.544281,-4.117413,-2.761735,-2.745428,0.117831
11,1789439290.496215820,0.534586848803,-0.273973992308,0.531352263368,-0.100608897304,-0.0871458027349,1.46288452984,1.586673,11.549755,-3.921368,-2.765122,-2.748435,0.111864
11,1789439290.500985384,0.534586848803,-0.273973992308,0.531352263368,-0.100608897304,-0.0871458027349,1.46288452984,1.572194,11.54163,-4.053444,-2.761404,-2.747018,0.116881
11,1789439290.505877256,0.534586848803,-0.273973992308,0.531352263368,-0.100608897304,-0.0871458027349,1.46288452984,1.576392,11.538046,-4.229452,-2.765064,-2.750617,0.123121
11,1789439290.511259794,0.534586848803,-0.273973992308,0.531352263368,-0.100608897304,-0.0871458027349,1.46288452984,1.56241,11.493943,-4.102733,-2.761511,-2.747284,0.121365
11,1789439290.515938282,0.534586848803,-0.273973992308,0.531352263368,-0.100608897304,-0.0871458027349,1.46288452984,1.590277,11.526249,-4.027003,-2.766328,-2.751801,0.115552
11,1789439290.520980597,0.534586848803,-0.273973992308,0.531352263368,-0.100608897304,-0.0871458027349,1.46288452984,1.610687,11.527173,-4.168613,-2.762146,-2.7477,0.120693
11,1789439290.525959730,0.534586848803,-0.273973992308,0.531352263368,-0.100608897304,-0.0871458027349,1.46288452984,1.618542,11.535543,-4.091479,-2.765216,-2.747016,0.116477
11,1789439290.531060457,0.534586848803,-0.273973992308,0.531352263368,-0.100608897304,-0.0871458027349,1.46288452984,1.607532,11.551944,-3.916938,-2.765118,-2.746726,0.114957
11,1789439290.536312103,0.534586848803,-0.273973992308,0.531352263368,-0.100608897304,-0.0871458027349,1.46288452984,1.569104,11.560978,-4.089744,-2.764187,-2.748444,0.117252
11,1789439290.540912628,0.534586848803,-0.273973992308,0.531352263368,-0.100608897304,-0.0871458027349,1.46288452984,1.531694,11.568686,-4.095069,-2.764257,-2.748537,0.119771
11,1789439290.546025991,0.534586848803,-0.273973992308,0.531352263368,-0.100608897304,-0.0871458027349,1.46288452984,1.53033,11.541673,-4.11542,-2.762289,-2.749194,0.118669
11,1789439290.550961733,0.534586848803,-0.273973992308,0.531352263368,-0.100608897304,-0.0871458027349,1.46288452984,1.577852,11.518922,-4.044281,-2.761296,-2.74895,0.116696
11,1789439290.555888891,0.534586848803,-0.273973992308,0.531352263368,-0.100608897304,-0.0871458027349,1.46288452984,1.604619,11.542569,-4.119786,-2.763381,-2.745901,0.116258
11,1789439290.560817003,0.534586848803,-0.273973992308,0.531352263368,-0.100608897304,-0.0871458027349,1.46288452984,1.622555,11.492331,-4.060459,-2.760708,-2.747359,0.118631
11,1789439290.565976620,0.534586848803,-0.273973992308,0.531352263368,-0.100608897304,-0.0871458027349,1.46288452984,1.61225,11.558986,-3.96903,-2.765934,-2.745196,0.117542
11,1789439290.570848227,0.534586848803,-0.273973992308,0.531352263368,-0.100608897304,-0.0871458027349,1.46288452984,1.565938,11.520041,-4.179661,-2.763188,-2.750885,0.119211
11,1789439290.575961351,0.534586848803,-0.273973992308,0.531352263368,-0.100608897304,-0.0871458027349,1.46288452984,1.560031,11.566212,-4.124595,-2.767594,-2.746948,0.118977
11,1789439290.580815077,0.534586848803,-0.273973992308,0.531352263368,-0.100608897304,-0.0871458027349,1.46288452984,1.529879,11.529728,-3.95634,-2.762884,-2.750797,0.113089
11,1789439290.585741997,0.534586848803,-0.273973992308,0.531352263368,-0.100608897304,-0.0871458027349,1.46288452984,1.577112,11.535047,-4.076891,-2.762857,-2.746024,0.119969
11,1789439290.590806246,0.534586848803,-0.273973992308,0.531352263368,-0.100608897304,-0.0871458027349,1.46288452984,1.593942,11.506019,-4.100569,-2.764855,-2.750378,0.116361
11,1789439290.596018314,0.534586848803,-0.273973992308,0.531352263368,-0.100608897304,-0.0871458027349,1.46288452984,1.64422,11.485358,-3.871131,-2.761221,-2.742861,0.115257
11,1789439290.600718021,0.534586848803,-0.273973992308,0.531352263368,-0.100608897304,-0.0871458027349,1.46288452984,1.603677,11.537258,-4.0611,-2.76416,-2.748094,0.117925
11,1789439290.605753899,0.534586848803,-0.273973992308,0.531352263368,-0.100608897304,-0.0871458027349,1.46288452984,1.598685,11.566889,-4.1491,-2.762174,-2.745107,0.121358
11,1789439290.610834599,0.534586848803,-0.273973992308,0.531352263368,-0.100608897304,-0.0871458027349,1.46288452984,1.553298,11.572037,-4.1012,-2.764538,-2.747353,0.1159
11,1789439290.615895033,0.534586848803,-0.273973992308,0.531352263368,-0.100608897304,-0.0871458027349,1.46288452984,1.562493,11.577206,-3.965135,-2.765732,-2.747567,0.1136
11,1789439290.620821953,0.534586848803,-0.273973992308,0.531352263368,-0.100608897304,-0.0871458027349,1.46288452984,1.562674,11.504389,-4.197809,-2.76063,-2.749873,0.119667
11,1789439290.625826597,0.534586848803,-0.273973992308,0.531352263368,-0.100608897304,-0.0871458027349,1.46288452984,1.584366,11.49629,-4.097594,-2.763108,-2.745741,0.118845
11,1789439290.630890846,0.534586848803,-0.273973992308,0.531352263368,-0.100608897304,-0.0871458027349,1.46288452984,1.637422,11.486832,-3.934831,-2.761188,-2.747496,0.115649
11,1789439290.635763168,0.534586848803,-0.273973992308,0.531352263368,-0.100608897304,-0.0871458027349,1.46288452984,1.621268,11.481639,-4.093716,-2.761592,-2.745478,0.121496
11,1789439290.640733957,0.534586848803,-0.273973992308,0.531352263368,-0.100608897304,-0.0871458027349,1.46288452984,1.615777,11.510972,-3.971651,-2.762852,-2.749061,0.115608
11,1789439290.645867348,0.534586848803,-0.273973992308,0.531352263368,-0.100608897304,-0.0871458027349,1.46288452984,1.622484,11.536782,-4.048779,-2.761619,-2.74376,0.120367
11,1789439290.650708914,0.534586848803,-0.273973992308,0.531352263368,-0.100608897304,-0.0871458027349,1.46288452984,1.570106,11.561177,-4.106256,-2.766126,-2.749203,0.118563
11,1789439290.655918121,0.534586848803,-0.273973992308,0.531352263368,-0.100608897304,-0.0871458027349,1.46288452984,1.594046,11.543789,-3.844378,-2.762686,-2.74457,0.113979
11,1789439290.660907507,0.534586848803,-0.273973992308,0.531352263368,-0.100608897304,-0.0871458027349,1.46288452984,1.540932,11.567495,-4.085121,-2.767851,-2.750722,0.113931
11,1789439290.665927410,0.534586848803,-0.273973992308,0.531352263368,-0.100608897304,-0.0871458027349,1.46288452984,1.555898,11.490262,-4.162254,-2.758987,-2.746013,0.119064
11,1789439290.670770168,0.534586848803,-0.273973992308,0.531352263368,-0.100608897304,-0.0871458027349,1.46288452984,1.585307,11.512598,-4.223013,-2.766301,-2.749286,0.121558
11,1789439290.675820112,0.534586848803,-0.273973992308,0.531352263368,-0.100608897304,-0.0871458027349,1.46288452984,1.589645,11.475176,-3.956615,-2.763622,-2.749157,0.119525
11,1789439290.680884838,0.534586848803,-0.273973992308,0.531352263368,-0.100608897304,-0.0871458027349,1.46288452984,1.606092,11.521867,-4.204512,-2.763866,-2.746291,0.121759
11,1789439290.685778379,0.534586848803,-0.273973992308,0.531352263368,-0.100608897304,-0.0871458027349,1.46288452984,1.596949,11.561739,-4.10939,-2.76746,-2.7498,0.116485
11,1789439290.690793991,0.534586848803,-0.273973992308,0.531352263368,-0.100608897304,-0.0871458027349,1.46288452984,1.583311,11.545343,-3.944591,-2.764568,-2.74616,0.115195
11,1789439290.695863485,0.534586848803,-0.273973992308,0.531352263368,-0.100608897304,-0.0871458027349,1.46288452984,1.578396,11.561653,-4.0906,-2.766784,-2.751958,0.116338
11,1789439290.700918674,0.534586848803,-0.273973992308,0.531352263368,-0.100608897304,-0.0871458027349,1.46288452984,1.572375,11.533776,-4.042891,-2.76223,-2.746643,0.117794
11,1789439290.705832243,0.534586848803,-0.273973992308,0.531352263368,-0.100608897304,-0.0871458027349,1.46288452984,1.536809,11.513489,-3.890653,-2.764247,-2.752219,0.113412
11,1789439290.710832357,0.534586848803,-0.273973992308,0.531352263368,-0.100608897304,-0.0871458027349,1.46288452984,1.577637,11.514316,-4.086304,-2.763333,-2.746364,0.119977
11,1789439290.716084480,0.534586848803,-0.273973992308,0.531352263368,-0.100608897304,-0.0871458027349,1.46288452984,1.58484,11.522334,-4.126744,-2.762848,-2.749659,0.117451
11,1789439290.721493244,0.534586848803,-0.273973992308,0.531352263368,-0.100608897304,-0.0871458027349,1.46288452984,1.608498,11.550174,-4.09933,-2.762568,-2.744175,0.117612
11,1789439290.726251602,0.534586848803,-0.273973992308,0.531352263368,-0.100608897304,-0.0871458027349,1.46288452984,1.593838,11.554328,-4.219778,-2.765362,-2.750271,0.117253
11,1789439290.731193304,0.534586848803,-0.273973992308,0.531352263368,-0.100608897304,-0.0871458027349,1.46288452984,1.586898,11.526665,-4.213257,-2.762749,-2.746787,0.122011
11,1789439290.736410141,0.534586848803,-0.273973992308,0.531352263368,-0.100608897304,-0.0871458027349,1.46288452984,1.560785,11.558654,-4.080588,-2.767138,-2.751736,0.116834
11,1789439290.741272211,0.534586848803,-0.273973992308,0.531352263368,-0.100608897304,-0.0871458027349,1.46288452984,1.553865,11.518473,-3.913978,-2.760931,-2.747125,0.116921
11,1789439290.746193886,0.534586848803,-0.273973992308,0.531352263368,-0.100608897304,-0.0871458027349,1.46288452984,1.561646,11.523803,-4.113034,-2.765357,-2.750981,0.120194
11,1789439290.751231909,0.534586848803,-0.273973992308,0.531352263368,-0.100608897304,-0.0871458027349,1.46288452984,1.596084,11.510334,-4.070207,-2.762815,-2.746037,0.118402
11,1789439290.756187439,0.534586848803,-0.273973992308,0.531352263368,-0.100608897304,-0.0871458027349,1.46288452984,1.608321,11.530127,-3.900719,-2.764643,-2.745409,0.113655
11,1789439290.761133194,0.534586848803,-0.273973992308,0.531352263368,-0.100608897304,-0.0871458027349,1.46288452984,1.618657,11.504505,-4.062363,-2.761388,-2.747833,0.117275
11,1789439290.766135454,0.534586848803,-0.273973992308,0.531352263368,-0.100608897304,-0.0871458027349,1.46288452984,1.596788,11.565818,-4.223812,-2.765424,-2.746881,0.12102
11,1789439290.771169424,0.534586848803,-0.273973992308,0.531352263368,-0.100608897304,-0.0871458027349,1.46288452984,1.560058,11.543127,-4.161861,-2.76264,-2.748951,0.118766
11,1789439290.776214361,0.534586848803,-0.273973992308,0.531352263368,-0.100608897304,-0.0871458027349,1.46288452984,1.550487,11.559053,-3.960496,-2.762903,-2.748396,0.116585
11,1789439290.781182051,0.534586848803,-0.273973992308,0.531352263368,-0.100608897304,-0.0871458027349,1.46288452984,1.552701,11.534021,-4.224754,-2.762516,-2.750796,0.120055
11,1789439290.786171675,0.534586848803,-0.273973992308,0.531352263368,-0.100608897304,-0.0871458027349,1.46288452984,1.607501,11.508528,-4.04355,-2.761907,-2.744638,0.117747
11,1789439290.791208267,0.534586848803,-0.273973992308,0.531352263368,-0.100608897304,-0.0871458027349,1.46288452984,1.619375,11.517419,-3.956768,-2.763993,-2.747294,0.113358
11,1789439290.796155214,0.534586848803,-0.273973992308,0.531352263368,-0.100608897304,-0.0871458027349,1.46288452984,1.620443,11.508386,-4.096282,-2.764527,-2.746036,0.119656
11,1789439290.801312447,0.534586848803,-0.273973992308,0.531352263368,-0.100608897304,-0.0871458027349,1.46288452984,1.60054,11.527763,-4.143935,-2.766953,-2.749095,0.118483
11,1789439290.806134462,0.534586848803,-0.273973992308,0.531352263368,-0.100608897304,-0.0871458027349,1.46288452984,1.571901,11.540036,-3.826112,-2.763698,-2.746078,0.113604
11,1789439290.810899734,0.534586848803,-0.273973992308,0.531352263368,-0.100608897304,-0.0871458027349,1.46288452984,1.520754,11.594803,-4.120347,-2.766546,-2.752898,0.114804
11,1789439290.815965414,0.534586848803,-0.273973992308,0.531352263368,-0.100608897304,-0.0871458027349,1.46288452984,1.557713,11.527225,-4.179021,-2.761383,-2.747958,0.119887
11,1789439290.821381807,0.534586848803,-0.273973992308,0.531352263368,-0.100608897304,-0.0871458027349,1.46288452984,1.573835,11.563078,-4.261258,-2.765766,-2.749476,0.120576
11,1789439290.825942039,0.534586848803,-0.273973992308,0.531352263368,-0.100608897304,-0.0871458027349,1.46288452984,1.608904,11.511431,-3.97177,-2.761848,-2.746145,0.115835
11,1789439290.830988884,0.534586848803,-0.273973992308,0.531352263368,-0.100608897304,-0.0871458027349,1.46288452984,1.628688,11.513375,-4.206433,-2.762168,-2.745687,0.12061
11,1789439290.836057186,0.534586848803,-0.273973992308,0.531352263368,-0.100608897304,-0.0871458027349,1.46288452984,1.630936,11.508601,-4.062065,-2.76196,-2.74591,0.117683
11,1789439290.840945721,0.534586848803,-0.273973992308,0.531352263368,-0.100608897304,-0.0871458027349,1.46288452984,1.584392,11.566647,-3.95272,-2.766023,-2.746589,0.115823
11,1789439290.846090794,0.534586848803,-0.273973992308,0.531352263368,-0.100608897304,-0.0871458027349,1.46288452984,1.6302,11.551378,-4.084634,-2.764209,-2.747783,0.114686
11,1789439290.851036787,0.534586848803,-0.273973992308,0.531352263368,-0.100608897304,-0.0871458027349,1.46288452984,1.593348,11.558134,-3.970059,-2.764301,-2.746421,0.116697
11,1789439290.856050014,0.534586848803,-0.273973992308,0.531352263368,-0.100608897304,-0.0871458027349,1.46288452984,1.53485,11.531792,-4.092388,-2.763507,-2.751321,0.121398
11,1789439290.861009598,0.534586848803,-0.273973992308,0.531352263368,-0.100608897304,-0.0871458027349,1.46288452984,1.537236,11.515624,-4.065323,-2.765165,-2.749129,0.121205
11,1789439290.865967989,0.534586848803,-0.273973992308,0.531352263368,-0.100608897304,-0.0871458027349,1.46288452984,1.553654,11.513447,-3.873185,-2.762984,-2.749661,0.112951
11,1789439290.871022940,0.534586848803,-0.273973992308,0.531352263368,-0.100608897304,-0.0871458027349,1.46288452984,1.5718,11.508547,-4.088801,-2.762168,-2.74953,0.117997
11,1789439290.875874519,0.534586848803,-0.273973992308,0.531352263368,-0.100608897304,-0.0871458027349,1.46288452984,1.622948,11.538616,-4.226679,-2.766425,-2.747968,0.119204
11,1789439290.880958796,0.534586848803,-0.273973992308,0.531352263368,-0.100608897304,-0.0871458027349,1.46288452984,1.6393,11.498209,-4.268994,-2.762541,-2.746275,0.122311
11,1789439290.886056423,0.534586848803,-0.273973992308,0.531352263368,-0.100608897304,-0.0871458027349,1.46288452984,1.576623,11.570847,-3.970816,-2.764621,-2.747161,0.116043
11,1789439290.891153574,0.534586848803,-0.273973992308,0.531352263368,-0.100608897304,-0.0871458027349,1.46288452984,1.55518,11.546119,-4.189596,-2.763526,-2.748286,0.118947
11,1789439290.896029949,0.534586848803,-0.273973992308,0.531352263368,-0.100608897304,-0.0871458027349,1.46288452984,1.547534,11.54956,-4.079547,-2.766343,-2.749767,0.117761
11,1789439290.901012421,0.534586848803,-0.273973992308,0.531352263368,-0.100608897304,-0.0871458027349,1.46288452984,1.533465,11.522692,-3.972623,-2.76208,-2.748853,0.114855
11,1789439290.905926228,0.534586848803,-0.273973992308,0.531352263368,-0.100608897304,-0.0871458027349,1.46288452984,1.593803,11.538468,-4.140973,-2.767978,-2.749666,0.114226
11,1789439290.910849094,0.534586848803,-0.273973992308,0.531352263368,-0.100608897304,-0.0871458027349,1.46288452984,1.612921,11.499825,-4.072287,-2.761153,-2.746402,0.117047
11,1789439290.915949583,0.534586848803,-0.273973992308,0.531352263368,-0.100608897304,-0.0871458027349,1.46288452984,1.619413,11.526414,-4.396683,-2.766691,-2.746035,0.1239
11,1789439290.921379328,0.534586848803,-0.273973992308,0.531352263368,-0.100608897304,-0.0871458027349,1.46288452984,1.589797,11.530818,-4.052405,-2.762016,-2.747957,0.117535
11,1789439290.926018000,0.534586848803,-0.273973992308,0.531352263368,-0.100608897304,-0.0871458027349,1.46288452984,1.559859,11.565647,-4.132934,-2.767929,-2.746761,0.119635
11,1789439290.931032658,0.534586848803,-0.273973992308,0.531352263368,-0.100608897304,-0.0871458027349,1.46288452984,1.546199,11.543616,-4.241352,-2.762929,-2.750301,0.121372
11,1789439290.936053753,0.534586848803,-0.273973992308,0.531352263368,-0.100608897304,-0.0871458027349,1.46288452984,1.566332,11.545881,-3.909257,-2.764202,-2.748163,0.113721
11,1789439290.940840006,0.534586848803,-0.273973992308,0.531352263368,-0.100608897304,-0.0871458027349,1.46288452984,1.554456,11.52679,-4.197657,-2.763652,-2.750265,0.119641
11,1789439290.945978403,0.534586848803,-0.273973992308,0.531352263368,-0.100608897304,-0.0871458027349,1.46288452984,1.60008,11.483575,-4.032629,-2.761495,-2.744618,0.118928
11,1789439290.950942755,0.534586848803,-0.273973992308,0.531352263368,-0.100608897304,-0.0871458027349,1.46288452984,1.608091,11.512276,-3.976648,-2.763454,-2.748165,0.118519
11,1789439290.956040859,0.534586848803,-0.273973992308,0.531352263368,-0.100608897304,-0.0871458027349,1.46288452984,1.575962,11.528145,-4.047487,-2.762695,-2.746548,0.120922
11,1789439290.960976601,0.534586848803,-0.273973992308,0.531352263368,-0.100608897304,-0.0871458027349,1.46288452984,1.570645,11.574219,-4.054357,-2.764527,-2.747024,0.116154
11,1789439290.965999126,0.534586848803,-0.273973992308,0.531352263368,-0.100608897304,-0.0871458027349,1.46288452984,1.554717,11.541962,-3.847518,-2.762654,-2.749178,0.111385
11,1789439290.970958710,0.534586848803,-0.273973992308,0.531352263368,-0.100608897304,-0.0871458027349,1.46288452984,1.565968,11.57462,-4.07998,-2.766782,-2.750782,0.117252
11,1789439290.975905180,0.534586848803,-0.273973992308,0.531352263368,-0.100608897304,-0.0871458027349,1.46288452984,1.576211,11.503413,-4.215562,-2.762618,-2.749806,0.120277
11,1789439290.980967999,0.534586848803,-0.273973992308,0.531352263368,-0.100608897304,-0.0871458027349,1.46288452984,1.614981,11.493591,-4.357279,-2.764219,-2.748845,0.125152
11,1789439290.986074448,0.534586848803,-0.273973992308,0.531352263368,-0.100608897304,-0.0871458027349,1.46288452984,1.602388,11.502703,-3.961147,-2.762042,-2.747828,0.116552
11,1789439290.991053820,0.534586848803,-0.273973992308,0.531352263368,-0.100608897304,-0.0871458027349,1.46288452984,1.620715,11.521574,-4.216077,-2.765191,-2.745873,0.12036
11,1789439290.996061802,0.534586848803,-0.273973992308,0.531352263368,-0.100608897304,-0.0871458027349,1.46288452984,1.589923,11.557302,-4.047869,-2.764631,-2.747608,0.114356
11,1789439291.000934362,0.534586848803,-0.273973992308,0.531352263368,-0.100608897304,-0.0871458027349,1.46288452984,1.57508,11.57653,-3.94979,-2.7648,-2.746556,0.111583
11,1789439291.006086588,0.534586848803,-0.273973992308,0.531352263368,-0.100608897304,-0.0871458027349,1.46288452984,1.567569,11.594445,-4.083325,-2.76632,-2.748632,0.115197
11,1789439291.010881186,0.534586848803,-0.273973992308,0.531352263368,-0.100608897304,-0.0871458027349,1.46288452984,1.568236,11.519204,-4.089904,-2.763527,-2.748904,0.117306
11,1789439291.015949965,0.534586848803,-0.273973992308,0.531352263368,-0.100608897304,-0.0871458027349,1.46288452984,1.561212,11.52968,-3.885877,-2.762308,-2.747863,0.11693
11,1789439291.020977497,0.534586848803,-0.273973992308,0.531352263368,-0.100608897304,-0.0871458027349,1.46288452984,1.572482,11.487505,-4.097205,-2.763298,-2.749874,0.118675
11,1789439291.025908470,0.534586848803,-0.273973992308,0.531352263368,-0.100608897304,-0.0871458027349,1.46288452984,1.629683,11.543226,-4.050073,-2.76214,-2.746139,0.119233
11,1789439291.030921459,0.534586848803,-0.273973992308,0.531352263368,-0.100608897304,-0.0871458027349,1.46288452984,1.594986,11.546589,-4.100617,-2.765539,-2.748814,0.116301
11,1789439291.036002874,0.534586848803,-0.273973992308,0.531352263368,-0.100608897304,-0.0871458027349,1.46288452984,1.601835,11.574092,-4.081416,-2.766529,-2.74552,0.116934
11,1789439291.040881872,0.534586848803,-0.273973992308,0.531352263368,-0.100608897304,-0.0871458027349,1.46288452984,1.550621,11.547895,-4.080542,-2.763488,-2.7515,0.116886
11,1789439291.045945883,0.534586848803,-0.273973992308,0.531352263368,-0.100608897304,-0.0871458027349,1.46288452984,1.535021,11.513601,-4.101781,-2.763587,-2.747792,0.121834
11,1789439291.050998449,0.534586848803,-0.273973992308,0.531352263368,-0.100608897304,-0.0871458027349,1.46288452984,1.548928,11.485332,-3.98756,-2.762338,-2.7521,0.117103
11,1789439291.055947304,0.534586848803,-0.273973992308,0.531352263368,-0.100608897304,-0.0871458027349,1.46288452984,1.549136,11.537932,-4.084984,-2.764993,-2.750318,0.114189
11,1789439291.061239243,0.534586848803,-0.273973992308,0.531352263368,-0.100608897304,-0.0871458027349,1.46288452984,1.566915,11.517557,-3.942087,-2.761946,-2.746862,0.116849
11,1789439291.066072941,0.534586848803,-0.273973992308,0.531352263368,-0.100608897304,-0.0871458027349,1.46288452984,1.571553,11.515025,-4.123271,-2.763314,-2.749907,0.119729
11,1789439291.071040154,0.534586848803,-0.273973992308,0.531352263368,-0.100608897304,-0.0871458027349,1.46288452984,1.602024,11.514125,-4.097716,-2.763065,-2.74673,0.118574
11,1789439291.075925827,0.534586848803,-0.273973992308,0.531352263368,-0.100608897304,-0.0871458027349,1.46288452984,1.617913,11.524785,-3.889597,-2.76383,-2.748026,0.114574
11,1789439291.080993652,0.534586848803,-0.273973992308,0.531352263368,-0.100608897304,-0.0871458027349,1.46288452984,1.616755,11.564673,-4.053145,-2.764527,-2.747516,0.11698
11,1789439291.085921764,0.534586848803,-0.273973992308,0.531352263368,-0.100608897304,-0.0871458027349,1.46288452984,1.580584,11.547004,-4.210189,-2.764208,-2.749593,0.117527
11,1789439291.090913773,0.534586848803,-0.273973992308,0.531352263368,-0.100608897304,-0.0871458027349,1.46288452984,1.576423,11.535186,-4.286912,-2.764146,-2.747841,0.12236
11,1789439291.096164703,0.534586848803,-0.273973992308,0.531352263368,-0.100608897304,-0.0871458027349,1.46288452984,1.537832,11.514697,-3.989746,-2.761639,-2.751892,0.115522
11,1789439291.100906134,0.534586848803,-0.273973992308,0.531352263368,-0.100608897304,-0.0871458027349,1.46288452984,1.592884,11.515372,-4.221678,-2.763343,-2.74672,0.122668
11,1789439291.106076956,0.534586848803,-0.273973992308,0.531352263368,-0.100608897304,-0.0871458027349,1.46288452984,1.609084,11.491474,-4.080349,-2.763603,-2.748319,0.117719
11,1789439291.110884905,0.534586848803,-0.273973992308,0.531352263368,-0.100608897304,-0.0871458027349,1.46288452984,1.633342,11.530589,-3.989462,-2.763077,-2.745815,0.116406
11,1789439291.116087914,0.534586848803,-0.273973992308,0.531352263368,-0.100608897304,-0.0871458027349,1.46288452984,1.588749,11.550219,-4.072275,-2.765444,-2.748682,0.116573
11,1789439291.121446609,0.534586848803,-0.273973992308,0.531352263368,-0.100608897304,-0.0871458027349,1.46288452984,1.57574,11.54126,-4.087726,-2.765942,-2.747457,0.118817
11,1789439291.126067162,0.534586848803,-0.273973992308,0.531352263368,-0.100608897304,-0.0871458027349,1.46288452984,1.571084,11.557158,-3.879971,-2.763962,-2.749407,0.114422
11,1789439291.130974293,0.534586848803,-0.273973992308,0.531352263368,-0.100608897304,-0.0871458027349,1.46288452984,1.548801,11.531554,-4.078092,-2.763211,-2.750336,0.1187
11,1789439291.135957241,0.534586848803,-0.273973992308,0.531352263368,-0.100608897304,-0.0871458027349,1.46288452984,1.586847,11.515005,-4.202912,-2.763348,-2.749162,0.122496
11,1789439291.140873194,0.534586848803,-0.273973992308,0.531352263368,-0.100608897304,-0.0871458027349,1.46288452984,1.594729,11.491774,-4.361614,-2.75969,-2.748378,0.122298
11,1789439291.145935774,0.534586848803,-0.273973992308,0.531352263368,-0.100608897304,-0.0871458027349,1.46288452984,1.630043,11.521272,-3.982269,-2.764249,-2.745894,0.115081
11,1789439291.150922060,0.534586848803,-0.273973992308,0.531352263368,-0.100608897304,-0.0871458027349,1.46288452984,1.620187,11.5175,-4.219517,-2.763024,-2.747505,0.117917
11,1789439291.155970812,0.534586848803,-0.273973992308,0.531352263368,-0.100608897304,-0.0871458027349,1.46288452984,1.632695,11.542086,-4.067958,-2.765074,-2.745274,0.119852
11,1789439291.161017179,0.534586848803,-0.273973992308,0.531352263368,-0.100608897304,-0.0871458027349,1.46288452984,1.577743,11.540025,-4.000805,-2.764689,-2.750435,0.11448
11,1789439291.165935278,0.534586848803,-0.273973992308,0.531352263368,-0.100608897304,-0.0871458027349,1.46288452984,1.554424,11.53122,-4.088706,-2.762249,-2.746962,0.118215
11,1789439291.171071529,0.534586848803,-0.273973992308,0.531352263368,-0.100608897304,-0.0871458027349,1.46288452984,1.547014,11.557857,-4.145927,-2.765183,-2.750684,0.116773
11,1789439291.176132917,0.534586848803,-0.273973992308,0.531352263368,-0.100608897304,-0.0871458027349,1.46288452984,1.587131,11.500458,-4.163253,-2.760115,-2.746737,0.118317
11,1789439291.181079149,0.534586848803,-0.273973992308,0.531352263368,-0.100608897304,-0.0871458027349,1.46288452984,1.602318,11.560391,-4.110844,-2.766194,-2.745499,0.116011
11,1789439291.186151266,0.534586848803,-0.273973992308,0.531352263368,-0.100608897304,-0.0871458027349,1.46288452984,1.634314,11.525015,-4.097518,-2.760625,-2.745843,0.118736
11,1789439291.191047192,0.534586848803,-0.273973992308,0.531352263368,-0.100608897304,-0.0871458027349,1.46288452984,1.630891,11.541727,-4.341117,-2.766373,-2.747435,0.123502
11,1789439291.200159073,0.534586848803,-0.273973992308,0.531352263368,-0.100608897304,-0.0871458027349,1.46288452984,1.576995,11.537496,-3.962854,-2.764418,-2.748396,0.115202
11,1789439291.202177048,0.534586848803,-0.273973992308,0.531352263368,-0.100608897304,-0.0871458027349,1.46288452984,1.565743,11.578933,-4.218389,-2.766995,-2.749118,0.11816
11,1789439291.206650019,0.534586848803,-0.273973992308,0.531352263368,-0.100608897304,-0.0871458027349,1.46288452984,1.528893,11.555676,-4.054018,-2.764227,-2.750457,0.11605
11,1789439291.210927248,0.534586848803,-0.273973992308,0.531352263368,-0.100608897304,-0.0871458027349,1.46288452984,1.578883,11.53154,-3.978887,-2.762299,-2.747526,0.116984
11,1789439291.215942860,0.534586848803,-0.273973992308,0.531352263368,-0.100608897304,-0.0871458027349,1.46288452984,1.584956,11.514544,-4.088221,-2.763674,-2.749285,0.118404
11,1789439291.221941948,0.534586848803,-0.273973992308,0.531352263368,-0.100608897304,-0.0871458027349,1.46288452984,1.63482,11.495549,-4.067493,-2.76227,-2.745254,0.120367
11,1789439291.226005793,0.534586848803,-0.273973992308,0.531352263368,-0.100608897304,-0.0871458027349,1.46288452984,1.606187,11.540857,-3.878487,-2.764737,-2.749632,0.115493
11,1789439291.230860233,0.534586848803,-0.273973992308,0.531352263368,-0.100608897304,-0.0871458027349,1.46288452984,1.59852,11.540324,-4.029639,-2.761495,-2.745801,0.120447
11,1789439291.235808611,0.534586848803,-0.273973992308,0.531352263368,-0.100608897304,-0.0871458027349,1.46288452984,1.578176,11.559318,-4.218249,-2.7678,-2.751023,0.118164
11,1789439291.240813971,0.534586848803,-0.273973992308,0.531352263368,-0.100608897304,-0.0871458027349,1.46288452984,1.580153,11.524021,-4.332496,-2.762796,-2.748097,0.122982
11,1789439291.245824337,0.534586848803,-0.273973992308,0.531352263368,-0.100608897304,-0.0871458027349,1.46288452984,1.536394,11.525854,-3.991919,-2.76428,-2.751306,0.114145
11,1789439291.250879049,0.534586848803,-0.273973992308,0.531352263368,-0.100608897304,-0.0871458027349,1.46288452984,1.583231,11.501762,-4.220643,-2.760743,-2.750358,0.122963
11,1789439291.255876780,0.534586848803,-0.273973992308,0.531352263368,-0.100608897304,-0.0871458027349,1.46288452984,1.607714,11.488057,-4.05184,-2.762702,-2.745528,0.11843
11,1789439291.261211872,0.534586848803,-0.273973992308,0.531352263368,-0.100608897304,-0.0871458027349,1.46288452984,1.616259,11.528725,-3.998986,-2.763406,-2.746338,0.116203
11,1789439291.265849590,0.534586848803,-0.273973992308,0.531352263368,-0.100608897304,-0.0871458027349,1.46288452984,1.591272,11.550906,-4.090844,-2.762521,-2.746726,0.116773
11,1789439291.271005154,0.534586848803,-0.273973992308,0.531352263368,-0.100608897304,-0.0871458027349,1.46288452984,1.618975,11.552358,-4.009993,-2.764811,-2.747902,0.11481
11,1789439291.275720358,0.534586848803,-0.273973992308,0.531352263368,-0.100608897304,-0.0871458027349,1.46288452984,1.613649,11.553587,-4.089594,-2.76218,-2.744488,0.117841
11,1789439291.280915260,0.534586848803,-0.273973992308,0.531352263368,-0.100608897304,-0.0871458027349,1.46288452984,1.584046,11.534889,-4.107882,-2.762233,-2.74838,0.117687
11,1789439291.285824060,0.534586848803,-0.273973992308,0.531352263368,-0.100608897304,-0.0871458027349,1.46288452984,1.570436,11.553742,-4.100973,-2.764349,-2.747715,0.116116
11,1789439291.290765524,0.534586848803,-0.273973992308,0.531352263368,-0.100608897304,-0.0871458027349,1.46288452984,1.542447,11.542974,-4.088273,-2.76229,-2.750578,0.118019
11,1789439291.295941353,0.534586848803,-0.273973992308,0.531352263368,-0.100608897304,-0.0871458027349,1.46288452984,1.564192,11.50294,-4.158703,-2.762927,-2.748986,0.121048
11,1789439291.300913334,0.534586848803,-0.273973992308,0.531352263368,-0.100608897304,-0.0871458027349,1.46288452984,1.582214,11.49657,-4.378884,-2.76472,-2.748819,0.123159
11,1789439291.305804014,0.534586848803,-0.273973992308,0.531352263368,-0.100608897304,-0.0871458027349,1.46288452984,1.64138,11.514273,-4.009839,-2.764113,-2.746693,0.115257
11,1789439291.310663462,0.534586848803,-0.273973992308,0.531352263368,-0.100608897304,-0.0871458027349,1.46288452984,1.6357,11.512091,-4.215777,-2.763188,-2.747866,0.120366
11,1789439291.315920591,0.534586848803,-0.273973992308,0.531352263368,-0.100608897304,-0.0871458027349,1.46288452984,1.598456,11.532836,-4.097893,-2.764891,-2.747225,0.118326
11,1789439291.320854425,0.534586848803,-0.273973992308,0.531352263368,-0.100608897304,-0.0871458027349,1.46288452984,1.553416,11.548207,-4.016437,-2.765424,-2.75119,0.116287
11,1789439291.325869560,0.534586848803,-0.273973992308,0.531352263368,-0.100608897304,-0.0871458027349,1.46288452984,1.539264,11.565544,-4.090374,-2.763369,-2.747769,0.116855
11,1789439291.330816269,0.534586848803,-0.273973992308,0.531352263368,-0.100608897304,-0.0871458027349,1.46288452984,1.544777,11.536301,-4.119155,-2.762763,-2.75005,0.116179
11,1789439291.335816622,0.534586848803,-0.273973992308,0.531352263368,-0.100608897304,-0.0871458027349,1.46288452984,1.616706,11.516346,-3.891605,-2.761752,-2.746326,0.113466
11,1789439291.340811014,0.534586848803,-0.273973992308,0.531352263368,-0.100608897304,-0.0871458027349,1.46288452984,1.626013,11.485595,-4.072759,-2.762153,-2.74667,0.116809
11,1789439291.345961332,0.534586848803,-0.273973992308,0.531352263368,-0.100608897304,-0.0871458027349,1.46288452984,1.61618,11.505236,-4.204197,-2.76265,-2.744841,0.122207
11,1789439291.350818634,0.534586848803,-0.273973992308,0.531352263368,-0.100608897304,-0.0871458027349,1.46288452984,1.609349,11.538349,-4.323879,-2.767376,-2.748953,0.122452
11,1789439291.355849266,0.534586848803,-0.273973992308,0.531352263368,-0.100608897304,-0.0871458027349,1.46288452984,1.57137,11.547588,-3.990858,-2.764494,-2.747729,0.115157
11,1789439291.360694170,0.534586848803,-0.273973992308,0.531352263368,-0.100608897304,-0.0871458027349,1.46288452984,1.571238,11.56947,-4.228618,-2.766257,-2.750146,0.117483
11,1789439291.365747452,0.534586848803,-0.273973992308,0.531352263368,-0.100608897304,-0.0871458027349,1.46288452984,1.547985,11.53591,-4.074889,-2.764387,-2.748821,0.114876
11,1789439291.370865107,0.534586848803,-0.273973992308,0.531352263368,-0.100608897304,-0.0871458027349,1.46288452984,1.578298,11.509981,-4.008098,-2.761172,-2.746918,0.116299
11,1789439291.375811577,0.534586848803,-0.273973992308,0.531352263368,-0.100608897304,-0.0871458027349,1.46288452984,1.586733,11.526846,-4.124354,-2.765651,-2.748052,0.119213
11,1789439291.380875111,0.534586848803,-0.273973992308,0.531352263368,-0.100608897304,-0.0871458027349,1.46288452984,1.626731,11.52872,-4.057656,-2.760532,-2.746427,0.120376
11,1789439291.385898352,0.534586848803,-0.273973992308,0.531352263368,-0.100608897304,-0.0871458027349,1.46288452984,1.60446,11.578124,-3.910188,-2.766124,-2.746872,0.113145
11,1789439291.390890121,0.534586848803,-0.273973992308,0.531352263368,-0.100608897304,-0.0871458027349,1.46288452984,1.583991,11.569055,-4.061939,-2.761772,-2.747154,0.117263
11,1789439291.395807266,0.534586848803,-0.273973992308,0.531352263368,-0.100608897304,-0.0871458027349,1.46288452984,1.574685,11.556975,-4.227817,-2.764612,-2.749108,0.118169
11,1789439291.400696516,0.534586848803,-0.273973992308,0.531352263368,-0.100608897304,-0.0871458027349,1.46288452984,1.561987,11.557386,-4.282611,-2.764252,-2.749371,0.11879
11,1789439291.405896187,0.534586848803,-0.273973992308,0.531352263368,-0.100608897304,-0.0871458027349,1.46288452984,1.582947,11.532865,-3.987027,-2.761307,-2.74634,0.11786
11,1789439291.410676003,0.534586848803,-0.273973992308,0.531352263368,-0.100608897304,-0.0871458027349,1.46288452984,1.573085,11.524083,-4.115054,-2.764082,-2.751241,0.118833
11,1789439291.415869713,0.534586848803,-0.273973992308,0.531352263368,-0.100608897304,-0.0871458027349,1.46288452984,1.602306,11.493088,-4.038678,-2.759998,-2.745073,0.120933
11,1789439291.420942307,0.534586848803,-0.273973992308,0.531352263368,-0.100608897304,-0.0871458027349,1.46288452984,1.602073,11.524253,-4.120474,-2.766069,-2.750769,0.115394
11,1789439291.425918818,0.534586848803,-0.273973992308,0.531352263368,-0.100608897304,-0.0871458027349,1.46288452984,1.602415,11.548979,-4.05381,-2.761941,-2.74551,0.116804
11,1789439291.430815458,0.534586848803,-0.273973992308,0.531352263368,-0.100608897304,-0.0871458027349,1.46288452984,1.56968,11.586343,-4.135993,-2.769739,-2.74866,0.117154
11,1789439291.435852528,0.534586848803,-0.273973992308,0.531352263368,-0.100608897304,-0.0871458027349,1.46288452984,1.583902,11.5762,-3.910261,-2.763544,-2.747513,0.112981
11,1789439291.440767288,0.534586848803,-0.273973992308,0.531352263368,-0.100608897304,-0.0871458027349,1.46288452984,1.542105,11.546392,-4.082046,-2.765429,-2.749077,0.116204
11,1789439291.445988894,0.534586848803,-0.273973992308,0.531352263368,-0.100608897304,-0.0871458027349,1.46288452984,1.566869,11.470288,-4.139209,-2.760775,-2.74882,0.121792
11,1789439291.450891733,0.534586848803,-0.273973992308,0.531352263368,-0.100608897304,-0.0871458027349,1.46288452984,1.593012,11.47322,-4.387553,-2.764305,-2.74774,0.123821
11,1789439291.455855131,0.534586848803,-0.273973992308,0.531352263368,-0.100608897304,-0.0871458027349,1.46288452984,1.6195,11.525345,-4.011783,-2.764461,-2.748412,0.113721
11,1789439291.460841894,0.534586848803,-0.273973992308,0.531352263368,-0.100608897304,-0.0871458027349,1.46288452984,1.618173,11.548888,-4.228864,-2.766172,-2.746764,0.117849
11,1789439291.465873480,0.534586848803,-0.273973992308,0.531352263368,-0.100608897304,-0.0871458027349,1.46288452984,1.579171,11.551561,-4.056756,-2.76571,-2.748269,0.114591
11,1789439291.470886230,0.534586848803,-0.273973992308,0.531352263368,-0.100608897304,-0.0871458027349,1.46288452984,1.586972,11.547175,-3.980587,-2.763241,-2.745518,0.116036
11,1789439291.475868940,0.534586848803,-0.273973992308,0.531352263368,-0.100608897304,-0.0871458027349,1.46288452984,1.584062,11.548006,-4.073577,-2.765806,-2.749116,0.115686
11,1789439291.480751514,0.534586848803,-0.273973992308,0.531352263368,-0.100608897304,-0.0871458027349,1.46288452984,1.58365,11.559408,-3.946294,-2.76392,-2.745636,0.114057
11,1789439291.485824585,0.534586848803,-0.273973992308,0.531352263368,-0.100608897304,-0.0871458027349,1.46288452984,1.558955,11.56524,-4.13788,-2.764718,-2.751152,0.115863
11,1789439291.490804672,0.534586848803,-0.273973992308,0.531352263368,-0.100608897304,-0.0871458027349,1.46288452984,1.589768,11.521373,-4.071134,-2.761901,-2.745911,0.117733
11,1789439291.495840788,0.534586848803,-0.273973992308,0.531352263368,-0.100608897304,-0.0871458027349,1.46288452984,1.590004,11.51794,-3.926517,-2.765222,-2.749945,0.114583
11,1789439291.500676632,0.534586848803,-0.273973992308,0.531352263368,-0.100608897304,-0.0871458027349,1.46288452984,1.623515,11.489931,-4.058766,-2.762375,-2.745719,0.11996
11,1789439291.505953074,0.534586848803,-0.273973992308,0.531352263368,-0.100608897304,-0.0871458027349,1.46288452984,1.618118,11.550161,-4.236902,-2.766795,-2.74824,0.118512
11,1789439291.510822296,0.534586848803,-0.273973992308,0.531352263368,-0.100608897304,-0.0871458027349,1.46288452984,1.609652,11.538322,-4.237105,-2.764461,-2.746929,0.118549
11,1789439291.515962839,0.534586848803,-0.273973992308,0.531352263368,-0.100608897304,-0.0871458027349,1.46288452984,1.561499,11.576775,-4.036519,-2.766389,-2.748283,0.115517
11,1789439291.521154165,0.534586848803,-0.273973992308,0.531352263368,-0.100608897304,-0.0871458027349,1.46288452984,1.566628,11.553892,-4.235246,-2.763701,-2.74985,0.119307
11,1789439291.525856256,0.534586848803,-0.273973992308,0.531352263368,-0.100608897304,-0.0871458027349,1.46288452984,1.573735,11.507969,-4.108681,-2.763148,-2.748641,0.117282
11,1789439291.530832529,0.534586848803,-0.273973992308,0.531352263368,-0.100608897304,-0.0871458027349,1.46288452984,1.584006,11.486329,-4.034238,-2.762055,-2.748665,0.117401
11,1789439291.535865307,0.534586848803,-0.273973992308,0.531352263368,-0.100608897304,-0.0871458027349,1.46288452984,1.572976,11.471666,-4.130918,-2.760427,-2.746934,0.121335
11,1789439291.540830374,0.534586848803,-0.273973992308,0.531352263368,-0.100608897304,-0.0871458027349,1.46288452984,1.639938,11.521207,-4.077136,-2.761375,-2.746339,0.119878
11,1789439291.545863390,0.534586848803,-0.273973992308,0.531352263368,-0.100608897304,-0.0871458027349,1.46288452984,1.611956,11.577147,-3.912314,-2.766489,-2.748689,0.111567
11,1789439291.550746679,0.534586848803,-0.273973992308,0.531352263368,-0.100608897304,-0.0871458027349,1.46288452984,1.569716,11.552933,-4.08856,-2.76534,-2.747891,0.118148
11,1789439291.555931807,0.534586848803,-0.273973992308,0.531352263368,-0.100608897304,-0.0871458027349,1.46288452984,1.590351,11.557903,-4.233829,-2.764628,-2.748745,0.120369
11,1789439291.560682297,0.534586848803,-0.273973992308,0.531352263368,-0.100608897304,-0.0871458027349,1.46288452984,1.567866,11.513838,-4.277476,-2.762044,-2.750565,0.122217
11,1789439291.565829992,0.534586848803,-0.273973992308,0.531352263368,-0.100608897304,-0.0871458027349,1.46288452984,1.564797,11.504257,-4.01367,-2.761607,-2.748638,0.11857
11,1789439291.570904732,0.534586848803,-0.273973992308,0.531352263368,-0.100608897304,-0.0871458027349,1.46288452984,1.583417,11.495482,-4.249238,-2.760564,-2.750898,0.122484
11,1789439291.575814962,0.534586848803,-0.273973992308,0.531352263368,-0.100608897304,-0.0871458027349,1.46288452984,1.596348,11.537726,-4.105661,-2.763803,-2.745907,0.119434
11,1789439291.580973148,0.534586848803,-0.273973992308,0.531352263368,-0.100608897304,-0.0871458027349,1.46288452984,1.619412,11.532951,-3.993357,-2.764288,-2.748794,0.113518
11,1789439291.585901737,0.534586848803,-0.273973992308,0.531352263368,-0.100608897304,-0.0871458027349,1.46288452984,1.624101,11.565345,-4.092685,-2.764513,-2.744725,0.115773
11,1789439291.590888262,0.534586848803,-0.273973992308,0.531352263368,-0.100608897304,-0.0871458027349,1.46288452984,1.573034,11.529904,-4.09906,-2.762649,-2.749405,0.11728
11,1789439291.595920324,0.534586848803,-0.273973992308,0.531352263368,-0.100608897304,-0.0871458027349,1.46288452984,1.564122,11.563783,-3.913552,-2.764758,-2.746873,0.11705
11,1789439291.600645304,0.534586848803,-0.273973992308,0.531352263368,-0.100608897304,-0.0871458027349,1.46288452984,1.554681,11.521071,-4.070935,-2.762169,-2.750079,0.117371
11,1789439291.605830908,0.534586848803,-0.273973992308,0.531352263368,-0.100608897304,-0.0871458027349,1.46288452984,1.573791,11.514385,-4.096578,-2.76462,-2.748844,0.119078
11,1789439291.610760450,0.534586848803,-0.273973992308,0.531352263368,-0.100608897304,-0.0871458027349,1.46288452984,1.588628,11.529859,-4.093052,-2.764291,-2.748821,0.115229
11,1789439291.615786791,0.534586848803,-0.273973992308,0.531352263368,-0.100608897304,-0.0871458027349,1.46288452984,1.62497,11.53124,-4.027888,-2.765298,-2.745422,0.115677
11,1789439291.620911837,0.534586848803,-0.273973992308,0.531352263368,-0.100608897304,-0.0871458027349,1.46288452984,1.619607,11.529874,-4.179922,-2.76371,-2.746604,0.119521
11,1789439291.625840187,0.534586848803,-0.273973992308,0.531352263368,-0.100608897304,-0.0871458027349,1.46288452984,1.582544,11.552393,-4.089706,-2.7657,-2.747625,0.117446
11,1789439291.630868673,0.534586848803,-0.273973992308,0.531352263368,-0.100608897304,-0.0871458027349,1.46288452984,1.562724,11.522777,-3.976663,-2.764731,-2.748797,0.118364
11,1789439291.635719776,0.534586848803,-0.273973992308,0.531352263368,-0.100608897304,-0.0871458027349,1.46288452984,1.54388,11.554143,-4.141085,-2.764939,-2.748969,0.120145
11,1789439291.640865564,0.534586848803,-0.273973992308,0.531352263368,-0.100608897304,-0.0871458027349,1.46288452984,1.554991,11.527096,-4.079679,-2.762676,-2.74936,0.117793
11,1789439291.645952225,0.534586848803,-0.273973992308,0.531352263368,-0.100608897304,-0.0871458027349,1.46288452984,1.599318,11.508092,-3.889246,-2.763203,-2.748127,0.114857
11,1789439291.650945425,0.534586848803,-0.273973992308,0.531352263368,-0.100608897304,-0.0871458027349,1.46288452984,1.583503,11.546883,-4.059032,-2.762927,-2.747111,0.119302
11,1789439291.655860424,0.534586848803,-0.273973992308,0.531352263368,-0.100608897304,-0.0871458027349,1.46288452984,1.608158,11.538014,-4.180114,-2.763823,-2.746907,0.11931
11,1789439291.660830975,0.534586848803,-0.273973992308,0.531352263368,-0.100608897304,-0.0871458027349,1.46288452984,1.611638,11.503273,-4.159935,-2.762685,-2.745097,0.120714
11,1789439291.665827513,0.534586848803,-0.273973992308,0.531352263368,-0.100608897304,-0.0871458027349,1.46288452984,1.576568,11.531537,-4.036899,-2.764233,-2.74966,0.115335
11,1789439291.670804501,0.534586848803,-0.273973992308,0.531352263368,-0.100608897304,-0.0871458027349,1.46288452984,1.558595,11.507064,-4.216311,-2.762169,-2.748856,0.119854
11,1789439291.675841331,0.534586848803,-0.273973992308,0.531352263368,-0.100608897304,-0.0871458027349,1.46288452984,1.535051,11.551232,-4.061721,-2.765311,-2.750407,0.117146
11,1789439291.680898666,0.534586848803,-0.273973992308,0.531352263368,-0.100608897304,-0.0871458027349,1.46288452984,1.560326,11.536334,-3.98053,-2.765705,-2.74985,0.115657
11,1789439291.685869932,0.534586848803,-0.273973992308,0.531352263368,-0.100608897304,-0.0871458027349,1.46288452984,1.567046,11.504788,-4.062063,-2.762253,-2.748713,0.123423
11,1789439291.690849781,0.534586848803,-0.273973992308,0.531352263368,-0.100608897304,-0.0871458027349,1.46288452984,1.558598,11.540536,-4.014253,-2.765927,-2.748539,0.118065
11,1789439291.695910692,0.534586848803,-0.273973992308,0.531352263368,-0.100608897304,-0.0871458027349,1.46288452984,1.576346,11.502455,-4.133989,-2.761667,-2.748153,0.119047
11,1789439291.700924635,0.534586848803,-0.273973992308,0.531352263368,-0.100608897304,-0.0871458027349,1.46288452984,1.62986,11.542192,-4.10224,-2.764413,-2.746288,0.115559
11,1789439291.705824614,0.534586848803,-0.273973992308,0.531352263368,-0.100608897304,-0.0871458027349,1.46288452984,1.621724,11.539275,-3.90389,-2.764464,-2.746825,0.111382
11,1789439291.710804701,0.534586848803,-0.273973992308,0.531352263368,-0.100608897304,-0.0871458027349,1.46288452984,1.586005,11.54706,-4.089195,-2.76389,-2.7466,0.117901
11,1789439291.716027021,0.534586848803,-0.273973992308,0.531352263368,-0.100608897304,-0.0871458027349,1.46288452984,1.558359,11.528259,-4.15597,-2.764279,-2.750008,0.1226
11,1789439291.720893145,0.534586848803,-0.273973992308,0.531352263368,-0.100608897304,-0.0871458027349,1.46288452984,1.554354,11.537898,-4.111697,-2.764688,-2.748085,0.121303
11,1789439291.725873947,0.534586848803,-0.273973992308,0.531352263368,-0.100608897304,-0.0871458027349,1.46288452984,1.570229,11.51532,-4.018863,-2.763624,-2.750409,0.114951
11,1789439291.730848312,0.534586848803,-0.273973992308,0.531352263368,-0.100608897304,-0.0871458027349,1.46288452984,1.589465,11.499703,-4.198618,-2.763042,-2.746597,0.119589
11,1789439291.735871315,0.534586848803,-0.273973992308,0.531352263368,-0.100608897304,-0.0871458027349,1.46288452984,1.622529,11.525216,-4.113372,-2.767372,-2.748647,0.114225
11,1789439291.740878582,0.534586848803,-0.273973992308,0.531352263368,-0.100608897304,-0.0871458027349,1.46288452984,1.626608,11.519061,-3.972112,-2.761706,-2.744353,0.115784
11,1789439291.746002913,0.534586848803,-0.273973992308,0.531352263368,-0.100608897304,-0.0871458027349,1.46288452984,1.595151,11.585222,-4.141147,-2.768531,-2.747421,0.120208
11,1789439291.750880718,0.534586848803,-0.273973992308,0.531352263368,-0.100608897304,-0.0871458027349,1.46288452984,1.562861,11.531909,-4.066563,-2.761297,-2.749203,0.120265
11,1789439291.755969048,0.534586848803,-0.273973992308,0.531352263368,-0.100608897304,-0.0871458027349,1.46288452984,1.542312,11.578495,-4.196735,-2.768571,-2.748404,0.120239
11,1789439291.760915995,0.534586848803,-0.273973992308,0.531352263368,-0.100608897304,-0.0871458027349,1.46288452984,1.546461,11.52495,-4.090133,-2.759802,-2.750088,0.116921
11,1789439291.765967369,0.534586848803,-0.273973992308,0.531352263368,-0.100608897304,-0.0871458027349,1.46288452984,1.585843,11.519223,-4.072457,-2.76291,-2.74636,0.11684
11,1789439291.771080971,0.534586848803,-0.273973992308,0.531352263368,-0.100608897304,-0.0871458027349,1.46288452984,1.621083,11.519913,-4.208765,-2.764596,-2.749925,0.118604
11,1789439291.776317358,0.534586848803,-0.273973992308,0.531352263368,-0.100608897304,-0.0871458027349,1.46288452984,1.623483,11.516556,-4.003279,-2.762085,-2.744114,0.119779
11,1789439291.781140566,0.534586848803,-0.273973992308,0.531352263368,-0.100608897304,-0.0871458027349,1.46288452984,1.593694,11.539571,-4.207813,-2.766672,-2.750433,0.119072
11,1789439291.786102057,0.534586848803,-0.273973992308,0.531352263368,-0.100608897304,-0.0871458027349,1.46288452984,1.583081,11.530965,-4.051516,-2.761667,-2.745046,0.118432
11,1789439291.791010380,0.534586848803,-0.273973992308,0.531352263368,-0.100608897304,-0.0871458027349,1.46288452984,1.548396,11.593143,-4.031761,-2.767926,-2.750934,0.112172
11,1789439291.795951605,0.534586848803,-0.273973992308,0.531352263368,-0.100608897304,-0.0871458027349,1.46288452984,1.564146,11.524343,-4.145213,-2.760168,-2.747726,0.117692
11,1789439291.801147461,0.534586848803,-0.273973992308,0.531352263368,-0.100608897304,-0.0871458027349,1.46288452984,1.57885,11.538508,-4.138756,-2.766334,-2.749892,0.115613
11,1789439291.806008816,0.534586848803,-0.273973992308,0.531352263368,-0.100608897304,-0.0871458027349,1.46288452984,1.61027,11.479917,-3.880736,-2.762258,-2.748513,0.114439
11,1789439291.810851097,0.534586848803,-0.273973992308,0.531352263368,-0.100608897304,-0.0871458027349,1.46288452984,1.612549,11.534581,-4.068561,-2.762625,-2.747017,0.11925
11,1789439291.815937757,0.534586848803,-0.273973992308,0.531352263368,-0.100608897304,-0.0871458027349,1.46288452984,1.606487,11.531186,-4.167182,-2.764308,-2.74816,0.121584
11,1789439291.821114063,0.534586848803,-0.273973992308,0.531352263368,-0.100608897304,-0.0871458027349,1.46288452984,1.568248,11.564601,-4.189899,-2.764416,-2.746403,0.118886
11,1789439291.826058388,0.534586848803,-0.273973992308,0.531352263368,-0.100608897304,-0.0871458027349,1.46288452984,1.539425,11.602547,-4.012081,-2.765754,-2.750024,0.112888
11,1789439291.831088305,0.534586848803,-0.273973992308,0.531352263368,-0.100608897304,-0.0871458027349,1.46288452984,1.57306,11.562172,-4.228368,-2.762869,-2.747428,0.117943
11,1789439291.836107492,0.534586848803,-0.273973992308,0.531352263368,-0.100608897304,-0.0871458027349,1.46288452984,1.586354,11.496081,-4.100491,-2.763453,-2.750745,0.116397
11,1789439291.841275930,0.534586848803,-0.273973992308,0.531352263368,-0.100608897304,-0.0871458027349,1.46288452984,1.620559,11.461284,-4.011958,-2.76012,-2.745432,0.120302
11,1789439291.846084356,0.534586848803,-0.273973992308,0.531352263368,-0.100608897304,-0.0871458027349,1.46288452984,1.577989,11.518561,-4.188119,-2.763892,-2.750422,0.119843
11,1789439291.851156235,0.534586848803,-0.273973992308,0.531352263368,-0.100608897304,-0.0871458027349,1.46288452984,1.605476,11.534158,-4.039796,-2.761964,-2.743548,0.120187
11,1789439291.856001616,0.534586848803,-0.273973992308,0.531352263368,-0.100608897304,-0.0871458027349,1.46288452984,1.59066,11.581762,-3.958337,-2.768605,-2.751697,0.111539
11,1789439291.861191988,0.534586848803,-0.273973992308,0.531352263368,-0.100608897304,-0.0871458027349,1.46288452984,1.591852,11.579114,-4.072394,-2.762846,-2.746605,0.11654
11,1789439291.866008282,0.534586848803,-0.273973992308,0.531352263368,-0.100608897304,-0.0871458027349,1.46288452984,1.57477,11.573006,-4.248943,-2.768449,-2.752609,0.116098
11,1789439291.871071815,0.534586848803,-0.273973992308,0.531352263368,-0.100608897304,-0.0871458027349,1.46288452984,1.573813,11.447239,-4.070256,-2.759053,-2.748745,0.118328
11,1789439291.875978708,0.534586848803,-0.273973992308,0.531352263368,-0.100608897304,-0.0871458027349,1.46288452984,1.570147,11.50711,-4.084706,-2.762849,-2.749504,0.120693
11,1789439291.881193399,0.534586848803,-0.273973992308,0.531352263368,-0.100608897304,-0.0871458027349,1.46288452984,1.592977,11.518469,-4.223298,-2.762633,-2.748934,0.121334
11,1789439291.886203289,0.534586848803,-0.273973992308,0.531352263368,-0.100608897304,-0.0871458027349,1.46288452984,1.617302,11.54128,-4.072323,-2.764731,-2.745456,0.116965
11,1789439291.891022444,0.534586848803,-0.273973992308,0.531352263368,-0.100608897304,-0.0871458027349,1.46288452984,1.63306,11.553066,-3.996611,-2.764172,-2.747471,0.111442
11,1789439291.895986080,0.534586848803,-0.273973992308,0.531352263368,-0.100608897304,-0.0871458027349,1.46288452984,1.61887,11.504824,-4.135804,-2.762027,-2.74857,0.117842
11,1789439291.901025772,0.534586848803,-0.273973992308,0.531352263368,-0.100608897304,-0.0871458027349,1.46288452984,1.627861,11.547214,-3.979523,-2.763651,-2.7448,0.116851
11,1789439291.905932903,0.534586848803,-0.273973992308,0.531352263368,-0.100608897304,-0.0871458027349,1.46288452984,1.586285,11.58463,-4.113323,-2.766262,-2.749585,0.11379
11,1789439291.911111116,0.534586848803,-0.273973992308,0.531352263368,-0.100608897304,-0.0871458027349,1.46288452984,1.573542,11.549415,-4.112856,-2.765747,-2.749234,0.114304
11,1789439291.916087151,0.534586848803,-0.273973992308,0.531352263368,-0.100608897304,-0.0871458027349,1.46288452984,1.573669,11.531208,-3.949035,-2.764233,-2.750317,0.111884
11,1789439291.921045780,0.534586848803,-0.273973992308,0.531352263368,-0.100608897304,-0.0871458027349,1.46288452984,1.574087,11.50051,-4.037831,-2.761389,-2.7472,0.121205
11,1789439291.925829887,0.534586848803,-0.273973992308,0.531352263368,-0.100608897304,-0.0871458027349,1.46288452984,1.585441,11.521098,-4.127703,-2.762562,-2.748417,0.123049
11,1789439291.930949926,0.534586848803,-0.273973992308,0.531352263368,-0.100608897304,-0.0871458027349,1.46288452984,1.584662,11.492043,-4.077067,-2.759338,-2.746135,0.120025
11,1789439291.935968399,0.534586848803,-0.273973992308,0.531352263368,-0.100608897304,-0.0871458027349,1.46288452984,1.601785,11.575034,-4.046114,-2.765539,-2.745705,0.115645
11,1789439291.940849781,0.534586848803,-0.273973992308,0.531352263368,-0.100608897304,-0.0871458027349,1.46288452984,1.612448,11.555987,-4.166955,-2.764711,-2.748486,0.115493
11,1789439291.946000099,0.534586848803,-0.273973992308,0.531352263368,-0.100608897304,-0.0871458027349,1.46288452984,1.592015,11.550456,-4.101335,-2.762529,-2.746,0.116081
11,1789439291.950910568,0.534586848803,-0.273973992308,0.531352263368,-0.100608897304,-0.0871458027349,1.46288452984,1.570642,11.536313,-3.997992,-2.765087,-2.750829,0.116294
11,1789439291.955908298,0.534586848803,-0.273973992308,0.531352263368,-0.100608897304,-0.0871458027349,1.46288452984,1.55151,11.505136,-4.100305,-2.763507,-2.750923,0.122504
11,1789439291.960938692,0.534586848803,-0.273973992308,0.531352263368,-0.100608897304,-0.0871458027349,1.46288452984,1.557447,11.521531,-4.10398,-2.766693,-2.751612,0.119988
11,1789439291.965969563,0.534586848803,-0.273973992308,0.531352263368,-0.100608897304,-0.0871458027349,1.46288452984,1.577836,11.517582,-3.918362,-2.76423,-2.748745,0.113945
11,1789439291.970991135,0.534586848803,-0.273973992308,0.531352263368,-0.100608897304,-0.0871458027349,1.46288452984,1.619508,11.517424,-4.103745,-2.764961,-2.748208,0.11449
11,1789439291.975920677,0.534586848803,-0.273973992308,0.531352263368,-0.100608897304,-0.0871458027349,1.46288452984,1.608392,11.55112,-4.175912,-2.766422,-2.747088,0.115924
11,1789439291.981018305,0.534586848803,-0.273973992308,0.531352263368,-0.100608897304,-0.0871458027349,1.46288452984,1.592526,11.537977,-4.062126,-2.764117,-2.747836,0.11727
11,1789439291.986003160,0.534586848803,-0.273973992308,0.531352263368,-0.100608897304,-0.0871458027349,1.46288452984,1.550351,11.560011,-4.042069,-2.763854,-2.750049,0.117815
11,1789439291.990880966,0.534586848803,-0.273973992308,0.531352263368,-0.100608897304,-0.0871458027349,1.46288452984,1.542891,11.534496,-4.186465,-2.764746,-2.750755,0.120786
11,1789439291.995940447,0.534586848803,-0.273973992308,0.531352263368,-0.100608897304,-0.0871458027349,1.46288452984,1.565748,11.51218,-4.096676,-2.76272,-2.749769,0.118888
11,1789439292.000962019,0.534586848803,-0.273973992308,0.531352263368,-0.100608897304,-0.0871458027349,1.46288452984,1.594625,11.525595,-4.010727,-2.763755,-2.74785,0.114443
11,1789439292.005977392,0.534586848803,-0.273973992308,0.531352263368,-0.100608897304,-0.0871458027349,1.46288452984,1.607527,11.510748,-4.163262,-2.762507,-2.747213,0.118255
11,1789439292.010943413,0.534586848803,-0.273973992308,0.531352263368,-0.100608897304,-0.0871458027349,1.46288452984,1.613868,11.501296,-4.096837,-2.763715,-2.748637,0.119021
11,1789439292.016021490,0.534586848803,-0.273973992308,0.531352263368,-0.100608897304,-0.0871458027349,1.46288452984,1.588026,11.563285,-3.932181,-2.765146,-2.747601,0.116981
11,1789439292.021060944,0.534586848803,-0.273973992308,0.531352263368,-0.100608897304,-0.0871458027349,1.46288452984,1.571911,11.549894,-4.08548,-2.763811,-2.749613,0.119963
12,1789439366.255758286,0.534522770645,-0.273993875216,0.531386130093,-0.655970639728,-0.705729253764,1.35518832864,-14.319092,23.888963,7.631342,-2.555476,-2.663096,0.324799
12,1789439366.260816813,0.534522770645,-0.273993875216,0.531386130093,-0.655970639728,-0.705729253764,1.35518832864,-14.338924,23.926332,7.710568,-2.556186,-2.662141,0.32176
12,1789439366.266009092,0.534522770645,-0.273993875216,0.531386130093,-0.655970639728,-0.705729253764,1.35518832864,-14.345505,23.951061,7.708966,-2.554634,-2.661482,0.320628
12,1789439366.270865679,0.534522770645,-0.273993875216,0.531386130093,-0.655970639728,-0.705729253764,1.35518832864,-14.358902,23.971639,7.654121,-2.558659,-2.663404,0.320985
12,1789439366.275850534,0.534522770645,-0.273993875216,0.531386130093,-0.655970639728,-0.705729253764,1.35518832864,-14.373542,23.917272,7.800762,-2.555355,-2.663727,0.319737
12,1789439366.280977964,0.534522770645,-0.273993875216,0.531386130093,-0.655970639728,-0.705729253764,1.35518832864,-14.376392,23.930971,7.661417,-2.557944,-2.666425,0.319525
12,1789439366.285923958,0.534522770645,-0.273993875216,0.531386130093,-0.655970639728,-0.705729253764,1.35518832864,-14.348919,23.909857,7.725452,-2.555899,-2.664449,0.319143
12,1789439366.290827036,0.534522770645,-0.273993875216,0.531386130093,-0.655970639728,-0.705729253764,1.35518832864,-14.348354,23.910151,7.848421,-2.557826,-2.664804,0.314377
12,1789439366.295947552,0.534522770645,-0.273993875216,0.531386130093,-0.655970639728,-0.705729253764,1.35518832864,-14.336772,23.906686,7.695209,-2.554706,-2.661806,0.324005
12,1789439366.300963879,0.534522770645,-0.273993875216,0.531386130093,-0.655970639728,-0.705729253764,1.35518832864,-14.364652,23.920619,7.598129,-2.558846,-2.664832,0.320979
12,1789439366.305723906,0.534522770645,-0.273993875216,0.531386130093,-0.655970639728,-0.705729253764,1.35518832864,-14.314692,23.923741,7.543537,-2.556935,-2.66157,0.322143
12,1789439366.310741425,0.534522770645,-0.273993875216,0.531386130093,-0.655970639728,-0.705729253764,1.35518832864,-14.370182,23.975332,7.772612,-2.557911,-2.664998,0.319168
12,1789439366.316001654,0.534522770645,-0.273993875216,0.531386130093,-0.655970639728,-0.705729253764,1.35518832864,-14.389727,23.962475,7.603628,-2.560102,-2.664902,0.324341
12,1789439366.320904493,0.534522770645,-0.273993875216,0.531386130093,-0.655970639728,-0.705729253764,1.35518832864,-14.374767,23.932092,7.694548,-2.557271,-2.666085,0.316881
12,1789439366.325855494,0.534522770645,-0.273993875216,0.531386130093,-0.655970639728,-0.705729253764,1.35518832864,-14.375546,23.910726,7.749249,-2.556143,-2.665482,0.316316
12,1789439366.330935717,0.534522770645,-0.273993875216,0.531386130093,-0.655970639728,-0.705729253764,1.35518832864,-14.345631,23.882226,7.636713,-2.555892,-2.663748,0.322175
12,1789439366.336026907,0.534522770645,-0.273993875216,0.531386130093,-0.655970639728,-0.705729253764,1.35518832864,-14.32109,23.90238,7.652192,-2.555156,-2.663048,0.320112
12,1789439366.340828419,0.534522770645,-0.273993875216,0.531386130093,-0.655970639728,-0.705729253764,1.35518832864,-14.331217,23.949884,7.87214,-2.559858,-2.661783,0.317892
12,1789439366.345933199,0.534522770645,-0.273993875216,0.531386130093,-0.655970639728,-0.705729253764,1.35518832864,-14.354006,23.948867,7.663303,-2.557906,-2.66532,0.320805
12,1789439366.350951433,0.534522770645,-0.273993875216,0.531386130093,-0.655970639728,-0.705729253764,1.35518832864,-14.381677,23.937737,7.586587,-2.557775,-2.663032,0.325679
12,1789439366.355716944,0.534522770645,-0.273993875216,0.531386130093,-0.655970639728,-0.705729253764,1.35518832864,-14.404971,23.910307,7.522678,-2.559003,-2.669034,0.319858
12,1789439366.360957623,0.534522770645,-0.273993875216,0.531386130093,-0.655970639728,-0.705729253764,1.35518832864,-14.38625,23.899357,7.774311,-2.550252,-2.663982,0.320672
12,1789439366.366037130,0.534522770645,-0.273993875216,0.531386130093,-0.655970639728,-0.705729253764,1.35518832864,-14.396104,23.947137,7.518235,-2.558824,-2.666377,0.323143
12,1789439366.370855331,0.534522770645,-0.273993875216,0.531386130093,-0.655970639728,-0.705729253764,1.35518832864,-14.329514,23.910086,7.693404,-2.554963,-2.661417,0.322861
12,1789439366.375810385,0.534522770645,-0.273993875216,0.531386130093,-0.655970639728,-0.705729253764,1.35518832864,-14.341916,23.919932,7.736873,-2.557948,-2.664812,0.320469
12,1789439366.380830526,0.534522770645,-0.273993875216,0.531386130093,-0.655970639728,-0.705729253764,1.35518832864,-14.366167,23.925911,7.688985,-2.556146,-2.662646,0.325818
12,1789439366.385956764,0.534522770645,-0.273993875216,0.531386130093,-0.655970639728,-0.705729253764,1.35518832864,-14.357695,23.937591,7.68057,-2.559117,-2.663918,0.320162
12,1789439366.390917301,0.534522770645,-0.273993875216,0.531386130093,-0.655970639728,-0.705729253764,1.35518832864,-14.389384,23.923369,7.933735,-2.553561,-2.662815,0.315474
12,1789439366.395871401,0.534522770645,-0.273993875216,0.531386130093,-0.655970639728,-0.705729253764,1.35518832864,-14.416836,23.964478,7.672096,-2.559028,-2.666297,0.320243
12,1789439366.401113510,0.534522770645,-0.273993875216,0.531386130093,-0.655970639728,-0.705729253764,1.35518832864,-14.347826,23.896663,7.605084,-2.551999,-2.663169,0.319673
12,1789439366.405818462,0.534522770645,-0.273993875216,0.531386130093,-0.655970639728,-0.705729253764,1.35518832864,-14.362357,23.91429,7.518916,-2.558029,-2.664335,0.324008
12,1789439366.410795450,0.534522770645,-0.273993875216,0.531386130093,-0.655970639728,-0.705729253764,1.35518832864,-14.332579,23.882251,7.754666,-2.555596,-2.663126,0.320301
12,1789439366.416072130,0.534522770645,-0.273993875216,0.531386130093,-0.655970639728,-0.705729253764,1.35518832864,-14.32479,23.907539,7.629096,-2.55439,-2.662993,0.323222
12,1789439366.420917034,0.534522770645,-0.273993875216,0.531386130093,-0.655970639728,-0.705729253764,1.35518832864,-14.353013,23.952736,7.66349,-2.558778,-2.662585,0.321227
12,1789439366.425922632,0.534522770645,-0.273993875216,0.531386130093,-0.655970639728,-0.705729253764,1.35518832864,-14.380272,23.943521,7.762144,-2.553772,-2.664538,0.318558
12,1789439366.431032419,0.534522770645,-0.273993875216,0.531386130093,-0.655970639728,-0.705729253764,1.35518832864,-14.396519,24.008752,7.66422,-2.561935,-2.666098,0.321022
12,1789439366.436025143,0.534522770645,-0.273993875216,0.531386130093,-0.655970639728,-0.705729253764,1.35518832864,-14.371285,23.873948,7.715809,-2.546663,-2.663725,0.319041
12,1789439366.441013813,0.534522770645,-0.273993875216,0.531386130093,-0.655970639728,-0.705729253764,1.35518832864,-14.39688,23.943831,7.726663,-2.560504,-2.663949,0.319838
12,1789439366.445993185,0.534522770645,-0.273993875216,0.531386130093,-0.655970639728,-0.705729253764,1.35518832864,-14.408608,23.982633,7.630335,-2.558622,-2.66576,0.317234
12,1789439366.451079845,0.534522770645,-0.273993875216,0.531386130093,-0.655970639728,-0.705729253764,1.35518832864,-14.406075,23.902194,7.699974,-2.553373,-2.665354,0.320587
12,1789439366.455902576,0.534522770645,-0.273993875216,0.531386130093,-0.655970639728,-0.705729253764,1.35518832864,-14.371607,23.925478,7.810884,-2.557732,-2.664256,0.320196
12,1789439366.460850000,0.534522770645,-0.273993875216,0.531386130093,-0.655970639728,-0.705729253764,1.35518832864,-14.337111,23.894561,7.654625,-2.55272,-2.662688,0.321736
12,1789439366.466183186,0.534522770645,-0.273993875216,0.531386130093,-0.655970639728,-0.705729253764,1.35518832864,-14.328395,23.910718,7.665507,-2.55592,-2.661989,0.322815
12,1789439366.471062899,0.534522770645,-0.273993875216,0.531386130093,-0.655970639728,-0.705729253764,1.35518832864,-14.364609,23.910707,7.515491,-2.559077,-2.663008,0.328032
12,1789439366.475883722,0.534522770645,-0.273993875216,0.531386130093,-0.655970639728,-0.705729253764,1.35518832864,-14.370363,23.93438,7.753922,-2.557882,-2.666208,0.319194
12,1789439366.480910540,0.534522770645,-0.273993875216,0.531386130093,-0.655970639728,-0.705729253764,1.35518832864,-14.408883,23.954496,7.567423,-2.55959,-2.666624,0.318743
12,1789439366.486052275,0.534522770645,-0.273993875216,0.531386130093,-0.655970639728,-0.705729253764,1.35518832864,-14.384178,23.93433,7.675067,-2.558815,-2.667151,0.316192
12,1789439366.490921259,0.534522770645,-0.273993875216,0.531386130093,-0.655970639728,-0.705729253764,1.35518832864,-14.391089,23.925242,7.75627,-2.556439,-2.66739,0.320606
12,1789439366.495930433,0.534522770645,-0.273993875216,0.531386130093,-0.655970639728,-0.705729253764,1.35518832864,-14.337068,23.920561,7.636461,-2.557938,-2.66345,0.321877
12,1789439366.500986576,0.534522770645,-0.273993875216,0.531386130093,-0.655970639728,-0.705729253764,1.35518832864,-14.332413,23.917945,7.691159,-2.556397,-2.664111,0.321066
12,1789439366.505811691,0.534522770645,-0.273993875216,0.531386130093,-0.655970639728,-0.705729253764,1.35518832864,-14.338912,23.909397,7.845106,-2.558825,-2.660435,0.318809
12,1789439366.510864496,0.534522770645,-0.273993875216,0.531386130093,-0.655970639728,-0.705729253764,1.35518832864,-14.36521,23.93635,7.712894,-2.554943,-2.664335,0.322941
12,1789439366.516014099,0.534522770645,-0.273993875216,0.531386130093,-0.655970639728,-0.705729253764,1.35518832864,-14.36458,23.934195,7.611065,-2.55563,-2.662862,0.323457
12,1789439366.520943642,0.534522770645,-0.273993875216,0.531386130093,-0.655970639728,-0.705729253764,1.35518832864,-14.39624,23.963082,7.658446,-2.559426,-2.667666,0.317278
12,1789439366.525845051,0.534522770645,-0.273993875216,0.531386130093,-0.655970639728,-0.705729253764,1.35518832864,-14.382934,23.929651,7.753531,-2.556998,-2.667571,0.318786
12,1789439366.530896664,0.534522770645,-0.273993875216,0.531386130093,-0.655970639728,-0.705729253764,1.35518832864,-14.366841,23.893571,7.566691,-2.554949,-2.665139,0.324804
12,1789439366.536038399,0.534522770645,-0.273993875216,0.531386130093,-0.655970639728,-0.705729253764,1.35518832864,-14.342005,23.904402,7.662702,-2.557974,-2.663856,0.320823
12,1789439366.540821314,0.534522770645,-0.273993875216,0.531386130093,-0.655970639728,-0.705729253764,1.35518832864,-14.302457,23.910504,7.751204,-2.554356,-2.660542,0.318185
12,1789439366.545916557,0.534522770645,-0.273993875216,0.531386130093,-0.655970639728,-0.705729253764,1.35518832864,-14.337203,23.94813,7.61649,-2.556979,-2.662571,0.320923
12,1789439366.551162481,0.534522770645,-0.273993875216,0.531386130093,-0.655970639728,-0.705729253764,1.35518832864,-14.383559,23.93203,7.72485,-2.555648,-2.663548,0.324782
12,1789439366.556022882,0.534522770645,-0.273993875216,0.531386130093,-0.655970639728,-0.705729253764,1.35518832864,-14.430745,24.007472,7.871092,-2.559309,-2.666786,0.316249
12,1789439366.561104298,0.534522770645,-0.273993875216,0.531386130093,-0.655970639728,-0.705729253764,1.35518832864,-14.375252,23.938432,7.677693,-2.5526,-2.663532,0.318211
12,1789439366.566195488,0.534522770645,-0.273993875216,0.531386130093,-0.655970639728,-0.705729253764,1.35518832864,-14.367258,23.893235,7.571704,-2.552363,-2.663649,0.322131
12,1789439366.570956469,0.534522770645,-0.273993875216,0.531386130093,-0.655970639728,-0.705729253764,1.35518832864,-14.35561,23.887147,7.556317,-2.558981,-2.662416,0.324512
12,1789439366.575864553,0.534522770645,-0.273993875216,0.531386130093,-0.655970639728,-0.705729253764,1.35518832864,-14.298428,23.894764,7.768363,-2.552147,-2.662084,0.317121
12,1789439366.580946922,0.534522770645,-0.273993875216,0.531386130093,-0.655970639728,-0.705729253764,1.35518832864,-14.374371,23.940197,7.548357,-2.563547,-2.664644,0.324908
12,1789439366.586161137,0.534522770645,-0.273993875216,0.531386130093,-0.655970639728,-0.705729253764,1.35518832864,-14.318416,23.932543,7.715345,-2.556412,-2.663892,0.318592
12,1789439366.590876102,0.534522770645,-0.273993875216,0.531386130093,-0.655970639728,-0.705729253764,1.35518832864,-14.394298,23.96308,7.787768,-2.560723,-2.666977,0.316776
12,1789439366.595942497,0.534522770645,-0.273993875216,0.531386130093,-0.655970639728,-0.705729253764,1.35518832864,-14.3849,23.946453,7.670221,-2.555305,-2.664242,0.319317
12,1789439366.601023197,0.534522770645,-0.273993875216,0.531386130093,-0.655970639728,-0.705729253764,1.35518832864,-14.402463,23.958461,7.638166,-2.558218,-2.666038,0.316368
12,1789439366.605940580,0.534522770645,-0.273993875216,0.531386130093,-0.655970639728,-0.705729253764,1.35518832864,-14.371857,23.876462,7.70573,-2.550483,-2.662261,0.32482
12,1789439366.610936165,0.534522770645,-0.273993875216,0.531386130093,-0.655970639728,-0.705729253764,1.35518832864,-14.344419,23.909186,7.659195,-2.558834,-2.663645,0.324621
12,1789439366.616016626,0.534522770645,-0.273993875216,0.531386130093,-0.655970639728,-0.705729253764,1.35518832864,-14.333443,23.929998,7.729652,-2.556118,-2.662646,0.322
12,1789439366.620939493,0.534522770645,-0.273993875216,0.531386130093,-0.655970639728,-0.705729253764,1.35518832864,-14.366594,23.967488,7.519231,-2.559386,-2.664328,0.323949
12,1789439366.626094103,0.534522770645,-0.273993875216,0.531386130093,-0.655970639728,-0.705729253764,1.35518832864,-14.359388,23.930117,7.774068,-2.557997,-2.663513,0.320537
12,1789439366.631149054,0.534522770645,-0.273993875216,0.531386130093,-0.655970639728,-0.705729253764,1.35518832864,-14.402205,23.930922,7.610814,-2.558541,-2.666953,0.322862
12,1789439366.636017323,0.534522770645,-0.273993875216,0.531386130093,-0.655970639728,-0.705729253764,1.35518832864,-14.383465,23.899095,7.688091,-2.556395,-2.665658,0.318945
12,1789439366.640849352,0.534522770645,-0.273993875216,0.531386130093,-0.655970639728,-0.705729253764,1.35518832864,-14.374121,23.939445,7.750178,-2.557752,-2.666115,0.316724
12,1789439366.645933151,0.534522770645,-0.273993875216,0.531386130093,-0.655970639728,-0.705729253764,1.35518832864,-14.389282,23.901618,7.660656,-2.556334,-2.664831,0.32541
12,1789439366.650960684,0.534522770645,-0.273993875216,0.531386130093,-0.655970639728,-0.705729253764,1.35518832864,-14.323257,23.927431,7.652598,-2.558452,-2.663031,0.320292
12,1789439366.655856848,0.534522770645,-0.273993875216,0.531386130093,-0.655970639728,-0.705729253764,1.35518832864,-14.325004,23.891772,7.614004,-2.556044,-2.662598,0.325672
12,1789439366.660898924,0.534522770645,-0.273993875216,0.531386130093,-0.655970639728,-0.705729253764,1.35518832864,-14.317058,23.897436,7.645559,-2.554958,-2.662959,0.321894
12,1789439366.666059017,0.534522770645,-0.273993875216,0.531386130093,-0.655970639728,-0.705729253764,1.35518832864,-14.328879,23.937966,7.86483,-2.557878,-2.661647,0.319247
12,1789439366.670915365,0.534522770645,-0.273993875216,0.531386130093,-0.655970639728,-0.705729253764,1.35518832864,-14.339142,23.935972,7.702449,-2.556621,-2.664734,0.322197
12,1789439366.675818682,0.534522770645,-0.273993875216,0.531386130093,-0.655970639728,-0.705729253764,1.35518832864,-14.41324,23.986665,7.693094,-2.558207,-2.665145,0.32181
12,1789439366.680854082,0.534522770645,-0.273993875216,0.531386130093,-0.655970639728,-0.705729253764,1.35518832864,-14.393919,23.929896,7.746019,-2.553722,-2.665092,0.314096
12,1789439366.685955524,0.534522770645,-0.273993875216,0.531386130093,-0.655970639728,-0.705729253764,1.35518832864,-14.400044,23.955986,7.760346,-2.556033,-2.667405,0.317011
12,1789439366.690898895,0.534522770645,-0.273993875216,0.531386130093,-0.655970639728,-0.705729253764,1.35518832864,-14.351003,23.89366,7.557332,-2.55336,-2.663114,0.324984
12,1789439366.695971251,0.534522770645,-0.273993875216,0.531386130093,-0.655970639728,-0.705729253764,1.35518832864,-14.324938,23.894553,7.649609,-2.55534,-2.664446,0.324389
12,1789439366.701069355,0.534522770645,-0.273993875216,0.531386130093,-0.655970639728,-0.705729253764,1.35518832864,-14.296966,23.899467,7.780123,-2.554624,-2.660653,0.3189
12,1789439366.705858469,0.534522770645,-0.273993875216,0.531386130093,-0.655970639728,-0.705729253764,1.35518832864,-14.359074,23.971073,7.645781,-2.558994,-2.663216,0.321643
12,1789439366.711067677,0.534522770645,-0.273993875216,0.531386130093,-0.655970639728,-0.705729253764,1.35518832864,-14.367905,23.933692,7.711436,-2.556932,-2.664254,0.322038
12,1789439366.716170073,0.534522770645,-0.273993875216,0.531386130093,-0.655970639728,-0.705729253764,1.35518832864,-14.389675,23.960514,7.876551,-2.557562,-2.666714,0.314002
12,1789439366.720953941,0.534522770645,-0.273993875216,0.531386130093,-0.655970639728,-0.705729253764,1.35518832864,-14.367891,23.936509,7.676481,-2.553308,-2.664794,0.317303
12,1789439366.726164818,0.534522770645,-0.273993875216,0.531386130093,-0.655970639728,-0.705729253764,1.35518832864,-14.35357,23.929959,7.585765,-2.556722,-2.666571,0.318711
12,1789439366.730933666,0.534522770645,-0.273993875216,0.531386130093,-0.655970639728,-0.705729253764,1.35518832864,-14.359993,23.906605,7.682498,-2.558203,-2.662164,0.321769
12,1789439366.736050129,0.534522770645,-0.273993875216,0.531386130093,-0.655970639728,-0.705729253764,1.35518832864,-14.297793,23.895089,7.733249,-2.553759,-2.663019,0.318408
12,1789439366.740851879,0.534522770645,-0.273993875216,0.531386130093,-0.655970639728,-0.705729253764,1.35518832864,-14.330647,23.942105,7.581617,-2.558742,-2.661421,0.322643
12,1789439366.745901585,0.534522770645,-0.273993875216,0.531386130093,-0.655970639728,-0.705729253764,1.35518832864,-14.412612,23.962053,7.736162,-2.557161,-2.667136,0.31945
12,1789439366.751034975,0.534522770645,-0.273993875216,0.531386130093,-0.655970639728,-0.705729253764,1.35518832864,-14.370654,23.958588,7.805758,-2.560544,-2.664011,0.316748
12,1789439366.755948544,0.534522770645,-0.273993875216,0.531386130093,-0.655970639728,-0.705729253764,1.35518832864,-14.390022,23.897396,7.678699,-2.555778,-2.666979,0.318733
12,1789439366.760952234,0.534522770645,-0.273993875216,0.531386130093,-0.655970639728,-0.705729253764,1.35518832864,-14.365187,23.919679,7.666485,-2.554992,-2.662276,0.323331
12,1789439366.766051054,0.534522770645,-0.273993875216,0.531386130093,-0.655970639728,-0.705729253764,1.35518832864,-14.406571,23.935444,7.658934,-2.560695,-2.667784,0.323822
12,1789439366.770828009,0.534522770645,-0.273993875216,0.531386130093,-0.655970639728,-0.705729253764,1.35518832864,-14.305753,23.880858,7.690296,-2.55374,-2.660796,0.321056
12,1789439366.775855541,0.534522770645,-0.273993875216,0.531386130093,-0.655970639728,-0.705729253764,1.35518832864,-14.302189,23.926832,7.611444,-2.559171,-2.665369,0.323564
12,1789439366.781008720,0.534522770645,-0.273993875216,0.531386130093,-0.655970639728,-0.705729253764,1.35518832864,-14.360446,23.894009,7.614223,-2.555916,-2.662897,0.325739
12,1789439366.785945892,0.534522770645,-0.273993875216,0.531386130093,-0.655970639728,-0.705729253764,1.35518832864,-14.394463,23.976653,7.72616,-2.557182,-2.66518,0.31915
12,1789439366.790854454,0.534522770645,-0.273993875216,0.531386130093,-0.655970639728,-0.705729253764,1.35518832864,-14.381286,23.963368,7.615137,-2.553634,-2.66436,0.319671
12,1789439366.796000957,0.534522770645,-0.273993875216,0.531386130093,-0.655970639728,-0.705729253764,1.35518832864,-14.410673,23.940818,7.690398,-2.559264,-2.667317,0.320064
12,1789439366.801012993,0.534522770645,-0.273993875216,0.531386130093,-0.655970639728,-0.705729253764,1.35518832864,-14.367653,23.907997,7.77191,-2.554936,-2.664945,0.319031
12,1789439366.805866957,0.534522770645,-0.273993875216,0.531386130093,-0.655970639728,-0.705729253764,1.35518832864,-14.3076,23.896197,7.586328,-2.556295,-2.664253,0.31955
12,1789439366.811045885,0.534522770645,-0.273993875216,0.531386130093,-0.655970639728,-0.705729253764,1.35518832864,-14.314695,23.912445,7.661503,-2.555585,-2.662843,0.320098
12,1789439366.816024780,0.534522770645,-0.273993875216,0.531386130093,-0.655970639728,-0.705729253764,1.35518832864,-14.346263,23.931285,7.828042,-2.558324,-2.664364,0.319246
12,1789439366.820909023,0.534522770645,-0.273993875216,0.531386130093,-0.655970639728,-0.705729253764,1.35518832864,-14.356253,23.973469,7.682333,-2.556039,-2.662378,0.321253
12,1789439366.825911522,0.534522770645,-0.273993875216,0.531386130093,-0.655970639728,-0.705729253764,1.35518832864,-14.382959,23.969145,7.651904,-2.557054,-2.665608,0.319258
12,1789439366.830950975,0.534522770645,-0.273993875216,0.531386130093,-0.655970639728,-0.705729253764,1.35518832864,-14.395872,23.954768,7.767157,-2.558319,-2.665453,0.315645
12,1789439366.835937977,0.534522770645,-0.273993875216,0.531386130093,-0.655970639728,-0.705729253764,1.35518832864,-14.343995,23.900004,7.722367,-2.553549,-2.664541,0.317138
12,1789439366.840929508,0.534522770645,-0.273993875216,0.531386130093,-0.655970639728,-0.705729253764,1.35518832864,-14.341636,23.892169,7.563296,-2.554704,-2.664043,0.322732
12,1789439366.845923662,0.534522770645,-0.273993875216,0.531386130093,-0.655970639728,-0.705729253764,1.35518832864,-14.329518,23.95117,7.656152,-2.559837,-2.662939,0.322515
12,1789439366.851038933,0.534522770645,-0.273993875216,0.531386130093,-0.655970639728,-0.705729253764,1.35518832864,-14.295323,23.909324,7.773815,-2.552781,-2.661242,0.314632
12,1789439366.855839014,0.534522770645,-0.273993875216,0.531386130093,-0.655970639728,-0.705729253764,1.35518832864,-14.335635,23.975658,7.611096,-2.560233,-2.663027,0.323329
12,1789439366.860918999,0.534522770645,-0.273993875216,0.531386130093,-0.655970639728,-0.705729253764,1.35518832864,-14.388681,23.944553,7.714463,-2.555985,-2.664512,0.317818
12,1789439366.866000414,0.534522770645,-0.273993875216,0.531386130093,-0.655970639728,-0.705729253764,1.35518832864,-14.361395,23.977549,7.628967,-2.557875,-2.663369,0.322745
12,1789439366.870902538,0.534522770645,-0.273993875216,0.531386130093,-0.655970639728,-0.705729253764,1.35518832864,-14.384954,23.95545,7.70645,-2.554781,-2.665547,0.318473
12,1789439366.875910997,0.534522770645,-0.273993875216,0.531386130093,-0.655970639728,-0.705729253764,1.35518832864,-14.407203,23.957963,7.869063,-2.558554,-2.667232,0.315144
12,1789439366.880991220,0.534522770645,-0.273993875216,0.531386130093,-0.655970639728,-0.705729253764,1.35518832864,-14.359426,23.940624,7.632419,-2.556789,-2.666276,0.318775
12,1789439366.886112213,0.534522770645,-0.273993875216,0.531386130093,-0.655970639728,-0.705729253764,1.35518832864,-14.316575,23.878856,7.635441,-2.555066,-2.664958,0.321237
12,1789439366.890988588,0.534522770645,-0.273993875216,0.531386130093,-0.655970639728,-0.705729253764,1.35518832864,-14.314875,23.881658,7.804231,-2.557261,-2.661146,0.32256
12,1789439366.896106720,0.534522770645,-0.273993875216,0.531386130093,-0.655970639728,-0.705729253764,1.35518832864,-14.351533,23.958186,7.684102,-2.556088,-2.665228,0.322175
12,1789439366.901031494,0.534522770645,-0.273993875216,0.531386130093,-0.655970639728,-0.705729253764,1.35518832864,-14.332745,23.963617,7.586172,-2.559227,-2.663086,0.325325
12,1789439366.905894518,0.534522770645,-0.273993875216,0.531386130093,-0.655970639728,-0.705729253764,1.35518832864,-14.343656,23.954787,7.686551,-2.559404,-2.666097,0.317669
12,1789439366.910858393,0.534522770645,-0.273993875216,0.531386130093,-0.655970639728,-0.705729253764,1.35518832864,-14.404137,23.959223,7.786401,-2.55659,-2.666204,0.315922
12,1789439366.916203022,0.534522770645,-0.273993875216,0.531386130093,-0.655970639728,-0.705729253764,1.35518832864,-14.367171,23.927825,7.610129,-2.558347,-2.665684,0.316517
12,1789439366.920988083,0.534522770645,-0.273993875216,0.531386130093,-0.655970639728,-0.705729253764,1.35518832864,-14.334822,23.869249,7.68819,-2.552981,-2.663971,0.319348
12,1789439366.925878525,0.534522770645,-0.273993875216,0.531386130093,-0.655970639728,-0.705729253764,1.35518832864,-14.373667,23.948659,7.809976,-2.560121,-2.662839,0.319681
12,1789439366.930925369,0.534522770645,-0.273993875216,0.531386130093,-0.655970639728,-0.705729253764,1.35518832864,-14.331096,23.911599,7.682269,-2.552666,-2.662305,0.32152
12,1789439366.936069965,0.534522770645,-0.273993875216,0.531386130093,-0.655970639728,-0.705729253764,1.35518832864,-14.33683,23.961816,7.622918,-2.560863,-2.663866,0.318881
12,1789439366.940868855,0.534522770645,-0.273993875216,0.531386130093,-0.655970639728,-0.705729253764,1.35518832864,-14.337211,23.929476,7.687051,-2.555147,-2.663457,0.318371
12,1789439366.946065664,0.534522770645,-0.273993875216,0.531386130093,-0.655970639728,-0.705729253764,1.35518832864,-14.351763,23.944923,7.670158,-2.558649,-2.667194,0.319027
12,1789439366.951179266,0.534522770645,-0.273993875216,0.531386130093,-0.655970639728,-0.705729253764,1.35518832864,-14.379961,23.916652,7.699419,-2.555362,-2.66652,0.320067
12,1789439366.956000090,0.534522770645,-0.273993875216,0.531386130093,-0.655970639728,-0.705729253764,1.35518832864,-14.383813,23.938431,7.447004,-2.555816,-2.664084,0.3255
12,1789439366.961070299,0.534522770645,-0.273993875216,0.531386130093,-0.655970639728,-0.705729253764,1.35518832864,-14.364279,23.937016,7.76029,-2.556535,-2.664873,0.317397
12,1789439366.966252327,0.534522770645,-0.273993875216,0.531386130093,-0.655970639728,-0.705729253764,1.35518832864,-14.320118,23.888583,7.594044,-2.554512,-2.662888,0.324752
12,1789439366.971133709,0.534522770645,-0.273993875216,0.531386130093,-0.655970639728,-0.705729253764,1.35518832864,-14.345176,23.924705,7.656713,-2.556863,-2.664206,0.322824
12,1789439366.976265907,0.534522770645,-0.273993875216,0.531386130093,-0.655970639728,-0.705729253764,1.35518832864,-14.323301,23.941553,7.862059,-2.556189,-2.661224,0.317444
12,1789439366.981022120,0.534522770645,-0.273993875216,0.531386130093,-0.655970639728,-0.705729253764,1.35518832864,-14.404117,23.94425,7.669262,-2.558239,-2.666951,0.324505
12,1789439366.986251831,0.534522770645,-0.273993875216,0.531386130093,-0.655970639728,-0.705729253764,1.35518832864,-14.351027,23.927315,7.70244,-2.556464,-2.66279,0.322444
12,1789439366.990944147,0.534522770645,-0.273993875216,0.531386130093,-0.655970639728,-0.705729253764,1.35518832864,-14.419039,23.933151,7.743601,-2.555874,-2.668777,0.318177
12,1789439366.995982409,0.534522770645,-0.273993875216,0.531386130093,-0.655970639728,-0.705729253764,1.35518832864,-14.407393,23.952597,7.735913,-2.556403,-2.662268,0.319877
12,1789439367.001116753,0.534522770645,-0.273993875216,0.531386130093,-0.655970639728,-0.705729253764,1.35518832864,-14.378975,23.901058,7.533069,-2.556681,-2.665945,0.320953
12,1789439367.005967379,0.534522770645,-0.273993875216,0.531386130093,-0.655970639728,-0.705729253764,1.35518832864,-14.304941,23.879979,7.654974,-2.555376,-2.660626,0.322338
12,1789439367.010955811,0.534522770645,-0.273993875216,0.531386130093,-0.655970639728,-0.705729253764,1.35518832864,-14.335503,23.929106,7.744968,-2.557746,-2.663499,0.31978
12,1789439367.016255856,0.534522770645,-0.273993875216,0.531386130093,-0.655970639728,-0.705729253764,1.35518832864,-14.341554,23.944362,7.57691,-2.556737,-2.66157,0.325581
12,1789439367.021069050,0.534522770645,-0.273993875216,0.531386130093,-0.655970639728,-0.705729253764,1.35518832864,-14.402198,23.966467,7.67955,-2.560632,-2.667911,0.318878
12,1789439367.026050568,0.534522770645,-0.273993875216,0.531386130093,-0.655970639728,-0.705729253764,1.35518832864,-14.411664,23.93946,7.887764,-2.55476,-2.663616,0.315653
12,1789439367.031158924,0.534522770645,-0.273993875216,0.531386130093,-0.655970639728,-0.705729253764,1.35518832864,-14.402775,23.931974,7.669846,-2.554957,-2.666017,0.318929
12,1789439367.036056995,0.534522770645,-0.273993875216,0.531386130093,-0.655970639728,-0.705729253764,1.35518832864,-14.333192,23.923825,7.621129,-2.558189,-2.664438,0.317813
12,1789439367.040935993,0.534522770645,-0.273993875216,0.531386130093,-0.655970639728,-0.705729253764,1.35518832864,-14.356074,23.880379,7.833201,-2.553007,-2.664791,0.316674
12,1789439367.046020269,0.534522770645,-0.273993875216,0.531386130093,-0.655970639728,-0.705729253764,1.35518832864,-14.332261,23.93491,7.708449,-2.560535,-2.662689,0.326418
12,1789439367.051111460,0.534522770645,-0.273993875216,0.531386130093,-0.655970639728,-0.705729253764,1.35518832864,-14.348152,23.9163,7.587697,-2.557055,-2.664874,0.326328
12,1789439367.055920124,0.534522770645,-0.273993875216,0.531386130093,-0.655970639728,-0.705729253764,1.35518832864,-14.364977,23.968307,7.694231,-2.56002,-2.664005,0.322845
12,1789439367.061318874,0.534522770645,-0.273993875216,0.531386130093,-0.655970639728,-0.705729253764,1.35518832864,-14.3721,23.943602,7.828261,-2.556695,-2.667815,0.312809
12,1789439367.066346169,0.534522770645,-0.273993875216,0.531386130093,-0.655970639728,-0.705729253764,1.35518832864,-14.370579,23.906873,7.617684,-2.554311,-2.665617,0.321514
12,1789439367.070979118,0.534522770645,-0.273993875216,0.531386130093,-0.655970639728,-0.705729253764,1.35518832864,-14.374244,23.903467,7.692827,-2.556643,-2.665343,0.322065
12,1789439367.075950861,0.534522770645,-0.273993875216,0.531386130093,-0.655970639728,-0.705729253764,1.35518832864,-14.357305,23.981047,7.609729,-2.561968,-2.665726,0.303865
12,1789439367.080967903,0.534522770645,-0.273993875216,0.531386130093,-0.655970639728,-0.705729253764,1.35518832864,-14.285098,23.917745,7.667327,-2.554515,-2.658472,0.306133
12,1789439367.086240768,0.534522770645,-0.273993875216,0.531386130093,-0.655970639728,-0.705729253764,1.35518832864,-14.225175,23.847368,7.752087,-2.546226,-2.650374,0.308023
12,1789439367.091107607,0.534522770645,-0.273993875216,0.531386130093,-0.655970639728,-0.705729253764,1.35518832864,-14.246327,23.890297,7.705006,-2.542294,-2.647252,0.313782
12,1789439367.096889973,0.534522770645,-0.273993875216,0.531386130093,-0.655970639728,-0.705729253764,1.35518832864,-14.260685,23.870572,7.777551,-2.533661,-2.638858,0.319548
12,1789439367.101103544,0.534522770645,-0.273993875216,0.531386130093,-0.655970639728,-0.705729253764,1.35518832864,-14.329744,23.906317,7.54568,-2.529476,-2.640324,0.325614
12,1789439367.105924129,0.534522770645,-0.273993875216,0.531386130093,-0.655970639728,-0.705729253764,1.35518832864,-14.358355,23.932914,7.862923,-2.525893,-2.637333,0.320272
12,1789439367.110906839,0.534522770645,-0.273993875216,0.531386130093,-0.655970639728,-0.705729253764,1.35518832864,-14.350648,23.921387,7.731869,-2.526844,-2.643032,0.325262
12,1789439367.116370440,0.534522770645,-0.273993875216,0.531386130093,-0.655970639728,-0.705729253764,1.35518832864,-14.324033,23.798389,7.687166,-2.525519,-2.639603,0.333568
12,1789439367.121133566,0.534522770645,-0.273993875216,0.531386130093,-0.655970639728,-0.705729253764,1.35518832864,-14.33749,23.824395,7.829658,-2.531047,-2.646119,0.328614
12,1789439367.125984192,0.534522770645,-0.273993875216,0.531386130093,-0.655970639728,-0.705729253764,1.35518832864,-14.300058,23.822347,7.64295,-2.53763,-2.648766,0.328027
12,1789439367.131226301,0.534522770645,-0.273993875216,0.531386130093,-0.655970639728,-0.705729253764,1.35518832864,-14.250776,23.886482,7.686556,-2.548544,-2.655441,0.319152
12,1789439367.136113167,0.534522770645,-0.273993875216,0.531386130093,-0.655970639728,-0.705729253764,1.35518832864,-14.322251,23.9141,7.879879,-2.55682,-2.661563,0.317048
12,1789439367.140966177,0.534522770645,-0.273993875216,0.531386130093,-0.655970639728,-0.705729253764,1.35518832864,-14.353396,23.931602,7.648008,-2.560566,-2.669502,0.316548
12,1789439367.146045685,0.534522770645,-0.273993875216,0.531386130093,-0.655970639728,-0.705729253764,1.35518832864,-14.333735,23.925001,7.591869,-2.567523,-2.67005,0.310346
12,1789439367.151276588,0.534522770645,-0.273993875216,0.531386130093,-0.655970639728,-0.705729253764,1.35518832864,-14.327795,23.898146,7.799366,-2.564607,-2.672169,0.305985
12,1789439367.155996323,0.534522770645,-0.273993875216,0.531386130093,-0.655970639728,-0.705729253764,1.35518832864,-14.380915,23.984591,7.613641,-2.573822,-2.673852,0.311725
12,1789439367.161050081,0.534522770645,-0.273993875216,0.531386130093,-0.655970639728,-0.705729253764,1.35518832864,-14.354435,23.941221,7.565979,-2.571007,-2.677331,0.310795
12,1789439367.166527748,0.534522770645,-0.273993875216,0.531386130093,-0.655970639728,-0.705729253764,1.35518832864,-14.336519,24.013063,7.589757,-2.579091,-2.68003,0.307541
12,1789439367.171093464,0.534522770645,-0.273993875216,0.531386130093,-0.655970639728,-0.705729253764,1.35518832864,-14.365541,23.971728,7.756428,-2.574167,-2.679325,0.307235
12,1789439367.176029444,0.534522770645,-0.273993875216,0.531386130093,-0.655970639728,-0.705729253764,1.35518832864,-14.424208,24.043935,7.522485,-2.577593,-2.686985,0.317258
12,1789439367.180969477,0.534522770645,-0.273993875216,0.531386130093,-0.655970639728,-0.705729253764,1.35518832864,-14.432206,24.005859,7.605504,-2.580716,-2.689488,0.316756
12,1789439367.186101198,0.534522770645,-0.273993875216,0.531386130093,-0.655970639728,-0.705729253764,1.35518832864,-14.452283,24.028522,7.808366,-2.577931,-2.698116,0.314432
12,1789439367.190939188,0.534522770645,-0.273993875216,0.531386130093,-0.655970639728,-0.705729253764,1.35518832864,-14.448576,23.978053,7.582938,-2.579425,-2.697231,0.325576
12,1789439367.196204901,0.534522770645,-0.273993875216,0.531386130093,-0.655970639728,-0.705729253764,1.35518832864,-14.422876,23.948081,7.52127,-2.578247,-2.701463,0.327519
12,1789439367.201187134,0.534522770645,-0.273993875216,0.531386130093,-0.655970639728,-0.705729253764,1.35518832864,-14.374322,23.879548,7.728088,-2.576351,-2.696742,0.323754
12,1789439367.205918312,0.534522770645,-0.273993875216,0.531386130093,-0.655970639728,-0.705729253764,1.35518832864,-14.338983,23.872262,7.57874,-2.570789,-2.696111,0.329565
12,1789439367.211077929,0.534522770645,-0.273993875216,0.531386130093,-0.655970639728,-0.705729253764,1.35518832864,-14.395409,23.899737,7.427186,-2.570673,-2.692303,0.33411
12,1789439367.216260195,0.534522770645,-0.273993875216,0.531386130093,-0.655970639728,-0.705729253764,1.35518832864,-14.343288,23.877211,7.596475,-2.566443,-2.688119,0.329802
12,1789439367.221052647,0.534522770645,-0.273993875216,0.531386130093,-0.655970639728,-0.705729253764,1.35518832864,-14.364241,23.91452,7.688702,-2.563576,-2.685435,0.317159
12,1789439367.225916624,0.534522770645,-0.273993875216,0.531386130093,-0.655970639728,-0.705729253764,1.35518832864,-14.331766,23.883517,7.543476,-2.557873,-2.677678,0.320506
12,1789439367.231653452,0.534522770645,-0.273993875216,0.531386130093,-0.655970639728,-0.705729253764,1.35518832864,-14.339301,23.861311,7.617203,-2.556401,-2.673017,0.314583
12,1789439367.236025095,0.534522770645,-0.273993875216,0.531386130093,-0.655970639728,-0.705729253764,1.35518832864,-14.311994,23.871696,7.864392,-2.552655,-2.666502,0.312623
12,1789439367.240960360,0.534522770645,-0.273993875216,0.531386130093,-0.655970639728,-0.705729253764,1.35518832864,-14.274698,23.93061,7.617519,-2.556535,-2.665927,0.309192
12,1789439367.245935917,0.534522770645,-0.273993875216,0.531386130093,-0.655970639728,-0.705729253764,1.35518832864,-14.242937,23.88825,7.699916,-2.553039,-2.661071,0.30907
12,1789439367.251175642,0.534522770645,-0.273993875216,0.531386130093,-0.655970639728,-0.705729253764,1.35518832864,-14.29535,23.970262,7.833269,-2.560088,-2.662184,0.304523
12,1789439367.255914927,0.534522770645,-0.273993875216,0.531386130093,-0.655970639728,-0.705729253764,1.35518832864,-14.313533,23.937687,7.763831,-2.552396,-2.663191,0.301633
12,1789439367.260983229,0.534522770645,-0.273993875216,0.531386130093,-0.655970639728,-0.705729253764,1.35518832864,-14.33211,24.020959,7.6581,-2.559478,-2.662491,0.299134
12,1789439367.266105413,0.534522770645,-0.273993875216,0.531386130093,-0.655970639728,-0.705729253764,1.35518832864,-14.306138,23.91836,7.723612,-2.551886,-2.661324,0.306059
12,1789439367.271034956,0.534522770645,-0.273993875216,0.531386130093,-0.655970639728,-0.705729253764,1.35518832864,-14.324239,23.940519,7.65258,-2.557812,-2.662075,0.314227
12,1789439367.275914669,0.534522770645,-0.273993875216,0.531386130093,-0.655970639728,-0.705729253764,1.35518832864,-14.239333,23.874002,7.649837,-2.55402,-2.660038,0.31303
12,1789439367.281133413,0.534522770645,-0.273993875216,0.531386130093,-0.655970639728,-0.705729253764,1.35518832864,-14.276548,23.918626,7.649642,-2.556814,-2.662974,0.318427
12,1789439367.286192894,0.534522770645,-0.273993875216,0.531386130093,-0.655970639728,-0.705729253764,1.35518832864,-14.310481,23.905982,7.513355,-2.569999,-2.680904,0.31877
12,1789439367.291059256,0.534522770645,-0.273993875216,0.531386130093,-0.655970639728,-0.705729253764,1.35518832864,-14.304445,23.915516,7.58962,-2.5714,-2.680478,0.313916
12,1789439367.296204329,0.534522770645,-0.273993875216,0.531386130093,-0.655970639728,-0.705729253764,1.35518832864,-14.342975,23.944326,7.691979,-2.57357,-2.681673,0.313647
12,1789439367.301335573,0.534522770645,-0.273993875216,0.531386130093,-0.655970639728,-0.705729253764,1.35518832864,-14.381914,23.991915,7.595539,-2.573044,-2.680515,0.317336
12,1789439367.306078196,0.534522770645,-0.273993875216,0.531386130093,-0.655970639728,-0.705729253764,1.35518832864,-14.423006,23.992765,7.631909,-2.572617,-2.681971,0.316578
12,1789439367.311028957,0.534522770645,-0.273993875216,0.531386130093,-0.655970639728,-0.705729253764,1.35518832864,-14.387851,23.931147,7.332655,-2.566338,-2.677172,0.322441
12,1789439367.316263437,0.534522770645,-0.273993875216,0.531386130093,-0.655970639728,-0.705729253764,1.35518832864,-14.382351,23.928117,7.637459,-2.565445,-2.676357,0.315028
12,1789439367.321031332,0.534522770645,-0.273993875216,0.531386130093,-0.655970639728,-0.705729253764,1.35518832864,-14.364382,23.907841,7.614027,-2.56273,-2.673852,0.324401
12,1789439367.325893402,0.534522770645,-0.273993875216,0.531386130093,-0.655970639728,-0.705729253764,1.35518832864,-14.334,23.908726,7.531255,-2.564063,-2.673435,0.32511
12,1789439367.331173420,0.534522770645,-0.273993875216,0.531386130093,-0.655970639728,-0.705729253764,1.35518832864,-14.322743,23.963131,7.794516,-2.560252,-2.669752,0.320928
12,1789439367.336076975,0.534522770645,-0.273993875216,0.531386130093,-0.655970639728,-0.705729253764,1.35518832864,-14.396997,23.995847,7.541407,-2.565494,-2.675644,0.324924
12,1789439367.340951920,0.534522770645,-0.273993875216,0.531386130093,-0.655970639728,-0.705729253764,1.35518832864,-14.372349,23.874991,7.681836,-2.557636,-2.670665,0.32053
12,1789439367.346216202,0.534522770645,-0.273993875216,0.531386130093,-0.655970639728,-0.705729253764,1.35518832864,-14.384714,23.904784,7.803783,-2.557893,-2.671331,0.314869
12,1789439367.351112604,0.534522770645,-0.273993875216,0.531386130093,-0.655970639728,-0.705729253764,1.35518832864,-14.371804,23.879941,7.693732,-2.554289,-2.667029,0.322559
12,1789439367.356051445,0.534522770645,-0.273993875216,0.531386130093,-0.655970639728,-0.705729253764,1.35518832864,-14.310021,23.883732,7.665069,-2.556593,-2.666777,0.322159
12,1789439367.361310244,0.534522770645,-0.273993875216,0.531386130093,-0.655970639728,-0.705729253764,1.35518832864,-14.265575,23.882276,7.852905,-2.555735,-2.661706,0.317842
12,1789439367.366134167,0.534522770645,-0.273993875216,0.531386130093,-0.655970639728,-0.705729253764,1.35518832864,-14.282734,23.896008,7.725126,-2.552156,-2.662087,0.319269
12,1789439367.371035814,0.534522770645,-0.273993875216,0.531386130093,-0.655970639728,-0.705729253764,1.35518832864,-14.312609,23.891957,7.568253,-2.552174,-2.661018,0.320219
12,1789439367.375923157,0.534522770645,-0.273993875216,0.531386130093,-0.655970639728,-0.705729253764,1.35518832864,-14.336159,23.908839,7.644399,-2.548176,-2.659948,0.315218
12,1789439367.381021976,0.534522770645,-0.273993875216,0.531386130093,-0.655970639728,-0.705729253764,1.35518832864,-14.340253,23.947818,7.786886,-2.55147,-2.660081,0.310884
12,1789439367.386013746,0.534522770645,-0.273993875216,0.531386130093,-0.655970639728,-0.705729253764,1.35518832864,-14.325027,23.907608,7.634954,-2.547581,-2.659466,0.315186
12,1789439367.390931129,0.534522770645,-0.273993875216,0.531386130093,-0.655970639728,-0.705729253764,1.35518832864,-14.315548,23.945695,7.634566,-2.555451,-2.661373,0.314638
12,1789439367.396030188,0.534522770645,-0.273993875216,0.531386130093,-0.655970639728,-0.705729253764,1.35518832864,-14.327682,23.879842,7.873273,-2.548865,-2.660831,0.312874
12,1789439367.401008129,0.534522770645,-0.273993875216,0.531386130093,-0.655970639728,-0.705729253764,1.35518832864,-14.305272,23.947461,7.618414,-2.560618,-2.666755,0.315711
12,1789439367.405904055,0.534522770645,-0.273993875216,0.531386130093,-0.655970639728,-0.705729253764,1.35518832864,-14.318339,23.901905,7.69149,-2.559058,-2.668961,0.314791
12,1789439367.410966158,0.534522770645,-0.273993875216,0.531386130093,-0.655970639728,-0.705729253764,1.35518832864,-14.345311,23.959081,7.855749,-2.564484,-2.672292,0.312084
12,1789439367.416157484,0.534522770645,-0.273993875216,0.531386130093,-0.655970639728,-0.705729253764,1.35518832864,-14.381873,23.969337,7.659381,-2.567414,-2.676264,0.317017
12,1789439367.421107769,0.534522770645,-0.273993875216,0.531386130093,-0.655970639728,-0.705729253764,1.35518832864,-14.376886,23.921975,7.551439,-2.56368,-2.680183,0.319191
12,1789439367.426042080,0.534522770645,-0.273993875216,0.531386130093,-0.655970639728,-0.705729253764,1.35518832864,-14.377442,23.947234,7.537443,-2.570535,-2.681493,0.322022
12,1789439367.430944443,0.534522770645,-0.273993875216,0.531386130093,-0.655970639728,-0.705729253764,1.35518832864,-14.373393,23.890461,7.735577,-2.566034,-2.682232,0.317911
12,1789439367.435961962,0.534522770645,-0.273993875216,0.531386130093,-0.655970639728,-0.705729253764,1.35518832864,-14.310744,23.932201,7.45836,-2.56973,-2.679694,0.325382
12,1789439367.440859318,0.534522770645,-0.273993875216,0.531386130093,-0.655970639728,-0.705729253764,1.35518832864,-14.341031,23.913622,7.604664,-2.567842,-2.682478,0.323454
12,1789439367.445901155,0.534522770645,-0.273993875216,0.531386130093,-0.655970639728,-0.705729253764,1.35518832864,-14.368441,24.015375,7.762,-2.573853,-2.682385,0.322459
12,1789439367.451112986,0.534522770645,-0.273993875216,0.531386130093,-0.655970639728,-0.705729253764,1.35518832864,-14.391214,23.961587,7.611868,-2.568909,-2.68711,0.321281
12,1789439367.455958605,0.534522770645,-0.273993875216,0.531386130093,-0.655970639728,-0.705729253764,1.35518832864,-14.391102,23.973185,7.572429,-2.572834,-2.68692,0.319841
12,1789439367.460979462,0.534522770645,-0.273993875216,0.531386130093,-0.655970639728,-0.705729253764,1.35518832864,-14.395627,23.903001,7.587986,-2.567645,-2.686518,0.318188
12,1789439367.466144323,0.534522770645,-0.273993875216,0.531386130093,-0.655970639728,-0.705729253764,1.35518832864,-14.385018,23.929989,7.633838,-2.571233,-2.682191,0.318158
12,1789439367.470954180,0.534522770645,-0.273993875216,0.531386130093,-0.655970639728,-0.705729253764,1.35518832864,-14.344421,23.921706,7.630742,-2.569237,-2.679234,0.316515
12,1789439367.475838661,0.534522770645,-0.273993875216,0.531386130093,-0.655970639728,-0.705729253764,1.35518832864,-14.305416,23.924816,7.546309,-2.566663,-2.675015,0.322587
12,1789439367.481127262,0.534522770645,-0.273993875216,0.531386130093,-0.655970639728,-0.705729253764,1.35518832864,-14.356793,23.9329,7.743574,-2.569273,-2.676223,0.317568
12,1789439367.486108303,0.534522770645,-0.273993875216,0.531386130093,-0.655970639728,-0.705729253764,1.35518832864,-14.361281,23.922766,7.61634,-2.561735,-2.672452,0.319898
12,1789439367.491072178,0.534522770645,-0.273993875216,0.531386130093,-0.655970639728,-0.705729253764,1.35518832864,-14.406702,23.975329,7.654575,-2.563654,-2.672939,0.314142
12,1789439367.495923996,0.534522770645,-0.273993875216,0.531386130093,-0.655970639728,-0.705729253764,1.35518832864,-14.352009,23.957556,7.628463,-2.560969,-2.673479,0.321438
12,1789439367.501091003,0.534522770645,-0.273993875216,0.531386130093,-0.655970639728,-0.705729253764,1.35518832864,-14.373248,23.919852,7.666808,-2.558871,-2.673824,0.31621
12,1789439367.505796194,0.534522770645,-0.273993875216,0.531386130093,-0.655970639728,-0.705729253764,1.35518832864,-14.358489,23.908972,7.775037,-2.559783,-2.669715,0.31453
12,1789439367.510967493,0.534522770645,-0.273993875216,0.531386130093,-0.655970639728,-0.705729253764,1.35518832864,-14.353636,23.906296,7.654787,-2.55921,-2.671289,0.314811
12,1789439367.516074181,0.534522770645,-0.273993875216,0.531386130093,-0.655970639728,-0.705729253764,1.35518832864,-14.302125,23.895387,7.660659,-2.556324,-2.666555,0.31316
12,1789439367.520971060,0.534522770645,-0.273993875216,0.531386130093,-0.655970639728,-0.705729253764,1.35518832864,-14.27365,23.905336,7.843923,-2.559397,-2.668691,0.311109
12,1789439367.525848150,0.534522770645,-0.273993875216,0.531386130093,-0.655970639728,-0.705729253764,1.35518832864,-14.293565,23.903596,7.681364,-2.559395,-2.665328,0.320759
12,1789439367.530925512,0.534522770645,-0.273993875216,0.531386130093,-0.655970639728,-0.705729253764,1.35518832864,-14.339267,23.938309,7.53291,-2.560445,-2.669115,0.320382
12,1789439367.536028624,0.534522770645,-0.273993875216,0.531386130093,-0.655970639728,-0.705729253764,1.35518832864,-14.337758,23.9173,7.536715,-2.55898,-2.667622,0.317047
12,1789439367.540858984,0.534522770645,-0.273993875216,0.531386130093,-0.655970639728,-0.705729253764,1.35518832864,-14.354672,23.948173,7.814195,-2.559213,-2.670769,0.309389
12,1789439367.546001673,0.534522770645,-0.273993875216,0.531386130093,-0.655970639728,-0.705729253764,1.35518832864,-14.363077,23.932447,7.536182,-2.562135,-2.669816,0.316397
12,1789439367.551077127,0.534522770645,-0.273993875216,0.531386130093,-0.655970639728,-0.705729253764,1.35518832864,-14.335366,23.886166,7.665046,-2.560353,-2.670198,0.315698
12,1789439367.556001186,0.534522770645,-0.273993875216,0.531386130093,-0.655970639728,-0.705729253764,1.35518832864,-14.284828,23.897977,7.796778,-2.559225,-2.667901,0.316895
12,1789439367.560991049,0.534522770645,-0.273993875216,0.531386130093,-0.655970639728,-0.705729253764,1.35518832864,-14.320592,23.912794,7.590335,-2.562366,-2.669501,0.321569
12,1789439367.566105843,0.534522770645,-0.273993875216,0.531386130093,-0.655970639728,-0.705729253764,1.35518832864,-14.371738,23.915717,7.650957,-2.561234,-2.671128,0.324454
12,1789439367.570975780,0.534522770645,-0.273993875216,0.531386130093,-0.655970639728,-0.705729253764,1.35518832864,-14.395715,23.98375,7.852416,-2.564473,-2.674889,0.315522
12,1789439367.575767517,0.534522770645,-0.273993875216,0.531386130093,-0.655970639728,-0.705729253764,1.35518832864,-14.396788,23.956429,7.686096,-2.564127,-2.676464,0.316223
12,1789439367.580998421,0.534522770645,-0.273993875216,0.531386130093,-0.655970639728,-0.705729253764,1.35518832864,-14.397497,23.930715,7.507849,-2.562465,-2.678818,0.321175
12,1789439367.586069822,0.534522770645,-0.273993875216,0.531386130093,-0.655970639728,-0.705729253764,1.35518832864,-14.350074,23.895569,7.575489,-2.564335,-2.675615,0.323435
12,1789439367.590885639,0.534522770645,-0.273993875216,0.531386130093,-0.655970639728,-0.705729253764,1.35518832864,-14.332423,23.86921,7.729991,-2.562711,-2.673585,0.321411
12,1789439367.596005678,0.534522770645,-0.273993875216,0.531386130093,-0.655970639728,-0.705729253764,1.35518832864,-14.312259,23.88935,7.486708,-2.563576,-2.670773,0.326809
12,1789439367.600996017,0.534522770645,-0.273993875216,0.531386130093,-0.655970639728,-0.705729253764,1.35518832864,-14.358282,23.931282,7.658765,-2.567051,-2.674933,0.323061
12,1789439367.605898142,0.534522770645,-0.273993875216,0.531386130093,-0.655970639728,-0.705729253764,1.35518832864,-14.358441,23.958243,7.758435,-2.56577,-2.672732,0.315326
12,1789439367.611007452,0.534522770645,-0.273993875216,0.531386130093,-0.655970639728,-0.705729253764,1.35518832864,-14.408465,23.957587,7.66546,-2.563102,-2.676376,0.314875
12,1789439367.616096973,0.534522770645,-0.273993875216,0.531386130093,-0.655970639728,-0.705729253764,1.35518832864,-14.386682,23.918614,7.656172,-2.561774,-2.674417,0.31531
12,1789439367.620953083,0.534522770645,-0.273993875216,0.531386130093,-0.655970639728,-0.705729253764,1.35518832864,-14.363718,23.901308,7.857137,-2.55963,-2.671241,0.31333
12,1789439367.626025200,0.534522770645,-0.273993875216,0.531386130093,-0.655970639728,-0.705729253764,1.35518832864,-14.34865,23.891423,7.6544,-2.557948,-2.66792,0.321084
12,1789439367.631076097,0.534522770645,-0.273993875216,0.531386130093,-0.655970639728,-0.705729253764,1.35518832864,-14.360778,23.919297,7.519688,-2.559871,-2.668796,0.324013
12,1789439367.635929108,0.534522770645,-0.273993875216,0.531386130093,-0.655970639728,-0.705729253764,1.35518832864,-14.312158,23.934901,7.452754,-2.56025,-2.66587,0.323118
12,1789439367.640858650,0.534522770645,-0.273993875216,0.531386130093,-0.655970639728,-0.705729253764,1.35518832864,-14.348846,23.91529,7.775813,-2.55837,-2.669957,0.314964
12,1789439367.646028757,0.534522770645,-0.273993875216,0.531386130093,-0.655970639728,-0.705729253764,1.35518832864,-14.363742,23.946107,7.562748,-2.560541,-2.669131,0.321582
12,1789439367.651047230,0.534522770645,-0.273993875216,0.531386130093,-0.655970639728,-0.705729253764,1.35518832864,-14.360463,23.915308,7.67218,-2.557691,-2.66931,0.314166
12,1789439367.655874968,0.534522770645,-0.273993875216,0.531386130093,-0.655970639728,-0.705729253764,1.35518832864,-14.350967,23.922148,7.824288,-2.55757,-2.670305,0.316157
12,1789439367.660879135,0.534522770645,-0.273993875216,0.531386130093,-0.655970639728,-0.705729253764,1.35518832864,-14.348474,23.899846,7.615971,-2.557433,-2.668853,0.320131
12,1789439367.666154385,0.534522770645,-0.273993875216,0.531386130093,-0.655970639728,-0.705729253764,1.35518832864,-14.289555,23.896972,7.649831,-2.556008,-2.668167,0.31806
12,1789439367.670882225,0.534522770645,-0.273993875216,0.531386130093,-0.655970639728,-0.705729253764,1.35518832864,-14.298251,23.912417,7.653528,-2.560488,-2.66965,0.320286
12,1789439367.676002502,0.534522770645,-0.273993875216,0.531386130093,-0.655970639728,-0.705729253764,1.35518832864,-14.307387,23.892581,7.677134,-2.56059,-2.668837,0.317664
12,1789439367.681136608,0.534522770645,-0.273993875216,0.531386130093,-0.655970639728,-0.705729253764,1.35518832864,-14.351471,23.948866,7.599452,-2.560837,-2.671811,0.320949
12,1789439367.686043024,0.534522770645,-0.273993875216,0.531386130093,-0.655970639728,-0.705729253764,1.35518832864,-14.378596,23.956737,7.518591,-2.56416,-2.675062,0.32244
12,1789439367.691076040,0.534522770645,-0.273993875216,0.531386130093,-0.655970639728,-0.705729253764,1.35518832864,-14.361077,23.917977,7.783356,-2.562166,-2.67371,0.313422
12,1789439367.695967674,0.534522770645,-0.273993875216,0.531386130093,-0.655970639728,-0.705729253764,1.35518832864,-14.340591,23.932655,7.510961,-2.562856,-2.678072,0.317254
12,1789439367.701248407,0.534522770645,-0.273993875216,0.531386130093,-0.655970639728,-0.705729253764,1.35518832864,-14.331499,23.888186,7.645521,-2.563223,-2.671562,0.314978
12,1789439367.705971718,0.534522770645,-0.273993875216,0.531386130093,-0.655970639728,-0.705729253764,1.35518832864,-14.367078,23.909026,7.487795,-2.562693,-2.676337,0.32065
12,1789439367.710897684,0.534522770645,-0.273993875216,0.531386130093,-0.655970639728,-0.705729253764,1.35518832864,-14.366617,23.900464,7.625485,-2.562239,-2.674129,0.319727
12,1789439367.716065168,0.534522770645,-0.273993875216,0.531386130093,-0.655970639728,-0.705729253764,1.35518832864,-14.339996,23.907188,7.735866,-2.564406,-2.674195,0.318919
12,1789439367.720935583,0.534522770645,-0.273993875216,0.531386130093,-0.655970639728,-0.705729253764,1.35518832864,-14.313513,23.915697,7.628283,-2.563952,-2.675377,0.321404
12,1789439367.725883484,0.534522770645,-0.273993875216,0.531386130093,-0.655970639728,-0.705729253764,1.35518832864,-14.355756,23.936356,7.623299,-2.570186,-2.679778,0.323679
12,1789439367.731051922,0.534522770645,-0.273993875216,0.531386130093,-0.655970639728,-0.705729253764,1.35518832864,-14.392141,23.926901,7.821061,-2.565803,-2.679674,0.319137
12,1789439367.736103773,0.534522770645,-0.273993875216,0.531386130093,-0.655970639728,-0.705729253764,1.35518832864,-14.40756,23.973776,7.624961,-2.566949,-2.67993,0.318378
12,1789439367.740911961,0.534522770645,-0.273993875216,0.531386130093,-0.655970639728,-0.705729253764,1.35518832864,-14.361893,23.879031,7.543841,-2.56243,-2.678067,0.320766
12,1789439367.745999575,0.534522770645,-0.273993875216,0.531386130093,-0.655970639728,-0.705729253764,1.35518832864,-14.381971,23.899703,7.456922,-2.563201,-2.675816,0.324897
12,1789439367.751079798,0.534522770645,-0.273993875216,0.531386130093,-0.655970639728,-0.705729253764,1.35518832864,-14.34965,23.893706,7.736503,-2.561458,-2.671755,0.319631
12,1789439367.756007910,0.534522770645,-0.273993875216,0.531386130093,-0.655970639728,-0.705729253764,1.35518832864,-14.303552,23.923591,7.497357,-2.561835,-2.670825,0.321402
12,1789439367.760884285,0.534522770645,-0.273993875216,0.531386130093,-0.655970639728,-0.705729253764,1.35518832864,-14.344874,23.949857,7.660315,-2.564373,-2.671016,0.318307
12,1789439367.766159296,0.534522770645,-0.273993875216,0.531386130093,-0.655970639728,-0.705729253764,1.35518832864,-14.388542,23.922811,7.769426,-2.561028,-2.672192,0.316585
12,1789439367.771043301,0.534522770645,-0.273993875216,0.531386130093,-0.655970639728,-0.705729253764,1.35518832864,-14.393802,23.939559,7.658228,-2.561596,-2.671538,0.316858
12,1789439367.775843382,0.534522770645,-0.273993875216,0.531386130093,-0.655970639728,-0.705729253764,1.35518832864,-14.369943,23.931948,7.673974,-2.560527,-2.671328,0.315057
12,1789439367.781173706,0.534522770645,-0.273993875216,0.531386130093,-0.655970639728,-0.705729253764,1.35518832864,-14.360224,23.922535,7.885164,-2.557531,-2.668608,0.313563
12,1789439367.786030293,0.534522770645,-0.273993875216,0.531386130093,-0.655970639728,-0.705729253764,1.35518832864,-14.32721,23.882678,7.671123,-2.555285,-2.667111,0.319969
12,1789439367.790873766,0.534522770645,-0.273993875216,0.531386130093,-0.655970639728,-0.705729253764,1.35518832864,-14.319824,23.919272,7.492781,-2.560281,-2.668076,0.324788
12,1789439367.796002388,0.534522770645,-0.273993875216,0.531386130093,-0.655970639728,-0.705729253764,1.35518832864,-14.304654,23.902103,7.452799,-2.556831,-2.668761,0.322953
12,1789439367.801044703,0.534522770645,-0.273993875216,0.531386130093,-0.655970639728,-0.705729253764,1.35518832864,-14.324576,23.938429,7.773812,-2.557879,-2.666127,0.313976
12,1789439367.805806398,0.534522770645,-0.273993875216,0.531386130093,-0.655970639728,-0.705729253764,1.35518832864,-14.34471,23.971907,7.558148,-2.559342,-2.669598,0.318383
12,1789439367.811071157,0.534522770645,-0.273993875216,0.531386130093,-0.655970639728,-0.705729253764,1.35518832864,-14.336754,23.928069,7.628044,-2.559069,-2.67006,0.315608
12,1789439367.816132784,0.534522770645,-0.273993875216,0.531386130093,-0.655970639728,-0.705729253764,1.35518832864,-14.402947,23.924534,7.802777,-2.556757,-2.672055,0.313994
12,1789439367.821035147,0.534522770645,-0.273993875216,0.531386130093,-0.655970639728,-0.705729253764,1.35518832864,-14.363352,23.889668,7.622958,-2.558594,-2.66756,0.318821
12,1789439367.825788021,0.534522770645,-0.273993875216,0.531386130093,-0.655970639728,-0.705729253764,1.35518832864,-14.324119,23.901074,7.610131,-2.560056,-2.671994,0.322093
12,1789439367.830890417,0.534522770645,-0.273993875216,0.531386130093,-0.655970639728,-0.705729253764,1.35518832864,-14.283184,23.896266,7.870978,-2.560556,-2.666095,0.316982
12,1789439367.836016893,0.534522770645,-0.273993875216,0.531386130093,-0.655970639728,-0.705729253764,1.35518832864,-14.318715,23.950999,7.68852,-2.561822,-2.670527,0.318534
12,1789439367.840924263,0.534522770645,-0.273993875216,0.531386130093,-0.655970639728,-0.705729253764,1.35518832864,-14.356962,23.942551,7.564488,-2.562255,-2.669832,0.32269
12,1789439367.846415043,0.534522770645,-0.273993875216,0.531386130093,-0.655970639728,-0.705729253764,1.35518832864,-14.407732,23.985813,7.641578,-2.565695,-2.677552,0.317263
12,1789439367.850965023,0.534522770645,-0.273993875216,0.531386130093,-0.655970639728,-0.705729253764,1.35518832864,-14.404891,23.924039,7.766507,-2.560646,-2.674571,0.314384
12,1789439367.855890036,0.534522770645,-0.273993875216,0.531386130093,-0.655970639728,-0.705729253764,1.35518832864,-14.373976,23.940201,7.609807,-2.562601,-2.675475,0.315196
12,1789439367.860840797,0.534522770645,-0.273993875216,0.531386130093,-0.655970639728,-0.705729253764,1.35518832864,-14.321991,23.87955,7.610567,-2.562475,-2.671589,0.316493
12,1789439367.866103649,0.534522770645,-0.273993875216,0.531386130093,-0.655970639728,-0.705729253764,1.35518832864,-14.327968,23.918127,7.698555,-2.564496,-2.672091,0.319043
12,1789439367.870893478,0.534522770645,-0.273993875216,0.531386130093,-0.655970639728,-0.705729253764,1.35518832864,-14.338475,23.939265,7.643742,-2.565925,-2.671881,0.319623
12,1789439367.875904799,0.534522770645,-0.273993875216,0.531386130093,-0.655970639728,-0.705729253764,1.35518832864,-14.369534,23.94211,7.678436,-2.56322,-2.675231,0.31752
12,1789439367.881081343,0.534522770645,-0.273993875216,0.531386130093,-0.655970639728,-0.705729253764,1.35518832864,-14.363112,23.910948,7.819903,-2.565235,-2.676033,0.312807
12,1789439367.885973454,0.534522770645,-0.273993875216,0.531386130093,-0.655970639728,-0.705729253764,1.35518832864,-14.393035,23.918836,7.632721,-2.563712,-2.6787,0.317764
12,1789439367.891005039,0.534522770645,-0.273993875216,0.531386130093,-0.655970639728,-0.705729253764,1.35518832864,-14.365041,23.885637,7.554621,-2.560317,-2.672129,0.32233
12,1789439367.896191120,0.534522770645,-0.273993875216,0.531386130093,-0.655970639728,-0.705729253764,1.35518832864,-14.357688,23.9522,7.401166,-2.563659,-2.673696,0.324923
12,1789439367.901062727,0.534522770645,-0.273993875216,0.531386130093,-0.655970639728,-0.705729253764,1.35518832864,-14.340851,23.879222,7.725778,-2.558256,-2.671753,0.318738
12,1789439367.905887604,0.534522770645,-0.273993875216,0.531386130093,-0.655970639728,-0.705729253764,1.35518832864,-14.338655,23.911342,7.476557,-2.565604,-2.672773,0.325921
12,1789439367.910896301,0.534522770645,-0.273993875216,0.531386130093,-0.655970639728,-0.705729253764,1.35518832864,-14.315728,23.857043,7.671782,-2.555585,-2.670093,0.320215
12,1789439367.916379690,0.534522770645,-0.273993875216,0.531386130093,-0.655970639728,-0.705729253764,1.35518832864,-14.330417,23.943344,7.463946,-2.560989,-2.66967,0.317795
12,1789439367.920927525,0.534522770645,-0.273993875216,0.531386130093,-0.655970639728,-0.705729253764,1.35518832864,-14.323894,23.913007,7.690543,-2.55879,-2.668851,0.314117
12,1789439367.925899506,0.534522770645,-0.273993875216,0.531386130093,-0.655970639728,-0.705729253764,1.35518832864,-14.366021,23.951047,7.733795,-2.565913,-2.670346,0.317765
12,1789439367.931044817,0.534522770645,-0.273993875216,0.531386130093,-0.655970639728,-0.705729253764,1.35518832864,-14.362756,23.907592,7.67567,-2.557546,-2.669812,0.316428
12,1789439367.936098337,0.534522770645,-0.273993875216,0.531386130093,-0.655970639728,-0.705729253764,1.35518832864,-14.402172,23.958968,7.637534,-2.563401,-2.674861,0.315035
12,1789439367.940924406,0.534522770645,-0.273993875216,0.531386130093,-0.655970639728,-0.705729253764,1.35518832864,-14.333944,23.883163,7.847078,-2.554616,-2.669514,0.313078
12,1789439367.946460009,0.534522770645,-0.273993875216,0.531386130093,-0.655970639728,-0.705729253764,1.35518832864,-14.337587,23.891991,7.641273,-2.560235,-2.67058,0.324406
12,1789439367.951048613,0.534522770645,-0.273993875216,0.531386130093,-0.655970639728,-0.705729253764,1.35518832864,-14.327876,23.942569,7.457933,-2.56458,-2.669947,0.326055
12,1789439367.956812382,0.534522770645,-0.273993875216,0.531386130093,-0.655970639728,-0.705729253764,1.35518832864,-14.276206,23.89555,7.428058,-2.558,-2.668447,0.319052
12,1789439367.962598562,0.534522770645,-0.273993875216,0.531386130093,-0.655970639728,-0.705729253764,1.35518832864,-14.359766,23.951104,7.737283,-2.563032,-2.672174,0.319803
12,1789439367.966442585,0.534522770645,-0.273993875216,0.531386130093,-0.655970639728,-0.705729253764,1.35518832864,-14.394134,23.920711,7.549127,-2.562371,-2.674663,0.324355
12,1789439367.970903873,0.534522770645,-0.273993875216,0.531386130093,-0.655970639728,-0.705729253764,1.35518832864,-14.379651,23.935324,7.662948,-2.5614,-2.673126,0.313715
12,1789439367.976130009,0.534522770645,-0.273993875216,0.531386130093,-0.655970639728,-0.705729253764,1.35518832864,-14.366613,23.937815,7.74297,-2.560729,-2.674529,0.311124
12,1789439367.980983496,0.534522770645,-0.273993875216,0.531386130093,-0.655970639728,-0.705729253764,1.35518832864,-14.347971,23.922533,7.622411,-2.561441,-2.671824,0.317863
12,1789439367.985844374,0.534522770645,-0.273993875216,0.531386130093,-0.655970639728,-0.705729253764,1.35518832864,-14.3205,23.859225,7.62847,-2.558107,-2.669617,0.322383
12,1789439367.990834475,0.534522770645,-0.273993875216,0.531386130093,-0.655970639728,-0.705729253764,1.35518832864,-14.366665,23.968236,7.78245,-2.566503,-2.673504,0.318726
12,1789439367.995754719,0.534522770645,-0.273993875216,0.531386130093,-0.655970639728,-0.705729253764,1.35518832864,-14.32988,23.917981,7.666384,-2.560611,-2.670938,0.316329
12,1789439368.000943184,0.534522770645,-0.273993875216,0.531386130093,-0.655970639728,-0.705729253764,1.35518832864,-14.373178,23.947402,7.675064,-2.5631,-2.67555,0.321329
12,1789439368.005742788,0.534522770645,-0.273993875216,0.531386130093,-0.655970639728,-0.705729253764,1.35518832864,-14.404263,23.954227,7.358942,-2.5661,-2.674478,0.327626
12,1789439368.010872126,0.534522770645,-0.273993875216,0.531386130093,-0.655970639728,-0.705729253764,1.35518832864,-14.36736,23.946319,7.754388,-2.561189,-2.676377,0.31226
12,1789439368.015861511,0.534522770645,-0.273993875216,0.531386130093,-0.655970639728,-0.705729253764,1.35518832864,-14.351447,23.913479,7.483749,-2.5639,-2.673365,0.318346
12,1789439368.020808458,0.534522770645,-0.273993875216,0.531386130093,-0.655970639728,-0.705729253764,1.35518832864,-14.363324,23.859764,7.647287,-2.556717,-2.671224,0.322282
12,1789439368.025706053,0.534522770645,-0.273993875216,0.531386130093,-0.655970639728,-0.705729253764,1.35518832864,-14.356263,23.934127,7.684562,-2.567619,-2.670555,0.322168
12,1789439368.030772448,0.534522770645,-0.273993875216,0.531386130093,-0.655970639728,-0.705729253764,1.35518832864,-14.294662,23.894425,7.652418,-2.558309,-2.669297,0.313585
12,1789439368.035831451,0.534522770645,-0.273993875216,0.531386130093,-0.655970639728,-0.705729253764,1.35518832864,-14.347876,23.969323,7.649855,-2.566182,-2.67189,0.317373
12,1789439368.040724039,0.534522770645,-0.273993875216,0.531386130093,-0.655970639728,-0.705729253764,1.35518832864,-14.400663,23.922783,7.845002,-2.561328,-2.671741,0.317384
12,1789439368.045737267,0.534522770645,-0.273993875216,0.531386130093,-0.655970639728,-0.705729253764,1.35518832864,-14.397236,23.968673,7.670874,-2.560289,-2.673373,0.318661
12,1789439368.050977230,0.534522770645,-0.273993875216,0.531386130093,-0.655970639728,-0.705729253764,1.35518832864,-14.385799,23.917801,7.502967,-2.559854,-2.672976,0.31868
12,1789439368.055732250,0.534522770645,-0.273993875216,0.531386130093,-0.655970639728,-0.705729253764,1.35518832864,-14.316944,23.881351,7.399977,-2.557928,-2.66955,0.324938
12,1789439368.060709715,0.534522770645,-0.273993875216,0.531386130093,-0.655970639728,-0.705729253764,1.35518832864,-14.294803,23.879131,7.719481,-2.558997,-2.668765,0.321088
12,1789439368.065952778,0.534522770645,-0.273993875216,0.531386130093,-0.655970639728,-0.705729253764,1.35518832864,-14.324266,23.912314,7.495419,-2.557856,-2.669088,0.326397
12,1789439368.071031570,0.534522770645,-0.273993875216,0.531386130093,-0.655970639728,-0.705729253764,1.35518832864,-14.331448,23.920138,7.664198,-2.563129,-2.668676,0.315178
12,1789439368.075973034,0.534522770645,-0.273993875216,0.531386130093,-0.655970639728,-0.705729253764,1.35518832864,-14.374129,23.938108,7.786584,-2.557476,-2.670718,0.315683
12,1789439368.080995321,0.534522770645,-0.273993875216,0.531386130093,-0.655970639728,-0.705729253764,1.35518832864,-14.453018,24.007753,7.64909,-2.565744,-2.67548,0.322254
12,1789439368.085956097,0.534522770645,-0.273993875216,0.531386130093,-0.655970639728,-0.705729253764,1.35518832864,-14.354021,23.894748,7.652645,-2.557862,-2.672914,0.31327
12,1789439368.090820312,0.534522770645,-0.273993875216,0.531386130093,-0.655970639728,-0.705729253764,1.35518832864,-14.289591,23.869987,7.794644,-2.559523,-2.670088,0.309321
12,1789439368.095993757,0.534522770645,-0.273993875216,0.531386130093,-0.655970639728,-0.705729253764,1.35518832864,-14.326988,23.875982,7.611581,-2.558356,-2.669135,0.323469
12,1789439368.100955963,0.534522770645,-0.273993875216,0.531386130093,-0.655970639728,-0.705729253764,1.35518832864,-14.314256,23.905703,7.531659,-2.560923,-2.666162,0.326179
12,1789439368.105792999,0.534522770645,-0.273993875216,0.531386130093,-0.655970639728,-0.705729253764,1.35518832864,-14.374255,23.999879,7.652225,-2.56479,-2.673566,0.318529
12,1789439368.110849380,0.534522770645,-0.273993875216,0.531386130093,-0.655970639728,-0.705729253764,1.35518832864,-14.352028,23.961132,7.774151,-2.564742,-2.671589,0.313541
12,1789439368.116078377,0.534522770645,-0.273993875216,0.531386130093,-0.655970639728,-0.705729253764,1.35518832864,-14.366087,23.87312,7.667034,-2.560276,-2.673348,0.316687
12,1789439368.120803833,0.534522770645,-0.273993875216,0.531386130093,-0.655970639728,-0.705729253764,1.35518832864,-14.385143,23.922519,7.647363,-2.562984,-2.671915,0.321994
12,1789439368.125938654,0.534522770645,-0.273993875216,0.531386130093,-0.655970639728,-0.705729253764,1.35518832864,-14.364974,23.951402,7.583049,-2.560747,-2.674054,0.316029
12,1789439368.131202698,0.534522770645,-0.273993875216,0.531386130093,-0.655970639728,-0.705729253764,1.35518832864,-14.404674,23.958791,7.667697,-2.562437,-2.675373,0.316437
12,1789439368.136120081,0.534522770645,-0.273993875216,0.531386130093,-0.655970639728,-0.705729253764,1.35518832864,-14.37036,23.912192,7.715625,-2.562607,-2.673691,0.317829
12,1789439368.140960455,0.534522770645,-0.273993875216,0.531386130093,-0.655970639728,-0.705729253764,1.35518832864,-14.326267,23.846778,7.648964,-2.554504,-2.67166,0.317315
12,1789439368.146322966,0.534522770645,-0.273993875216,0.531386130093,-0.655970639728,-0.705729253764,1.35518832864,-14.322081,23.931142,7.575641,-2.568085,-2.670779,0.323967
12,1789439368.151157141,0.534522770645,-0.273993875216,0.531386130093,-0.655970639728,-0.705729253764,1.35518832864,-14.362703,23.875603,7.838312,-2.560239,-2.673462,0.319165
12,1789439368.155972004,0.534522770645,-0.273993875216,0.531386130093,-0.655970639728,-0.705729253764,1.35518832864,-14.309095,23.953961,7.614127,-2.564999,-2.670364,0.31861
12,1789439368.160997391,0.534522770645,-0.273993875216,0.531386130093,-0.655970639728,-0.705729253764,1.35518832864,-14.370506,23.934671,7.562623,-2.560146,-2.674075,0.314912
12,1789439368.166394949,0.534522770645,-0.273993875216,0.531386130093,-0.655970639728,-0.705729253764,1.35518832864,-14.427005,23.992291,7.437336,-2.563884,-2.67402,0.32394
12,1789439368.171094894,0.534522770645,-0.273993875216,0.531386130093,-0.655970639728,-0.705729253764,1.35518832864,-14.418335,23.934359,7.734817,-2.562014,-2.678532,0.317502
12,1789439368.175988197,0.534522770645,-0.273993875216,0.531386130093,-0.655970639728,-0.705729253764,1.35518832864,-14.342776,23.917972,7.507223,-2.558651,-2.67067,0.321739
12,1789439368.181059361,0.534522770645,-0.273993875216,0.531386130093,-0.655970639728,-0.705729253764,1.35518832864,-14.303388,23.883272,7.589521,-2.561795,-2.672051,0.320913
12,1789439368.186105967,0.534522770645,-0.273993875216,0.531386130093,-0.655970639728,-0.705729253764,1.35518832864,-14.278245,23.87515,7.717017,-2.556861,-2.668583,0.319501
12,1789439368.190908909,0.534522770645,-0.273993875216,0.531386130093,-0.655970639728,-0.705729253764,1.35518832864,-14.346894,23.948546,7.645807,-2.564727,-2.671166,0.32098
12,1789439368.195987463,0.534522770645,-0.273993875216,0.531386130093,-0.655970639728,-0.705729253764,1.35518832864,-14.341654,23.938104,7.68494,-2.560444,-2.669417,0.316348
12,1789439368.201275587,0.534522770645,-0.273993875216,0.531386130093,-0.655970639728,-0.705729253764,1.35518832864,-14.427727,23.974384,7.854652,-2.563331,-2.675258,0.316949
12,1789439368.205992460,0.534522770645,-0.273993875216,0.531386130093,-0.655970639728,-0.705729253764,1.35518832864,-14.372636,23.944665,7.681771,-2.562182,-2.67242,0.319985
12,1789439368.211141348,0.534522770645,-0.273993875216,0.531386130093,-0.655970639728,-0.705729253764,1.35518832864,-14.335536,23.853203,7.509676,-2.556588,-2.670885,0.317557
12,1789439368.216462135,0.534522770645,-0.273993875216,0.531386130093,-0.655970639728,-0.705729253764,1.35518832864,-14.318215,23.899687,7.355181,-2.562673,-2.670273,0.325951
12,1789439368.221035004,0.534522770645,-0.273993875216,0.531386130093,-0.655970639728,-0.705729253764,1.35518832864,-14.324881,23.864347,7.760223,-2.560561,-2.670601,0.317185
12,1789439368.226274490,0.534522770645,-0.273993875216,0.531386130093,-0.655970639728,-0.705729253764,1.35518832864,-14.344976,23.961925,7.518849,-2.562804,-2.669218,0.323246
12,1789439368.231039762,0.534522770645,-0.273993875216,0.531386130093,-0.655970639728,-0.705729253764,1.35518832864,-14.349431,23.969247,7.683982,-2.563269,-2.670936,0.31542
12,1789439368.236258984,0.534522770645,-0.273993875216,0.531386130093,-0.655970639728,-0.705729253764,1.35518832864,-14.40019,23.9523,7.784855,-2.559356,-2.671789,0.314363
12,1789439368.241027594,0.534522770645,-0.273993875216,0.531386130093,-0.655970639728,-0.705729253764,1.35518832864,-14.382785,23.944178,7.652545,-2.562808,-2.671071,0.31928
12,1789439368.246179104,0.534522770645,-0.273993875216,0.531386130093,-0.655970639728,-0.705729253764,1.35518832864,-14.358481,23.891793,7.627519,-2.560508,-2.673909,0.315027
12,1789439368.251157284,0.534522770645,-0.273993875216,0.531386130093,-0.655970639728,-0.705729253764,1.35518832864,-14.331591,23.860245,7.596335,-2.556436,-2.668799,0.319673
12,1789439368.255899906,0.534522770645,-0.273993875216,0.531386130093,-0.655970639728,-0.705729253764,1.35518832864,-14.328587,23.943948,7.619478,-2.566165,-2.671575,0.322027
