sample_index,wall_time_s,tcp_x_m,tcp_y_m,tcp_z_m,tcp_rx_rad,tcp_ry_rad,tcp_rz_rad,fx_n,fy_n,fz_n,tx_nm,ty_nm,tz_nm
1,1789436459.829753637,0.53419858436,-0.256727401004,0.557936252019,0.587020587754,1.04906316154,-0.246888761709,21.951321,23.557967,7.877333,-1.802804,0.387329,-3.134433
1,1789436459.834933281,0.53419858436,-0.256727401004,0.557936252019,0.587020587754,1.04906316154,-0.246888761709,21.963575,23.518452,7.7022,-1.804043,0.389528,-3.13289
1,1789436459.839590073,0.53419858436,-0.256727401004,0.557936252019,0.587020587754,1.04906316154,-0.246888761709,21.962397,23.51896,7.813095,-1.802741,0.389541,-3.133393
1,1789436459.844757318,0.53419858436,-0.256727401004,0.557936252019,0.587020587754,1.04906316154,-0.246888761709,21.909413,23.55301,8.0091,-1.807994,0.387932,-3.133299
1,1789436459.849914789,0.53419858436,-0.256727401004,0.557936252019,0.587020587754,1.04906316154,-0.246888761709,21.920071,23.567686,7.804725,-1.807035,0.386203,-3.13339
1,1789436459.854741096,0.53419858436,-0.256727401004,0.557936252019,0.587020587754,1.04906316154,-0.246888761709,21.931161,23.543564,7.784463,-1.805662,0.388573,-3.134089
1,1789436459.859791517,0.53419858436,-0.256727401004,0.557936252019,0.587020587754,1.04906316154,-0.246888761709,21.931665,23.498459,7.89779,-1.802497,0.38736,-3.139006
1,1789436459.865016222,0.53419858436,-0.256727401004,0.557936252019,0.587020587754,1.04906316154,-0.246888761709,21.935928,23.519517,7.8379,-1.803639,0.388503,-3.13555
1,1789436459.869626284,0.53419858436,-0.256727401004,0.557936252019,0.587020587754,1.04906316154,-0.246888761709,21.976048,23.524739,7.815412,-1.805857,0.389628,-3.137924
1,1789436459.874587297,0.53419858436,-0.256727401004,0.557936252019,0.587020587754,1.04906316154,-0.246888761709,21.9627,23.5659,7.817932,-1.810396,0.387805,-3.130564
1,1789436459.879637957,0.53419858436,-0.256727401004,0.557936252019,0.587020587754,1.04906316154,-0.246888761709,21.957755,23.515964,7.785108,-1.803458,0.389252,-3.127373
1,1789436459.884694338,0.53419858436,-0.256727401004,0.557936252019,0.587020587754,1.04906316154,-0.246888761709,21.920358,23.526163,7.785921,-1.80734,0.385537,-3.133369
1,1789436459.889717102,0.53419858436,-0.256727401004,0.557936252019,0.587020587754,1.04906316154,-0.246888761709,21.925681,23.549028,7.821333,-1.805853,0.387398,-3.134475
1,1789436459.894805431,0.53419858436,-0.256727401004,0.557936252019,0.587020587754,1.04906316154,-0.246888761709,21.930924,23.544042,7.989234,-1.805969,0.388782,-3.140074
1,1789436459.899794579,0.53419858436,-0.256727401004,0.557936252019,0.587020587754,1.04906316154,-0.246888761709,21.931803,23.538681,7.811998,-1.806104,0.38691,-3.134487
1,1789436459.904590607,0.53419858436,-0.256727401004,0.557936252019,0.587020587754,1.04906316154,-0.246888761709,21.949288,23.488656,7.816248,-1.798563,0.387508,-3.137552
1,1789436459.909656763,0.53419858436,-0.256727401004,0.557936252019,0.587020587754,1.04906316154,-0.246888761709,21.928381,23.497765,7.836704,-1.806385,0.389982,-3.129935
1,1789436459.914934158,0.53419858436,-0.256727401004,0.557936252019,0.587020587754,1.04906316154,-0.246888761709,21.9685,23.51248,7.868154,-1.802572,0.392172,-3.133555
1,1789436459.919842720,0.53419858436,-0.256727401004,0.557936252019,0.587020587754,1.04906316154,-0.246888761709,21.935683,23.548117,7.670688,-1.807858,0.384914,-3.123725
1,1789436459.924825907,0.53419858436,-0.256727401004,0.557936252019,0.587020587754,1.04906316154,-0.246888761709,21.923593,23.521038,7.864229,-1.80715,0.385632,-3.130791
1,1789436459.929710865,0.53419858436,-0.256727401004,0.557936252019,0.587020587754,1.04906316154,-0.246888761709,21.940203,23.511271,7.885973,-1.803205,0.385829,-3.134791
1,1789436459.934762478,0.53419858436,-0.256727401004,0.557936252019,0.587020587754,1.04906316154,-0.246888761709,21.952373,23.504167,7.742118,-1.805964,0.389619,-3.131015
1,1789436459.939743519,0.53419858436,-0.256727401004,0.557936252019,0.587020587754,1.04906316154,-0.246888761709,21.957339,23.532617,7.798182,-1.805339,0.38613,-3.131401
1,1789436459.944578886,0.53419858436,-0.256727401004,0.557936252019,0.587020587754,1.04906316154,-0.246888761709,21.954455,23.526512,7.994776,-1.803837,0.391557,-3.136057
1,1789436459.949726105,0.53419858436,-0.256727401004,0.557936252019,0.587020587754,1.04906316154,-0.246888761709,21.94035,23.522816,7.813571,-1.804227,0.387281,-3.133353
1,1789436459.954579830,0.53419858436,-0.256727401004,0.557936252019,0.587020587754,1.04906316154,-0.246888761709,21.953733,23.526666,7.77864,-1.806747,0.388814,-3.131663
1,1789436459.959749460,0.53419858436,-0.256727401004,0.557936252019,0.587020587754,1.04906316154,-0.246888761709,21.938399,23.541077,7.884548,-1.810909,0.385855,-3.135767
1,1789436459.964917660,0.53419858436,-0.256727401004,0.557936252019,0.587020587754,1.04906316154,-0.246888761709,21.955908,23.565175,7.920259,-1.804901,0.38852,-3.136649
1,1789436459.969697952,0.53419858436,-0.256727401004,0.557936252019,0.587020587754,1.04906316154,-0.246888761709,21.896664,23.555788,7.627807,-1.80662,0.384896,-3.127525
1,1789436459.974680662,0.53419858436,-0.256727401004,0.557936252019,0.587020587754,1.04906316154,-0.246888761709,21.959344,23.508043,7.835448,-1.802324,0.391859,-3.136715
1,1789436459.979691744,0.53419858436,-0.256727401004,0.557936252019,0.587020587754,1.04906316154,-0.246888761709,21.964153,23.519453,7.884458,-1.80273,0.390242,-3.135315
1,1789436459.984755039,0.53419858436,-0.256727401004,0.557936252019,0.587020587754,1.04906316154,-0.246888761709,21.949001,23.52978,7.796867,-1.807652,0.383579,-3.132506
1,1789436459.989700794,0.53419858436,-0.256727401004,0.557936252019,0.587020587754,1.04906316154,-0.246888761709,21.9863,23.510276,7.883451,-1.80622,0.388665,-3.136034
1,1789436459.994889498,0.53419858436,-0.256727401004,0.557936252019,0.587020587754,1.04906316154,-0.246888761709,21.970355,23.528869,7.700383,-1.808679,0.387317,-3.128227
1,1789436459.999716282,0.53419858436,-0.256727401004,0.557936252019,0.587020587754,1.04906316154,-0.246888761709,21.980558,23.528157,7.816923,-1.80547,0.388958,-3.137032
1,1789436460.004566431,0.53419858436,-0.256727401004,0.557936252019,0.587020587754,1.04906316154,-0.246888761709,21.932993,23.551928,8.024463,-1.806451,0.388689,-3.135332
1,1789436460.009963751,0.53419858436,-0.256727401004,0.557936252019,0.587020587754,1.04906316154,-0.246888761709,21.920679,23.560007,7.80277,-1.806559,0.387314,-3.134508
1,1789436460.015980482,0.53419858436,-0.256727401004,0.557936252019,0.587020587754,1.04906316154,-0.246888761709,21.923105,23.548206,7.8213,-1.803605,0.388002,-3.134459
1,1789436460.019603729,0.53419858436,-0.256727401004,0.557936252019,0.587020587754,1.04906316154,-0.246888761709,21.929693,23.524723,7.825971,-1.807063,0.385532,-3.137584
1,1789436460.024665833,0.53419858436,-0.256727401004,0.557936252019,0.587020587754,1.04906316154,-0.246888761709,21.966102,23.532321,7.856666,-1.804372,0.391289,-3.135165
1,1789436460.029610634,0.53419858436,-0.256727401004,0.557936252019,0.587020587754,1.04906316154,-0.246888761709,21.933569,23.520053,7.779253,-1.804928,0.385962,-3.131591
1,1789436460.034770727,0.53419858436,-0.256727401004,0.557936252019,0.587020587754,1.04906316154,-0.246888761709,21.95862,23.543768,7.787702,-1.805721,0.389035,-3.131897
1,1789436460.039617062,0.53419858436,-0.256727401004,0.557936252019,0.587020587754,1.04906316154,-0.246888761709,21.921803,23.526915,7.858407,-1.807648,0.38569,-3.134616
1,1789436460.045005083,0.53419858436,-0.256727401004,0.557936252019,0.587020587754,1.04906316154,-0.246888761709,21.97199,23.548181,7.797327,-1.807257,0.390751,-3.131484
1,1789436460.049901962,0.53419858436,-0.256727401004,0.557936252019,0.587020587754,1.04906316154,-0.246888761709,21.909591,23.536725,7.827706,-1.805473,0.384445,-3.130594
1,1789436460.054834604,0.53419858436,-0.256727401004,0.557936252019,0.587020587754,1.04906316154,-0.246888761709,21.934929,23.532499,8.027448,-1.804952,0.389067,-3.139336
1,1789436460.059910059,0.53419858436,-0.256727401004,0.557936252019,0.587020587754,1.04906316154,-0.246888761709,21.899299,23.531144,7.812426,-1.80363,0.385446,-3.134394
1,1789436460.064900160,0.53419858436,-0.256727401004,0.557936252019,0.587020587754,1.04906316154,-0.246888761709,21.967893,23.525209,7.798842,-1.804854,0.391829,-3.13637
1,1789436460.069830179,0.53419858436,-0.256727401004,0.557936252019,0.587020587754,1.04906316154,-0.246888761709,21.943648,23.508497,7.807955,-1.803915,0.389056,-3.130669
1,1789436460.074913979,0.53419858436,-0.256727401004,0.557936252019,0.587020587754,1.04906316154,-0.246888761709,21.946461,23.530112,7.817379,-1.806333,0.388778,-3.130698
1,1789436460.079824209,0.53419858436,-0.256727401004,0.557936252019,0.587020587754,1.04906316154,-0.246888761709,21.956465,23.543416,7.691621,-1.807026,0.387232,-3.127995
1,1789436460.084823608,0.53419858436,-0.256727401004,0.557936252019,0.587020587754,1.04906316154,-0.246888761709,21.928284,23.549994,7.836098,-1.805844,0.387681,-3.130875
1,1789436460.089875221,0.53419858436,-0.256727401004,0.557936252019,0.587020587754,1.04906316154,-0.246888761709,21.911667,23.550771,7.886895,-1.804176,0.386412,-3.134341
1,1789436460.094820499,0.53419858436,-0.256727401004,0.557936252019,0.587020587754,1.04906316154,-0.246888761709,21.945872,23.512263,7.75443,-1.802213,0.387736,-3.135443
1,1789436460.099826574,0.53419858436,-0.256727401004,0.557936252019,0.587020587754,1.04906316154,-0.246888761709,21.943079,23.536259,7.796229,-1.807153,0.387571,-3.132521
1,1789436460.104611158,0.53419858436,-0.256727401004,0.557936252019,0.587020587754,1.04906316154,-0.246888761709,21.929177,23.52239,7.987285,-1.80324,0.389555,-3.135105
1,1789436460.109773636,0.53419858436,-0.256727401004,0.557936252019,0.587020587754,1.04906316154,-0.246888761709,21.968151,23.538289,7.869737,-1.802947,0.393787,-3.132471
1,1789436460.115042448,0.53419858436,-0.256727401004,0.557936252019,0.587020587754,1.04906316154,-0.246888761709,21.929718,23.539339,7.742974,-1.807066,0.384551,-3.131215
1,1789436460.119890690,0.53419858436,-0.256727401004,0.557936252019,0.587020587754,1.04906316154,-0.246888761709,21.978613,23.532405,7.853503,-1.803424,0.391564,-3.137206
1,1789436460.124816895,0.53419858436,-0.256727401004,0.557936252019,0.587020587754,1.04906316154,-0.246888761709,21.896655,23.544361,7.835685,-1.808826,0.382353,-3.131697
1,1789436460.129805565,0.53419858436,-0.256727401004,0.557936252019,0.587020587754,1.04906316154,-0.246888761709,21.958373,23.515983,7.727766,-1.80344,0.389656,-3.134406
1,1789436460.134857655,0.53419858436,-0.256727401004,0.557936252019,0.587020587754,1.04906316154,-0.246888761709,21.936452,23.528671,7.779089,-1.807323,0.384786,-3.131839
1,1789436460.139661789,0.53419858436,-0.256727401004,0.557936252019,0.587020587754,1.04906316154,-0.246888761709,21.980711,23.52948,7.918639,-1.800274,0.390765,-3.137313
1,1789436460.144701719,0.53419858436,-0.256727401004,0.557936252019,0.587020587754,1.04906316154,-0.246888761709,21.933053,23.553154,7.725726,-1.805459,0.387018,-3.130143
1,1789436460.149783373,0.53419858436,-0.256727401004,0.557936252019,0.587020587754,1.04906316154,-0.246888761709,21.962677,23.542152,7.8461,-1.805747,0.392651,-3.135873
1,1789436460.154644012,0.53419858436,-0.256727401004,0.557936252019,0.587020587754,1.04906316154,-0.246888761709,21.899839,23.559065,7.966631,-1.806882,0.384624,-3.131083
1,1789436460.159593821,0.53419858436,-0.256727401004,0.557936252019,0.587020587754,1.04906316154,-0.246888761709,21.944954,23.5309,7.864953,-1.80081,0.390475,-3.135982
1,1789436460.164937735,0.53419858436,-0.256727401004,0.557936252019,0.587020587754,1.04906316154,-0.246888761709,21.915453,23.55876,7.786213,-1.8082,0.385042,-3.133399
1,1789436460.169850111,0.53419858436,-0.256727401004,0.557936252019,0.587020587754,1.04906316154,-0.246888761709,21.943665,23.510987,7.815217,-1.803202,0.387621,-3.13827
1,1789436460.174849510,0.53419858436,-0.256727401004,0.557936252019,0.587020587754,1.04906316154,-0.246888761709,21.94333,23.521727,7.829772,-1.805541,0.38907,-3.134696
1,1789436460.179890871,0.53419858436,-0.256727401004,0.557936252019,0.587020587754,1.04906316154,-0.246888761709,21.948852,23.512579,7.782319,-1.804795,0.387676,-3.135425
1,1789436460.184864759,0.53419858436,-0.256727401004,0.557936252019,0.587020587754,1.04906316154,-0.246888761709,21.955413,23.539082,7.804564,-1.807103,0.39097,-3.132777
1,1789436460.189711332,0.53419858436,-0.256727401004,0.557936252019,0.587020587754,1.04906316154,-0.246888761709,21.948719,23.558171,7.875873,-1.809887,0.388529,-3.135153
1,1789436460.194799185,0.53419858436,-0.256727401004,0.557936252019,0.587020587754,1.04906316154,-0.246888761709,21.969423,23.543689,7.780596,-1.806076,0.38786,-3.130579
1,1789436460.199807882,0.53419858436,-0.256727401004,0.557936252019,0.587020587754,1.04906316154,-0.246888761709,21.957481,23.52956,7.913423,-1.807658,0.388181,-3.134844
1,1789436460.204695702,0.53419858436,-0.256727401004,0.557936252019,0.587020587754,1.04906316154,-0.246888761709,21.94112,23.549257,7.787256,-1.805559,0.388323,-3.132315
1,1789436460.209723234,0.53419858436,-0.256727401004,0.557936252019,0.587020587754,1.04906316154,-0.246888761709,21.921305,23.559123,7.803664,-1.807548,0.387854,-3.133844
1,1789436460.214942694,0.53419858436,-0.256727401004,0.557936252019,0.587020587754,1.04906316154,-0.246888761709,21.92659,23.563056,7.985938,-1.80552,0.388859,-3.142331
1,1789436460.219831467,0.53419858436,-0.256727401004,0.557936252019,0.587020587754,1.04906316154,-0.246888761709,21.935913,23.523517,7.811259,-1.804186,0.390706,-3.134487
1,1789436460.224665642,0.53419858436,-0.256727401004,0.557936252019,0.587020587754,1.04906316154,-0.246888761709,21.961607,23.515736,7.786765,-1.802807,0.391771,-3.132093
1,1789436460.229653835,0.53419858436,-0.256727401004,0.557936252019,0.587020587754,1.04906316154,-0.246888761709,21.964377,23.538025,7.703394,-1.810072,0.387983,-3.126216
1,1789436460.234808683,0.53419858436,-0.256727401004,0.557936252019,0.587020587754,1.04906316154,-0.246888761709,21.977812,23.537303,7.876192,-1.804949,0.38622,-3.135141
1,1789436460.239587784,0.53419858436,-0.256727401004,0.557936252019,0.587020587754,1.04906316154,-0.246888761709,21.945815,23.544954,7.708284,-1.806966,0.387111,-3.129296
1,1789436460.244815350,0.53419858436,-0.256727401004,0.557936252019,0.587020587754,1.04906316154,-0.246888761709,21.961192,23.533794,7.811526,-1.805957,0.3868,-3.13476
1,1789436460.249893904,0.53419858436,-0.256727401004,0.557936252019,0.587020587754,1.04906316154,-0.246888761709,21.904176,23.538815,7.907404,-1.803788,0.38733,-3.132942
1,1789436460.254825830,0.53419858436,-0.256727401004,0.557936252019,0.587020587754,1.04906316154,-0.246888761709,21.918616,23.512404,7.777404,-1.80119,0.387415,-3.132662
1,1789436460.260018110,0.53419858436,-0.256727401004,0.557936252019,0.587020587754,1.04906316154,-0.246888761709,21.955718,23.493521,7.773323,-1.805579,0.388438,-3.128938
1,1789436460.265056849,0.53419858436,-0.256727401004,0.557936252019,0.587020587754,1.04906316154,-0.246888761709,21.962594,23.520614,7.981107,-1.803361,0.388413,-3.133152
1,1789436460.269755840,0.53419858436,-0.256727401004,0.557936252019,0.587020587754,1.04906316154,-0.246888761709,21.973071,23.541204,7.808466,-1.804209,0.386666,-3.130749
1,1789436460.274653435,0.53419858436,-0.256727401004,0.557936252019,0.587020587754,1.04906316154,-0.246888761709,21.959873,23.553035,7.762956,-1.808429,0.386228,-3.130154
1,1789436460.279770136,0.53419858436,-0.256727401004,0.557936252019,0.587020587754,1.04906316154,-0.246888761709,21.930784,23.558359,7.715826,-1.808241,0.386155,-3.132645
1,1789436460.284801245,0.53419858436,-0.256727401004,0.557936252019,0.587020587754,1.04906316154,-0.246888761709,21.903054,23.519662,7.914827,-1.801966,0.3861,-3.134235
1,1789436460.289606094,0.53419858436,-0.256727401004,0.557936252019,0.587020587754,1.04906316154,-0.246888761709,21.933907,23.510981,7.684952,-1.804479,0.387824,-3.132172
1,1789436460.294727087,0.53419858436,-0.256727401004,0.557936252019,0.587020587754,1.04906316154,-0.246888761709,21.968988,23.509482,7.855533,-1.801355,0.389598,-3.136015
1,1789436460.299851894,0.53419858436,-0.256727401004,0.557936252019,0.587020587754,1.04906316154,-0.246888761709,21.926373,23.553865,7.880808,-1.80833,0.388469,-3.131952
1,1789436460.304701328,0.53419858436,-0.256727401004,0.557936252019,0.587020587754,1.04906316154,-0.246888761709,21.932943,23.519532,7.766672,-1.80267,0.387272,-3.133617
1,1789436460.309621572,0.53419858436,-0.256727401004,0.557936252019,0.587020587754,1.04906316154,-0.246888761709,21.933678,23.558093,7.85225,-1.809218,0.387751,-3.132461
1,1789436460.315050840,0.53419858436,-0.256727401004,0.557936252019,0.587020587754,1.04906316154,-0.246888761709,21.917521,23.553617,7.969937,-1.808974,0.384631,-3.134929
1,1789436460.319791794,0.53419858436,-0.256727401004,0.557936252019,0.587020587754,1.04906316154,-0.246888761709,21.965081,23.53305,7.914595,-1.799823,0.392789,-3.139767
1,1789436460.325244904,0.53419858436,-0.256727401004,0.557936252019,0.587020587754,1.04906316154,-0.246888761709,21.93301,23.540836,7.821627,-1.807356,0.38504,-3.134476
1,1789436460.329958916,0.53419858436,-0.256727401004,0.557936252019,0.587020587754,1.04906316154,-0.246888761709,21.924578,23.54843,7.579263,-1.809426,0.384663,-3.128776
1,1789436460.334960222,0.53419858436,-0.256727401004,0.557936252019,0.587020587754,1.04906316154,-0.246888761709,21.915504,23.508911,7.875133,-1.801254,0.389344,-3.135436
1,1789436460.339679718,0.53419858436,-0.256727401004,0.557936252019,0.587020587754,1.04906316154,-0.246888761709,21.979085,23.489944,7.652419,-1.805687,0.390169,-3.134765
1,1789436460.344707012,0.53419858436,-0.256727401004,0.557936252019,0.587020587754,1.04906316154,-0.246888761709,21.989615,23.528422,7.796223,-1.806773,0.392043,-3.131948
1,1789436460.349929333,0.53419858436,-0.256727401004,0.557936252019,0.587020587754,1.04906316154,-0.246888761709,21.929292,23.535356,7.920455,-1.807152,0.388232,-3.130302
1,1789436460.354663610,0.53419858436,-0.256727401004,0.557936252019,0.587020587754,1.04906316154,-0.246888761709,21.907494,23.569605,7.793573,-1.805349,0.385568,-3.134715
1,1789436460.359840870,0.53419858436,-0.256727401004,0.557936252019,0.587020587754,1.04906316154,-0.246888761709,21.925538,23.531332,7.810321,-1.804972,0.384859,-3.135797
1,1789436460.366189003,0.53419858436,-0.256727401004,0.557936252019,0.587020587754,1.04906316154,-0.246888761709,21.943273,23.506626,8.000829,-1.80782,0.389484,-3.138261
1,1789436460.369652510,0.53419858436,-0.256727401004,0.557936252019,0.587020587754,1.04906316154,-0.246888761709,21.930441,23.508321,7.823369,-1.800976,0.390648,-3.132629
1,1789436460.374639034,0.53419858436,-0.256727401004,0.557936252019,0.587020587754,1.04906316154,-0.246888761709,21.932811,23.529382,7.743794,-1.805025,0.389458,-3.130101
1,1789436460.379740953,0.53419858436,-0.256727401004,0.557936252019,0.587020587754,1.04906316154,-0.246888761709,21.962776,23.545345,7.714367,-1.804721,0.389856,-3.131114
1,1789436460.384875059,0.53419858436,-0.256727401004,0.557936252019,0.587020587754,1.04906316154,-0.246888761709,21.932209,23.536232,7.883264,-1.804548,0.389998,-3.130131
1,1789436460.389857531,0.53419858436,-0.256727401004,0.557936252019,0.587020587754,1.04906316154,-0.246888761709,21.943995,23.508322,7.681711,-1.806183,0.387765,-3.128168
1,1789436460.394672394,0.53419858436,-0.256727401004,0.557936252019,0.587020587754,1.04906316154,-0.246888761709,21.945016,23.525959,7.855167,-1.805778,0.38627,-3.136672
1,1789436460.399890900,0.53419858436,-0.256727401004,0.557936252019,0.587020587754,1.04906316154,-0.246888761709,21.912703,23.533509,7.911051,-1.803285,0.384219,-3.136962
1,1789436460.404486656,0.53419858436,-0.256727401004,0.557936252019,0.587020587754,1.04906316154,-0.246888761709,21.93945,23.54387,7.852077,-1.804071,0.38707,-3.132645
1,1789436460.409551144,0.53419858436,-0.256727401004,0.557936252019,0.587020587754,1.04906316154,-0.246888761709,21.916934,23.540075,7.902576,-1.80703,0.384453,-3.130289
1,1789436460.414861202,0.53419858436,-0.256727401004,0.557936252019,0.587020587754,1.04906316154,-0.246888761709,21.956053,23.531588,7.766905,-1.802444,0.387824,-3.133451
1,1789436460.420373917,0.53419858436,-0.256727401004,0.557936252019,0.587020587754,1.04906316154,-0.246888761709,21.968732,23.530664,7.811229,-1.802165,0.388828,-3.134758
1,1789436460.424650192,0.53419858436,-0.256727401004,0.557936252019,0.587020587754,1.04906316154,-0.246888761709,21.960363,23.51775,7.976395,-1.804057,0.389597,-3.136076
1,1789436460.429686308,0.53419858436,-0.256727401004,0.557936252019,0.587020587754,1.04906316154,-0.246888761709,21.949217,23.51853,7.805056,-1.80694,0.387424,-3.12667
1,1789436460.434807777,0.53419858436,-0.256727401004,0.557936252019,0.587020587754,1.04906316154,-0.246888761709,21.938512,23.546681,7.771437,-1.809815,0.387106,-3.130557
1,1789436460.439509869,0.53419858436,-0.256727401004,0.557936252019,0.587020587754,1.04906316154,-0.246888761709,21.947566,23.540935,7.795817,-1.805769,0.386351,-3.132968
1,1789436460.444693565,0.53419858436,-0.256727401004,0.557936252019,0.587020587754,1.04906316154,-0.246888761709,21.912748,23.542155,7.887965,-1.805664,0.387509,-3.13345
1,1789436460.449732065,0.53419858436,-0.256727401004,0.557936252019,0.587020587754,1.04906316154,-0.246888761709,21.940593,23.529868,7.604248,-1.806653,0.385432,-3.130529
1,1789436460.454729557,0.53419858436,-0.256727401004,0.557936252019,0.587020587754,1.04906316154,-0.246888761709,21.964807,23.534798,7.802284,-1.803999,0.388549,-3.134554
1,1789436460.459625721,0.53419858436,-0.256727401004,0.557936252019,0.587020587754,1.04906316154,-0.246888761709,21.928326,23.530398,7.871357,-1.805002,0.38698,-3.132138
1,1789436460.464828014,0.53419858436,-0.256727401004,0.557936252019,0.587020587754,1.04906316154,-0.246888761709,21.975674,23.537592,7.790185,-1.806545,0.389754,-3.130134
1,1789436460.469631195,0.53419858436,-0.256727401004,0.557936252019,0.587020587754,1.04906316154,-0.246888761709,21.957209,23.547252,7.796594,-1.804357,0.38611,-3.132534
1,1789436460.474582195,0.53419858436,-0.256727401004,0.557936252019,0.587020587754,1.04906316154,-0.246888761709,21.948118,23.551049,8.018899,-1.806489,0.390578,-3.138739
1,1789436460.479583979,0.53419858436,-0.256727401004,0.557936252019,0.587020587754,1.04906316154,-0.246888761709,21.920512,23.546508,7.812813,-1.806871,0.386602,-3.134029
1,1789436460.484682560,0.53419858436,-0.256727401004,0.557936252019,0.587020587754,1.04906316154,-0.246888761709,21.94086,23.554893,7.785655,-1.804453,0.389978,-3.133221
1,1789436460.489547968,0.53419858436,-0.256727401004,0.557936252019,0.587020587754,1.04906316154,-0.246888761709,21.959931,23.52582,7.564383,-1.806781,0.385748,-3.132189
1,1789436460.494589806,0.53419858436,-0.256727401004,0.557936252019,0.587020587754,1.04906316154,-0.246888761709,22.005595,23.52081,7.919795,-1.802142,0.390766,-3.136464
1,1789436460.499677658,0.53419858436,-0.256727401004,0.557936252019,0.587020587754,1.04906316154,-0.246888761709,21.95535,23.533289,7.666704,-1.807575,0.388926,-3.125788
1,1789436460.504678965,0.53419858436,-0.256727401004,0.557936252019,0.587020587754,1.04906316154,-0.246888761709,21.971577,23.528628,7.828345,-1.803822,0.391172,-3.135432
1,1789436460.509789467,0.53419858436,-0.256727401004,0.557936252019,0.587020587754,1.04906316154,-0.246888761709,21.909236,23.554714,7.915134,-1.807309,0.38647,-3.134096
1,1789436460.514970064,0.53419858436,-0.256727401004,0.557936252019,0.587020587754,1.04906316154,-0.246888761709,21.936043,23.542146,7.773051,-1.803771,0.386992,-3.135662
1,1789436460.519688606,0.53419858436,-0.256727401004,0.557936252019,0.587020587754,1.04906316154,-0.246888761709,21.941338,23.528456,7.822306,-1.804741,0.388725,-3.133583
1,1789436460.524807692,0.53419858436,-0.256727401004,0.557936252019,0.587020587754,1.04906316154,-0.246888761709,21.929328,23.516162,7.991652,-1.805964,0.387753,-3.138462
1,1789436460.529614925,0.53419858436,-0.256727401004,0.557936252019,0.587020587754,1.04906316154,-0.246888761709,21.971457,23.511079,7.830942,-1.805208,0.387333,-3.134052
1,1789436460.534698009,0.53419858436,-0.256727401004,0.557936252019,0.587020587754,1.04906316154,-0.246888761709,21.954511,23.52319,7.672009,-1.804902,0.386573,-3.128652
1,1789436460.539573908,0.53419858436,-0.256727401004,0.557936252019,0.587020587754,1.04906316154,-0.246888761709,21.96666,23.543626,7.63005,-1.807663,0.391451,-3.131266
1,1789436460.544659138,0.53419858436,-0.256727401004,0.557936252019,0.587020587754,1.04906316154,-0.246888761709,21.957235,23.542357,7.911532,-1.806389,0.389824,-3.135982
1,1789436460.552208185,0.53419858436,-0.256727401004,0.557936252019,0.587020587754,1.04906316154,-0.246888761709,21.930472,23.565265,7.707311,-1.803235,0.38852,-3.129949
1,1789436460.554990768,0.53419858436,-0.256727401004,0.557936252019,0.587020587754,1.04906316154,-0.246888761709,21.889389,23.524338,7.826289,-1.802474,0.387133,-3.131212
1,1789436460.559985638,0.53419858436,-0.256727401004,0.557936252019,0.587020587754,1.04906316154,-0.246888761709,21.94529,23.531865,7.931343,-1.806938,0.386981,-3.13546
1,1789436460.564873219,0.53419858436,-0.256727401004,0.557936252019,0.587020587754,1.04906316154,-0.246888761709,21.96352,23.55543,7.771517,-1.80612,0.387054,-3.13059
1,1789436460.569762230,0.53419858436,-0.256727401004,0.557936252019,0.587020587754,1.04906316154,-0.246888761709,21.951362,23.501226,7.783349,-1.80248,0.387625,-3.134728
1,1789436460.574954748,0.53419858436,-0.256727401004,0.557936252019,0.587020587754,1.04906316154,-0.246888761709,21.935583,23.525612,7.958537,-1.808349,0.387221,-3.135854
1,1789436460.579951525,0.53419858436,-0.256727401004,0.557936252019,0.587020587754,1.04906316154,-0.246888761709,21.94854,23.572271,7.818621,-1.808604,0.38866,-3.130089
1,1789436460.584877253,0.53419858436,-0.256727401004,0.557936252019,0.587020587754,1.04906316154,-0.246888761709,21.944586,23.53868,7.810215,-1.80582,0.38677,-3.12958
1,1789436460.589764833,0.53419858436,-0.256727401004,0.557936252019,0.587020587754,1.04906316154,-0.246888761709,21.934642,23.554157,7.843777,-1.80544,0.387348,-3.131997
1,1789436460.594672680,0.53419858436,-0.256727401004,0.557936252019,0.587020587754,1.04906316154,-0.246888761709,21.911556,23.510829,7.895262,-1.803803,0.384646,-3.134945
1,1789436460.599585533,0.53419858436,-0.256727401004,0.557936252019,0.587020587754,1.04906316154,-0.246888761709,21.939644,23.541772,7.850652,-1.803465,0.389283,-3.133325
1,1789436460.604413748,0.53419858436,-0.256727401004,0.557936252019,0.587020587754,1.04906316154,-0.246888761709,21.931064,23.546988,7.77572,-1.805918,0.385438,-3.13409
1,1789436460.609613419,0.53419858436,-0.256727401004,0.557936252019,0.587020587754,1.04906316154,-0.246888761709,21.967268,23.536626,7.86559,-1.805257,0.38776,-3.135818
1,1789436460.614741325,0.53419858436,-0.256727401004,0.557936252019,0.587020587754,1.04906316154,-0.246888761709,21.960203,23.510802,7.796745,-1.807129,0.387222,-3.132074
1,1789436460.619530916,0.53419858436,-0.256727401004,0.557936252019,0.587020587754,1.04906316154,-0.246888761709,21.935432,23.511549,7.925147,-1.80512,0.388512,-3.133183
1,1789436460.624536753,0.53419858436,-0.256727401004,0.557936252019,0.587020587754,1.04906316154,-0.246888761709,21.935935,23.526802,7.806027,-1.80608,0.386601,-3.126195
1,1789436460.629500151,0.53419858436,-0.256727401004,0.557936252019,0.587020587754,1.04906316154,-0.246888761709,21.952431,23.524497,7.831464,-1.804221,0.385529,-3.134015
1,1789436460.634713888,0.53419858436,-0.256727401004,0.557936252019,0.587020587754,1.04906316154,-0.246888761709,21.95063,23.550956,7.861762,-1.808766,0.38995,-3.132032
1,1789436460.639566183,0.53419858436,-0.256727401004,0.557936252019,0.587020587754,1.04906316154,-0.246888761709,21.918975,23.553193,7.809588,-1.808665,0.385135,-3.130231
1,1789436460.644597530,0.53419858436,-0.256727401004,0.557936252019,0.587020587754,1.04906316154,-0.246888761709,21.961958,23.525802,7.810579,-1.806136,0.387906,-3.135209
1,1789436460.649641037,0.53419858436,-0.256727401004,0.557936252019,0.587020587754,1.04906316154,-0.246888761709,21.952953,23.509144,7.708568,-1.803592,0.386851,-3.135075
1,1789436460.654612780,0.53419858436,-0.256727401004,0.557936252019,0.587020587754,1.04906316154,-0.246888761709,21.98086,23.518467,7.901717,-1.806335,0.39117,-3.136021
1,1789436460.659410954,0.53419858436,-0.256727401004,0.557936252019,0.587020587754,1.04906316154,-0.246888761709,21.959662,23.575174,7.6915,-1.809523,0.390429,-3.127845
1,1789436460.664740801,0.53419858436,-0.256727401004,0.557936252019,0.587020587754,1.04906316154,-0.246888761709,21.95902,23.549946,7.844998,-1.802011,0.392157,-3.136747
1,1789436460.669619083,0.53419858436,-0.256727401004,0.557936252019,0.587020587754,1.04906316154,-0.246888761709,21.925432,23.530238,7.908385,-1.802728,0.387257,-3.138343
1,1789436460.674465895,0.53419858436,-0.256727401004,0.557936252019,0.587020587754,1.04906316154,-0.246888761709,21.93833,23.546711,7.848978,-1.801402,0.391512,-3.134226
1,1789436460.679581642,0.53419858436,-0.256727401004,0.557936252019,0.587020587754,1.04906316154,-0.246888761709,21.929536,23.556451,7.787977,-1.806015,0.388574,-3.131856
1,1789436460.684671164,0.53419858436,-0.256727401004,0.557936252019,0.587020587754,1.04906316154,-0.246888761709,21.937297,23.526887,8.057708,-1.803461,0.389963,-3.143769
1,1789436460.689564943,0.53419858436,-0.256727401004,0.557936252019,0.587020587754,1.04906316154,-0.246888761709,21.925643,23.508654,7.805991,-1.802585,0.387261,-3.132189
1,1789436460.694606066,0.53419858436,-0.256727401004,0.557936252019,0.587020587754,1.04906316154,-0.246888761709,21.985636,23.499527,7.714697,-1.804521,0.391622,-3.13044
1,1789436460.699814796,0.53419858436,-0.256727401004,0.557936252019,0.587020587754,1.04906316154,-0.246888761709,21.986478,23.531954,7.564893,-1.809274,0.391361,-3.125118
1,1789436460.704589605,0.53419858436,-0.256727401004,0.557936252019,0.587020587754,1.04906316154,-0.246888761709,21.954093,23.54553,7.902871,-1.804062,0.386748,-3.135962
1,1789436460.709934235,0.53419858436,-0.256727401004,0.557936252019,0.587020587754,1.04906316154,-0.246888761709,21.92533,23.529668,7.701761,-1.80599,0.385014,-3.127664
1,1789436460.714838743,0.53419858436,-0.256727401004,0.557936252019,0.587020587754,1.04906316154,-0.246888761709,21.920497,23.5126,7.84366,-1.803454,0.387186,-3.131911
1,1789436460.719852209,0.53419858436,-0.256727401004,0.557936252019,0.587020587754,1.04906316154,-0.246888761709,21.951457,23.517597,7.914166,-1.807915,0.389443,-3.134154
1,1789436460.724734068,0.53419858436,-0.256727401004,0.557936252019,0.587020587754,1.04906316154,-0.246888761709,21.960393,23.545273,7.775362,-1.805687,0.388637,-3.133935
1,1789436460.729690313,0.53419858436,-0.256727401004,0.557936252019,0.587020587754,1.04906316154,-0.246888761709,21.931397,23.512441,7.814699,-1.802189,0.386938,-3.132636
1,1789436460.734892130,0.53419858436,-0.256727401004,0.557936252019,0.587020587754,1.04906316154,-0.246888761709,21.930514,23.536485,8.019904,-1.806805,0.388387,-3.132179
1,1789436460.739536285,0.53419858436,-0.256727401004,0.557936252019,0.587020587754,1.04906316154,-0.246888761709,21.955344,23.55489,7.837527,-1.809664,0.388168,-3.129835
1,1789436460.744661331,0.53419858436,-0.256727401004,0.557936252019,0.587020587754,1.04906316154,-0.246888761709,21.97335,23.539726,7.737583,-1.806491,0.386886,-3.134451
1,1789436460.749879599,0.53419858436,-0.256727401004,0.557936252019,0.587020587754,1.04906316154,-0.246888761709,21.918364,23.511488,7.655328,-1.805096,0.385575,-3.127471
1,1789436460.754616737,0.53419858436,-0.256727401004,0.557936252019,0.587020587754,1.04906316154,-0.246888761709,21.894585,23.515514,7.917566,-1.80625,0.383546,-3.132654
1,1789436460.759944439,0.53419858436,-0.256727401004,0.557936252019,0.587020587754,1.04906316154,-0.246888761709,21.9675,23.528291,7.707588,-1.80513,0.388297,-3.129538
1,1789436460.764791012,0.53419858436,-0.256727401004,0.557936252019,0.587020587754,1.04906316154,-0.246888761709,21.95154,23.535861,7.768336,-1.809449,0.384628,-3.132799
1,1789436460.769685984,0.53419858436,-0.256727401004,0.557936252019,0.587020587754,1.04906316154,-0.246888761709,21.964153,23.514575,7.903767,-1.803173,0.388222,-3.13505
1,1789436460.774757862,0.53419858436,-0.256727401004,0.557936252019,0.587020587754,1.04906316154,-0.246888761709,21.931953,23.529398,7.76567,-1.806,0.388546,-3.128052
1,1789436460.779698133,0.53419858436,-0.256727401004,0.557936252019,0.587020587754,1.04906316154,-0.246888761709,21.921745,23.534835,7.840732,-1.802945,0.387128,-3.133956
1,1789436460.784817696,0.53419858436,-0.256727401004,0.557936252019,0.587020587754,1.04906316154,-0.246888761709,21.902708,23.590241,7.999377,-1.811972,0.387118,-3.133811
1,1789436460.789636850,0.53419858436,-0.256727401004,0.557936252019,0.587020587754,1.04906316154,-0.246888761709,21.950107,23.53101,7.853727,-1.804385,0.38504,-3.137795
1,1789436460.794804335,0.53419858436,-0.256727401004,0.557936252019,0.587020587754,1.04906316154,-0.246888761709,21.931894,23.522849,7.844603,-1.80356,0.389666,-3.13106
1,1789436460.799831152,0.53419858436,-0.256727401004,0.557936252019,0.587020587754,1.04906316154,-0.246888761709,21.928674,23.496865,7.825508,-1.805774,0.385195,-3.131714
1,1789436460.804561377,0.53419858436,-0.256727401004,0.557936252019,0.587020587754,1.04906316154,-0.246888761709,21.948166,23.530143,7.912357,-1.804063,0.391145,-3.13527
1,1789436460.810080767,0.53419858436,-0.256727401004,0.557936252019,0.587020587754,1.04906316154,-0.246888761709,21.943863,23.569862,7.769623,-1.808321,0.388601,-3.131714
1,1789436460.814759970,0.53419858436,-0.256727401004,0.557936252019,0.587020587754,1.04906316154,-0.246888761709,21.938428,23.53209,7.844451,-1.804005,0.390607,-3.13109
1,1789436460.819702625,0.53419858436,-0.256727401004,0.557936252019,0.587020587754,1.04906316154,-0.246888761709,21.914989,23.528945,7.931024,-1.800794,0.390418,-3.13538
1,1789436460.824678421,0.53419858436,-0.256727401004,0.557936252019,0.587020587754,1.04906316154,-0.246888761709,21.949906,23.533567,7.811415,-1.806257,0.387613,-3.134745
1,1789436460.829653263,0.53419858436,-0.256727401004,0.557936252019,0.587020587754,1.04906316154,-0.246888761709,21.934944,23.540087,7.853705,-1.806086,0.387182,-3.131522
1,1789436460.834702015,0.53419858436,-0.256727401004,0.557936252019,0.587020587754,1.04906316154,-0.246888761709,21.935036,23.562035,7.82922,-1.807854,0.385479,-3.129567
1,1789436460.839680910,0.53419858436,-0.256727401004,0.557936252019,0.587020587754,1.04906316154,-0.246888761709,21.969258,23.563255,7.79266,-1.807553,0.388598,-3.134855
1,1789436460.844662189,0.53419858436,-0.256727401004,0.557936252019,0.587020587754,1.04906316154,-0.246888761709,21.95842,23.509602,7.97626,-1.802608,0.39061,-3.142111
1,1789436460.849829435,0.53419858436,-0.256727401004,0.557936252019,0.587020587754,1.04906316154,-0.246888761709,21.945686,23.515199,7.813624,-1.803757,0.390485,-3.13292
1,1789436460.854605913,0.53419858436,-0.256727401004,0.557936252019,0.587020587754,1.04906316154,-0.246888761709,21.951337,23.54316,7.798874,-1.805387,0.392324,-3.130313
1,1789436460.859748125,0.53419858436,-0.256727401004,0.557936252019,0.587020587754,1.04906316154,-0.246888761709,21.974631,23.549898,7.541963,-1.806901,0.389768,-3.128263
1,1789436460.864746094,0.53419858436,-0.256727401004,0.557936252019,0.587020587754,1.04906316154,-0.246888761709,21.939229,23.539169,7.940167,-1.806423,0.390236,-3.135458
1,1789436460.869703054,0.53419858436,-0.256727401004,0.557936252019,0.587020587754,1.04906316154,-0.246888761709,21.946994,23.551672,7.735829,-1.807782,0.387627,-3.129499
1,1789436460.874579668,0.53419858436,-0.256727401004,0.557936252019,0.587020587754,1.04906316154,-0.246888761709,21.930197,23.539512,7.841226,-1.805443,0.38583,-3.133761
1,1789436460.879667759,0.53419858436,-0.256727401004,0.557936252019,0.587020587754,1.04906316154,-0.246888761709,21.942837,23.529378,7.953594,-1.806978,0.388168,-3.139013
1,1789436460.884754896,0.53419858436,-0.256727401004,0.557936252019,0.587020587754,1.04906316154,-0.246888761709,21.963924,23.547234,7.795307,-1.804359,0.389277,-3.133014
1,1789436460.889718056,0.53419858436,-0.256727401004,0.557936252019,0.587020587754,1.04906316154,-0.246888761709,21.955779,23.521838,7.815503,-1.80331,0.38968,-3.131816
1,1789436460.894708395,0.53419858436,-0.256727401004,0.557936252019,0.587020587754,1.04906316154,-0.246888761709,21.942826,23.520275,7.997294,-1.805252,0.390724,-3.13446
1,1789436460.899817228,0.53419858436,-0.256727401004,0.557936252019,0.587020587754,1.04906316154,-0.246888761709,21.953659,23.535151,7.804398,-1.805585,0.388249,-3.133194
1,1789436460.904613972,0.53419858436,-0.256727401004,0.557936252019,0.587020587754,1.04906316154,-0.246888761709,21.93657,23.541669,7.753584,-1.80347,0.387499,-3.130087
1,1789436460.909767389,0.53419858436,-0.256727401004,0.557936252019,0.587020587754,1.04906316154,-0.246888761709,21.921322,23.544977,7.550134,-1.805625,0.387643,-3.123196
1,1789436460.914939165,0.53419858436,-0.256727401004,0.557936252019,0.587020587754,1.04906316154,-0.246888761709,21.92157,23.51525,7.906092,-1.803077,0.385871,-3.133834
1,1789436460.919676065,0.53419858436,-0.256727401004,0.557936252019,0.587020587754,1.04906316154,-0.246888761709,21.95737,23.515749,7.704077,-1.804743,0.388565,-3.131751
1,1789436460.924682140,0.53419858436,-0.256727401004,0.557936252019,0.587020587754,1.04906316154,-0.246888761709,21.93176,23.526653,7.826605,-1.803808,0.386163,-3.131073
1,1789436460.929609299,0.53419858436,-0.256727401004,0.557936252019,0.587020587754,1.04906316154,-0.246888761709,21.940401,23.554269,7.926423,-1.804795,0.390525,-3.13235
1,1789436460.934713364,0.53419858436,-0.256727401004,0.557936252019,0.587020587754,1.04906316154,-0.246888761709,21.960351,23.553708,7.767034,-1.806146,0.387149,-3.133503
1,1789436460.939458847,0.53419858436,-0.256727401004,0.557936252019,0.587020587754,1.04906316154,-0.246888761709,21.93557,23.541143,7.812312,-1.804442,0.387364,-3.134265
1,1789436460.944662094,0.53419858436,-0.256727401004,0.557936252019,0.587020587754,1.04906316154,-0.246888761709,21.91289,23.540503,8.014893,-1.809252,0.38771,-3.135531
1,1789436460.949697256,0.53419858436,-0.256727401004,0.557936252019,0.587020587754,1.04906316154,-0.246888761709,21.913564,23.56314,7.842517,-1.8068,0.387274,-3.132874
1,1789436460.954523087,0.53419858436,-0.256727401004,0.557936252019,0.587020587754,1.04906316154,-0.246888761709,21.942888,23.530801,7.702553,-1.806632,0.386122,-3.133086
1,1789436460.959590197,0.53419858436,-0.256727401004,0.557936252019,0.587020587754,1.04906316154,-0.246888761709,21.990782,23.517911,7.531404,-1.810257,0.386897,-3.129175
1,1789436460.964799166,0.53419858436,-0.256727401004,0.557936252019,0.587020587754,1.04906316154,-0.246888761709,21.948036,23.525857,7.853233,-1.807086,0.386913,-3.131761
1,1789436460.969695330,0.53419858436,-0.256727401004,0.557936252019,0.587020587754,1.04906316154,-0.246888761709,21.963259,23.537928,7.677318,-1.805212,0.390048,-3.130939
1,1789436460.974815130,0.53419858436,-0.256727401004,0.557936252019,0.587020587754,1.04906316154,-0.246888761709,21.952062,23.538725,7.808908,-1.806468,0.389922,-3.130065
1,1789436460.979869366,0.53419858436,-0.256727401004,0.557936252019,0.587020587754,1.04906316154,-0.246888761709,21.951778,23.568793,7.93706,-1.80545,0.389353,-3.13775
1,1789436460.984682798,0.53419858436,-0.256727401004,0.557936252019,0.587020587754,1.04906316154,-0.246888761709,21.931905,23.541046,7.816656,-1.808651,0.38358,-3.131792
1,1789436460.989510059,0.53419858436,-0.256727401004,0.557936252019,0.587020587754,1.04906316154,-0.246888761709,21.939447,23.506264,7.856086,-1.806533,0.38809,-3.135756
1,1789436460.994829416,0.53419858436,-0.256727401004,0.557936252019,0.587020587754,1.04906316154,-0.246888761709,21.930455,23.516598,7.916059,-1.806275,0.387555,-3.139246
1,1789436460.999680996,0.53419858436,-0.256727401004,0.557936252019,0.587020587754,1.04906316154,-0.246888761709,21.970649,23.540237,7.848122,-1.803551,0.393007,-3.134526
1,1789436461.004647255,0.53419858436,-0.256727401004,0.557936252019,0.587020587754,1.04906316154,-0.246888761709,21.931294,23.542899,7.783619,-1.805042,0.38927,-3.128486
1,1789436461.009585381,0.53419858436,-0.256727401004,0.557936252019,0.587020587754,1.04906316154,-0.246888761709,21.939941,23.540635,7.842198,-1.804135,0.390015,-3.132672
1,1789436461.014844656,0.53419858436,-0.256727401004,0.557936252019,0.587020587754,1.04906316154,-0.246888761709,21.935182,23.526117,7.931805,-1.803491,0.388864,-3.134974
1,1789436461.019622087,0.53419858436,-0.256727401004,0.557936252019,0.587020587754,1.04906316154,-0.246888761709,21.935773,23.545097,7.715369,-1.807256,0.388272,-3.13062
1,1789436461.024808407,0.53419858436,-0.256727401004,0.557936252019,0.587020587754,1.04906316154,-0.246888761709,21.952395,23.535711,7.837495,-1.807507,0.386458,-3.136061
1,1789436461.029620409,0.53419858436,-0.256727401004,0.557936252019,0.587020587754,1.04906316154,-0.246888761709,21.922865,23.52534,7.94523,-1.805101,0.388951,-3.132252
1,1789436461.034714460,0.53419858436,-0.256727401004,0.557936252019,0.587020587754,1.04906316154,-0.246888761709,21.910246,23.529874,7.798997,-1.805629,0.384449,-3.131078
1,1789436461.039716244,0.53419858436,-0.256727401004,0.557936252019,0.587020587754,1.04906316154,-0.246888761709,21.967148,23.47816,7.94412,-1.802704,0.391185,-3.138556
1,1789436461.044955492,0.53419858436,-0.256727401004,0.557936252019,0.587020587754,1.04906316154,-0.246888761709,21.964886,23.550989,7.789776,-1.8072,0.385009,-3.131005
1,1789436461.049813271,0.53419858436,-0.256727401004,0.557936252019,0.587020587754,1.04906316154,-0.246888761709,21.964365,23.50242,7.804971,-1.805055,0.391373,-3.132293
1,1789436461.054502249,0.53419858436,-0.256727401004,0.557936252019,0.587020587754,1.04906316154,-0.246888761709,21.917512,23.521084,8.003456,-1.807114,0.389481,-3.136651
1,1789436461.059719324,0.53419858436,-0.256727401004,0.557936252019,0.587020587754,1.04906316154,-0.246888761709,21.94346,23.537011,7.822163,-1.80649,0.387564,-3.133826
1,1789436461.065166950,0.53419858436,-0.256727401004,0.557936252019,0.587020587754,1.04906316154,-0.246888761709,21.966378,23.52943,7.744034,-1.803813,0.387578,-3.130146
1,1789436461.069699764,0.53419858436,-0.256727401004,0.557936252019,0.587020587754,1.04906316154,-0.246888761709,21.932224,23.524199,7.534366,-1.806765,0.38599,-3.127473
1,1789436461.074592829,0.53419858436,-0.256727401004,0.557936252019,0.587020587754,1.04906316154,-0.246888761709,21.939128,23.536674,7.935907,-1.804224,0.387489,-3.138571
1,1789436461.079720736,0.53419858436,-0.256727401004,0.557936252019,0.587020587754,1.04906316154,-0.246888761709,21.918308,23.486186,7.62589,-1.804387,0.383417,-3.12859
1,1789436461.084765673,0.53419858436,-0.256727401004,0.557936252019,0.587020587754,1.04906316154,-0.246888761709,21.97483,23.505628,7.805614,-1.804372,0.387807,-3.132293
1,1789436461.089615583,0.53419858436,-0.256727401004,0.557936252019,0.587020587754,1.04906316154,-0.246888761709,21.922159,23.527314,7.882488,-1.80571,0.386384,-3.130988
1,1789436461.094646931,0.53419858436,-0.256727401004,0.557936252019,0.587020587754,1.04906316154,-0.246888761709,21.932415,23.566839,7.796362,-1.80805,0.386107,-3.132757
1,1789436461.099765539,0.53419858436,-0.256727401004,0.557936252019,0.587020587754,1.04906316154,-0.246888761709,21.9206,23.560598,7.835096,-1.808818,0.385645,-3.131778
1,1789436461.104684114,0.53419858436,-0.256727401004,0.557936252019,0.587020587754,1.04906316154,-0.246888761709,21.913309,23.514725,7.855228,-1.808563,0.385516,-3.130561
1,1789436461.109792948,0.53419858436,-0.256727401004,0.557936252019,0.587020587754,1.04906316154,-0.246888761709,21.929776,23.553151,7.841559,-1.810302,0.383624,-3.133794
1,1789436461.114804506,0.53419858436,-0.256727401004,0.557936252019,0.587020587754,1.04906316154,-0.246888761709,21.966692,23.536567,7.829394,-1.805258,0.387404,-3.135195
1,1789436461.119651556,0.53419858436,-0.256727401004,0.557936252019,0.587020587754,1.04906316154,-0.246888761709,21.945004,23.531327,7.801137,-1.806311,0.386959,-3.129366
1,1789436461.124667168,0.53419858436,-0.256727401004,0.557936252019,0.587020587754,1.04906316154,-0.246888761709,21.934369,23.511548,7.878595,-1.804148,0.388353,-3.133241
1,1789436461.129618645,0.53419858436,-0.256727401004,0.557936252019,0.587020587754,1.04906316154,-0.246888761709,21.973505,23.523794,7.702016,-1.807188,0.387793,-3.127097
1,1789436461.134672165,0.53419858436,-0.256727401004,0.557936252019,0.587020587754,1.04906316154,-0.246888761709,21.97271,23.539232,7.823532,-1.807153,0.386887,-3.132985
1,1789436461.139500856,0.53419858436,-0.256727401004,0.557936252019,0.587020587754,1.04906316154,-0.246888761709,21.944501,23.552277,7.903437,-1.806144,0.387514,-3.135519
1,1789436461.144690275,0.53419858436,-0.256727401004,0.557936252019,0.587020587754,1.04906316154,-0.246888761709,21.944003,23.564194,7.819671,-1.805538,0.389168,-3.135433
1,1789436461.149770498,0.53419858436,-0.256727401004,0.557936252019,0.587020587754,1.04906316154,-0.246888761709,21.923834,23.528027,7.826343,-1.802125,0.388401,-3.137113
1,1789436461.154632092,0.53419858436,-0.256727401004,0.557936252019,0.587020587754,1.04906316154,-0.246888761709,21.938405,23.512267,7.988974,-1.807356,0.388674,-3.140061
1,1789436461.159602404,0.53419858436,-0.256727401004,0.557936252019,0.587020587754,1.04906316154,-0.246888761709,21.964631,23.525004,7.869227,-1.800004,0.393183,-3.138929
1,1789436461.164933920,0.53419858436,-0.256727401004,0.557936252019,0.587020587754,1.04906316154,-0.246888761709,21.949953,23.563,7.724301,-1.803956,0.393243,-3.130436
1,1789436461.169798851,0.53419858436,-0.256727401004,0.557936252019,0.587020587754,1.04906316154,-0.246888761709,21.949716,23.531509,7.607465,-1.805983,0.388518,-3.12809
1,1789436461.174714327,0.53419858436,-0.256727401004,0.557936252019,0.587020587754,1.04906316154,-0.246888761709,21.926282,23.528479,7.976491,-1.805033,0.388152,-3.136247
1,1789436461.179637671,0.53419858436,-0.256727401004,0.557936252019,0.587020587754,1.04906316154,-0.246888761709,21.965376,23.530936,7.719878,-1.805046,0.391312,-3.133345
1,1789436461.184667110,0.53419858436,-0.256727401004,0.557936252019,0.587020587754,1.04906316154,-0.246888761709,21.937324,23.552763,7.816544,-1.808055,0.388405,-3.131389
1,1789436461.189615011,0.53419858436,-0.256727401004,0.557936252019,0.587020587754,1.04906316154,-0.246888761709,21.973149,23.527584,7.924635,-1.802242,0.388016,-3.139752
1,1789436461.194646120,0.53419858436,-0.256727401004,0.557936252019,0.587020587754,1.04906316154,-0.246888761709,21.952708,23.527726,7.79323,-1.80381,0.389022,-3.134314
1,1789436461.199693680,0.53419858436,-0.256727401004,0.557936252019,0.587020587754,1.04906316154,-0.246888761709,21.955886,23.500736,7.770902,-1.804441,0.388979,-3.130515
1,1789436461.204541445,0.53419858436,-0.256727401004,0.557936252019,0.587020587754,1.04906316154,-0.246888761709,21.971816,23.528132,7.997062,-1.804809,0.391703,-3.134526
1,1789436461.209542990,0.53419858436,-0.256727401004,0.557936252019,0.587020587754,1.04906316154,-0.246888761709,21.955001,23.54313,7.793804,-1.80605,0.387844,-3.134118
1,1789436461.215102434,0.53419858436,-0.256727401004,0.557936252019,0.587020587754,1.04906316154,-0.246888761709,21.92877,23.536427,7.715635,-1.806477,0.386786,-3.130584
1,1789436461.219758272,0.53419858436,-0.256727401004,0.557936252019,0.587020587754,1.04906316154,-0.246888761709,21.920113,23.525378,7.573933,-1.807689,0.384967,-3.12605
1,1789436461.224719048,0.53419858436,-0.256727401004,0.557936252019,0.587020587754,1.04906316154,-0.246888761709,21.947916,23.52723,7.913367,-1.804467,0.387286,-3.135023
1,1789436461.229799747,0.53419858436,-0.256727401004,0.557936252019,0.587020587754,1.04906316154,-0.246888761709,21.937729,23.499532,7.628146,-1.807024,0.385713,-3.126873
1,1789436461.234952688,0.53419858436,-0.256727401004,0.557936252019,0.587020587754,1.04906316154,-0.246888761709,21.968848,23.511806,7.836085,-1.805502,0.391239,-3.130252
1,1789436461.239871264,0.53419858436,-0.256727401004,0.557936252019,0.587020587754,1.04906316154,-0.246888761709,21.914961,23.517397,7.914778,-1.806902,0.384893,-3.128227
1,1789436461.244944096,0.53419858436,-0.256727401004,0.557936252019,0.587020587754,1.04906316154,-0.246888761709,21.970195,23.510197,7.813275,-1.804579,0.387727,-3.1334
1,1789436461.249885798,0.53419858436,-0.256727401004,0.557936252019,0.587020587754,1.04906316154,-0.246888761709,21.950319,23.516652,7.889774,-1.803756,0.385573,-3.132347
1,1789436461.254638433,0.53419858436,-0.256727401004,0.557936252019,0.587020587754,1.04906316154,-0.246888761709,21.966462,23.535663,7.813086,-1.805939,0.387367,-3.1276
1,1789436461.259758234,0.53419858436,-0.256727401004,0.557936252019,0.587020587754,1.04906316154,-0.246888761709,21.905949,23.526276,7.818219,-1.807316,0.384741,-3.130602
1,1789436461.264803171,0.53419858436,-0.256727401004,0.557936252019,0.587020587754,1.04906316154,-0.246888761709,21.952207,23.546109,8.032388,-1.807285,0.384216,-3.136676
1,1789436461.269717693,0.53419858436,-0.256727401004,0.557936252019,0.587020587754,1.04906316154,-0.246888761709,21.91077,23.523152,7.826229,-1.805784,0.38445,-3.131481
1,1789436461.274680376,0.53419858436,-0.256727401004,0.557936252019,0.587020587754,1.04906316154,-0.246888761709,21.943955,23.524017,7.852025,-1.802916,0.388655,-3.132408
1,1789436461.279678583,0.53419858436,-0.256727401004,0.557936252019,0.587020587754,1.04906316154,-0.246888761709,21.92983,23.552206,7.80738,-1.806769,0.385995,-3.131591
1,1789436461.284791231,0.53419858436,-0.256727401004,0.557936252019,0.587020587754,1.04906316154,-0.246888761709,21.951595,23.505973,7.929619,-1.801396,0.390734,-3.136103
1,1789436461.289637327,0.53419858436,-0.256727401004,0.557936252019,0.587020587754,1.04906316154,-0.246888761709,21.940159,23.549683,7.787648,-1.809767,0.385191,-3.126271
1,1789436461.294819593,0.53419858436,-0.256727401004,0.557936252019,0.587020587754,1.04906316154,-0.246888761709,21.984679,23.524736,7.847818,-1.805567,0.38775,-3.135193
1,1789436461.299802303,0.53419858436,-0.256727401004,0.557936252019,0.587020587754,1.04906316154,-0.246888761709,21.932483,23.559664,7.912403,-1.810797,0.385403,-3.135958
1,1789436461.304655790,0.53419858436,-0.256727401004,0.557936252019,0.587020587754,1.04906316154,-0.246888761709,21.902692,23.524472,7.828097,-1.805074,0.386134,-3.136176
1,1789436461.309632063,0.53419858436,-0.256727401004,0.557936252019,0.587020587754,1.04906316154,-0.246888761709,21.943474,23.537889,7.829494,-1.8055,0.387382,-3.135154
1,1789436461.314867258,0.53419858436,-0.256727401004,0.557936252019,0.587020587754,1.04906316154,-0.246888761709,21.943924,23.525182,7.979091,-1.806757,0.3865,-3.140757
1,1789436461.319650888,0.53419858436,-0.256727401004,0.557936252019,0.587020587754,1.04906316154,-0.246888761709,21.985894,23.520539,7.816976,-1.804999,0.392162,-3.136599
1,1789436461.324707508,0.53419858436,-0.256727401004,0.557936252019,0.587020587754,1.04906316154,-0.246888761709,21.958572,23.556006,7.705038,-1.80608,0.390125,-3.131141
1,1789436461.329826355,0.53419858436,-0.256727401004,0.557936252019,0.587020587754,1.04906316154,-0.246888761709,21.934343,23.548623,7.539941,-1.806205,0.390292,-3.123481
1,1789436461.334833145,0.53419858436,-0.256727401004,0.557936252019,0.587020587754,1.04906316154,-0.246888761709,21.939424,23.54951,7.923896,-1.807816,0.386712,-3.134363
1,1789436461.339642763,0.53419858436,-0.256727401004,0.557936252019,0.587020587754,1.04906316154,-0.246888761709,21.974249,23.550126,7.701169,-1.807536,0.389799,-3.133642
1,1789436461.344724417,0.53419858436,-0.256727401004,0.557936252019,0.587020587754,1.04906316154,-0.246888761709,21.966603,23.526821,7.841774,-1.806771,0.388889,-3.132942
1,1789436461.349843502,0.53419858436,-0.256727401004,0.557936252019,0.587020587754,1.04906316154,-0.246888761709,21.945809,23.525837,7.91322,-1.802553,0.388434,-3.135012
1,1789436461.354644060,0.53419858436,-0.256727401004,0.557936252019,0.587020587754,1.04906316154,-0.246888761709,21.963842,23.545018,7.803135,-1.808604,0.389122,-3.133922
1,1789436461.359825611,0.53419858436,-0.256727401004,0.557936252019,0.587020587754,1.04906316154,-0.246888761709,21.980112,23.526064,7.807273,-1.804864,0.390814,-3.137049
1,1789436461.365087986,0.53419858436,-0.256727401004,0.557936252019,0.587020587754,1.04906316154,-0.246888761709,21.944427,23.541505,8.005637,-1.806059,0.391025,-3.135154
1,1789436461.369985819,0.53419858436,-0.256727401004,0.557936252019,0.587020587754,1.04906316154,-0.246888761709,21.933769,23.509403,7.871076,-1.804516,0.389654,-3.131912
1,1789436461.374958754,0.53419858436,-0.256727401004,0.557936252019,0.587020587754,1.04906316154,-0.246888761709,21.934946,23.531091,7.706716,-1.806931,0.387944,-3.130164
1,1789436461.379992485,0.53419858436,-0.256727401004,0.557936252019,0.587020587754,1.04906316154,-0.246888761709,21.938708,23.54839,7.606161,-1.8059,0.387088,-3.129203
1,1789436461.385054350,0.53419858436,-0.256727401004,0.557936252019,0.587020587754,1.04906316154,-0.246888761709,21.927659,23.51752,7.9156,-1.803359,0.386648,-3.133616
1,1789436461.389849901,0.53419858436,-0.256727401004,0.557936252019,0.587020587754,1.04906316154,-0.246888761709,21.948004,23.503231,7.661469,-1.803719,0.389153,-3.129088
1,1789436461.395133495,0.53419858436,-0.256727401004,0.557936252019,0.587020587754,1.04906316154,-0.246888761709,21.992859,23.507558,7.778901,-1.805336,0.387944,-3.131477
1,1789436461.400046825,0.53419858436,-0.256727401004,0.557936252019,0.587020587754,1.04906316154,-0.246888761709,21.977839,23.532335,7.911852,-1.80894,0.38842,-3.129742
1,1789436461.404649734,0.53419858436,-0.256727401004,0.557936252019,0.587020587754,1.04906316154,-0.246888761709,21.940575,23.530126,7.791798,-1.802453,0.387784,-3.12935
1,1789436461.409769773,0.53419858436,-0.256727401004,0.557936252019,0.587020587754,1.04906316154,-0.246888761709,21.928598,23.502332,7.839649,-1.803066,0.387732,-3.128335
1,1789436461.415068150,0.53419858436,-0.256727401004,0.557936252019,0.587020587754,1.04906316154,-0.246888761709,21.90609,23.534118,7.999085,-1.804874,0.386007,-3.133929
1,1789436461.419885874,0.53419858436,-0.256727401004,0.557936252019,0.587020587754,1.04906316154,-0.246888761709,21.94649,23.545876,7.868687,-1.804033,0.388753,-3.133766
1,1789436461.424763918,0.53419858436,-0.256727401004,0.557936252019,0.587020587754,1.04906316154,-0.246888761709,21.930179,23.512851,7.635902,-1.804771,0.384017,-3.128185
1,1789436461.429887772,0.53419858436,-0.256727401004,0.557936252019,0.587020587754,1.04906316154,-0.246888761709,21.954443,23.514589,7.50965,-1.807359,0.386042,-3.125302
1,1789436461.434926510,0.53419858436,-0.256727401004,0.557936252019,0.587020587754,1.04906316154,-0.246888761709,21.953373,23.530713,7.87864,-1.805373,0.386231,-3.133518
1,1789436461.439945698,0.53419858436,-0.256727401004,0.557936252019,0.587020587754,1.04906316154,-0.246888761709,21.96496,23.538251,7.689879,-1.803272,0.391458,-3.128679
1,1789436461.445022106,0.53419858436,-0.256727401004,0.557936252019,0.587020587754,1.04906316154,-0.246888761709,21.946298,23.551046,7.802054,-1.807798,0.388002,-3.128731
1,1789436461.449943304,0.53419858436,-0.256727401004,0.557936252019,0.587020587754,1.04906316154,-0.246888761709,21.932705,23.570185,7.951066,-1.806691,0.384615,-3.135213
1,1789436461.454754353,0.53419858436,-0.256727401004,0.557936252019,0.587020587754,1.04906316154,-0.246888761709,21.9344,23.524066,7.829266,-1.807421,0.387769,-3.129084
1,1789436461.459557533,0.53419858436,-0.256727401004,0.557936252019,0.587020587754,1.04906316154,-0.246888761709,21.935667,23.569988,7.968484,-1.808635,0.385296,-3.135881
1,1789436461.464842319,0.53419858436,-0.256727401004,0.557936252019,0.587020587754,1.04906316154,-0.246888761709,21.937279,23.550401,7.832008,-1.806502,0.385285,-3.133803
1,1789436461.469662905,0.53419858436,-0.256727401004,0.557936252019,0.587020587754,1.04906316154,-0.246888761709,21.960199,23.52852,7.799652,-1.803815,0.385914,-3.136545
1,1789436461.474700689,0.53419858436,-0.256727401004,0.557936252019,0.587020587754,1.04906316154,-0.246888761709,21.950096,23.523612,7.856759,-1.80583,0.390572,-3.13513
1,1789436461.479601145,0.53419858436,-0.256727401004,0.557936252019,0.587020587754,1.04906316154,-0.246888761709,21.947771,23.51785,7.811848,-1.804672,0.388786,-3.134271
1,1789436461.484680414,0.53419858436,-0.256727401004,0.557936252019,0.587020587754,1.04906316154,-0.246888761709,21.975414,23.522936,7.759561,-1.804934,0.390898,-3.131726
1,1789436461.489599228,0.53419858436,-0.256727401004,0.557936252019,0.587020587754,1.04906316154,-0.246888761709,21.944931,23.556449,7.555244,-1.808637,0.38748,-3.125953
1,1789436461.494618177,0.53419858436,-0.256727401004,0.557936252019,0.587020587754,1.04906316154,-0.246888761709,21.93271,23.554442,7.946074,-1.804129,0.387416,-3.138115
1,1789436461.499719620,0.53419858436,-0.256727401004,0.557936252019,0.587020587754,1.04906316154,-0.246888761709,21.924659,23.541091,7.688934,-1.803761,0.388369,-3.135767
1,1789436461.504640341,0.53419858436,-0.256727401004,0.557936252019,0.587020587754,1.04906316154,-0.246888761709,21.941223,23.525083,7.810714,-1.803532,0.386161,-3.135368
1,1789436461.509810686,0.53419858436,-0.256727401004,0.557936252019,0.587020587754,1.04906316154,-0.246888761709,21.974554,23.538438,7.909047,-1.804898,0.389991,-3.137574
1,1789436461.514875412,0.53419858436,-0.256727401004,0.557936252019,0.587020587754,1.04906316154,-0.246888761709,21.9594,23.524088,7.80933,-1.803258,0.389619,-3.135868
1,1789436461.519703627,0.53419858436,-0.256727401004,0.557936252019,0.587020587754,1.04906316154,-0.246888761709,21.961711,23.521247,7.802643,-1.806552,0.391416,-3.133891
1,1789436461.524602413,0.53419858436,-0.256727401004,0.557936252019,0.587020587754,1.04906316154,-0.246888761709,21.945258,23.520882,7.991962,-1.804586,0.391792,-3.137837
1,1789436461.529703379,0.53419858436,-0.256727401004,0.557936252019,0.587020587754,1.04906316154,-0.246888761709,21.935273,23.56551,7.872767,-1.806468,0.389521,-3.13109
1,1789436461.534695387,0.53419858436,-0.256727401004,0.557936252019,0.587020587754,1.04906316154,-0.246888761709,21.952855,23.550305,7.694295,-1.805563,0.386587,-3.132462
1,1789436461.539516687,0.53419858436,-0.256727401004,0.557936252019,0.587020587754,1.04906316154,-0.246888761709,21.942338,23.537206,7.713669,-1.801961,0.388673,-3.131716
1,1789436461.544567108,0.53419858436,-0.256727401004,0.557936252019,0.587020587754,1.04906316154,-0.246888761709,21.924215,23.514236,7.869606,-1.805684,0.386561,-3.133238
1,1789436461.549706697,0.53419858436,-0.256727401004,0.557936252019,0.587020587754,1.04906316154,-0.246888761709,21.976275,23.516599,7.70623,-1.801851,0.391976,-3.129991
1,1789436461.554615021,0.53419858436,-0.256727401004,0.557936252019,0.587020587754,1.04906316154,-0.246888761709,21.96765,23.517014,7.783223,-1.806047,0.385727,-3.128961
1,1789436461.559631824,0.53419858436,-0.256727401004,0.557936252019,0.587020587754,1.04906316154,-0.246888761709,21.957786,23.545408,7.915277,-1.803748,0.388674,-3.133717
1,1789436461.564852715,0.53419858436,-0.256727401004,0.557936252019,0.587020587754,1.04906316154,-0.246888761709,21.942752,23.534064,7.830291,-1.804944,0.390307,-3.128211
1,1789436461.569682837,0.53419858436,-0.256727401004,0.557936252019,0.587020587754,1.04906316154,-0.246888761709,21.935798,23.54953,7.844443,-1.806847,0.385123,-3.131766
1,1789436461.574737072,0.53419858436,-0.256727401004,0.557936252019,0.587020587754,1.04906316154,-0.246888761709,21.924602,23.540734,8.054455,-1.805401,0.388885,-3.13391
1,1789436461.579739571,0.53419858436,-0.256727401004,0.557936252019,0.587020587754,1.04906316154,-0.246888761709,21.947466,23.503642,7.820064,-1.804046,0.38311,-3.135554
1,1789436461.584657192,0.53419858436,-0.256727401004,0.557936252019,0.587020587754,1.04906316154,-0.246888761709,21.982881,23.554502,7.808439,-1.807464,0.390299,-3.130373
1,1789436461.589555025,0.53419858436,-0.256727401004,0.557936252019,0.587020587754,1.04906316154,-0.246888761709,21.944099,23.532455,7.807481,-1.804021,0.386796,-3.131358
1,1789436461.594648600,0.53419858436,-0.256727401004,0.557936252019,0.587020587754,1.04906316154,-0.246888761709,21.969249,23.527248,7.857176,-1.807406,0.389579,-3.13495
1,1789436461.599839926,0.53419858436,-0.256727401004,0.557936252019,0.587020587754,1.04906316154,-0.246888761709,21.951603,23.529342,7.799945,-1.806374,0.385712,-3.130268
1,1789436461.604485273,0.53419858436,-0.256727401004,0.557936252019,0.587020587754,1.04906316154,-0.246888761709,21.933698,23.538141,7.886779,-1.802577,0.389937,-3.127877
1,1789436461.609689951,0.53419858436,-0.256727401004,0.557936252019,0.587020587754,1.04906316154,-0.246888761709,21.912221,23.546975,7.942096,-1.809425,0.387531,-3.134521
1,1789436461.614915371,0.53419858436,-0.256727401004,0.557936252019,0.587020587754,1.04906316154,-0.246888761709,21.955569,23.534164,7.862341,-1.803678,0.385277,-3.138241
1,1789436461.619755983,0.53419858436,-0.256727401004,0.557936252019,0.587020587754,1.04906316154,-0.246888761709,21.932085,23.538071,7.807899,-1.809034,0.385975,-3.131144
1,1789436461.624720812,0.53419858436,-0.256727401004,0.557936252019,0.587020587754,1.04906316154,-0.246888761709,21.976171,23.498675,8.026002,-1.804521,0.389292,-3.140049
1,1789436461.629765272,0.53419858436,-0.256727401004,0.557936252019,0.587020587754,1.04906316154,-0.246888761709,21.967053,23.568224,7.806748,-1.808086,0.388989,-3.131703
1,1789436461.634797335,0.53419858436,-0.256727401004,0.557936252019,0.587020587754,1.04906316154,-0.246888761709,21.970049,23.523048,7.698493,-1.802656,0.389381,-3.135368
1,1789436461.639783859,0.53419858436,-0.256727401004,0.557936252019,0.587020587754,1.04906316154,-0.246888761709,21.946373,23.568193,7.652758,-1.807079,0.391075,-3.122701
1,1789436461.644742250,0.53419858436,-0.256727401004,0.557936252019,0.587020587754,1.04906316154,-0.246888761709,21.918907,23.520265,7.914815,-1.80554,0.385199,-3.134282
1,1789436461.649756432,0.53419858436,-0.256727401004,0.557936252019,0.587020587754,1.04906316154,-0.246888761709,21.97474,23.545187,7.731957,-1.804428,0.389768,-3.131781
1,1789436461.654510736,0.53419858436,-0.256727401004,0.557936252019,0.587020587754,1.04906316154,-0.246888761709,21.963522,23.55998,7.794424,-1.808588,0.38818,-3.133721
1,1789436461.659599781,0.53419858436,-0.256727401004,0.557936252019,0.587020587754,1.04906316154,-0.246888761709,21.969807,23.512523,7.938813,-1.801943,0.38736,-3.136565
1,1789436461.664839029,0.53419858436,-0.256727401004,0.557936252019,0.587020587754,1.04906316154,-0.246888761709,21.954501,23.52734,7.968022,-1.804468,0.39045,-3.135422
1,1789436461.669572592,0.53419858436,-0.256727401004,0.557936252019,0.587020587754,1.04906316154,-0.246888761709,21.957116,23.500263,7.810968,-1.80218,0.391359,-3.134492
1,1789436461.674741507,0.53419858436,-0.256727401004,0.557936252019,0.587020587754,1.04906316154,-0.246888761709,21.959594,23.515671,7.775326,-1.805066,0.389811,-3.133678
1,1789436461.679670572,0.53419858436,-0.256727401004,0.557936252019,0.587020587754,1.04906316154,-0.246888761709,21.935183,23.542736,8.033643,-1.808272,0.390688,-3.13511
1,1789436461.684686184,0.53419858436,-0.256727401004,0.557936252019,0.587020587754,1.04906316154,-0.246888761709,21.920985,23.559579,7.852482,-1.808514,0.38693,-3.13243
1,1789436461.689638376,0.53419858436,-0.256727401004,0.557936252019,0.587020587754,1.04906316154,-0.246888761709,21.946089,23.551395,7.730486,-1.804223,0.389314,-3.132853
1,1789436461.694681644,0.53419858436,-0.256727401004,0.557936252019,0.587020587754,1.04906316154,-0.246888761709,21.909515,23.514847,7.622425,-1.804994,0.38469,-3.130862
1,1789436461.699806929,0.53419858436,-0.256727401004,0.557936252019,0.587020587754,1.04906316154,-0.246888761709,21.974656,23.528365,7.928552,-1.805445,0.392397,-3.136655
1,1789436461.704646349,0.53419858436,-0.256727401004,0.557936252019,0.587020587754,1.04906316154,-0.246888761709,21.966734,23.528559,7.664269,-1.806097,0.38702,-3.127581
1,1789436461.709690809,0.53419858436,-0.256727401004,0.557936252019,0.587020587754,1.04906316154,-0.246888761709,21.98466,23.543074,7.814481,-1.807407,0.389002,-3.132589
1,1789436461.714835644,0.53419858436,-0.256727401004,0.557936252019,0.587020587754,1.04906316154,-0.246888761709,21.925557,23.528001,7.945565,-1.807637,0.386684,-3.132263
1,1789436461.719691515,0.53419858436,-0.256727401004,0.557936252019,0.587020587754,1.04906316154,-0.246888761709,21.952007,23.546316,7.83345,-1.804676,0.390466,-3.132271
1,1789436461.724589348,0.53419858436,-0.256727401004,0.557936252019,0.587020587754,1.04906316154,-0.246888761709,21.950816,23.569717,7.843278,-1.808996,0.385862,-3.132508
1,1789436461.729555607,0.53419858436,-0.256727401004,0.557936252019,0.587020587754,1.04906316154,-0.246888761709,21.943901,23.567023,8.035214,-1.80677,0.386972,-3.140726
1,1789436461.734718800,0.53419858436,-0.256727401004,0.557936252019,0.587020587754,1.04906316154,-0.246888761709,21.93408,23.526461,7.835798,-1.805753,0.386486,-3.131077
1,1789436461.739591122,0.53419858436,-0.256727401004,0.557936252019,0.587020587754,1.04906316154,-0.246888761709,21.946863,23.484971,7.670108,-1.802527,0.386815,-3.129705
1,1789436461.744702101,0.53419858436,-0.256727401004,0.557936252019,0.587020587754,1.04906316154,-0.246888761709,21.953599,23.512174,7.609658,-1.805467,0.389005,-3.126503
1,1789436461.749714613,0.53419858436,-0.256727401004,0.557936252019,0.587020587754,1.04906316154,-0.246888761709,21.955726,23.543074,7.878704,-1.807349,0.38782,-3.133333
1,1789436461.754587650,0.53419858436,-0.256727401004,0.557936252019,0.587020587754,1.04906316154,-0.246888761709,21.947893,23.54636,7.703439,-1.805976,0.387223,-3.12639
1,1789436461.759555817,0.53419858436,-0.256727401004,0.557936252019,0.587020587754,1.04906316154,-0.246888761709,21.913596,23.509769,7.817588,-1.803508,0.386239,-3.130807
1,1789436461.764918089,0.53419858436,-0.256727401004,0.557936252019,0.587020587754,1.04906316154,-0.246888761709,21.93082,23.509981,7.95404,-1.806767,0.386963,-3.132685
1,1789436461.769655228,0.53419858436,-0.256727401004,0.557936252019,0.587020587754,1.04906316154,-0.246888761709,21.94915,23.52826,7.833884,-1.807683,0.385049,-3.132459
1,1789436461.774838924,0.53419858436,-0.256727401004,0.557936252019,0.587020587754,1.04906316154,-0.246888761709,21.948365,23.540617,7.805051,-1.806423,0.386704,-3.132962
1,1789436461.779576778,0.53419858436,-0.256727401004,0.557936252019,0.587020587754,1.04906316154,-0.246888761709,21.91631,23.523313,7.978054,-1.807396,0.386736,-3.135331
1,1789436461.784884930,0.53419858436,-0.256727401004,0.557936252019,0.587020587754,1.04906316154,-0.246888761709,21.949357,23.505173,7.851038,-1.802062,0.38967,-3.132847
1,1789436461.789690256,0.53419858436,-0.256727401004,0.557936252019,0.587020587754,1.04906316154,-0.246888761709,21.956507,23.556713,7.78086,-1.8051,0.389233,-3.130346
1,1789436461.794677019,0.53419858436,-0.256727401004,0.557936252019,0.587020587754,1.04906316154,-0.246888761709,21.953284,23.563989,7.812606,-1.804602,0.388022,-3.134103
1,1789436461.799771070,0.53419858436,-0.256727401004,0.557936252019,0.587020587754,1.04906316154,-0.246888761709,21.930637,23.554666,7.832096,-1.805726,0.390951,-3.133148
1,1789436461.804646969,0.53419858436,-0.256727401004,0.557936252019,0.587020587754,1.04906316154,-0.246888761709,21.920696,23.533773,7.843798,-1.803616,0.387144,-3.131936
1,1789436461.809760094,0.53419858436,-0.256727401004,0.557936252019,0.587020587754,1.04906316154,-0.246888761709,21.928145,23.510236,7.787515,-1.804817,0.385923,-3.132229
1,1789436461.814852238,0.53419858436,-0.256727401004,0.557936252019,0.587020587754,1.04906316154,-0.246888761709,21.976805,23.524669,7.906427,-1.805535,0.39053,-3.139143
1,1789436461.819606066,0.53419858436,-0.256727401004,0.557936252019,0.587020587754,1.04906316154,-0.246888761709,21.965831,23.541591,7.831563,-1.805442,0.394589,-3.132993
1,1789436461.824560165,0.53419858436,-0.256727401004,0.557936252019,0.587020587754,1.04906316154,-0.246888761709,21.95577,23.530223,7.773089,-1.805389,0.387266,-3.129421
2,1789436472.969560146,0.534181929204,-0.256752440528,0.557969023732,0.587070167557,1.04896465665,-0.246868998714,21.973634,23.557539,7.885194,-1.806076,0.390521,-3.134949
2,1789436472.974694729,0.534181929204,-0.256752440528,0.557969023732,0.587070167557,1.04896465665,-0.246868998714,21.971154,23.538215,7.711596,-1.805552,0.387482,-3.133135
2,1789436472.979680300,0.534181929204,-0.256752440528,0.557969023732,0.587070167557,1.04896465665,-0.246868998714,21.997531,23.532657,7.770898,-1.804757,0.392942,-3.130203
2,1789436472.984828472,0.534181929204,-0.256752440528,0.557969023732,0.587070167557,1.04896465665,-0.246868998714,21.951795,23.528552,7.941444,-1.802827,0.388842,-3.134766
2,1789436472.989707470,0.534181929204,-0.256752440528,0.557969023732,0.587070167557,1.04896465665,-0.246868998714,21.96575,23.538131,7.746808,-1.804572,0.391436,-3.127934
2,1789436472.994933605,0.534181929204,-0.256752440528,0.557969023732,0.587070167557,1.04896465665,-0.246868998714,21.941413,23.538729,7.814281,-1.805487,0.385573,-3.133146
2,1789436472.999835253,0.534181929204,-0.256752440528,0.557969023732,0.587070167557,1.04896465665,-0.246868998714,21.96429,23.53214,8.004691,-1.807611,0.389492,-3.135856
2,1789436473.004683733,0.534181929204,-0.256752440528,0.557969023732,0.587070167557,1.04896465665,-0.246868998714,21.968743,23.521916,7.855658,-1.806238,0.388497,-3.136053
2,1789436473.009605646,0.534181929204,-0.256752440528,0.557969023732,0.587070167557,1.04896465665,-0.246868998714,21.95254,23.532153,8.048034,-1.805964,0.391053,-3.137787
2,1789436473.014921188,0.534181929204,-0.256752440528,0.557969023732,0.587070167557,1.04896465665,-0.246868998714,21.972664,23.530715,7.84622,-1.804427,0.389674,-3.136079
2,1789436473.019644260,0.534181929204,-0.256752440528,0.557969023732,0.587070167557,1.04896465665,-0.246868998714,21.969675,23.497703,7.812047,-1.803574,0.386657,-3.134271
2,1789436473.024605989,0.534181929204,-0.256752440528,0.557969023732,0.587070167557,1.04896465665,-0.246868998714,21.982977,23.51144,7.904076,-1.80941,0.390584,-3.13446
2,1789436473.029643536,0.534181929204,-0.256752440528,0.557969023732,0.587070167557,1.04896465665,-0.246868998714,21.984447,23.536472,7.895545,-1.805941,0.389568,-3.134252
2,1789436473.034931660,0.534181929204,-0.256752440528,0.557969023732,0.587070167557,1.04896465665,-0.246868998714,21.974712,23.549714,7.709672,-1.807234,0.390304,-3.128028
2,1789436473.039610863,0.534181929204,-0.256752440528,0.557969023732,0.587070167557,1.04896465665,-0.246868998714,21.982121,23.536994,7.843012,-1.805609,0.387953,-3.132296
2,1789436473.044847965,0.534181929204,-0.256752440528,0.557969023732,0.587070167557,1.04896465665,-0.246868998714,21.939701,23.541406,7.964551,-1.804772,0.389268,-3.131825
2,1789436473.049852371,0.534181929204,-0.256752440528,0.557969023732,0.587070167557,1.04896465665,-0.246868998714,21.988092,23.553836,7.7122,-1.805231,0.388168,-3.132737
2,1789436473.054752588,0.534181929204,-0.256752440528,0.557969023732,0.587070167557,1.04896465665,-0.246868998714,21.99002,23.526381,7.812789,-1.806186,0.388358,-3.133693
2,1789436473.060164928,0.534181929204,-0.256752440528,0.557969023732,0.587070167557,1.04896465665,-0.246868998714,21.995034,23.514243,8.012205,-1.802915,0.391385,-3.13676
2,1789436473.065028429,0.534181929204,-0.256752440528,0.557969023732,0.587070167557,1.04896465665,-0.246868998714,21.97546,23.545461,7.773517,-1.80734,0.388452,-3.129044
2,1789436473.069761515,0.534181929204,-0.256752440528,0.557969023732,0.587070167557,1.04896465665,-0.246868998714,21.993361,23.533583,7.846503,-1.80214,0.391947,-3.13567
2,1789436473.074809313,0.534181929204,-0.256752440528,0.557969023732,0.587070167557,1.04896465665,-0.246868998714,21.946061,23.565496,8.003268,-1.811025,0.386701,-3.131161
2,1789436473.079710722,0.534181929204,-0.256752440528,0.557969023732,0.587070167557,1.04896465665,-0.246868998714,21.955945,23.560415,7.854648,-1.80469,0.386509,-3.137174
2,1789436473.084854841,0.534181929204,-0.256752440528,0.557969023732,0.587070167557,1.04896465665,-0.246868998714,21.96886,23.527689,7.691712,-1.802869,0.39068,-3.133596
2,1789436473.089770794,0.534181929204,-0.256752440528,0.557969023732,0.587070167557,1.04896465665,-0.246868998714,21.950819,23.492929,7.803176,-1.802668,0.388382,-3.133798
2,1789436473.094887257,0.534181929204,-0.256752440528,0.557969023732,0.587070167557,1.04896465665,-0.246868998714,21.952719,23.540539,7.970528,-1.804166,0.390455,-3.133859
2,1789436473.099793434,0.534181929204,-0.256752440528,0.557969023732,0.587070167557,1.04896465665,-0.246868998714,21.967159,23.507945,7.715789,-1.809475,0.385417,-3.130412
2,1789436473.104609013,0.534181929204,-0.256752440528,0.557969023732,0.587070167557,1.04896465665,-0.246868998714,21.99834,23.495312,7.843828,-1.80498,0.389307,-3.131385
2,1789436473.109690428,0.534181929204,-0.256752440528,0.557969023732,0.587070167557,1.04896465665,-0.246868998714,21.959921,23.521541,7.922061,-1.809147,0.389214,-3.129014
2,1789436473.114848614,0.534181929204,-0.256752440528,0.557969023732,0.587070167557,1.04896465665,-0.246868998714,21.977602,23.532368,7.87751,-1.805373,0.390098,-3.133812
2,1789436473.119769573,0.534181929204,-0.256752440528,0.557969023732,0.587070167557,1.04896465665,-0.246868998714,21.940488,23.55485,7.817888,-1.806401,0.388869,-3.130491
2,1789436473.124856234,0.534181929204,-0.256752440528,0.557969023732,0.587070167557,1.04896465665,-0.246868998714,21.969958,23.523223,7.590236,-1.803961,0.387873,-3.127231
2,1789436473.129812717,0.534181929204,-0.256752440528,0.557969023732,0.587070167557,1.04896465665,-0.246868998714,21.953716,23.52706,7.874031,-1.808039,0.388063,-3.130186
2,1789436473.134815693,0.534181929204,-0.256752440528,0.557969023732,0.587070167557,1.04896465665,-0.246868998714,22.004246,23.50453,7.736921,-1.802506,0.3912,-3.134244
2,1789436473.139649868,0.534181929204,-0.256752440528,0.557969023732,0.587070167557,1.04896465665,-0.246868998714,21.973715,23.544272,7.748633,-1.807366,0.388484,-3.127058
2,1789436473.144805431,0.534181929204,-0.256752440528,0.557969023732,0.587070167557,1.04896465665,-0.246868998714,21.972052,23.544545,7.931589,-1.804761,0.38965,-3.135076
2,1789436473.149882317,0.534181929204,-0.256752440528,0.557969023732,0.587070167557,1.04896465665,-0.246868998714,21.940896,23.560761,7.747087,-1.808529,0.388666,-3.128146
2,1789436473.154746771,0.534181929204,-0.256752440528,0.557969023732,0.587070167557,1.04896465665,-0.246868998714,21.96491,23.482109,7.846628,-1.803275,0.386064,-3.135983
2,1789436473.159789562,0.534181929204,-0.256752440528,0.557969023732,0.587070167557,1.04896465665,-0.246868998714,21.929012,23.522536,8.035987,-1.809384,0.38644,-3.133936
2,1789436473.164958954,0.534181929204,-0.256752440528,0.557969023732,0.587070167557,1.04896465665,-0.246868998714,21.966757,23.517652,7.824288,-1.80278,0.386895,-3.138525
2,1789436473.169664860,0.534181929204,-0.256752440528,0.557969023732,0.587070167557,1.04896465665,-0.246868998714,21.958127,23.53122,7.843026,-1.805022,0.394035,-3.131601
2,1789436473.175042391,0.534181929204,-0.256752440528,0.557969023732,0.587070167557,1.04896465665,-0.246868998714,21.936277,23.465193,7.857203,-1.804567,0.386565,-3.13501
2,1789436473.179904222,0.534181929204,-0.256752440528,0.557969023732,0.587070167557,1.04896465665,-0.246868998714,21.998855,23.548755,7.899962,-1.805367,0.391958,-3.131158
2,1789436473.184930086,0.534181929204,-0.256752440528,0.557969023732,0.587070167557,1.04896465665,-0.246868998714,21.958127,23.546061,7.651519,-1.806968,0.385732,-3.130067
2,1789436473.189929724,0.534181929204,-0.256752440528,0.557969023732,0.587070167557,1.04896465665,-0.246868998714,21.980227,23.576304,7.869288,-1.80791,0.39457,-3.132796
2,1789436473.194996595,0.534181929204,-0.256752440528,0.557969023732,0.587070167557,1.04896465665,-0.246868998714,21.918369,23.52755,7.932139,-1.804402,0.385381,-3.135155
2,1789436473.199826956,0.534181929204,-0.256752440528,0.557969023732,0.587070167557,1.04896465665,-0.246868998714,21.961406,23.508899,7.781055,-1.799413,0.393048,-3.129614
2,1789436473.204821587,0.534181929204,-0.256752440528,0.557969023732,0.587070167557,1.04896465665,-0.246868998714,21.939687,23.482963,7.799352,-1.806122,0.383859,-3.130632
2,1789436473.209732294,0.534181929204,-0.256752440528,0.557969023732,0.587070167557,1.04896465665,-0.246868998714,22.026695,23.533508,8.05627,-1.808668,0.39305,-3.138167
2,1789436473.214875460,0.534181929204,-0.256752440528,0.557969023732,0.587070167557,1.04896465665,-0.246868998714,21.984851,23.50501,7.827135,-1.804726,0.387052,-3.136537
2,1789436473.219730377,0.534181929204,-0.256752440528,0.557969023732,0.587070167557,1.04896465665,-0.246868998714,21.99405,23.537923,7.999029,-1.809802,0.391189,-3.133259
2,1789436473.224750519,0.534181929204,-0.256752440528,0.557969023732,0.587070167557,1.04896465665,-0.246868998714,21.98626,23.518673,7.836046,-1.805396,0.387513,-3.130721
2,1789436473.229683161,0.534181929204,-0.256752440528,0.557969023732,0.587070167557,1.04896465665,-0.246868998714,21.988636,23.522086,7.833966,-1.806275,0.391332,-3.131654
2,1789436473.234862804,0.534181929204,-0.256752440528,0.557969023732,0.587070167557,1.04896465665,-0.246868998714,21.947046,23.527445,7.981815,-1.810611,0.383812,-3.13315
2,1789436473.239645481,0.534181929204,-0.256752440528,0.557969023732,0.587070167557,1.04896465665,-0.246868998714,21.973723,23.565345,7.9151,-1.807197,0.389394,-3.133795
2,1789436473.244808435,0.534181929204,-0.256752440528,0.557969023732,0.587070167557,1.04896465665,-0.246868998714,21.967398,23.550931,7.67284,-1.806235,0.386231,-3.128265
2,1789436473.249784470,0.534181929204,-0.256752440528,0.557969023732,0.587070167557,1.04896465665,-0.246868998714,21.985885,23.503618,7.857008,-1.801525,0.390321,-3.134923
2,1789436473.254708052,0.534181929204,-0.256752440528,0.557969023732,0.587070167557,1.04896465665,-0.246868998714,21.959313,23.508929,7.894994,-1.809116,0.387592,-3.128581
2,1789436473.259821415,0.534181929204,-0.256752440528,0.557969023732,0.587070167557,1.04896465665,-0.246868998714,21.994259,23.528235,7.773912,-1.803575,0.389692,-3.128594
2,1789436473.264865637,0.534181929204,-0.256752440528,0.557969023732,0.587070167557,1.04896465665,-0.246868998714,21.987522,23.537001,7.81916,-1.807234,0.389479,-3.129445
2,1789436473.269728661,0.534181929204,-0.256752440528,0.557969023732,0.587070167557,1.04896465665,-0.246868998714,21.946757,23.517216,8.061266,-1.803073,0.390445,-3.135254
2,1789436473.274888039,0.534181929204,-0.256752440528,0.557969023732,0.587070167557,1.04896465665,-0.246868998714,21.919391,23.537981,7.848402,-1.804811,0.388257,-3.128807
2,1789436473.279813528,0.534181929204,-0.256752440528,0.557969023732,0.587070167557,1.04896465665,-0.246868998714,21.963814,23.515017,7.84794,-1.802839,0.387681,-3.135125
2,1789436473.284798384,0.534181929204,-0.256752440528,0.557969023732,0.587070167557,1.04896465665,-0.246868998714,21.987197,23.556862,7.416527,-1.810005,0.387632,-3.125345
2,1789436473.289663315,0.534181929204,-0.256752440528,0.557969023732,0.587070167557,1.04896465665,-0.246868998714,21.972512,23.5195,7.875282,-1.805018,0.38693,-3.135565
2,1789436473.294808149,0.534181929204,-0.256752440528,0.557969023732,0.587070167557,1.04896465665,-0.246868998714,21.99922,23.521111,7.7511,-1.805674,0.391093,-3.131114
2,1789436473.299837112,0.534181929204,-0.256752440528,0.557969023732,0.587070167557,1.04896465665,-0.246868998714,21.976051,23.519823,7.795644,-1.805017,0.387944,-3.132778
2,1789436473.304596424,0.534181929204,-0.256752440528,0.557969023732,0.587070167557,1.04896465665,-0.246868998714,21.983209,23.552889,7.939351,-1.808458,0.391979,-3.135803
2,1789436473.309817076,0.534181929204,-0.256752440528,0.557969023732,0.587070167557,1.04896465665,-0.246868998714,21.968157,23.590209,7.758255,-1.807905,0.388753,-3.133142
2,1789436473.314732790,0.534181929204,-0.256752440528,0.557969023732,0.587070167557,1.04896465665,-0.246868998714,21.951827,23.53338,7.888049,-1.804005,0.389938,-3.133068
2,1789436473.319657326,0.534181929204,-0.256752440528,0.557969023732,0.587070167557,1.04896465665,-0.246868998714,21.939536,23.502773,8.005081,-1.80178,0.387875,-3.135732
2,1789436473.324991703,0.534181929204,-0.256752440528,0.557969023732,0.587070167557,1.04896465665,-0.246868998714,21.950132,23.532689,7.87975,-1.803049,0.390154,-3.132399
2,1789436473.329832077,0.534181929204,-0.256752440528,0.557969023732,0.587070167557,1.04896465665,-0.246868998714,21.962327,23.517914,7.745838,-1.806327,0.388247,-3.128797
2,1789436473.334833860,0.534181929204,-0.256752440528,0.557969023732,0.587070167557,1.04896465665,-0.246868998714,22.006053,23.503582,7.867156,-1.804146,0.392444,-3.134077
2,1789436473.339657784,0.534181929204,-0.256752440528,0.557969023732,0.587070167557,1.04896465665,-0.246868998714,21.967433,23.523344,7.845903,-1.804605,0.387192,-3.130446
2,1789436473.344825745,0.534181929204,-0.256752440528,0.557969023732,0.587070167557,1.04896465665,-0.246868998714,21.980087,23.541623,7.759578,-1.803876,0.389648,-3.131967
2,1789436473.349859476,0.534181929204,-0.256752440528,0.557969023732,0.587070167557,1.04896465665,-0.246868998714,21.926976,23.576435,7.826315,-1.809435,0.386762,-3.131382
2,1789436473.354600906,0.534181929204,-0.256752440528,0.557969023732,0.587070167557,1.04896465665,-0.246868998714,21.969269,23.516634,7.934778,-1.80442,0.388498,-3.139061
2,1789436473.359697819,0.534181929204,-0.256752440528,0.557969023732,0.587070167557,1.04896465665,-0.246868998714,21.968875,23.529438,7.764705,-1.807051,0.387156,-3.128794
2,1789436473.365062237,0.534181929204,-0.256752440528,0.557969023732,0.587070167557,1.04896465665,-0.246868998714,21.981254,23.512571,7.848897,-1.803265,0.385626,-3.134697
2,1789436473.369823694,0.534181929204,-0.256752440528,0.557969023732,0.587070167557,1.04896465665,-0.246868998714,21.977799,23.529443,8.012475,-1.808338,0.391775,-3.136556
2,1789436473.375043154,0.534181929204,-0.256752440528,0.557969023732,0.587070167557,1.04896465665,-0.246868998714,21.956829,23.538313,7.860769,-1.803587,0.388155,-3.132886
2,1789436473.379908085,0.534181929204,-0.256752440528,0.557969023732,0.587070167557,1.04896465665,-0.246868998714,21.939672,23.538743,7.844026,-1.804822,0.391125,-3.131332
2,1789436473.384980202,0.534181929204,-0.256752440528,0.557969023732,0.587070167557,1.04896465665,-0.246868998714,21.922779,23.506043,7.984472,-1.806509,0.386994,-3.137103
2,1789436473.389734745,0.534181929204,-0.256752440528,0.557969023732,0.587070167557,1.04896465665,-0.246868998714,21.933335,23.54249,7.933301,-1.807629,0.389993,-3.133898
2,1789436473.394611597,0.534181929204,-0.256752440528,0.557969023732,0.587070167557,1.04896465665,-0.246868998714,21.937924,23.523455,7.821972,-1.806798,0.384402,-3.134234
2,1789436473.399601936,0.534181929204,-0.256752440528,0.557969023732,0.587070167557,1.04896465665,-0.246868998714,21.969178,23.518378,7.878012,-1.803405,0.393067,-3.133111
2,1789436473.404546261,0.534181929204,-0.256752440528,0.557969023732,0.587070167557,1.04896465665,-0.246868998714,21.950939,23.522881,7.745531,-1.806523,0.384634,-3.129436
2,1789436473.409500599,0.534181929204,-0.256752440528,0.557969023732,0.587070167557,1.04896465665,-0.246868998714,22.001142,23.508358,7.842978,-1.801769,0.393077,-3.13163
2,1789436473.414680719,0.534181929204,-0.256752440528,0.557969023732,0.587070167557,1.04896465665,-0.246868998714,21.95894,23.542778,7.792857,-1.808658,0.388468,-3.128542
2,1789436473.419497252,0.534181929204,-0.256752440528,0.557969023732,0.587070167557,1.04896465665,-0.246868998714,21.960192,23.538916,8.048966,-1.802925,0.390296,-3.137337
2,1789436473.424527168,0.534181929204,-0.256752440528,0.557969023732,0.587070167557,1.04896465665,-0.246868998714,21.979017,23.541491,7.802937,-1.806461,0.38822,-3.134153
2,1789436473.429579973,0.534181929204,-0.256752440528,0.557969023732,0.587070167557,1.04896465665,-0.246868998714,21.978478,23.572986,8.057401,-1.807991,0.391314,-3.137882
2,1789436473.434568644,0.534181929204,-0.256752440528,0.557969023732,0.587070167557,1.04896465665,-0.246868998714,21.912688,23.537474,7.844209,-1.807074,0.384571,-3.131932
2,1789436473.439619303,0.534181929204,-0.256752440528,0.557969023732,0.587070167557,1.04896465665,-0.246868998714,21.97254,23.503903,7.8839,-1.804723,0.388431,-3.135766
2,1789436473.444612980,0.534181929204,-0.256752440528,0.557969023732,0.587070167557,1.04896465665,-0.246868998714,21.971412,23.524394,7.802182,-1.809748,0.385679,-3.1348
2,1789436473.449614525,0.534181929204,-0.256752440528,0.557969023732,0.587070167557,1.04896465665,-0.246868998714,22.012821,23.536827,7.936833,-1.80243,0.39242,-3.137378
2,1789436473.454584599,0.534181929204,-0.256752440528,0.557969023732,0.587070167557,1.04896465665,-0.246868998714,21.947721,23.515874,7.704297,-1.806344,0.388937,-3.125469
2,1789436473.459638357,0.534181929204,-0.256752440528,0.557969023732,0.587070167557,1.04896465665,-0.246868998714,21.971657,23.497454,7.859587,-1.805846,0.386798,-3.133549
2,1789436473.464602947,0.534181929204,-0.256752440528,0.557969023732,0.587070167557,1.04896465665,-0.246868998714,21.961851,23.549308,7.93213,-1.811099,0.389493,-3.1286
2,1789436473.469411373,0.534181929204,-0.256752440528,0.557969023732,0.587070167557,1.04896465665,-0.246868998714,21.983249,23.538834,7.779107,-1.807189,0.385906,-3.131719
2,1789436473.474492788,0.534181929204,-0.256752440528,0.557969023732,0.587070167557,1.04896465665,-0.246868998714,21.965586,23.55232,7.872356,-1.807154,0.390512,-3.131143
2,1789436473.479574203,0.534181929204,-0.256752440528,0.557969023732,0.587070167557,1.04896465665,-0.246868998714,21.938805,23.530849,7.991223,-1.808888,0.384209,-3.139168
2,1789436473.484638453,0.534181929204,-0.256752440528,0.557969023732,0.587070167557,1.04896465665,-0.246868998714,21.979526,23.538634,7.895688,-1.801672,0.393526,-3.133791
2,1789436473.489426374,0.534181929204,-0.256752440528,0.557969023732,0.587070167557,1.04896465665,-0.246868998714,21.952743,23.500565,7.79284,-1.803478,0.388111,-3.12845
2,1789436473.494473934,0.534181929204,-0.256752440528,0.557969023732,0.587070167557,1.04896465665,-0.246868998714,22.017019,23.547052,7.839288,-1.808333,0.394346,-3.133998
2,1789436473.499720097,0.534181929204,-0.256752440528,0.557969023732,0.587070167557,1.04896465665,-0.246868998714,21.933464,23.556568,7.872185,-1.804746,0.385153,-3.131941
2,1789436473.504447937,0.534181929204,-0.256752440528,0.557969023732,0.587070167557,1.04896465665,-0.246868998714,21.956205,23.539458,7.768442,-1.803217,0.392776,-3.13192
2,1789436473.509559870,0.534181929204,-0.256752440528,0.557969023732,0.587070167557,1.04896465665,-0.246868998714,21.908105,23.518867,7.830956,-1.805875,0.386709,-3.128115
2,1789436473.514681101,0.534181929204,-0.256752440528,0.557969023732,0.587070167557,1.04896465665,-0.246868998714,22.00072,23.550085,7.995878,-1.804028,0.393068,-3.141333
2,1789436473.519577503,0.534181929204,-0.256752440528,0.557969023732,0.587070167557,1.04896465665,-0.246868998714,21.926524,23.549866,7.761596,-1.804227,0.387538,-3.130968
2,1789436473.524633408,0.534181929204,-0.256752440528,0.557969023732,0.587070167557,1.04896465665,-0.246868998714,21.994355,23.501119,7.863907,-1.802567,0.389961,-3.136499
2,1789436473.529536724,0.534181929204,-0.256752440528,0.557969023732,0.587070167557,1.04896465665,-0.246868998714,21.922299,23.508673,8.001356,-1.804831,0.391196,-3.131713
2,1789436473.534643888,0.534181929204,-0.256752440528,0.557969023732,0.587070167557,1.04896465665,-0.246868998714,21.985927,23.542221,7.863801,-1.805153,0.39175,-3.136555
2,1789436473.539617777,0.534181929204,-0.256752440528,0.557969023732,0.587070167557,1.04896465665,-0.246868998714,21.963636,23.54764,7.81004,-1.806946,0.387428,-3.129637
2,1789436473.544646263,0.534181929204,-0.256752440528,0.557969023732,0.587070167557,1.04896465665,-0.246868998714,21.953873,23.561546,7.846532,-1.808217,0.388552,-3.130044
2,1789436473.549719095,0.534181929204,-0.256752440528,0.557969023732,0.587070167557,1.04896465665,-0.246868998714,21.928628,23.536619,7.910308,-1.806155,0.387324,-3.130978
2,1789436473.554689169,0.534181929204,-0.256752440528,0.557969023732,0.587070167557,1.04896465665,-0.246868998714,21.970348,23.494338,7.856987,-1.803317,0.390148,-3.134893
2,1789436473.559752226,0.534181929204,-0.256752440528,0.557969023732,0.587070167557,1.04896465665,-0.246868998714,21.93775,23.514994,7.821324,-1.806031,0.385672,-3.1284
2,1789436473.564904451,0.534181929204,-0.256752440528,0.557969023732,0.587070167557,1.04896465665,-0.246868998714,21.989914,23.518968,7.878275,-1.806357,0.388735,-3.133369
2,1789436473.569706440,0.534181929204,-0.256752440528,0.557969023732,0.587070167557,1.04896465665,-0.246868998714,21.99121,23.539148,7.74594,-1.8059,0.389755,-3.128656
2,1789436473.574869156,0.534181929204,-0.256752440528,0.557969023732,0.587070167557,1.04896465665,-0.246868998714,21.971327,23.52237,7.859953,-1.80559,0.389521,-3.13314
2,1789436473.579945326,0.534181929204,-0.256752440528,0.557969023732,0.587070167557,1.04896465665,-0.246868998714,21.942557,23.521229,8.062698,-1.805235,0.389985,-3.134363
2,1789436473.585006475,0.534181929204,-0.256752440528,0.557969023732,0.587070167557,1.04896465665,-0.246868998714,21.947994,23.528008,7.852527,-1.806718,0.385254,-3.132425
2,1789436473.589976311,0.534181929204,-0.256752440528,0.557969023732,0.587070167557,1.04896465665,-0.246868998714,21.984523,23.543571,7.86616,-1.810302,0.387371,-3.135439
2,1789436473.595075130,0.534181929204,-0.256752440528,0.557969023732,0.587070167557,1.04896465665,-0.246868998714,21.976517,23.526978,7.838672,-1.808729,0.386473,-3.135206
2,1789436473.600165129,0.534181929204,-0.256752440528,0.557969023732,0.587070167557,1.04896465665,-0.246868998714,21.978123,23.513444,7.916846,-1.802247,0.390316,-3.138424
2,1789436473.604856491,0.534181929204,-0.256752440528,0.557969023732,0.587070167557,1.04896465665,-0.246868998714,21.9571,23.548655,7.677399,-1.804953,0.390168,-3.130939
2,1789436473.609878778,0.534181929204,-0.256752440528,0.557969023732,0.587070167557,1.04896465665,-0.246868998714,21.983894,23.540033,7.841962,-1.806497,0.391783,-3.132554
2,1789436473.615087271,0.534181929204,-0.256752440528,0.557969023732,0.587070167557,1.04896465665,-0.246868998714,21.96704,23.560599,7.941413,-1.80567,0.39121,-3.134636
2,1789436473.619935751,0.534181929204,-0.256752440528,0.557969023732,0.587070167557,1.04896465665,-0.246868998714,21.950012,23.53904,7.788215,-1.80872,0.387594,-3.131662
2,1789436473.624861956,0.534181929204,-0.256752440528,0.557969023732,0.587070167557,1.04896465665,-0.246868998714,21.925975,23.516268,7.861621,-1.807909,0.384496,-3.132585
2,1789436473.629839182,0.534181929204,-0.256752440528,0.557969023732,0.587070167557,1.04896465665,-0.246868998714,21.974504,23.508962,8.047722,-1.804602,0.391691,-3.137798
2,1789436473.635065794,0.534181929204,-0.256752440528,0.557969023732,0.587070167557,1.04896465665,-0.246868998714,21.96019,23.517683,7.873881,-1.803731,0.389426,-3.13622
2,1789436473.639707565,0.534181929204,-0.256752440528,0.557969023732,0.587070167557,1.04896465665,-0.246868998714,21.92645,23.535195,8.068244,-1.804556,0.389052,-3.137021
2,1789436473.644904852,0.534181929204,-0.256752440528,0.557969023732,0.587070167557,1.04896465665,-0.246868998714,21.943877,23.510636,7.887908,-1.802253,0.388496,-3.133233
2,1789436473.650048971,0.534181929204,-0.256752440528,0.557969023732,0.587070167557,1.04896465665,-0.246868998714,21.968467,23.528406,7.816197,-1.80448,0.389379,-3.131403
2,1789436473.654855728,0.534181929204,-0.256752440528,0.557969023732,0.587070167557,1.04896465665,-0.246868998714,22.01103,23.526758,7.936652,-1.805882,0.392494,-3.137385
2,1789436473.659870386,0.534181929204,-0.256752440528,0.557969023732,0.587070167557,1.04896465665,-0.246868998714,21.957128,23.569707,7.90831,-1.809325,0.388844,-3.13222
2,1789436473.664941072,0.534181929204,-0.256752440528,0.557969023732,0.587070167557,1.04896465665,-0.246868998714,21.951231,23.540996,7.751273,-1.804802,0.388285,-3.131475
2,1789436473.669568539,0.534181929204,-0.256752440528,0.557969023732,0.587070167557,1.04896465665,-0.246868998714,21.9226,23.53465,7.869691,-1.804244,0.387107,-3.133252
2,1789436473.674562931,0.534181929204,-0.256752440528,0.557969023732,0.587070167557,1.04896465665,-0.246868998714,21.95376,23.548253,7.955577,-1.807216,0.388982,-3.137713
2,1789436473.679619312,0.534181929204,-0.256752440528,0.557969023732,0.587070167557,1.04896465665,-0.246868998714,21.973386,23.525167,7.76215,-1.804569,0.388165,-3.13036
2,1789436473.684514761,0.534181929204,-0.256752440528,0.557969023732,0.587070167557,1.04896465665,-0.246868998714,21.995854,23.502468,7.821743,-1.806102,0.387531,-3.133883
2,1789436473.689466476,0.534181929204,-0.256752440528,0.557969023732,0.587070167557,1.04896465665,-0.246868998714,21.961181,23.531953,8.032744,-1.805028,0.38955,-3.135794
2,1789436473.694408417,0.534181929204,-0.256752440528,0.557969023732,0.587070167557,1.04896465665,-0.246868998714,21.965828,23.549516,7.832887,-1.806256,0.38739,-3.132968
2,1789436473.699533463,0.534181929204,-0.256752440528,0.557969023732,0.587070167557,1.04896465665,-0.246868998714,21.981365,23.541615,7.774905,-1.808399,0.388177,-3.134209
2,1789436473.704461098,0.534181929204,-0.256752440528,0.557969023732,0.587070167557,1.04896465665,-0.246868998714,21.972202,23.530593,7.89169,-1.808632,0.387677,-3.136925
2,1789436473.709718704,0.534181929204,-0.256752440528,0.557969023732,0.587070167557,1.04896465665,-0.246868998714,21.942686,23.552923,7.915071,-1.80581,0.386253,-3.134146
2,1789436473.714765072,0.534181929204,-0.256752440528,0.557969023732,0.587070167557,1.04896465665,-0.246868998714,21.958847,23.530993,7.725148,-1.802449,0.389625,-3.136214
2,1789436473.719596148,0.534181929204,-0.256752440528,0.557969023732,0.587070167557,1.04896465665,-0.246868998714,21.972413,23.527931,7.846832,-1.804483,0.391892,-3.135414
2,1789436473.724591255,0.534181929204,-0.256752440528,0.557969023732,0.587070167557,1.04896465665,-0.246868998714,21.974431,23.524156,7.892406,-1.805564,0.389424,-3.130187
2,1789436473.729606628,0.534181929204,-0.256752440528,0.557969023732,0.587070167557,1.04896465665,-0.246868998714,21.98491,23.501796,7.878582,-1.802213,0.391072,-3.132879
2,1789436473.734637976,0.534181929204,-0.256752440528,0.557969023732,0.587070167557,1.04896465665,-0.246868998714,21.94602,23.558979,7.813357,-1.808592,0.386699,-3.127601
2,1789436473.739479303,0.534181929204,-0.256752440528,0.557969023732,0.587070167557,1.04896465665,-0.246868998714,21.927638,23.536802,8.027202,-1.808411,0.386073,-3.13373
2,1789436473.744623899,0.534181929204,-0.256752440528,0.557969023732,0.587070167557,1.04896465665,-0.246868998714,21.975842,23.530336,7.885494,-1.803148,0.392163,-3.134464
2,1789436473.749543190,0.534181929204,-0.256752440528,0.557969023732,0.587070167557,1.04896465665,-0.246868998714,21.947855,23.51342,7.813658,-1.805754,0.386027,-3.133359
2,1789436473.754455805,0.534181929204,-0.256752440528,0.557969023732,0.587070167557,1.04896465665,-0.246868998714,21.964494,23.503696,7.760717,-1.806325,0.389526,-3.131012
2,1789436473.759368181,0.534181929204,-0.256752440528,0.557969023732,0.587070167557,1.04896465665,-0.246868998714,21.983789,23.524802,7.90378,-1.804921,0.387762,-3.135107
2,1789436473.764718771,0.534181929204,-0.256752440528,0.557969023732,0.587070167557,1.04896465665,-0.246868998714,22.004258,23.532311,7.723437,-1.799936,0.392593,-3.130924
2,1789436473.769405842,0.534181929204,-0.256752440528,0.557969023732,0.587070167557,1.04896465665,-0.246868998714,21.94187,23.515047,7.821222,-1.804416,0.388333,-3.128188
2,1789436473.774545670,0.534181929204,-0.256752440528,0.557969023732,0.587070167557,1.04896465665,-0.246868998714,21.96435,23.524716,7.929315,-1.80713,0.389881,-3.136403
2,1789436473.779519081,0.534181929204,-0.256752440528,0.557969023732,0.587070167557,1.04896465665,-0.246868998714,21.953705,23.548546,7.7624,-1.807868,0.387483,-3.130366
2,1789436473.784556150,0.534181929204,-0.256752440528,0.557969023732,0.587070167557,1.04896465665,-0.246868998714,21.949246,23.521726,7.871608,-1.802987,0.387059,-3.131931
2,1789436473.789408684,0.534181929204,-0.256752440528,0.557969023732,0.587070167557,1.04896465665,-0.246868998714,21.933406,23.541596,8.042844,-1.806678,0.391645,-3.135087
2,1789436473.794520855,0.534181929204,-0.256752440528,0.557969023732,0.587070167557,1.04896465665,-0.246868998714,21.972354,23.518407,7.862587,-1.803095,0.388784,-3.137597
2,1789436473.799557447,0.534181929204,-0.256752440528,0.557969023732,0.587070167557,1.04896465665,-0.246868998714,21.995828,23.528989,7.788936,-1.808061,0.393739,-3.130419
2,1789436473.804522038,0.534181929204,-0.256752440528,0.557969023732,0.587070167557,1.04896465665,-0.246868998714,21.978019,23.532704,7.872497,-1.807959,0.388608,-3.131139
2,1789436473.809473515,0.534181929204,-0.256752440528,0.557969023732,0.587070167557,1.04896465665,-0.246868998714,21.996193,23.560089,7.941263,-1.805415,0.393306,-3.134476
2,1789436473.814721584,0.534181929204,-0.256752440528,0.557969023732,0.587070167557,1.04896465665,-0.246868998714,21.919345,23.547415,7.650602,-1.808472,0.383865,-3.130894
2,1789436473.819609642,0.534181929204,-0.256752440528,0.557969023732,0.587070167557,1.04896465665,-0.246868998714,21.970984,23.516395,7.902783,-1.803463,0.389725,-3.135525
2,1789436473.824638605,0.534181929204,-0.256752440528,0.557969023732,0.587070167557,1.04896465665,-0.246868998714,21.93584,23.532872,7.902678,-1.808196,0.3868,-3.129888
2,1789436473.829703093,0.534181929204,-0.256752440528,0.557969023732,0.587070167557,1.04896465665,-0.246868998714,22.009294,23.528716,7.833473,-1.803898,0.390694,-3.138183
2,1789436473.834971428,0.534181929204,-0.256752440528,0.557969023732,0.587070167557,1.04896465665,-0.246868998714,21.931255,23.544722,7.825129,-1.807585,0.386717,-3.132017
2,1789436473.839762688,0.534181929204,-0.256752440528,0.557969023732,0.587070167557,1.04896465665,-0.246868998714,21.99082,23.523696,8.038885,-1.803651,0.393128,-3.137411
2,1789436473.845184803,0.534181929204,-0.256752440528,0.557969023732,0.587070167557,1.04896465665,-0.246868998714,21.958389,23.497475,7.811936,-1.803875,0.387471,-3.134256
2,1789436473.849940300,0.534181929204,-0.256752440528,0.557969023732,0.587070167557,1.04896465665,-0.246868998714,21.953263,23.498126,8.02505,-1.804167,0.391071,-3.13441
2,1789436473.854787350,0.534181929204,-0.256752440528,0.557969023732,0.587070167557,1.04896465665,-0.246868998714,21.956123,23.535537,7.816939,-1.804291,0.389645,-3.130939
2,1789436473.860261917,0.534181929204,-0.256752440528,0.557969023732,0.587070167557,1.04896465665,-0.246868998714,21.966198,23.558781,7.81601,-1.807325,0.391048,-3.13146
2,1789436473.865012884,0.534181929204,-0.256752440528,0.557969023732,0.587070167557,1.04896465665,-0.246868998714,21.930651,23.544347,7.826158,-1.807594,0.386727,-3.131341
2,1789436473.869690895,0.534181929204,-0.256752440528,0.557969023732,0.587070167557,1.04896465665,-0.246868998714,21.948565,23.514289,7.941098,-1.799918,0.38893,-3.134951
2,1789436473.874875069,0.534181929204,-0.256752440528,0.557969023732,0.587070167557,1.04896465665,-0.246868998714,21.965277,23.532748,7.711205,-1.805024,0.389429,-3.127074
2,1789436473.879912138,0.534181929204,-0.256752440528,0.557969023732,0.587070167557,1.04896465665,-0.246868998714,21.967843,23.50867,7.828497,-1.805896,0.387434,-3.13562
2,1789436473.884840488,0.534181929204,-0.256752440528,0.557969023732,0.587070167557,1.04896465665,-0.246868998714,22.003452,23.51315,7.920031,-1.805348,0.389079,-3.135342
2,1789436473.889806986,0.534181929204,-0.256752440528,0.557969023732,0.587070167557,1.04896465665,-0.246868998714,21.966898,23.514815,7.777834,-1.807389,0.386475,-3.126288
2,1789436473.894871950,0.534181929204,-0.256752440528,0.557969023732,0.587070167557,1.04896465665,-0.246868998714,21.976269,23.538164,7.836852,-1.807183,0.389368,-3.130071
2,1789436473.899936914,0.534181929204,-0.256752440528,0.557969023732,0.587070167557,1.04896465665,-0.246868998714,21.959929,23.558526,8.042685,-1.809265,0.388256,-3.135603
2,1789436473.904845715,0.534181929204,-0.256752440528,0.557969023732,0.587070167557,1.04896465665,-0.246868998714,21.941418,23.538399,7.857621,-1.803874,0.386865,-3.135098
2,1789436473.910347700,0.534181929204,-0.256752440528,0.557969023732,0.587070167557,1.04896465665,-0.246868998714,21.928045,23.493326,7.80131,-1.80197,0.389606,-3.12883
2,1789436473.914911985,0.534181929204,-0.256752440528,0.557969023732,0.587070167557,1.04896465665,-0.246868998714,21.965269,23.51423,7.689607,-1.808683,0.385441,-3.129327
2,1789436473.919840097,0.534181929204,-0.256752440528,0.557969023732,0.587070167557,1.04896465665,-0.246868998714,22.014283,23.551158,7.910371,-1.804367,0.391813,-3.136547
2,1789436473.924912453,0.534181929204,-0.256752440528,0.557969023732,0.587070167557,1.04896465665,-0.246868998714,21.955049,23.534792,7.67202,-1.805276,0.388752,-3.128456
2,1789436473.929756403,0.534181929204,-0.256752440528,0.557969023732,0.587070167557,1.04896465665,-0.246868998714,21.96603,23.518537,7.85661,-1.804056,0.390907,-3.129094
2,1789436473.934923410,0.534181929204,-0.256752440528,0.557969023732,0.587070167557,1.04896465665,-0.246868998714,21.972975,23.550213,7.928094,-1.808516,0.389243,-3.1313
2,1789436473.939787626,0.534181929204,-0.256752440528,0.557969023732,0.587070167557,1.04896465665,-0.246868998714,21.943539,23.551797,7.797967,-1.808422,0.385874,-3.131639
2,1789436473.944840908,0.534181929204,-0.256752440528,0.557969023732,0.587070167557,1.04896465665,-0.246868998714,21.98609,23.538604,7.844971,-1.805245,0.388809,-3.137012
2,1789436473.949982882,0.534181929204,-0.256752440528,0.557969023732,0.587070167557,1.04896465665,-0.246868998714,21.938952,23.537345,7.990089,-1.808103,0.384893,-3.133797
2,1789436473.954803705,0.534181929204,-0.256752440528,0.557969023732,0.587070167557,1.04896465665,-0.246868998714,21.969781,23.509495,7.821427,-1.803621,0.388659,-3.134058
2,1789436473.959760427,0.534181929204,-0.256752440528,0.557969023732,0.587070167557,1.04896465665,-0.246868998714,21.989653,23.504811,7.753477,-1.804085,0.389521,-3.135764
2,1789436473.964950323,0.534181929204,-0.256752440528,0.557969023732,0.587070167557,1.04896465665,-0.246868998714,22.026728,23.518506,7.840601,-1.807397,0.393612,-3.133076
2,1789436473.969815969,0.534181929204,-0.256752440528,0.557969023732,0.587070167557,1.04896465665,-0.246868998714,21.935005,23.541259,7.888256,-1.80963,0.3844,-3.127447
2,1789436473.974785328,0.534181929204,-0.256752440528,0.557969023732,0.587070167557,1.04896465665,-0.246868998714,21.974994,23.553927,7.76594,-1.808108,0.386826,-3.134215
2,1789436473.979885817,0.534181929204,-0.256752440528,0.557969023732,0.587070167557,1.04896465665,-0.246868998714,21.978762,23.55589,7.860429,-1.807107,0.387638,-3.13319
2,1789436473.984940052,0.534181929204,-0.256752440528,0.557969023732,0.587070167557,1.04896465665,-0.246868998714,21.971375,23.532363,7.929353,-1.803102,0.388585,-3.136617
2,1789436473.989897013,0.534181929204,-0.256752440528,0.557969023732,0.587070167557,1.04896465665,-0.246868998714,21.973994,23.53447,7.860018,-1.802723,0.393846,-3.132715
2,1789436473.994892836,0.534181929204,-0.256752440528,0.557969023732,0.587070167557,1.04896465665,-0.246868998714,21.967364,23.536512,7.803533,-1.806878,0.386837,-3.133896
2,1789436473.999929190,0.534181929204,-0.256752440528,0.557969023732,0.587070167557,1.04896465665,-0.246868998714,21.986371,23.536917,7.786969,-1.803995,0.390618,-3.132164
2,1789436474.004699230,0.534181929204,-0.256752440528,0.557969023732,0.587070167557,1.04896465665,-0.246868998714,21.951032,23.530486,7.818379,-1.805683,0.390876,-3.129816
2,1789436474.009762049,0.534181929204,-0.256752440528,0.557969023732,0.587070167557,1.04896465665,-0.246868998714,21.948346,23.549363,7.850136,-1.805559,0.391844,-3.133377
2,1789436474.014931679,0.534181929204,-0.256752440528,0.557969023732,0.587070167557,1.04896465665,-0.246868998714,21.943665,23.552495,7.605635,-1.80485,0.386413,-3.129655
2,1789436474.019847631,0.534181929204,-0.256752440528,0.557969023732,0.587070167557,1.04896465665,-0.246868998714,21.978202,23.520042,7.98276,-1.802745,0.390664,-3.137893
2,1789436474.024803400,0.534181929204,-0.256752440528,0.557969023732,0.587070167557,1.04896465665,-0.246868998714,21.94704,23.535148,7.70303,-1.810098,0.388387,-3.126408
2,1789436474.029795408,0.534181929204,-0.256752440528,0.557969023732,0.587070167557,1.04896465665,-0.246868998714,22.008676,23.514896,7.842414,-1.803245,0.390546,-3.138373
2,1789436474.034923077,0.534181929204,-0.256752440528,0.557969023732,0.587070167557,1.04896465665,-0.246868998714,21.983098,23.541427,7.886632,-1.810024,0.388686,-3.134065
2,1789436474.039797544,0.534181929204,-0.256752440528,0.557969023732,0.587070167557,1.04896465665,-0.246868998714,21.976751,23.534091,7.769203,-1.806309,0.387352,-3.131942
2,1789436474.044918537,0.534181929204,-0.256752440528,0.557969023732,0.587070167557,1.04896465665,-0.246868998714,21.970064,23.534055,7.827042,-1.806613,0.390255,-3.130294
2,1789436474.049941301,0.534181929204,-0.256752440528,0.557969023732,0.587070167557,1.04896465665,-0.246868998714,21.968694,23.54897,8.046736,-1.803999,0.391202,-3.138723
2,1789436474.054770470,0.534181929204,-0.256752440528,0.557969023732,0.587070167557,1.04896465665,-0.246868998714,21.980677,23.526649,7.848948,-1.802598,0.391688,-3.134067
2,1789436474.059748411,0.534181929204,-0.256752440528,0.557969023732,0.587070167557,1.04896465665,-0.246868998714,21.963399,23.524482,8.016386,-1.808111,0.389333,-3.134262
2,1789436474.064835548,0.534181929204,-0.256752440528,0.557969023732,0.587070167557,1.04896465665,-0.246868998714,21.962821,23.537489,7.870772,-1.809103,0.388959,-3.132248
2,1789436474.069701672,0.534181929204,-0.256752440528,0.557969023732,0.587070167557,1.04896465665,-0.246868998714,21.949543,23.539611,7.78833,-1.808385,0.387049,-3.131657
2,1789436474.074563026,0.534181929204,-0.256752440528,0.557969023732,0.587070167557,1.04896465665,-0.246868998714,21.981247,23.480635,7.657005,-1.804953,0.387351,-3.132043
2,1789436474.079729557,0.534181929204,-0.256752440528,0.557969023732,0.587070167557,1.04896465665,-0.246868998714,21.974788,23.507409,7.898685,-1.804319,0.392584,-3.131737
2,1789436474.084726810,0.534181929204,-0.256752440528,0.557969023732,0.587070167557,1.04896465665,-0.246868998714,21.997637,23.527467,7.680455,-1.806175,0.390375,-3.128754
2,1789436474.089500666,0.534181929204,-0.256752440528,0.557969023732,0.587070167557,1.04896465665,-0.246868998714,21.9968,23.562003,7.860886,-1.807643,0.390529,-3.132576
2,1789436474.094773293,0.534181929204,-0.256752440528,0.557969023732,0.587070167557,1.04896465665,-0.246868998714,21.942854,23.561544,7.924338,-1.805942,0.384945,-3.134361
2,1789436474.099822760,0.534181929204,-0.256752440528,0.557969023732,0.587070167557,1.04896465665,-0.246868998714,21.942566,23.526336,7.822241,-1.805444,0.390507,-3.127321
2,1789436474.104703903,0.534181929204,-0.256752440528,0.557969023732,0.587070167557,1.04896465665,-0.246868998714,21.971992,23.511884,7.854745,-1.80357,0.38788,-3.136702
2,1789436474.109706640,0.534181929204,-0.256752440528,0.557969023732,0.587070167557,1.04896465665,-0.246868998714,21.953079,23.518585,8.038331,-1.806275,0.3907,-3.138011
2,1789436474.114934206,0.534181929204,-0.256752440528,0.557969023732,0.587070167557,1.04896465665,-0.246868998714,21.97672,23.529263,7.822598,-1.805131,0.386256,-3.13364
2,1789436474.119750977,0.534181929204,-0.256752440528,0.557969023732,0.587070167557,1.04896465665,-0.246868998714,21.970581,23.510674,7.802873,-1.803914,0.393575,-3.127391
2,1789436474.124713659,0.534181929204,-0.256752440528,0.557969023732,0.587070167557,1.04896465665,-0.246868998714,21.962434,23.531147,7.807105,-1.804401,0.390249,-3.131188
2,1789436474.129772902,0.534181929204,-0.256752440528,0.557969023732,0.587070167557,1.04896465665,-0.246868998714,21.976257,23.533883,7.940918,-1.803402,0.389382,-3.135049
2,1789436474.134806633,0.534181929204,-0.256752440528,0.557969023732,0.587070167557,1.04896465665,-0.246868998714,21.95071,23.533345,7.690536,-1.806596,0.387385,-3.128645
2,1789436474.139600277,0.534181929204,-0.256752440528,0.557969023732,0.587070167557,1.04896465665,-0.246868998714,21.930262,23.531225,7.863163,-1.807251,0.386019,-3.131491
2,1789436474.144706249,0.534181929204,-0.256752440528,0.557969023732,0.587070167557,1.04896465665,-0.246868998714,21.951249,23.542488,7.946884,-1.805411,0.387567,-3.137471
2,1789436474.149830341,0.534181929204,-0.256752440528,0.557969023732,0.587070167557,1.04896465665,-0.246868998714,21.974235,23.525348,7.78797,-1.804241,0.388703,-3.13167
2,1789436474.154664278,0.534181929204,-0.256752440528,0.557969023732,0.587070167557,1.04896465665,-0.246868998714,21.97619,23.503087,7.832024,-1.804746,0.390548,-3.132944
2,1789436474.159835815,0.534181929204,-0.256752440528,0.557969023732,0.587070167557,1.04896465665,-0.246868998714,21.949271,23.523114,7.978924,-1.805845,0.390943,-3.134283
2,1789436474.164955616,0.534181929204,-0.256752440528,0.557969023732,0.587070167557,1.04896465665,-0.246868998714,21.951013,23.545387,7.85624,-1.805994,0.390108,-3.129552
2,1789436474.169746637,0.534181929204,-0.256752440528,0.557969023732,0.587070167557,1.04896465665,-0.246868998714,21.957725,23.545605,7.852212,-1.804715,0.387756,-3.132464
2,1789436474.174917459,0.534181929204,-0.256752440528,0.557969023732,0.587070167557,1.04896465665,-0.246868998714,21.9647,23.546236,7.844905,-1.806649,0.389437,-3.130941
2,1789436474.179983616,0.534181929204,-0.256752440528,0.557969023732,0.587070167557,1.04896465665,-0.246868998714,21.956358,23.529258,7.89798,-1.808314,0.387462,-3.132847
2,1789436474.184737444,0.534181929204,-0.256752440528,0.557969023732,0.587070167557,1.04896465665,-0.246868998714,22.020779,23.527885,7.846986,-1.805889,0.389685,-3.135501
2,1789436474.189538717,0.534181929204,-0.256752440528,0.557969023732,0.587070167557,1.04896465665,-0.246868998714,21.976965,23.547919,7.826581,-1.807289,0.387315,-3.130984
2,1789436474.194781065,0.534181929204,-0.256752440528,0.557969023732,0.587070167557,1.04896465665,-0.246868998714,21.958005,23.540283,7.906102,-1.809022,0.390542,-3.13332
2,1789436474.199818134,0.534181929204,-0.256752440528,0.557969023732,0.587070167557,1.04896465665,-0.246868998714,21.988892,23.55302,7.815608,-1.806545,0.388879,-3.131928
2,1789436474.204686165,0.534181929204,-0.256752440528,0.557969023732,0.587070167557,1.04896465665,-0.246868998714,21.977714,23.534572,7.874673,-1.804031,0.388992,-3.135822
2,1789436474.209729910,0.534181929204,-0.256752440528,0.557969023732,0.587070167557,1.04896465665,-0.246868998714,21.9417,23.540302,8.049951,-1.807696,0.390181,-3.136659
2,1789436474.215028048,0.534181929204,-0.256752440528,0.557969023732,0.587070167557,1.04896465665,-0.246868998714,21.958733,23.532906,7.894283,-1.803389,0.387948,-3.135298
2,1789436474.219767809,0.534181929204,-0.256752440528,0.557969023732,0.587070167557,1.04896465665,-0.246868998714,21.94817,23.547593,7.787167,-1.806587,0.386511,-3.132547
2,1789436474.224627256,0.534181929204,-0.256752440528,0.557969023732,0.587070167557,1.04896465665,-0.246868998714,21.975218,23.497552,7.633724,-1.802279,0.389495,-3.134992
2,1789436474.229676247,0.534181929204,-0.256752440528,0.557969023732,0.587070167557,1.04896465665,-0.246868998714,21.97032,23.496962,7.917189,-1.805516,0.392892,-3.1317
2,1789436474.234979868,0.534181929204,-0.256752440528,0.557969023732,0.587070167557,1.04896465665,-0.246868998714,21.996992,23.516676,7.696022,-1.804164,0.388385,-3.130936
2,1789436474.239802837,0.534181929204,-0.256752440528,0.557969023732,0.587070167557,1.04896465665,-0.246868998714,21.971425,23.570563,7.900208,-1.807076,0.389791,-3.131354
2,1789436474.244878054,0.534181929204,-0.256752440528,0.557969023732,0.587070167557,1.04896465665,-0.246868998714,21.912837,23.549961,7.91787,-1.806785,0.386382,-3.132297
2,1789436474.249898434,0.534181929204,-0.256752440528,0.557969023732,0.587070167557,1.04896465665,-0.246868998714,21.947947,23.54322,7.833041,-1.806027,0.390572,-3.132494
2,1789436474.254545927,0.534181929204,-0.256752440528,0.557969023732,0.587070167557,1.04896465665,-0.246868998714,21.924132,23.509409,7.81224,-1.804827,0.384922,-3.134421
2,1789436474.259669542,0.534181929204,-0.256752440528,0.557969023732,0.587070167557,1.04896465665,-0.246868998714,21.978184,23.511342,8.062398,-1.800672,0.393443,-3.140237
2,1789436474.264842510,0.534181929204,-0.256752440528,0.557969023732,0.587070167557,1.04896465665,-0.246868998714,21.955406,23.517454,7.811947,-1.806322,0.385856,-3.134504
2,1789436474.269715786,0.534181929204,-0.256752440528,0.557969023732,0.587070167557,1.04896465665,-0.246868998714,21.955788,23.509519,8.022164,-1.804886,0.388245,-3.136663
2,1789436474.274613857,0.534181929204,-0.256752440528,0.557969023732,0.587070167557,1.04896465665,-0.246868998714,21.980635,23.533643,7.788732,-1.805029,0.390199,-3.131031
2,1789436474.279627323,0.534181929204,-0.256752440528,0.557969023732,0.587070167557,1.04896465665,-0.246868998714,21.991071,23.538568,7.743715,-1.804615,0.390869,-3.130001
2,1789436474.284744501,0.534181929204,-0.256752440528,0.557969023732,0.587070167557,1.04896465665,-0.246868998714,21.95832,23.53624,7.605827,-1.807508,0.387774,-3.12924
2,1789436474.289607763,0.534181929204,-0.256752440528,0.557969023732,0.587070167557,1.04896465665,-0.246868998714,21.95517,23.555631,7.97211,-1.80706,0.389272,-3.132994
2,1789436474.294708252,0.534181929204,-0.256752440528,0.557969023732,0.587070167557,1.04896465665,-0.246868998714,21.95025,23.544382,7.710198,-1.806659,0.389764,-3.127744
2,1789436474.299749374,0.534181929204,-0.256752440528,0.557969023732,0.587070167557,1.04896465665,-0.246868998714,21.974006,23.533816,7.854936,-1.805335,0.387249,-3.136738
2,1789436474.304602623,0.534181929204,-0.256752440528,0.557969023732,0.587070167557,1.04896465665,-0.246868998714,21.960708,23.551912,7.954896,-1.807793,0.388821,-3.138182
2,1789436474.309789181,0.534181929204,-0.256752440528,0.557969023732,0.587070167557,1.04896465665,-0.246868998714,21.969906,23.523704,7.75879,-1.804915,0.387711,-3.132598
2,1789436474.314832687,0.534181929204,-0.256752440528,0.557969023732,0.587070167557,1.04896465665,-0.246868998714,21.982208,23.516914,7.799231,-1.807024,0.392221,-3.129902
2,1789436474.319571018,0.534181929204,-0.256752440528,0.557969023732,0.587070167557,1.04896465665,-0.246868998714,21.983583,23.517061,7.791085,-1.804121,0.388344,-3.135706
2,1789436474.324706078,0.534181929204,-0.256752440528,0.557969023732,0.587070167557,1.04896465665,-0.246868998714,21.964982,23.563107,7.846454,-1.807545,0.392713,-3.129636
2,1789436474.329663515,0.534181929204,-0.256752440528,0.557969023732,0.587070167557,1.04896465665,-0.246868998714,21.939074,23.536504,7.877105,-1.802296,0.388199,-3.134388
2,1789436474.334736347,0.534181929204,-0.256752440528,0.557969023732,0.587070167557,1.04896465665,-0.246868998714,21.949665,23.549398,7.702389,-1.806863,0.391053,-3.126648
2,1789436474.339642286,0.534181929204,-0.256752440528,0.557969023732,0.587070167557,1.04896465665,-0.246868998714,21.969385,23.534385,7.889238,-1.804995,0.384967,-3.138908
2,1789436474.344619274,0.534181929204,-0.256752440528,0.557969023732,0.587070167557,1.04896465665,-0.246868998714,21.987623,23.524488,7.721513,-1.804929,0.389149,-3.132469
2,1789436474.349871635,0.534181929204,-0.256752440528,0.557969023732,0.587070167557,1.04896465665,-0.246868998714,22.00855,23.521406,7.759498,-1.808279,0.387946,-3.132016
2,1789436474.354606152,0.534181929204,-0.256752440528,0.557969023732,0.587070167557,1.04896465665,-0.246868998714,22.006778,23.538324,7.923549,-1.804969,0.392914,-3.133819
2,1789436474.359915495,0.534181929204,-0.256752440528,0.557969023732,0.587070167557,1.04896465665,-0.246868998714,21.968764,23.527269,7.807742,-1.805151,0.390111,-3.13075
2,1789436474.364962339,0.534181929204,-0.256752440528,0.557969023732,0.587070167557,1.04896465665,-0.246868998714,21.952931,23.563054,7.843622,-1.805919,0.388021,-3.132048
2,1789436474.369733572,0.534181929204,-0.256752440528,0.557969023732,0.587070167557,1.04896465665,-0.246868998714,21.941035,23.537015,8.016897,-1.804231,0.388147,-3.134204
2,1789436474.374705076,0.534181929204,-0.256752440528,0.557969023732,0.587070167557,1.04896465665,-0.246868998714,21.979255,23.514919,7.85608,-1.805456,0.387711,-3.135831
2,1789436474.379744530,0.534181929204,-0.256752440528,0.557969023732,0.587070167557,1.04896465665,-0.246868998714,21.975159,23.532956,7.742188,-1.805362,0.387938,-3.131301
2,1789436474.384683609,0.534181929204,-0.256752440528,0.557969023732,0.587070167557,1.04896465665,-0.246868998714,21.973324,23.495944,7.614109,-1.804908,0.388415,-3.129646
2,1789436474.389676571,0.534181929204,-0.256752440528,0.557969023732,0.587070167557,1.04896465665,-0.246868998714,21.951098,23.525044,7.903892,-1.806788,0.389216,-3.128789
2,1789436474.394866467,0.534181929204,-0.256752440528,0.557969023732,0.587070167557,1.04896465665,-0.246868998714,21.987075,23.535407,7.715336,-1.805967,0.390976,-3.130264
2,1789436474.399716854,0.534181929204,-0.256752440528,0.557969023732,0.587070167557,1.04896465665,-0.246868998714,21.976938,23.539915,7.85974,-1.805202,0.38936,-3.133391
2,1789436474.404531956,0.534181929204,-0.256752440528,0.557969023732,0.587070167557,1.04896465665,-0.246868998714,21.958046,23.558659,7.934213,-1.80409,0.389379,-3.133487
2,1789436474.409695148,0.534181929204,-0.256752440528,0.557969023732,0.587070167557,1.04896465665,-0.246868998714,21.937337,23.536488,7.776011,-1.806187,0.384906,-3.127813
2,1789436474.414830685,0.534181929204,-0.256752440528,0.557969023732,0.587070167557,1.04896465665,-0.246868998714,21.96749,23.522242,7.801983,-1.806232,0.387416,-3.134778
2,1789436474.419767141,0.534181929204,-0.256752440528,0.557969023732,0.587070167557,1.04896465665,-0.246868998714,21.993416,23.513335,8.033636,-1.802923,0.391458,-3.140984
2,1789436474.424628735,0.534181929204,-0.256752440528,0.557969023732,0.587070167557,1.04896465665,-0.246868998714,21.979401,23.526294,7.835636,-1.804228,0.390415,-3.130725
2,1789436474.429794550,0.534181929204,-0.256752440528,0.557969023732,0.587070167557,1.04896465665,-0.246868998714,21.969367,23.535832,7.716605,-1.806576,0.388063,-3.129769
2,1789436474.434718132,0.534181929204,-0.256752440528,0.557969023732,0.587070167557,1.04896465665,-0.246868998714,21.958678,23.550817,7.614595,-1.807499,0.387557,-3.129691
2,1789436474.439705133,0.534181929204,-0.256752440528,0.557969023732,0.587070167557,1.04896465665,-0.246868998714,21.963313,23.526301,7.949384,-1.801928,0.390609,-3.135449
2,1789436474.444906712,0.534181929204,-0.256752440528,0.557969023732,0.587070167557,1.04896465665,-0.246868998714,21.965847,23.552024,7.721396,-1.805873,0.390854,-3.126422
2,1789436474.449757338,0.534181929204,-0.256752440528,0.557969023732,0.587070167557,1.04896465665,-0.246868998714,21.919468,23.532513,7.834261,-1.807519,0.385719,-3.132186
2,1789436474.454550266,0.534181929204,-0.256752440528,0.557969023732,0.587070167557,1.04896465665,-0.246868998714,21.959933,23.519517,7.945493,-1.807248,0.386317,-3.138365
2,1789436474.459747553,0.534181929204,-0.256752440528,0.557969023732,0.587070167557,1.04896465665,-0.246868998714,21.975257,23.513491,7.797171,-1.805166,0.386863,-3.131866
2,1789436474.464927435,0.534181929204,-0.256752440528,0.557969023732,0.587070167557,1.04896465665,-0.246868998714,21.989564,23.525984,7.821923,-1.810389,0.392216,-3.127225
2,1789436474.469744444,0.534181929204,-0.256752440528,0.557969023732,0.587070167557,1.04896465665,-0.246868998714,21.982042,23.529471,8.044726,-1.804475,0.389837,-3.14007
2,1789436474.474721909,0.534181929204,-0.256752440528,0.557969023732,0.587070167557,1.04896465665,-0.246868998714,21.984511,23.514675,7.786663,-1.807408,0.389058,-3.132373
2,1789436474.479691505,0.534181929204,-0.256752440528,0.557969023732,0.587070167557,1.04896465665,-0.246868998714,21.99665,23.526723,8.0661,-1.803271,0.39354,-3.137834
2,1789436474.484702349,0.534181929204,-0.256752440528,0.557969023732,0.587070167557,1.04896465665,-0.246868998714,21.941115,23.575664,7.859491,-1.809165,0.38807,-3.127779
2,1789436474.489500999,0.534181929204,-0.256752440528,0.557969023732,0.587070167557,1.04896465665,-0.246868998714,21.973342,23.547647,7.829544,-1.80599,0.386682,-3.13522
2,1789436474.494713783,0.534181929204,-0.256752440528,0.557969023732,0.587070167557,1.04896465665,-0.246868998714,21.948834,23.55071,7.87218,-1.807802,0.389797,-3.131334
2,1789436474.499909401,0.534181929204,-0.256752440528,0.557969023732,0.587070167557,1.04896465665,-0.246868998714,21.977466,23.521702,7.956119,-1.807885,0.386277,-3.137493
2,1789436474.504707336,0.534181929204,-0.256752440528,0.557969023732,0.587070167557,1.04896465665,-0.246868998714,21.987114,23.551881,7.82481,-1.804951,0.389835,-3.131906
2,1789436474.509823084,0.534181929204,-0.256752440528,0.557969023732,0.587070167557,1.04896465665,-0.246868998714,21.961873,23.53969,7.822507,-1.802266,0.389881,-3.133401
2,1789436474.514893532,0.534181929204,-0.256752440528,0.557969023732,0.587070167557,1.04896465665,-0.246868998714,21.958973,23.554868,7.918104,-1.806109,0.391943,-3.131517
2,1789436474.519650221,0.534181929204,-0.256752440528,0.557969023732,0.587070167557,1.04896465665,-0.246868998714,21.965942,23.534366,7.825129,-1.802076,0.390338,-3.131607
2,1789436474.524453878,0.534181929204,-0.256752440528,0.557969023732,0.587070167557,1.04896465665,-0.246868998714,21.9558,23.528306,7.860568,-1.807685,0.388215,-3.132899
2,1789436474.529496670,0.534181929204,-0.256752440528,0.557969023732,0.587070167557,1.04896465665,-0.246868998714,21.943887,23.529941,8.044703,-1.806967,0.388511,-3.140232
2,1789436474.534590006,0.534181929204,-0.256752440528,0.557969023732,0.587070167557,1.04896465665,-0.246868998714,21.966706,23.554392,7.896347,-1.806138,0.38994,-3.133793
2,1789436474.539382219,0.534181929204,-0.256752440528,0.557969023732,0.587070167557,1.04896465665,-0.246868998714,21.951603,23.513929,7.751614,-1.805425,0.387221,-3.131219
2,1789436474.544598341,0.534181929204,-0.256752440528,0.557969023732,0.587070167557,1.04896465665,-0.246868998714,22.001687,23.523571,7.63032,-1.802713,0.391215,-3.131053
2,1789436474.549574137,0.534181929204,-0.256752440528,0.557969023732,0.587070167557,1.04896465665,-0.246868998714,21.965462,23.514845,7.842792,-1.806406,0.386721,-3.132463
2,1789436474.554456949,0.534181929204,-0.256752440528,0.557969023732,0.587070167557,1.04896465665,-0.246868998714,22.00347,23.555334,7.760724,-1.804244,0.39461,-3.130708
2,1789436474.559504032,0.534181929204,-0.256752440528,0.557969023732,0.587070167557,1.04896465665,-0.246868998714,21.941087,23.577252,7.814229,-1.80978,0.386228,-3.127167
2,1789436474.564739466,0.534181929204,-0.256752440528,0.557969023732,0.587070167557,1.04896465665,-0.246868998714,21.958047,23.539808,7.957078,-1.801612,0.388868,-3.136777
2,1789436474.569755316,0.534181929204,-0.256752440528,0.557969023732,0.587070167557,1.04896465665,-0.246868998714,21.945486,23.537918,7.800732,-1.806482,0.387491,-3.129603
2,1789436474.574704409,0.534181929204,-0.256752440528,0.557969023732,0.587070167557,1.04896465665,-0.246868998714,21.997663,23.535046,7.820748,-1.806965,0.390202,-3.134392
2,1789436474.579680681,0.534181929204,-0.256752440528,0.557969023732,0.587070167557,1.04896465665,-0.246868998714,21.963711,23.521284,7.992287,-1.805601,0.387504,-3.138079
2,1789436474.584685087,0.534181929204,-0.256752440528,0.557969023732,0.587070167557,1.04896465665,-0.246868998714,21.994818,23.519765,7.837788,-1.803752,0.391575,-3.135229
2,1789436474.589563370,0.534181929204,-0.256752440528,0.557969023732,0.587070167557,1.04896465665,-0.246868998714,21.960799,23.524402,7.694917,-1.807475,0.387155,-3.125738
2,1789436474.594811916,0.534181929204,-0.256752440528,0.557969023732,0.587070167557,1.04896465665,-0.246868998714,22.002894,23.528665,7.662926,-1.806155,0.391722,-3.1279
2,1789436474.599860907,0.534181929204,-0.256752440528,0.557969023732,0.587070167557,1.04896465665,-0.246868998714,21.933308,23.559491,7.93637,-1.809193,0.386642,-3.132335
2,1789436474.604719877,0.534181929204,-0.256752440528,0.557969023732,0.587070167557,1.04896465665,-0.246868998714,21.976421,23.538716,7.740546,-1.805547,0.389564,-3.132218
2,1789436474.609709740,0.534181929204,-0.256752440528,0.557969023732,0.587070167557,1.04896465665,-0.246868998714,21.941311,23.516943,7.846261,-1.807607,0.385051,-3.130397
2,1789436474.614794731,0.534181929204,-0.256752440528,0.557969023732,0.587070167557,1.04896465665,-0.246868998714,21.954909,23.520684,7.912464,-1.804944,0.389906,-3.135271
2,1789436474.619650602,0.534181929204,-0.256752440528,0.557969023732,0.587070167557,1.04896465665,-0.246868998714,21.96144,23.528812,7.818208,-1.80445,0.391741,-3.129831
2,1789436474.624584913,0.534181929204,-0.256752440528,0.557969023732,0.587070167557,1.04896465665,-0.246868998714,21.980807,23.49941,7.825579,-1.80517,0.389518,-3.131161
2,1789436474.629743099,0.534181929204,-0.256752440528,0.557969023732,0.587070167557,1.04896465665,-0.246868998714,21.957894,23.521903,8.047338,-1.804932,0.39054,-3.132174
2,1789436474.634788513,0.534181929204,-0.256752440528,0.557969023732,0.587070167557,1.04896465665,-0.246868998714,21.969169,23.531513,7.816687,-1.805389,0.386597,-3.131398
2,1789436474.639710665,0.534181929204,-0.256752440528,0.557969023732,0.587070167557,1.04896465665,-0.246868998714,21.991351,23.56651,7.757808,-1.807524,0.389921,-3.133163
2,1789436474.644801378,0.534181929204,-0.256752440528,0.557969023732,0.587070167557,1.04896465665,-0.246868998714,21.944561,23.546259,7.839748,-1.806931,0.386054,-3.134705
2,1789436474.649769306,0.534181929204,-0.256752440528,0.557969023732,0.587070167557,1.04896465665,-0.246868998714,21.972972,23.5221,7.986041,-1.804948,0.391328,-3.135657
2,1789436474.654542446,0.534181929204,-0.256752440528,0.557969023732,0.587070167557,1.04896465665,-0.246868998714,21.956416,23.511001,7.807319,-1.804539,0.386555,-3.13136
2,1789436474.659684896,0.534181929204,-0.256752440528,0.557969023732,0.587070167557,1.04896465665,-0.246868998714,21.995273,23.518316,7.830342,-1.805076,0.392302,-3.133907
2,1789436474.664770126,0.534181929204,-0.256752440528,0.557969023732,0.587070167557,1.04896465665,-0.246868998714,21.947801,23.529906,7.895771,-1.809889,0.388225,-3.134193
2,1789436474.669696569,0.534181929204,-0.256752440528,0.557969023732,0.587070167557,1.04896465665,-0.246868998714,21.961613,23.554184,7.838277,-1.81033,0.39134,-3.128969
2,1789436474.674563169,0.534181929204,-0.256752440528,0.557969023732,0.587070167557,1.04896465665,-0.246868998714,21.955473,23.551651,7.810566,-1.805225,0.387046,-3.129388
2,1789436474.679739714,0.534181929204,-0.256752440528,0.557969023732,0.587070167557,1.04896465665,-0.246868998714,21.956025,23.522623,8.02749,-1.802961,0.39025,-3.139134
2,1789436474.684677362,0.534181929204,-0.256752440528,0.557969023732,0.587070167557,1.04896465665,-0.246868998714,21.951275,23.55393,7.842527,-1.809028,0.387541,-3.132725
2,1789436474.689556122,0.534181929204,-0.256752440528,0.557969023732,0.587070167557,1.04896465665,-0.246868998714,21.934498,23.534095,8.048503,-1.805894,0.38704,-3.137957
2,1789436474.694643736,0.534181929204,-0.256752440528,0.557969023732,0.587070167557,1.04896465665,-0.246868998714,21.967912,23.534851,7.865267,-1.805615,0.389409,-3.135829
2,1789436474.699765444,0.534181929204,-0.256752440528,0.557969023732,0.587070167557,1.04896465665,-0.246868998714,21.956554,23.501047,7.741903,-1.804432,0.38897,-3.13123
2,1789436474.704681635,0.534181929204,-0.256752440528,0.557969023732,0.587070167557,1.04896465665,-0.246868998714,21.976495,23.505652,7.571426,-1.804356,0.393652,-3.126611
2,1789436474.709909678,0.534181929204,-0.256752440528,0.557969023732,0.587070167557,1.04896465665,-0.246868998714,21.974326,23.553118,7.889114,-1.808778,0.387193,-3.132697
2,1789436474.715026855,0.534181929204,-0.256752440528,0.557969023732,0.587070167557,1.04896465665,-0.246868998714,21.975451,23.539873,7.73466,-1.806499,0.387549,-3.130204
2,1789436474.719744205,0.534181929204,-0.256752440528,0.557969023732,0.587070167557,1.04896465665,-0.246868998714,21.966376,23.547819,7.85442,-1.808235,0.388112,-3.130935
2,1789436474.724811077,0.534181929204,-0.256752440528,0.557969023732,0.587070167557,1.04896465665,-0.246868998714,21.965185,23.566506,7.923361,-1.80941,0.389416,-3.134455
2,1789436474.729884386,0.534181929204,-0.256752440528,0.557969023732,0.587070167557,1.04896465665,-0.246868998714,21.957809,23.525797,7.84589,-1.801606,0.388355,-3.13647
2,1789436474.734844208,0.534181929204,-0.256752440528,0.557969023732,0.587070167557,1.04896465665,-0.246868998714,21.948749,23.522246,7.816391,-1.807804,0.389855,-3.131158
2,1789436474.739823580,0.534181929204,-0.256752440528,0.557969023732,0.587070167557,1.04896465665,-0.246868998714,21.98452,23.544878,8.009084,-1.807362,0.388288,-3.139256
2,1789436474.744960308,0.534181929204,-0.256752440528,0.557969023732,0.587070167557,1.04896465665,-0.246868998714,21.974862,23.557358,7.842843,-1.804146,0.391945,-3.132093
2,1789436474.749812841,0.534181929204,-0.256752440528,0.557969023732,0.587070167557,1.04896465665,-0.246868998714,21.998901,23.569103,7.70421,-1.810065,0.38975,-3.131703
2,1789436474.754717350,0.534181929204,-0.256752440528,0.557969023732,0.587070167557,1.04896465665,-0.246868998714,21.953029,23.532076,7.645825,-1.804361,0.390452,-3.127145
2,1789436474.759641886,0.534181929204,-0.256752440528,0.557969023732,0.587070167557,1.04896465665,-0.246868998714,21.944474,23.534516,7.975214,-1.804942,0.38552,-3.137395
2,1789436474.764984608,0.534181929204,-0.256752440528,0.557969023732,0.587070167557,1.04896465665,-0.246868998714,21.963441,23.551806,7.768781,-1.804571,0.390935,-3.131945
2,1789436474.769686699,0.534181929204,-0.256752440528,0.557969023732,0.587070167557,1.04896465665,-0.246868998714,21.919421,23.547597,7.815173,-1.807176,0.384959,-3.132673
2,1789436474.774799347,0.534181929204,-0.256752440528,0.557969023732,0.587070167557,1.04896465665,-0.246868998714,21.966753,23.504546,7.984143,-1.803716,0.392057,-3.136745
2,1789436474.781745672,0.534181929204,-0.256752440528,0.557969023732,0.587070167557,1.04896465665,-0.246868998714,21.953528,23.5216,7.781479,-1.802994,0.388799,-3.129836
2,1789436474.784901619,0.534181929204,-0.256752440528,0.557969023732,0.587070167557,1.04896465665,-0.246868998714,21.976105,23.534057,7.811415,-1.808237,0.392139,-3.128107
2,1789436474.789979696,0.534181929204,-0.256752440528,0.557969023732,0.587070167557,1.04896465665,-0.246868998714,21.9557,23.542295,8.050304,-1.804776,0.390395,-3.136446
2,1789436474.794823170,0.534181929204,-0.256752440528,0.557969023732,0.587070167557,1.04896465665,-0.246868998714,21.960041,23.570949,7.867979,-1.805094,0.391168,-3.134064
2,1789436474.799624205,0.534181929204,-0.256752440528,0.557969023732,0.587070167557,1.04896465665,-0.246868998714,21.935202,23.55868,7.718957,-1.808566,0.387699,-3.128393
2,1789436474.804675579,0.534181929204,-0.256752440528,0.557969023732,0.587070167557,1.04896465665,-0.246868998714,21.975791,23.523074,7.597217,-1.802671,0.391426,-3.128363
2,1789436474.809639454,0.534181929204,-0.256752440528,0.557969023732,0.587070167557,1.04896465665,-0.246868998714,21.954595,23.533746,7.895602,-1.805634,0.384178,-3.134835
2,1789436474.814563274,0.534181929204,-0.256752440528,0.557969023732,0.587070167557,1.04896465665,-0.246868998714,21.99644,23.521678,7.694327,-1.802748,0.3906,-3.131843
2,1789436474.819414377,0.534181929204,-0.256752440528,0.557969023732,0.587070167557,1.04896465665,-0.246868998714,21.999365,23.520827,7.850639,-1.809248,0.38978,-3.126952
2,1789436474.824432135,0.534181929204,-0.256752440528,0.557969023732,0.587070167557,1.04896465665,-0.246868998714,21.984996,23.559816,7.927188,-1.80833,0.386743,-3.132217
2,1789436474.829641581,0.534181929204,-0.256752440528,0.557969023732,0.587070167557,1.04896465665,-0.246868998714,21.944629,23.511395,7.841408,-1.802884,0.387748,-3.133302
2,1789436474.834698200,0.534181929204,-0.256752440528,0.557969023732,0.587070167557,1.04896465665,-0.246868998714,21.961256,23.539643,7.86971,-1.807097,0.393408,-3.132484
2,1789436474.839556694,0.534181929204,-0.256752440528,0.557969023732,0.587070167557,1.04896465665,-0.246868998714,21.968717,23.534764,7.652229,-1.811445,0.386078,-3.129431
2,1789436474.846579790,0.534181929204,-0.256752440528,0.557969023732,0.587070167557,1.04896465665,-0.246868998714,21.97259,23.551802,7.896936,-1.801675,0.3913,-3.139383
2,1789436474.851303101,0.534181929204,-0.256752440528,0.557969023732,0.587070167557,1.04896465665,-0.246868998714,21.92394,23.519493,7.766499,-1.804908,0.388041,-3.133618
2,1789436474.856462479,0.534181929204,-0.256752440528,0.557969023732,0.587070167557,1.04896465665,-0.246868998714,21.973443,23.499485,7.574867,-1.803843,0.391913,-3.130615
2,1789436474.861302614,0.534181929204,-0.256752440528,0.557969023732,0.587070167557,1.04896465665,-0.246868998714,21.987449,23.543581,7.927405,-1.805464,0.391123,-3.131536
2,1789436474.867571354,0.534181929204,-0.256752440528,0.557969023732,0.587070167557,1.04896465665,-0.246868998714,21.970537,23.494475,7.729735,-1.804932,0.388861,-3.133062
2,1789436474.870290279,0.534181929204,-0.256752440528,0.557969023732,0.587070167557,1.04896465665,-0.246868998714,21.94928,23.53251,7.852807,-1.807902,0.387431,-3.132003
2,1789436474.875353575,0.534181929204,-0.256752440528,0.557969023732,0.587070167557,1.04896465665,-0.246868998714,21.939735,23.55694,7.926839,-1.809591,0.385582,-3.132579
2,1789436474.880529642,0.534181929204,-0.256752440528,0.557969023732,0.587070167557,1.04896465665,-0.246868998714,21.967443,23.554273,7.842516,-1.807759,0.389375,-3.132534
2,1789436474.885277987,0.534181929204,-0.256752440528,0.557969023732,0.587070167557,1.04896465665,-0.246868998714,21.978656,23.500206,7.863804,-1.804172,0.388672,-3.136696
2,1789436474.890830994,0.534181929204,-0.256752440528,0.557969023732,0.587070167557,1.04896465665,-0.246868998714,21.983433,23.503478,8.037009,-1.801523,0.390017,-3.138916
2,1789436474.895246506,0.534181929204,-0.256752440528,0.557969023732,0.587070167557,1.04896465665,-0.246868998714,21.959242,23.535028,7.835365,-1.806889,0.390322,-3.130938
2,1789436474.900427103,0.534181929204,-0.256752440528,0.557969023732,0.587070167557,1.04896465665,-0.246868998714,21.975888,23.513257,8.026545,-1.804513,0.388718,-3.139837
2,1789436474.905081272,0.534181929204,-0.256752440528,0.557969023732,0.587070167557,1.04896465665,-0.246868998714,21.980495,23.551414,7.857816,-1.806883,0.392182,-3.128284
2,1789436474.910246849,0.534181929204,-0.256752440528,0.557969023732,0.587070167557,1.04896465665,-0.246868998714,21.971423,23.52416,7.715409,-1.807819,0.38639,-3.130657
2,1789436474.915008068,0.534181929204,-0.256752440528,0.557969023732,0.587070167557,1.04896465665,-0.246868998714,21.987598,23.548035,7.625528,-1.807939,0.391129,-3.128179
2,1789436474.920041800,0.534181929204,-0.256752440528,0.557969023732,0.587070167557,1.04896465665,-0.246868998714,21.930295,23.536995,7.955831,-1.807118,0.387473,-3.131596
2,1789436474.924671888,0.534181929204,-0.256752440528,0.557969023732,0.587070167557,1.04896465665,-0.246868998714,21.956136,23.546008,7.745849,-1.806003,0.385575,-3.129249
2,1789436474.929599762,0.534181929204,-0.256752440528,0.557969023732,0.587070167557,1.04896465665,-0.246868998714,21.957206,23.542505,7.814382,-1.808977,0.387981,-3.132766
2,1789436474.934794426,0.534181929204,-0.256752440528,0.557969023732,0.587070167557,1.04896465665,-0.246868998714,21.935906,23.507673,7.905195,-1.804892,0.38612,-3.134315
2,1789436474.939597130,0.534181929204,-0.256752440528,0.557969023732,0.587070167557,1.04896465665,-0.246868998714,21.966271,23.517267,7.828431,-1.80408,0.392013,-3.129139
2,1789436474.944642544,0.534181929204,-0.256752440528,0.557969023732,0.587070167557,1.04896465665,-0.246868998714,21.987889,23.540219,7.807163,-1.806196,0.387447,-3.131466
2,1789436474.949718714,0.534181929204,-0.256752440528,0.557969023732,0.587070167557,1.04896465665,-0.246868998714,21.97599,23.558274,8.046564,-1.805089,0.392129,-3.138759
2,1789436474.954519272,0.534181929204,-0.256752440528,0.557969023732,0.587070167557,1.04896465665,-0.246868998714,21.943747,23.568929,7.875183,-1.809964,0.388773,-3.129555
2,1789436474.959534168,0.534181929204,-0.256752440528,0.557969023732,0.587070167557,1.04896465665,-0.246868998714,21.940567,23.529054,7.735647,-1.807321,0.386156,-3.129675
2,1789436474.964867592,0.534181929204,-0.256752440528,0.557969023732,0.587070167557,1.04896465665,-0.246868998714,21.960757,23.503451,7.641814,-1.804064,0.388684,-3.129812
3,1789436486.809507608,0.534194369058,-0.256742200373,0.557966603122,0.587053214564,1.04895714702,-0.246897245842,22.011915,23.500702,7.694455,-1.805858,0.389889,-3.125588
3,1789436486.814696789,0.534194369058,-0.256742200373,0.557966603122,0.587053214564,1.04895714702,-0.246897245842,21.928509,23.545681,7.974507,-1.805631,0.386017,-3.131783
3,1789436486.819407701,0.534194369058,-0.256742200373,0.557966603122,0.587053214564,1.04895714702,-0.246897245842,21.978982,23.534145,7.750541,-1.803076,0.389867,-3.131742
3,1789436486.824456453,0.534194369058,-0.256742200373,0.557966603122,0.587053214564,1.04895714702,-0.246897245842,21.981253,23.521794,7.864252,-1.806281,0.388174,-3.130459
3,1789436486.829484463,0.534194369058,-0.256742200373,0.557966603122,0.587053214564,1.04895714702,-0.246897245842,21.994055,23.4939,8.013305,-1.802737,0.390333,-3.136055
3,1789436486.834557533,0.534194369058,-0.256742200373,0.557966603122,0.587053214564,1.04895714702,-0.246897245842,22.008805,23.522285,7.842496,-1.803091,0.390122,-3.132326
3,1789436486.839397907,0.534194369058,-0.256742200373,0.557966603122,0.587053214564,1.04895714702,-0.246897245842,22.004976,23.552914,7.833097,-1.804637,0.391452,-3.132383
3,1789436486.844699621,0.534194369058,-0.256742200373,0.557966603122,0.587053214564,1.04895714702,-0.246897245842,21.990688,23.551363,7.887677,-1.806901,0.391239,-3.133186
3,1789436486.849613667,0.534194369058,-0.256742200373,0.557966603122,0.587053214564,1.04895714702,-0.246897245842,21.971532,23.550902,7.907496,-1.806235,0.389091,-3.132657
3,1789436486.854534864,0.534194369058,-0.256742200373,0.557966603122,0.587053214564,1.04895714702,-0.246897245842,21.992261,23.541152,7.888937,-1.803917,0.390098,-3.132479
3,1789436486.859566689,0.534194369058,-0.256742200373,0.557966603122,0.587053214564,1.04895714702,-0.246897245842,21.982575,23.52734,7.511986,-1.807448,0.388128,-3.123584
3,1789436486.864756823,0.534194369058,-0.256742200373,0.557966603122,0.587053214564,1.04895714702,-0.246897245842,21.975972,23.558187,7.862641,-1.805749,0.390997,-3.1314
3,1789436486.869459867,0.534194369058,-0.256742200373,0.557966603122,0.587053214564,1.04895714702,-0.246897245842,22.002918,23.540859,7.875343,-1.805882,0.388409,-3.135435
3,1789436486.874501467,0.534194369058,-0.256742200373,0.557966603122,0.587053214564,1.04895714702,-0.246897245842,21.955846,23.505733,7.833772,-1.80337,0.385471,-3.132422
3,1789436486.879459620,0.534194369058,-0.256742200373,0.557966603122,0.587053214564,1.04895714702,-0.246897245842,22.033424,23.526035,7.739132,-1.808542,0.389404,-3.133003
3,1789436486.884649277,0.534194369058,-0.256742200373,0.557966603122,0.587053214564,1.04895714702,-0.246897245842,22.038739,23.514298,7.850747,-1.808177,0.390397,-3.132843
3,1789436486.889569283,0.534194369058,-0.256742200373,0.557966603122,0.587053214564,1.04895714702,-0.246897245842,21.980016,23.545936,7.952325,-1.807651,0.390756,-3.133518
3,1789436486.894582272,0.534194369058,-0.256742200373,0.557966603122,0.587053214564,1.04895714702,-0.246897245842,21.994429,23.533218,7.896194,-1.80474,0.391548,-3.133597
3,1789436486.899789333,0.534194369058,-0.256742200373,0.557966603122,0.587053214564,1.04895714702,-0.246897245842,21.979527,23.580757,7.873261,-1.809443,0.389596,-3.13076
3,1789436486.904552221,0.534194369058,-0.256742200373,0.557966603122,0.587053214564,1.04895714702,-0.246897245842,21.983866,23.558049,8.070372,-1.804791,0.390305,-3.141642
3,1789436486.909638643,0.534194369058,-0.256742200373,0.557966603122,0.587053214564,1.04895714702,-0.246897245842,21.967772,23.527816,7.922622,-1.801255,0.391604,-3.134602
3,1789436486.914720297,0.534194369058,-0.256742200373,0.557966603122,0.587053214564,1.04895714702,-0.246897245842,21.982138,23.53516,7.695733,-1.80629,0.388703,-3.131169
3,1789436486.919687510,0.534194369058,-0.256742200373,0.557966603122,0.587053214564,1.04895714702,-0.246897245842,21.995827,23.527783,7.735429,-1.804229,0.390405,-3.129332
3,1789436486.924540997,0.534194369058,-0.256742200373,0.557966603122,0.587053214564,1.04895714702,-0.246897245842,21.964005,23.534447,7.93806,-1.806281,0.387621,-3.131005
3,1789436486.929598808,0.534194369058,-0.256742200373,0.557966603122,0.587053214564,1.04895714702,-0.246897245842,21.989153,23.520901,7.756333,-1.804689,0.392955,-3.127505
3,1789436486.934700012,0.534194369058,-0.256742200373,0.557966603122,0.587053214564,1.04895714702,-0.246897245842,21.987847,23.53568,7.867656,-1.808558,0.390204,-3.128042
3,1789436486.939618826,0.534194369058,-0.256742200373,0.557966603122,0.587053214564,1.04895714702,-0.246897245842,21.986886,23.531336,8.006835,-1.808008,0.388416,-3.134546
3,1789436486.944648981,0.534194369058,-0.256742200373,0.557966603122,0.587053214564,1.04895714702,-0.246897245842,21.962663,23.517744,7.839124,-1.802138,0.38512,-3.135121
3,1789436486.949796677,0.534194369058,-0.256742200373,0.557966603122,0.587053214564,1.04895714702,-0.246897245842,22.002708,23.515632,7.847638,-1.8058,0.391775,-3.134791
3,1789436486.954546928,0.534194369058,-0.256742200373,0.557966603122,0.587053214564,1.04895714702,-0.246897245842,21.980013,23.526916,8.026025,-1.807447,0.389312,-3.134054
3,1789436486.959619761,0.534194369058,-0.256742200373,0.557966603122,0.587053214564,1.04895714702,-0.246897245842,21.971818,23.509742,7.886676,-1.800387,0.39117,-3.133737
3,1789436486.964805365,0.534194369058,-0.256742200373,0.557966603122,0.587053214564,1.04895714702,-0.246897245842,21.969709,23.502494,7.719575,-1.80347,0.388089,-3.127692
3,1789436486.969636202,0.534194369058,-0.256742200373,0.557966603122,0.587053214564,1.04895714702,-0.246897245842,21.983398,23.533025,7.701783,-1.805373,0.391411,-3.12691
3,1789436486.974805355,0.534194369058,-0.256742200373,0.557966603122,0.587053214564,1.04895714702,-0.246897245842,21.993178,23.542345,7.940689,-1.807768,0.387894,-3.135334
3,1789436486.979754210,0.534194369058,-0.256742200373,0.557966603122,0.587053214564,1.04895714702,-0.246897245842,21.995193,23.555609,7.751674,-1.807467,0.388919,-3.131144
3,1789436486.984667063,0.534194369058,-0.256742200373,0.557966603122,0.587053214564,1.04895714702,-0.246897245842,21.9713,23.501763,7.868155,-1.805092,0.389375,-3.133774
3,1789436486.989525557,0.534194369058,-0.256742200373,0.557966603122,0.587053214564,1.04895714702,-0.246897245842,21.977357,23.503584,8.005922,-1.804414,0.391435,-3.134717
3,1789436486.994632244,0.534194369058,-0.256742200373,0.557966603122,0.587053214564,1.04895714702,-0.246897245842,21.983676,23.507185,7.858284,-1.805313,0.390376,-3.134048
3,1789436486.999722004,0.534194369058,-0.256742200373,0.557966603122,0.587053214564,1.04895714702,-0.246897245842,22.009706,23.532357,7.848299,-1.807046,0.39214,-3.134383
3,1789436487.004506588,0.534194369058,-0.256742200373,0.557966603122,0.587053214564,1.04895714702,-0.246897245842,21.965761,23.512745,8.062887,-1.805157,0.39002,-3.134172
3,1789436487.009589195,0.534194369058,-0.256742200373,0.557966603122,0.587053214564,1.04895714702,-0.246897245842,21.986566,23.551638,7.845563,-1.805606,0.389472,-3.130532
3,1789436487.014768124,0.534194369058,-0.256742200373,0.557966603122,0.587053214564,1.04895714702,-0.246897245842,21.988219,23.53088,7.894933,-1.803812,0.391143,-3.134473
3,1789436487.019544363,0.534194369058,-0.256742200373,0.557966603122,0.587053214564,1.04895714702,-0.246897245842,21.980582,23.548595,7.859556,-1.808243,0.38817,-3.133645
3,1789436487.024737597,0.534194369058,-0.256742200373,0.557966603122,0.587053214564,1.04895714702,-0.246897245842,21.996347,23.530094,7.948728,-1.804821,0.389308,-3.135976
3,1789436487.029532909,0.534194369058,-0.256742200373,0.557966603122,0.587053214564,1.04895714702,-0.246897245842,21.974204,23.496883,7.842941,-1.803922,0.389304,-3.132009
3,1789436487.034627438,0.534194369058,-0.256742200373,0.557966603122,0.587053214564,1.04895714702,-0.246897245842,22.023526,23.513689,7.858984,-1.804603,0.391655,-3.133459
3,1789436487.039521217,0.534194369058,-0.256742200373,0.557966603122,0.587053214564,1.04895714702,-0.246897245842,21.992318,23.529887,7.93721,-1.809985,0.390868,-3.131094
3,1789436487.044714928,0.534194369058,-0.256742200373,0.557966603122,0.587053214564,1.04895714702,-0.246897245842,22.003417,23.508743,7.890612,-1.804352,0.392658,-3.130908
3,1789436487.049646854,0.534194369058,-0.256742200373,0.557966603122,0.587053214564,1.04895714702,-0.246897245842,21.980417,23.511423,7.832097,-1.808131,0.389491,-3.126924
3,1789436487.054723978,0.534194369058,-0.256742200373,0.557966603122,0.587053214564,1.04895714702,-0.246897245842,21.973523,23.548461,8.029302,-1.808883,0.385401,-3.138532
3,1789436487.059550285,0.534194369058,-0.256742200373,0.557966603122,0.587053214564,1.04895714702,-0.246897245842,21.979357,23.548773,7.90303,-1.805649,0.388932,-3.135585
3,1789436487.064713955,0.534194369058,-0.256742200373,0.557966603122,0.587053214564,1.04895714702,-0.246897245842,21.993072,23.503162,7.764572,-1.802829,0.393116,-3.134194
3,1789436487.070068836,0.534194369058,-0.256742200373,0.557966603122,0.587053214564,1.04895714702,-0.246897245842,22.007929,23.52536,7.691669,-1.805924,0.391053,-3.127412
3,1789436487.074662447,0.534194369058,-0.256742200373,0.557966603122,0.587053214564,1.04895714702,-0.246897245842,22.012146,23.503047,7.762651,-1.803205,0.389926,-3.135787
3,1789436487.079542637,0.534194369058,-0.256742200373,0.557966603122,0.587053214564,1.04895714702,-0.246897245842,21.986627,23.516162,7.657821,-1.804482,0.389515,-3.125376
3,1789436487.084746838,0.534194369058,-0.256742200373,0.557966603122,0.587053214564,1.04895714702,-0.246897245842,21.993942,23.506202,7.958612,-1.803097,0.391421,-3.135258
3,1789436487.089687824,0.534194369058,-0.256742200373,0.557966603122,0.587053214564,1.04895714702,-0.246897245842,21.990996,23.542267,7.748184,-1.80679,0.392512,-3.126883
3,1789436487.094745636,0.534194369058,-0.256742200373,0.557966603122,0.587053214564,1.04895714702,-0.246897245842,22.008115,23.529188,7.904168,-1.805838,0.388856,-3.13472
3,1789436487.099712849,0.534194369058,-0.256742200373,0.557966603122,0.587053214564,1.04895714702,-0.246897245842,21.93166,23.55144,7.991426,-1.807434,0.387789,-3.132688
3,1789436487.104583979,0.534194369058,-0.256742200373,0.557966603122,0.587053214564,1.04895714702,-0.246897245842,21.973821,23.532408,7.879465,-1.803419,0.389469,-3.138717
3,1789436487.109700203,0.534194369058,-0.256742200373,0.557966603122,0.587053214564,1.04895714702,-0.246897245842,21.985579,23.556833,7.852113,-1.808386,0.389324,-3.132336
3,1789436487.114711523,0.534194369058,-0.256742200373,0.557966603122,0.587053214564,1.04895714702,-0.246897245842,21.994734,23.527985,8.044493,-1.805179,0.390658,-3.140101
3,1789436487.119683266,0.534194369058,-0.256742200373,0.557966603122,0.587053214564,1.04895714702,-0.246897245842,22.005245,23.515258,7.878687,-1.804521,0.393906,-3.132513
3,1789436487.124665022,0.534194369058,-0.256742200373,0.557966603122,0.587053214564,1.04895714702,-0.246897245842,21.974873,23.514602,7.740311,-1.80384,0.391992,-3.125915
3,1789436487.129690170,0.534194369058,-0.256742200373,0.557966603122,0.587053214564,1.04895714702,-0.246897245842,21.97209,23.543186,7.755703,-1.804798,0.389995,-3.128381
3,1789436487.134675980,0.534194369058,-0.256742200373,0.557966603122,0.587053214564,1.04895714702,-0.246897245842,21.970402,23.560097,7.943744,-1.809909,0.385065,-3.133736
3,1789436487.139612913,0.534194369058,-0.256742200373,0.557966603122,0.587053214564,1.04895714702,-0.246897245842,21.992636,23.536414,7.744777,-1.806621,0.386421,-3.129765
3,1789436487.144528151,0.534194369058,-0.256742200373,0.557966603122,0.587053214564,1.04895714702,-0.246897245842,22.019549,23.504758,7.848697,-1.805767,0.390852,-3.134131
3,1789436487.149733782,0.534194369058,-0.256742200373,0.557966603122,0.587053214564,1.04895714702,-0.246897245842,21.981839,23.500902,7.958105,-1.802548,0.390602,-3.135671
3,1789436487.154444695,0.534194369058,-0.256742200373,0.557966603122,0.587053214564,1.04895714702,-0.246897245842,21.966248,23.508897,7.864729,-1.803621,0.3935,-3.129531
3,1789436487.159668446,0.534194369058,-0.256742200373,0.557966603122,0.587053214564,1.04895714702,-0.246897245842,21.974649,23.524145,7.862305,-1.80459,0.38998,-3.131572
3,1789436487.164742708,0.534194369058,-0.256742200373,0.557966603122,0.587053214564,1.04895714702,-0.246897245842,21.961083,23.552324,8.083622,-1.807154,0.389133,-3.133065
3,1789436487.169610500,0.534194369058,-0.256742200373,0.557966603122,0.587053214564,1.04895714702,-0.246897245842,21.974047,23.542528,7.881066,-1.804183,0.386273,-3.131991
3,1789436487.174703121,0.534194369058,-0.256742200373,0.557966603122,0.587053214564,1.04895714702,-0.246897245842,21.985043,23.529781,7.764694,-1.805781,0.38899,-3.128602
3,1789436487.179707766,0.534194369058,-0.256742200373,0.557966603122,0.587053214564,1.04895714702,-0.246897245842,21.973176,23.523541,7.692668,-1.80687,0.387985,-3.127109
3,1789436487.184767485,0.534194369058,-0.256742200373,0.557966603122,0.587053214564,1.04895714702,-0.246897245842,22.002115,23.517407,7.958721,-1.80512,0.390669,-3.135295
3,1789436487.189565897,0.534194369058,-0.256742200373,0.557966603122,0.587053214564,1.04895714702,-0.246897245842,22.004506,23.511462,7.723278,-1.805263,0.389885,-3.131144
3,1789436487.194683075,0.534194369058,-0.256742200373,0.557966603122,0.587053214564,1.04895714702,-0.246897245842,22.00087,23.530104,7.842107,-1.806121,0.390304,-3.132564
3,1789436487.199688673,0.534194369058,-0.256742200373,0.557966603122,0.587053214564,1.04895714702,-0.246897245842,21.959119,23.511097,7.97682,-1.80324,0.38908,-3.135834
3,1789436487.204495192,0.534194369058,-0.256742200373,0.557966603122,0.587053214564,1.04895714702,-0.246897245842,21.979555,23.557472,7.877814,-1.807054,0.392776,-3.133419
3,1789436487.209567070,0.534194369058,-0.256742200373,0.557966603122,0.587053214564,1.04895714702,-0.246897245842,21.930019,23.531417,7.837439,-1.803047,0.387657,-3.129941
3,1789436487.214849472,0.534194369058,-0.256742200373,0.557966603122,0.587053214564,1.04895714702,-0.246897245842,21.988869,23.528738,7.897749,-1.805799,0.392233,-3.132469
3,1789436487.219511032,0.534194369058,-0.256742200373,0.557966603122,0.587053214564,1.04895714702,-0.246897245842,21.983166,23.516191,7.850071,-1.805437,0.388342,-3.13361
3,1789436487.224610329,0.534194369058,-0.256742200373,0.557966603122,0.587053214564,1.04895714702,-0.246897245842,21.999673,23.514686,7.894199,-1.803232,0.392567,-3.134706
3,1789436487.229638577,0.534194369058,-0.256742200373,0.557966603122,0.587053214564,1.04895714702,-0.246897245842,21.994085,23.529112,7.816337,-1.806462,0.387694,-3.131455
3,1789436487.234885693,0.534194369058,-0.256742200373,0.557966603122,0.587053214564,1.04895714702,-0.246897245842,21.98979,23.512483,7.985178,-1.803917,0.389854,-3.136337
3,1789436487.239852190,0.534194369058,-0.256742200373,0.557966603122,0.587053214564,1.04895714702,-0.246897245842,21.983464,23.507292,7.758273,-1.805972,0.389239,-3.126568
3,1789436487.244809866,0.534194369058,-0.256742200373,0.557966603122,0.587053214564,1.04895714702,-0.246897245842,22.001362,23.510793,7.838267,-1.809486,0.387189,-3.129192
3,1789436487.249843359,0.534194369058,-0.256742200373,0.557966603122,0.587053214564,1.04895714702,-0.246897245842,21.979859,23.561661,7.999649,-1.807945,0.389251,-3.133237
3,1789436487.254770279,0.534194369058,-0.256742200373,0.557966603122,0.587053214564,1.04895714702,-0.246897245842,21.966506,23.542847,7.857988,-1.805437,0.387945,-3.134716
3,1789436487.259750843,0.534194369058,-0.256742200373,0.557966603122,0.587053214564,1.04895714702,-0.246897245842,21.990995,23.538867,7.858458,-1.806543,0.390156,-3.134103
3,1789436487.265055895,0.534194369058,-0.256742200373,0.557966603122,0.587053214564,1.04895714702,-0.246897245842,22.013941,23.535056,8.085597,-1.80344,0.394414,-3.137181
3,1789436487.269727468,0.534194369058,-0.256742200373,0.557966603122,0.587053214564,1.04895714702,-0.246897245842,21.970453,23.529561,7.876548,-1.803497,0.389856,-3.128404
3,1789436487.274933100,0.534194369058,-0.256742200373,0.557966603122,0.587053214564,1.04895714702,-0.246897245842,22.003318,23.523827,7.760763,-1.80433,0.391355,-3.13088
3,1789436487.279764891,0.534194369058,-0.256742200373,0.557966603122,0.587053214564,1.04895714702,-0.246897245842,21.979329,23.539719,7.670648,-1.810073,0.387254,-3.123376
3,1789436487.285055161,0.534194369058,-0.256742200373,0.557966603122,0.587053214564,1.04895714702,-0.246897245842,22.010845,23.54797,7.734265,-1.806378,0.391145,-3.130074
3,1789436487.289713383,0.534194369058,-0.256742200373,0.557966603122,0.587053214564,1.04895714702,-0.246897245842,21.984782,23.549923,7.705563,-1.803694,0.390628,-3.130722
3,1789436487.294727325,0.534194369058,-0.256742200373,0.557966603122,0.587053214564,1.04895714702,-0.246897245842,21.939516,23.527395,7.964123,-1.804445,0.389297,-3.132032
3,1789436487.299974680,0.534194369058,-0.256742200373,0.557966603122,0.587053214564,1.04895714702,-0.246897245842,21.972027,23.537137,7.739338,-1.806221,0.38857,-3.133106
3,1789436487.304758072,0.534194369058,-0.256742200373,0.557966603122,0.587053214564,1.04895714702,-0.246897245842,21.963782,23.502464,7.857069,-1.802808,0.386414,-3.135315
3,1789436487.310018063,0.534194369058,-0.256742200373,0.557966603122,0.587053214564,1.04895714702,-0.246897245842,21.988434,23.495902,7.944173,-1.805588,0.390271,-3.132577
3,1789436487.314925194,0.534194369058,-0.256742200373,0.557966603122,0.587053214564,1.04895714702,-0.246897245842,22.003411,23.52164,7.832028,-1.807617,0.391707,-3.126763
3,1789436487.319847107,0.534194369058,-0.256742200373,0.557966603122,0.587053214564,1.04895714702,-0.246897245842,21.99272,23.534958,7.809764,-1.806651,0.387889,-3.129678
3,1789436487.325067997,0.534194369058,-0.256742200373,0.557966603122,0.587053214564,1.04895714702,-0.246897245842,21.995012,23.526335,8.025568,-1.805211,0.392131,-3.140135
3,1789436487.329818010,0.534194369058,-0.256742200373,0.557966603122,0.587053214564,1.04895714702,-0.246897245842,21.984733,23.562435,7.91397,-1.805678,0.391501,-3.128212
3,1789436487.334723234,0.534194369058,-0.256742200373,0.557966603122,0.587053214564,1.04895714702,-0.246897245842,21.951934,23.520429,7.714263,-1.805287,0.387535,-3.125229
3,1789436487.339553833,0.534194369058,-0.256742200373,0.557966603122,0.587053214564,1.04895714702,-0.246897245842,21.999067,23.550978,7.744033,-1.806615,0.389013,-3.130032
3,1789436487.344575167,0.534194369058,-0.256742200373,0.557966603122,0.587053214564,1.04895714702,-0.246897245842,21.989651,23.490042,7.902439,-1.804446,0.384378,-3.136181
3,1789436487.349728346,0.534194369058,-0.256742200373,0.557966603122,0.587053214564,1.04895714702,-0.246897245842,22.026321,23.49905,7.741506,-1.803646,0.393452,-3.13093
3,1789436487.354557991,0.534194369058,-0.256742200373,0.557966603122,0.587053214564,1.04895714702,-0.246897245842,21.998136,23.50108,7.861952,-1.804521,0.390589,-3.131593
3,1789436487.359628439,0.534194369058,-0.256742200373,0.557966603122,0.587053214564,1.04895714702,-0.246897245842,21.981093,23.559382,7.990966,-1.809285,0.391073,-3.132594
3,1789436487.364841700,0.534194369058,-0.256742200373,0.557966603122,0.587053214564,1.04895714702,-0.246897245842,21.954346,23.553155,7.843873,-1.80228,0.386885,-3.132011
3,1789436487.369710445,0.534194369058,-0.256742200373,0.557966603122,0.587053214564,1.04895714702,-0.246897245842,21.970784,23.546932,7.893559,-1.807936,0.39113,-3.129331
3,1789436487.374679089,0.534194369058,-0.256742200373,0.557966603122,0.587053214564,1.04895714702,-0.246897245842,21.971383,23.523482,8.064817,-1.806208,0.38917,-3.139125
3,1789436487.380131483,0.534194369058,-0.256742200373,0.557966603122,0.587053214564,1.04895714702,-0.246897245842,22.013637,23.564096,7.883763,-1.804392,0.392354,-3.135705
3,1789436487.384830713,0.534194369058,-0.256742200373,0.557966603122,0.587053214564,1.04895714702,-0.246897245842,21.987098,23.551466,7.683103,-1.808521,0.387809,-3.127413
3,1789436487.389566660,0.534194369058,-0.256742200373,0.557966603122,0.587053214564,1.04895714702,-0.246897245842,22.033785,23.499528,7.785153,-1.803659,0.390709,-3.133109
3,1789436487.394664288,0.534194369058,-0.256742200373,0.557966603122,0.587053214564,1.04895714702,-0.246897245842,21.99344,23.525639,7.929746,-1.806861,0.390461,-3.12996
3,1789436487.399758816,0.534194369058,-0.256742200373,0.557966603122,0.587053214564,1.04895714702,-0.246897245842,21.987349,23.55582,7.733981,-1.806145,0.391669,-3.130265
3,1789436487.404590130,0.534194369058,-0.256742200373,0.557966603122,0.587053214564,1.04895714702,-0.246897245842,21.969818,23.562265,7.873483,-1.806292,0.390389,-3.130482
3,1789436487.409672976,0.534194369058,-0.256742200373,0.557966603122,0.587053214564,1.04895714702,-0.246897245842,21.938697,23.522359,8.002805,-1.804879,0.38733,-3.137341
3,1789436487.414923429,0.534194369058,-0.256742200373,0.557966603122,0.587053214564,1.04895714702,-0.246897245842,21.957553,23.508836,7.860692,-1.804257,0.389299,-3.13264
3,1789436487.419705868,0.534194369058,-0.256742200373,0.557966603122,0.587053214564,1.04895714702,-0.246897245842,22.032432,23.518857,7.809746,-1.805792,0.390727,-3.135347
3,1789436487.424707413,0.534194369058,-0.256742200373,0.557966603122,0.587053214564,1.04895714702,-0.246897245842,22.017584,23.534553,7.576692,-1.807023,0.392648,-3.123362
3,1789436487.429718971,0.534194369058,-0.256742200373,0.557966603122,0.587053214564,1.04895714702,-0.246897245842,21.988651,23.52437,7.852985,-1.806554,0.3893,-3.13162
3,1789436487.434844255,0.534194369058,-0.256742200373,0.557966603122,0.587053214564,1.04895714702,-0.246897245842,21.96098,23.534936,7.816979,-1.808198,0.39025,-3.124699
3,1789436487.439713478,0.534194369058,-0.256742200373,0.557966603122,0.587053214564,1.04895714702,-0.246897245842,21.960738,23.521526,7.701034,-1.800759,0.386961,-3.127924
3,1789436487.444887400,0.534194369058,-0.256742200373,0.557966603122,0.587053214564,1.04895714702,-0.246897245842,21.971989,23.556849,7.986532,-1.809324,0.389095,-3.135709
3,1789436487.449899673,0.534194369058,-0.256742200373,0.557966603122,0.587053214564,1.04895714702,-0.246897245842,22.012448,23.532869,7.759825,-1.806739,0.386724,-3.13202
3,1789436487.454751968,0.534194369058,-0.256742200373,0.557966603122,0.587053214564,1.04895714702,-0.246897245842,22.00351,23.519528,7.893057,-1.805737,0.388765,-3.129784
3,1789436487.459770203,0.534194369058,-0.256742200373,0.557966603122,0.587053214564,1.04895714702,-0.246897245842,22.007285,23.501041,7.949906,-1.804866,0.389104,-3.135065
3,1789436487.464887619,0.534194369058,-0.256742200373,0.557966603122,0.587053214564,1.04895714702,-0.246897245842,22.020146,23.517895,7.881244,-1.803532,0.392993,-3.13096
3,1789436487.469654083,0.534194369058,-0.256742200373,0.557966603122,0.587053214564,1.04895714702,-0.246897245842,21.985646,23.514244,7.809507,-1.805485,0.390847,-3.129426
3,1789436487.474741220,0.534194369058,-0.256742200373,0.557966603122,0.587053214564,1.04895714702,-0.246897245842,21.973747,23.541393,8.064661,-1.807743,0.391999,-3.132898
3,1789436487.479783058,0.534194369058,-0.256742200373,0.557966603122,0.587053214564,1.04895714702,-0.246897245842,21.942677,23.555024,7.88028,-1.807064,0.38367,-3.132848
3,1789436487.484904766,0.534194369058,-0.256742200373,0.557966603122,0.587053214564,1.04895714702,-0.246897245842,21.988181,23.538007,7.743682,-1.80721,0.388737,-3.130224
3,1789436487.489657640,0.534194369058,-0.256742200373,0.557966603122,0.587053214564,1.04895714702,-0.246897245842,21.979835,23.53252,7.727611,-1.806348,0.389846,-3.128432
3,1789436487.494917154,0.534194369058,-0.256742200373,0.557966603122,0.587053214564,1.04895714702,-0.246897245842,22.010831,23.534525,7.742177,-1.805716,0.390987,-3.130939
3,1789436487.499873877,0.534194369058,-0.256742200373,0.557966603122,0.587053214564,1.04895714702,-0.246897245842,22.002501,23.522063,7.689568,-1.805357,0.385665,-3.129386
3,1789436487.504765034,0.534194369058,-0.256742200373,0.557966603122,0.587053214564,1.04895714702,-0.246897245842,21.983162,23.516057,7.941107,-1.80447,0.389259,-3.134823
3,1789436487.509850740,0.534194369058,-0.256742200373,0.557966603122,0.587053214564,1.04895714702,-0.246897245842,21.967269,23.513452,7.733914,-1.804172,0.389434,-3.13038
3,1789436487.515136480,0.534194369058,-0.256742200373,0.557966603122,0.587053214564,1.04895714702,-0.246897245842,22.010114,23.508083,7.879252,-1.804063,0.390488,-3.132492
3,1789436487.519660473,0.534194369058,-0.256742200373,0.557966603122,0.587053214564,1.04895714702,-0.246897245842,21.998491,23.546614,7.965862,-1.810585,0.391246,-3.13064
3,1789436487.524744511,0.534194369058,-0.256742200373,0.557966603122,0.587053214564,1.04895714702,-0.246897245842,22.000006,23.543053,7.8456,-1.807119,0.39029,-3.130337
3,1789436487.530061722,0.534194369058,-0.256742200373,0.557966603122,0.587053214564,1.04895714702,-0.246897245842,21.968079,23.526118,7.868487,-1.807431,0.389967,-3.133588
3,1789436487.534815311,0.534194369058,-0.256742200373,0.557966603122,0.587053214564,1.04895714702,-0.246897245842,21.949542,23.524507,8.07127,-1.805819,0.390192,-3.13482
3,1789436487.539625645,0.534194369058,-0.256742200373,0.557966603122,0.587053214564,1.04895714702,-0.246897245842,21.968061,23.527011,7.869704,-1.808062,0.388858,-3.132913
3,1789436487.544735670,0.534194369058,-0.256742200373,0.557966603122,0.587053214564,1.04895714702,-0.246897245842,22.026591,23.504286,7.709078,-1.801594,0.390134,-3.134315
3,1789436487.549890518,0.534194369058,-0.256742200373,0.557966603122,0.587053214564,1.04895714702,-0.246897245842,21.974134,23.508901,7.667389,-1.803974,0.390178,-3.125107
3,1789436487.554635048,0.534194369058,-0.256742200373,0.557966603122,0.587053214564,1.04895714702,-0.246897245842,21.978784,23.530861,7.956087,-1.803472,0.392987,-3.130789
3,1789436487.559664488,0.534194369058,-0.256742200373,0.557966603122,0.587053214564,1.04895714702,-0.246897245842,21.989944,23.593358,7.727664,-1.809824,0.388968,-3.12876
3,1789436487.565001011,0.534194369058,-0.256742200373,0.557966603122,0.587053214564,1.04895714702,-0.246897245842,22.00043,23.494694,7.862415,-1.802092,0.386522,-3.137829
3,1789436487.569699049,0.534194369058,-0.256742200373,0.557966603122,0.587053214564,1.04895714702,-0.246897245842,21.949871,23.523321,8.02873,-1.808111,0.39,-3.132204
3,1789436487.574872732,0.534194369058,-0.256742200373,0.557966603122,0.587053214564,1.04895714702,-0.246897245842,21.98866,23.533302,7.861244,-1.806031,0.387996,-3.132505
3,1789436487.580247402,0.534194369058,-0.256742200373,0.557966603122,0.587053214564,1.04895714702,-0.246897245842,22.013975,23.541922,7.85868,-1.806193,0.392384,-3.133711
3,1789436487.584841728,0.534194369058,-0.256742200373,0.557966603122,0.587053214564,1.04895714702,-0.246897245842,22.004406,23.509874,7.824879,-1.804995,0.385646,-3.132093
3,1789436487.589840174,0.534194369058,-0.256742200373,0.557966603122,0.587053214564,1.04895714702,-0.246897245842,21.983497,23.483142,7.860139,-1.805871,0.39222,-3.12641
3,1789436487.594810724,0.534194369058,-0.256742200373,0.557966603122,0.587053214564,1.04895714702,-0.246897245842,21.989225,23.53415,7.810362,-1.808908,0.391845,-3.128808
3,1789436487.599815607,0.534194369058,-0.256742200373,0.557966603122,0.587053214564,1.04895714702,-0.246897245842,21.997056,23.550449,7.86697,-1.806294,0.389261,-3.134781
3,1789436487.604645729,0.534194369058,-0.256742200373,0.557966603122,0.587053214564,1.04895714702,-0.246897245842,21.947282,23.551711,7.96021,-1.809069,0.388007,-3.134791
3,1789436487.609748840,0.534194369058,-0.256742200373,0.557966603122,0.587053214564,1.04895714702,-0.246897245842,21.959672,23.509995,7.774066,-1.804242,0.388862,-3.128509
3,1789436487.615454674,0.534194369058,-0.256742200373,0.557966603122,0.587053214564,1.04895714702,-0.246897245842,21.96134,23.502183,7.909699,-1.803772,0.391049,-3.130783
3,1789436487.619808912,0.534194369058,-0.256742200373,0.557966603122,0.587053214564,1.04895714702,-0.246897245842,22.015923,23.519765,7.991028,-1.80445,0.389627,-3.138629
3,1789436487.625276327,0.534194369058,-0.256742200373,0.557966603122,0.587053214564,1.04895714702,-0.246897245842,22.011649,23.5391,7.836746,-1.807226,0.392977,-3.129941
3,1789436487.629721642,0.534194369058,-0.256742200373,0.557966603122,0.587053214564,1.04895714702,-0.246897245842,21.991448,23.504353,7.848991,-1.806702,0.389434,-3.128024
3,1789436487.634887218,0.534194369058,-0.256742200373,0.557966603122,0.587053214564,1.04895714702,-0.246897245842,21.985219,23.515048,8.007155,-1.806758,0.390134,-3.134078
3,1789436487.639866114,0.534194369058,-0.256742200373,0.557966603122,0.587053214564,1.04895714702,-0.246897245842,21.964636,23.532199,7.876829,-1.804075,0.384867,-3.134873
3,1789436487.644833565,0.534194369058,-0.256742200373,0.557966603122,0.587053214564,1.04895714702,-0.246897245842,21.994863,23.564614,7.797882,-1.806923,0.393509,-3.130884
3,1789436487.649869919,0.534194369058,-0.256742200373,0.557966603122,0.587053214564,1.04895714702,-0.246897245842,21.976477,23.526246,7.735314,-1.807783,0.386999,-3.129747
3,1789436487.654740334,0.534194369058,-0.256742200373,0.557966603122,0.587053214564,1.04895714702,-0.246897245842,22.005661,23.507644,7.961041,-1.804392,0.388935,-3.133929
3,1789436487.659740925,0.534194369058,-0.256742200373,0.557966603122,0.587053214564,1.04895714702,-0.246897245842,21.994991,23.47516,7.726098,-1.798654,0.389575,-3.129246
3,1789436487.665106773,0.534194369058,-0.256742200373,0.557966603122,0.587053214564,1.04895714702,-0.246897245842,22.016438,23.50607,7.847839,-1.807347,0.393286,-3.128323
3,1789436487.669720411,0.534194369058,-0.256742200373,0.557966603122,0.587053214564,1.04895714702,-0.246897245842,21.988974,23.5385,7.98889,-1.810109,0.388179,-3.134148
3,1789436487.674881935,0.534194369058,-0.256742200373,0.557966603122,0.587053214564,1.04895714702,-0.246897245842,21.981917,23.544167,7.872824,-1.806419,0.387385,-3.131142
3,1789436487.679884911,0.534194369058,-0.256742200373,0.557966603122,0.587053214564,1.04895714702,-0.246897245842,21.946337,23.520653,7.861104,-1.804944,0.385668,-3.132841
3,1789436487.684885740,0.534194369058,-0.256742200373,0.557966603122,0.587053214564,1.04895714702,-0.246897245842,21.963553,23.522631,8.096743,-1.806529,0.392095,-3.136167
3,1789436487.689678431,0.534194369058,-0.256742200373,0.557966603122,0.587053214564,1.04895714702,-0.246897245842,21.96902,23.554894,7.860184,-1.803544,0.391716,-3.132946
3,1789436487.694702387,0.534194369058,-0.256742200373,0.557966603122,0.587053214564,1.04895714702,-0.246897245842,21.993784,23.496406,7.71651,-1.802349,0.393082,-3.129099
3,1789436487.699800253,0.534194369058,-0.256742200373,0.557966603122,0.587053214564,1.04895714702,-0.246897245842,21.995241,23.504784,7.654331,-1.805074,0.391013,-3.127413
3,1789436487.704698324,0.534194369058,-0.256742200373,0.557966603122,0.587053214564,1.04895714702,-0.246897245842,21.968873,23.501786,7.689401,-1.801539,0.389218,-3.129072
3,1789436487.709733963,0.534194369058,-0.256742200373,0.557966603122,0.587053214564,1.04895714702,-0.246897245842,21.970782,23.52082,7.737783,-1.809185,0.38824,-3.127949
3,1789436487.714946270,0.534194369058,-0.256742200373,0.557966603122,0.587053214564,1.04895714702,-0.246897245842,21.985989,23.528886,7.955882,-1.809679,0.388985,-3.131266
3,1789436487.719719887,0.534194369058,-0.256742200373,0.557966603122,0.587053214564,1.04895714702,-0.246897245842,22.016437,23.566408,7.735269,-1.80662,0.389875,-3.12965
3,1789436487.725276709,0.534194369058,-0.256742200373,0.557966603122,0.587053214564,1.04895714702,-0.246897245842,21.995765,23.547811,7.834639,-1.807645,0.390021,-3.131473
3,1789436487.729925871,0.534194369058,-0.256742200373,0.557966603122,0.587053214564,1.04895714702,-0.246897245842,21.985573,23.517424,8.028027,-1.803468,0.390135,-3.138737
3,1789436487.734924078,0.534194369058,-0.256742200373,0.557966603122,0.587053214564,1.04895714702,-0.246897245842,21.968831,23.540885,7.858632,-1.807741,0.38956,-3.134068
3,1789436487.739722252,0.534194369058,-0.256742200373,0.557966603122,0.587053214564,1.04895714702,-0.246897245842,21.98325,23.502666,7.836128,-1.803155,0.389112,-3.136519
3,1789436487.744764090,0.534194369058,-0.256742200373,0.557966603122,0.587053214564,1.04895714702,-0.246897245842,21.986296,23.514522,8.049351,-1.805471,0.391961,-3.13671
3,1789436487.749932766,0.534194369058,-0.256742200373,0.557966603122,0.587053214564,1.04895714702,-0.246897245842,21.994057,23.528796,7.853561,-1.80647,0.38806,-3.131403
3,1789436487.754723787,0.534194369058,-0.256742200373,0.557966603122,0.587053214564,1.04895714702,-0.246897245842,21.973857,23.527668,7.693978,-1.808062,0.390171,-3.126011
3,1789436487.759825706,0.534194369058,-0.256742200373,0.557966603122,0.587053214564,1.04895714702,-0.246897245842,22.015703,23.518834,7.875067,-1.806735,0.388713,-3.135442
3,1789436487.765028954,0.534194369058,-0.256742200373,0.557966603122,0.587053214564,1.04895714702,-0.246897245842,21.97375,23.530692,7.95834,-1.805416,0.389786,-3.129651
3,1789436487.769844055,0.534194369058,-0.256742200373,0.557966603122,0.587053214564,1.04895714702,-0.246897245842,21.994935,23.516725,7.8574,-1.804482,0.387891,-3.134959
3,1789436487.774841785,0.534194369058,-0.256742200373,0.557966603122,0.587053214564,1.04895714702,-0.246897245842,22.007655,23.54213,7.841343,-1.80651,0.389027,-3.13326
3,1789436487.781989813,0.534194369058,-0.256742200373,0.557966603122,0.587053214564,1.04895714702,-0.246897245842,21.996561,23.503339,7.94806,-1.80479,0.388249,-3.13639
3,1789436487.784843922,0.534194369058,-0.256742200373,0.557966603122,0.587053214564,1.04895714702,-0.246897245842,21.991141,23.525072,7.828301,-1.805252,0.39033,-3.129417
3,1789436487.789572239,0.534194369058,-0.256742200373,0.557966603122,0.587053214564,1.04895714702,-0.246897245842,22.008299,23.516718,7.842597,-1.807727,0.392373,-3.131911
3,1789436487.794800043,0.534194369058,-0.256742200373,0.557966603122,0.587053214564,1.04895714702,-0.246897245842,21.985335,23.52949,8.032414,-1.805455,0.390661,-3.135846
3,1789436487.799984217,0.534194369058,-0.256742200373,0.557966603122,0.587053214564,1.04895714702,-0.246897245842,21.962627,23.533302,7.879819,-1.808884,0.386576,-3.132664
3,1789436487.804626703,0.534194369058,-0.256742200373,0.557966603122,0.587053214564,1.04895714702,-0.246897245842,22.015612,23.531612,7.791767,-1.80645,0.389395,-3.129077
3,1789436487.809863329,0.534194369058,-0.256742200373,0.557966603122,0.587053214564,1.04895714702,-0.246897245842,21.969925,23.544508,7.798284,-1.806059,0.387481,-3.131225
3,1789436487.815319300,0.534194369058,-0.256742200373,0.557966603122,0.587053214564,1.04895714702,-0.246897245842,21.99717,23.503384,7.990371,-1.803169,0.38953,-3.139017
3,1789436487.819719315,0.534194369058,-0.256742200373,0.557966603122,0.587053214564,1.04895714702,-0.246897245842,21.977073,23.500334,7.721105,-1.805459,0.392346,-3.126167
3,1789436487.824959040,0.534194369058,-0.256742200373,0.557966603122,0.587053214564,1.04895714702,-0.246897245842,21.991606,23.491473,7.865242,-1.805704,0.389089,-3.129548
3,1789436487.832218885,0.534194369058,-0.256742200373,0.557966603122,0.587053214564,1.04895714702,-0.246897245842,21.973292,23.52111,7.991196,-1.807885,0.39076,-3.132302
3,1789436487.834875107,0.534194369058,-0.256742200373,0.557966603122,0.587053214564,1.04895714702,-0.246897245842,21.966477,23.511406,7.850905,-1.801645,0.386503,-3.133315
3,1789436487.839858770,0.534194369058,-0.256742200373,0.557966603122,0.587053214564,1.04895714702,-0.246897245842,21.98349,23.532316,7.864014,-1.80797,0.391427,-3.130279
3,1789436487.844849110,0.534194369058,-0.256742200373,0.557966603122,0.587053214564,1.04895714702,-0.246897245842,21.950262,23.493862,8.056765,-1.80394,0.387667,-3.13837
3,1789436487.849858284,0.534194369058,-0.256742200373,0.557966603122,0.587053214564,1.04895714702,-0.246897245842,21.999821,23.530482,7.897061,-1.80482,0.390321,-3.133149
3,1789436487.854666471,0.534194369058,-0.256742200373,0.557966603122,0.587053214564,1.04895714702,-0.246897245842,22.003499,23.519282,7.700516,-1.807033,0.387672,-3.128045
3,1789436487.859692812,0.534194369058,-0.256742200373,0.557966603122,0.587053214564,1.04895714702,-0.246897245842,22.041509,23.543731,7.664688,-1.804931,0.391351,-3.126857
3,1789436487.864994764,0.534194369058,-0.256742200373,0.557966603122,0.587053214564,1.04895714702,-0.246897245842,21.981059,23.526866,7.928855,-1.805837,0.390189,-3.130604
3,1789436487.869875193,0.534194369058,-0.256742200373,0.557966603122,0.587053214564,1.04895714702,-0.246897245842,21.986862,23.522486,7.76382,-1.806917,0.389522,-3.129068
3,1789436487.874842882,0.534194369058,-0.256742200373,0.557966603122,0.587053214564,1.04895714702,-0.246897245842,21.960069,23.539277,7.882636,-1.808101,0.386609,-3.130864
3,1789436487.879908800,0.534194369058,-0.256742200373,0.557966603122,0.587053214564,1.04895714702,-0.246897245842,21.982129,23.54212,8.015121,-1.808394,0.388879,-3.135215
3,1789436487.884931564,0.534194369058,-0.256742200373,0.557966603122,0.587053214564,1.04895714702,-0.246897245842,21.976135,23.540598,7.847368,-1.80292,0.389566,-3.135412
3,1789436487.889651775,0.534194369058,-0.256742200373,0.557966603122,0.587053214564,1.04895714702,-0.246897245842,21.969016,23.517487,7.822374,-1.803442,0.387552,-3.133609
3,1789436487.894668579,0.534194369058,-0.256742200373,0.557966603122,0.587053214564,1.04895714702,-0.246897245842,21.987749,23.511253,7.825427,-1.805865,0.394314,-3.130769
3,1789436487.899787664,0.534194369058,-0.256742200373,0.557966603122,0.587053214564,1.04895714702,-0.246897245842,22.001792,23.521629,7.894126,-1.804705,0.392659,-3.128675
3,1789436487.904718637,0.534194369058,-0.256742200373,0.557966603122,0.587053214564,1.04895714702,-0.246897245842,22.027638,23.576888,7.859201,-1.808008,0.392015,-3.13356
3,1789436487.909818411,0.534194369058,-0.256742200373,0.557966603122,0.587053214564,1.04895714702,-0.246897245842,21.934326,23.52944,7.884005,-1.801818,0.386079,-3.130089
3,1789436487.915091991,0.534194369058,-0.256742200373,0.557966603122,0.587053214564,1.04895714702,-0.246897245842,21.977039,23.542409,7.864001,-1.807401,0.392107,-3.130278
3,1789436487.919707537,0.534194369058,-0.256742200373,0.557966603122,0.587053214564,1.04895714702,-0.246897245842,21.964397,23.552581,7.79071,-1.807148,0.389433,-3.129907
3,1789436487.925088882,0.534194369058,-0.256742200373,0.557966603122,0.587053214564,1.04895714702,-0.246897245842,22.005781,23.540606,8.006775,-1.803955,0.391265,-3.134358
3,1789436487.929819822,0.534194369058,-0.256742200373,0.557966603122,0.587053214564,1.04895714702,-0.246897245842,21.965366,23.514015,7.75991,-1.801572,0.389471,-3.131669
3,1789436487.934854507,0.534194369058,-0.256742200373,0.557966603122,0.587053214564,1.04895714702,-0.246897245842,22.000132,23.509932,7.866915,-1.803995,0.390359,-3.134509
3,1789436487.939596653,0.534194369058,-0.256742200373,0.557966603122,0.587053214564,1.04895714702,-0.246897245842,21.975287,23.476606,7.965115,-1.805688,0.388569,-3.131148
3,1789436487.944718122,0.534194369058,-0.256742200373,0.557966603122,0.587053214564,1.04895714702,-0.246897245842,22.02877,23.527887,7.871166,-1.8056,0.387449,-3.132106
3,1789436487.949824095,0.534194369058,-0.256742200373,0.557966603122,0.587053214564,1.04895714702,-0.246897245842,21.989602,23.544362,7.84891,-1.809981,0.388867,-3.128307
3,1789436487.954600334,0.534194369058,-0.256742200373,0.557966603122,0.587053214564,1.04895714702,-0.246897245842,21.999157,23.515372,8.066007,-1.80548,0.391303,-3.138052
3,1789436487.959758520,0.534194369058,-0.256742200373,0.557966603122,0.587053214564,1.04895714702,-0.246897245842,21.979356,23.545393,7.893429,-1.810255,0.389289,-3.129574
3,1789436487.964936495,0.534194369058,-0.256742200373,0.557966603122,0.587053214564,1.04895714702,-0.246897245842,21.995132,23.502521,7.737967,-1.800279,0.389741,-3.133754
3,1789436487.969741583,0.534194369058,-0.256742200373,0.557966603122,0.587053214564,1.04895714702,-0.246897245842,21.997043,23.521518,7.747272,-1.806642,0.389098,-3.12775
3,1789436487.974736214,0.534194369058,-0.256742200373,0.557966603122,0.587053214564,1.04895714702,-0.246897245842,22.001554,23.507064,7.956788,-1.803749,0.38794,-3.136831
3,1789436487.980291367,0.534194369058,-0.256742200373,0.557966603122,0.587053214564,1.04895714702,-0.246897245842,21.977802,23.517764,7.721015,-1.80604,0.389539,-3.126625
3,1789436487.984761000,0.534194369058,-0.256742200373,0.557966603122,0.587053214564,1.04895714702,-0.246897245842,21.972626,23.512038,7.871589,-1.802933,0.388198,-3.131746
3,1789436487.989513159,0.534194369058,-0.256742200373,0.557966603122,0.587053214564,1.04895714702,-0.246897245842,21.979316,23.545675,8.015411,-1.806039,0.391689,-3.134765
3,1789436487.994742632,0.534194369058,-0.256742200373,0.557966603122,0.587053214564,1.04895714702,-0.246897245842,21.957445,23.530266,7.863076,-1.800216,0.390894,-3.131075
3,1789436487.999746561,0.534194369058,-0.256742200373,0.557966603122,0.587053214564,1.04895714702,-0.246897245842,21.99201,23.544651,7.881927,-1.804799,0.392487,-3.130717
3,1789436488.004552603,0.534194369058,-0.256742200373,0.557966603122,0.587053214564,1.04895714702,-0.246897245842,21.955014,23.491132,8.049406,-1.804021,0.386082,-3.137257
3,1789436488.009590387,0.534194369058,-0.256742200373,0.557966603122,0.587053214564,1.04895714702,-0.246897245842,21.995154,23.502207,7.884828,-1.80449,0.388464,-3.135131
3,1789436488.014891863,0.534194369058,-0.256742200373,0.557966603122,0.587053214564,1.04895714702,-0.246897245842,21.991729,23.511059,7.689122,-1.805893,0.389803,-3.129155
3,1789436488.019603729,0.534194369058,-0.256742200373,0.557966603122,0.587053214564,1.04895714702,-0.246897245842,21.986509,23.52205,7.700661,-1.807573,0.389163,-3.127804
3,1789436488.024670124,0.534194369058,-0.256742200373,0.557966603122,0.587053214564,1.04895714702,-0.246897245842,21.970972,23.554331,7.943825,-1.810347,0.390036,-3.133087
3,1789436488.029640675,0.534194369058,-0.256742200373,0.557966603122,0.587053214564,1.04895714702,-0.246897245842,21.97894,23.539235,7.772812,-1.804899,0.390586,-3.129265
3,1789436488.034769297,0.534194369058,-0.256742200373,0.557966603122,0.587053214564,1.04895714702,-0.246897245842,21.968899,23.538879,7.874072,-1.805851,0.392105,-3.129787
3,1789436488.039680719,0.534194369058,-0.256742200373,0.557966603122,0.587053214564,1.04895714702,-0.246897245842,21.971348,23.509852,8.020042,-1.801996,0.390648,-3.137811
3,1789436488.044892788,0.534194369058,-0.256742200373,0.557966603122,0.587053214564,1.04895714702,-0.246897245842,21.982303,23.496281,7.839786,-1.804278,0.387477,-3.134262
3,1789436488.049794912,0.534194369058,-0.256742200373,0.557966603122,0.587053214564,1.04895714702,-0.246897245842,21.964599,23.512017,7.799969,-1.812608,0.385471,-3.130086
3,1789436488.054614782,0.534194369058,-0.256742200373,0.557966603122,0.587053214564,1.04895714702,-0.246897245842,21.985559,23.536837,8.049718,-1.804964,0.390829,-3.136724
3,1789436488.059615850,0.534194369058,-0.256742200373,0.557966603122,0.587053214564,1.04895714702,-0.246897245842,22.001515,23.517166,7.868715,-1.806096,0.389763,-3.133407
3,1789436488.065110922,0.534194369058,-0.256742200373,0.557966603122,0.587053214564,1.04895714702,-0.246897245842,22.015282,23.487466,7.795174,-1.803243,0.392622,-3.132381
3,1789436488.069597006,0.534194369058,-0.256742200373,0.557966603122,0.587053214564,1.04895714702,-0.246897245842,21.966004,23.552656,7.867343,-1.80974,0.389022,-3.128469
3,1789436488.074650526,0.534194369058,-0.256742200373,0.557966603122,0.587053214564,1.04895714702,-0.246897245842,21.948466,23.561408,7.960296,-1.810149,0.385757,-3.135022
3,1789436488.080067635,0.534194369058,-0.256742200373,0.557966603122,0.587053214564,1.04895714702,-0.246897245842,21.981718,23.527908,7.893578,-1.802572,0.391298,-3.135349
3,1789436488.084758043,0.534194369058,-0.256742200373,0.557966603122,0.587053214564,1.04895714702,-0.246897245842,21.990979,23.506863,7.806819,-1.803733,0.388532,-3.131426
3,1789436488.089886427,0.534194369058,-0.256742200373,0.557966603122,0.587053214564,1.04895714702,-0.246897245842,22.025365,23.49384,7.977999,-1.805386,0.391464,-3.134618
3,1789436488.094786406,0.534194369058,-0.256742200373,0.557966603122,0.587053214564,1.04895714702,-0.246897245842,22.009947,23.566756,7.857273,-1.811766,0.390398,-3.128826
3,1789436488.099824905,0.534194369058,-0.256742200373,0.557966603122,0.587053214564,1.04895714702,-0.246897245842,22.013842,23.524936,7.905834,-1.806596,0.388729,-3.133607
3,1789436488.104760885,0.534194369058,-0.256742200373,0.557966603122,0.587053214564,1.04895714702,-0.246897245842,21.953574,23.525847,8.057016,-1.806448,0.390452,-3.131941
3,1789436488.109863997,0.534194369058,-0.256742200373,0.557966603122,0.587053214564,1.04895714702,-0.246897245842,21.978986,23.501865,7.884839,-1.805759,0.38663,-3.135323
3,1789436488.114749908,0.534194369058,-0.256742200373,0.557966603122,0.587053214564,1.04895714702,-0.246897245842,21.99206,23.533045,7.779381,-1.804745,0.390123,-3.131063
3,1789436488.119606733,0.534194369058,-0.256742200373,0.557966603122,0.587053214564,1.04895714702,-0.246897245842,21.983652,23.518535,7.683766,-1.806357,0.385579,-3.133171
3,1789436488.124595165,0.534194369058,-0.256742200373,0.557966603122,0.587053214564,1.04895714702,-0.246897245842,21.969576,23.52345,7.749442,-1.804596,0.387903,-3.132609
3,1789436488.129572868,0.534194369058,-0.256742200373,0.557966603122,0.587053214564,1.04895714702,-0.246897245842,22.006229,23.501307,7.721283,-1.805828,0.387112,-3.132697
3,1789436488.134656906,0.534194369058,-0.256742200373,0.557966603122,0.587053214564,1.04895714702,-0.246897245842,21.995948,23.494032,7.94083,-1.805322,0.389563,-3.13483
3,1789436488.139549732,0.534194369058,-0.256742200373,0.557966603122,0.587053214564,1.04895714702,-0.246897245842,21.988201,23.527448,7.741609,-1.805836,0.392219,-3.12507
3,1789436488.144602060,0.534194369058,-0.256742200373,0.557966603122,0.587053214564,1.04895714702,-0.246897245842,21.990405,23.531646,7.822553,-1.806708,0.389813,-3.133248
3,1789436488.149787426,0.534194369058,-0.256742200373,0.557966603122,0.587053214564,1.04895714702,-0.246897245842,21.95233,23.53808,8.074776,-1.804868,0.392295,-3.132376
3,1789436488.154603004,0.534194369058,-0.256742200373,0.557966603122,0.587053214564,1.04895714702,-0.246897245842,21.952124,23.536993,7.860683,-1.80458,0.386612,-3.133098
3,1789436488.159574032,0.534194369058,-0.256742200373,0.557966603122,0.587053214564,1.04895714702,-0.246897245842,22.000147,23.534211,7.874289,-1.807951,0.391812,-3.135679
3,1789436488.164691448,0.534194369058,-0.256742200373,0.557966603122,0.587053214564,1.04895714702,-0.246897245842,21.976432,23.500728,8.031668,-1.807722,0.385957,-3.136684
3,1789436488.169679403,0.534194369058,-0.256742200373,0.557966603122,0.587053214564,1.04895714702,-0.246897245842,21.988242,23.542189,7.881612,-1.806462,0.392034,-3.13094
3,1789436488.174764872,0.534194369058,-0.256742200373,0.557966603122,0.587053214564,1.04895714702,-0.246897245842,21.958394,23.463137,7.708316,-1.797883,0.38914,-3.128734
3,1789436488.179910421,0.534194369058,-0.256742200373,0.557966603122,0.587053214564,1.04895714702,-0.246897245842,22.005314,23.543308,7.792769,-1.80809,0.391823,-3.128196
3,1789436488.184764624,0.534194369058,-0.256742200373,0.557966603122,0.587053214564,1.04895714702,-0.246897245842,21.997666,23.524825,7.993742,-1.80527,0.38837,-3.137026
3,1789436488.189675093,0.534194369058,-0.256742200373,0.557966603122,0.587053214564,1.04895714702,-0.246897245842,21.989385,23.549748,7.766652,-1.805326,0.392159,-3.127075
3,1789436488.194569588,0.534194369058,-0.256742200373,0.557966603122,0.587053214564,1.04895714702,-0.246897245842,21.9414,23.523344,7.864479,-1.807458,0.385773,-3.130605
3,1789436488.199728966,0.534194369058,-0.256742200373,0.557966603122,0.587053214564,1.04895714702,-0.246897245842,21.99392,23.519564,8.075821,-1.801171,0.39342,-3.137569
3,1789436488.204642296,0.534194369058,-0.256742200373,0.557966603122,0.587053214564,1.04895714702,-0.246897245842,21.973591,23.486042,7.824422,-1.803532,0.38639,-3.132229
3,1789436488.209554911,0.534194369058,-0.256742200373,0.557966603122,0.587053214564,1.04895714702,-0.246897245842,22.00673,23.515764,7.869392,-1.805805,0.393509,-3.132535
3,1789436488.214878321,0.534194369058,-0.256742200373,0.557966603122,0.587053214564,1.04895714702,-0.246897245842,21.950744,23.510046,7.977939,-1.806814,0.384311,-3.135588
3,1789436488.219549417,0.534194369058,-0.256742200373,0.557966603122,0.587053214564,1.04895714702,-0.246897245842,22.014491,23.551309,7.887765,-1.807281,0.390143,-3.133227
3,1789436488.224536657,0.534194369058,-0.256742200373,0.557966603122,0.587053214564,1.04895714702,-0.246897245842,21.985019,23.529598,7.710883,-1.806756,0.388439,-3.127337
3,1789436488.229925871,0.534194369058,-0.256742200373,0.557966603122,0.587053214564,1.04895714702,-0.246897245842,22.012822,23.563629,7.8266,-1.807623,0.396412,-3.129998
3,1789436488.234981775,0.534194369058,-0.256742200373,0.557966603122,0.587053214564,1.04895714702,-0.246897245842,21.951206,23.536743,7.95387,-1.803941,0.38699,-3.13296
3,1789436488.239788532,0.534194369058,-0.256742200373,0.557966603122,0.587053214564,1.04895714702,-0.246897245842,22.012614,23.535334,7.776315,-1.805697,0.391322,-3.132914
3,1789436488.244623899,0.534194369058,-0.256742200373,0.557966603122,0.587053214564,1.04895714702,-0.246897245842,21.983134,23.491035,7.834243,-1.806995,0.384885,-3.132027
3,1789436488.249826670,0.534194369058,-0.256742200373,0.557966603122,0.587053214564,1.04895714702,-0.246897245842,22.015124,23.480534,8.029213,-1.804368,0.392838,-3.137425
3,1789436488.254587412,0.534194369058,-0.256742200373,0.557966603122,0.587053214564,1.04895714702,-0.246897245842,21.961914,23.530686,7.844608,-1.808951,0.388028,-3.125098
3,1789436488.259725571,0.534194369058,-0.256742200373,0.557966603122,0.587053214564,1.04895714702,-0.246897245842,22.00752,23.541184,7.842258,-1.806853,0.389582,-3.13259
3,1789436488.264967442,0.534194369058,-0.256742200373,0.557966603122,0.587053214564,1.04895714702,-0.246897245842,21.988408,23.547483,7.547989,-1.806664,0.392193,-3.12403
3,1789436488.269689798,0.534194369058,-0.256742200373,0.557966603122,0.587053214564,1.04895714702,-0.246897245842,21.968506,23.524588,7.896648,-1.802959,0.387727,-3.133731
3,1789436488.274869204,0.534194369058,-0.256742200373,0.557966603122,0.587053214564,1.04895714702,-0.246897245842,21.996045,23.532152,7.780193,-1.803473,0.393339,-3.130181
3,1789436488.279587030,0.534194369058,-0.256742200373,0.557966603122,0.587053214564,1.04895714702,-0.246897245842,21.97521,23.506843,7.697172,-1.806289,0.385591,-3.130433
3,1789436488.284721375,0.534194369058,-0.256742200373,0.557966603122,0.587053214564,1.04895714702,-0.246897245842,22.01757,23.525876,7.978258,-1.808842,0.388837,-3.13487
3,1789436488.289633989,0.534194369058,-0.256742200373,0.557966603122,0.587053214564,1.04895714702,-0.246897245842,21.994764,23.494389,7.729072,-1.805002,0.387903,-3.127501
3,1789436488.294694424,0.534194369058,-0.256742200373,0.557966603122,0.587053214564,1.04895714702,-0.246897245842,22.009969,23.531064,7.885687,-1.807088,0.393199,-3.128059
3,1789436488.299872875,0.534194369058,-0.256742200373,0.557966603122,0.587053214564,1.04895714702,-0.246897245842,21.981855,23.521708,7.996475,-1.808216,0.388186,-3.135214
3,1789436488.304804564,0.534194369058,-0.256742200373,0.557966603122,0.587053214564,1.04895714702,-0.246897245842,21.98861,23.532839,7.884859,-1.803771,0.389661,-3.135155
3,1789436488.309690475,0.534194369058,-0.256742200373,0.557966603122,0.587053214564,1.04895714702,-0.246897245842,21.963804,23.513773,7.843748,-1.805458,0.387305,-3.131782
3,1789436488.314846039,0.534194369058,-0.256742200373,0.557966603122,0.587053214564,1.04895714702,-0.246897245842,21.98866,23.532876,8.034696,-1.804733,0.389868,-3.140551
3,1789436488.319612503,0.534194369058,-0.256742200373,0.557966603122,0.587053214564,1.04895714702,-0.246897245842,21.981713,23.515671,7.865482,-1.802533,0.389665,-3.135591
3,1789436488.324628115,0.534194369058,-0.256742200373,0.557966603122,0.587053214564,1.04895714702,-0.246897245842,21.999868,23.531901,7.736657,-1.80316,0.395268,-3.128017
3,1789436488.329722643,0.534194369058,-0.256742200373,0.557966603122,0.587053214564,1.04895714702,-0.246897245842,21.981339,23.500508,7.766965,-1.803863,0.389109,-3.126979
3,1789436488.334690094,0.534194369058,-0.256742200373,0.557966603122,0.587053214564,1.04895714702,-0.246897245842,21.995195,23.517928,7.677529,-1.807364,0.390611,-3.124493
3,1789436488.339630365,0.534194369058,-0.256742200373,0.557966603122,0.587053214564,1.04895714702,-0.246897245842,22.027422,23.52421,7.713249,-1.804374,0.390074,-3.13166
3,1789436488.344512939,0.534194369058,-0.256742200373,0.557966603122,0.587053214564,1.04895714702,-0.246897245842,21.933863,23.538576,7.985031,-1.805798,0.38848,-3.130663
3,1789436488.349676371,0.534194369058,-0.256742200373,0.557966603122,0.587053214564,1.04895714702,-0.246897245842,21.958557,23.529788,7.739951,-1.804758,0.389029,-3.126565
3,1789436488.354696751,0.534194369058,-0.256742200373,0.557966603122,0.587053214564,1.04895714702,-0.246897245842,21.972682,23.512171,7.891314,-1.803579,0.387824,-3.131047
3,1789436488.359981775,0.534194369058,-0.256742200373,0.557966603122,0.587053214564,1.04895714702,-0.246897245842,21.974634,23.511644,8.015155,-1.807141,0.387995,-3.135154
3,1789436488.364952326,0.534194369058,-0.256742200373,0.557966603122,0.587053214564,1.04895714702,-0.246897245842,22.006193,23.485276,7.852045,-1.806194,0.38897,-3.132055
3,1789436488.369888544,0.534194369058,-0.256742200373,0.557966603122,0.587053214564,1.04895714702,-0.246897245842,22.004025,23.508752,7.892722,-1.805972,0.392089,-3.129569
3,1789436488.374875069,0.534194369058,-0.256742200373,0.557966603122,0.587053214564,1.04895714702,-0.246897245842,22.007032,23.527679,8.03437,-1.810074,0.387969,-3.134775
3,1789436488.380472898,0.534194369058,-0.256742200373,0.557966603122,0.587053214564,1.04895714702,-0.246897245842,22.022951,23.530483,7.923008,-1.80358,0.389791,-3.134489
3,1789436488.384882927,0.534194369058,-0.256742200373,0.557966603122,0.587053214564,1.04895714702,-0.246897245842,21.964345,23.550643,7.722236,-1.810103,0.389248,-3.125986
3,1789436488.389667511,0.534194369058,-0.256742200373,0.557966603122,0.587053214564,1.04895714702,-0.246897245842,21.988831,23.537306,7.798386,-1.807225,0.389828,-3.130824
3,1789436488.395134449,0.534194369058,-0.256742200373,0.557966603122,0.587053214564,1.04895714702,-0.246897245842,21.999409,23.53891,7.961166,-1.803985,0.389573,-3.133953
3,1789436488.399870634,0.534194369058,-0.256742200373,0.557966603122,0.587053214564,1.04895714702,-0.246897245842,21.988724,23.513445,7.710076,-1.804864,0.387128,-3.134033
3,1789436488.404654503,0.534194369058,-0.256742200373,0.557966603122,0.587053214564,1.04895714702,-0.246897245842,22.01192,23.515857,7.865405,-1.803235,0.391186,-3.135436
3,1789436488.409710407,0.534194369058,-0.256742200373,0.557966603122,0.587053214564,1.04895714702,-0.246897245842,21.972717,23.5022,7.977866,-1.805408,0.389894,-3.134969
3,1789436488.415016651,0.534194369058,-0.256742200373,0.557966603122,0.587053214564,1.04895714702,-0.246897245842,21.976172,23.53059,7.894842,-1.803466,0.391971,-3.134453
3,1789436488.419639826,0.534194369058,-0.256742200373,0.557966603122,0.587053214564,1.04895714702,-0.246897245842,21.976046,23.538541,7.863814,-1.806528,0.389371,-3.130701
3,1789436488.424886465,0.534194369058,-0.256742200373,0.557966603122,0.587053214564,1.04895714702,-0.246897245842,21.972926,23.544373,8.065192,-1.80736,0.389246,-3.132883
3,1789436488.430293798,0.534194369058,-0.256742200373,0.557966603122,0.587053214564,1.04895714702,-0.246897245842,22.006699,23.547139,7.905967,-1.80542,0.391058,-3.133399
3,1789436488.434891939,0.534194369058,-0.256742200373,0.557966603122,0.587053214564,1.04895714702,-0.246897245842,22.007989,23.514037,7.820742,-1.805856,0.389446,-3.134377
3,1789436488.439807653,0.534194369058,-0.256742200373,0.557966603122,0.587053214564,1.04895714702,-0.246897245842,21.977317,23.518764,7.856721,-1.803756,0.390094,-3.129109
3,1789436488.444901466,0.534194369058,-0.256742200373,0.557966603122,0.587053214564,1.04895714702,-0.246897245842,21.966526,23.524565,7.811649,-1.805209,0.391256,-3.128054
3,1789436488.449880600,0.534194369058,-0.256742200373,0.557966603122,0.587053214564,1.04895714702,-0.246897245842,22.011014,23.5701,7.87435,-1.80685,0.390535,-3.129898
3,1789436488.454893827,0.534194369058,-0.256742200373,0.557966603122,0.587053214564,1.04895714702,-0.246897245842,22.014058,23.517029,7.883424,-1.804519,0.390366,-3.129816
3,1789436488.459981203,0.534194369058,-0.256742200373,0.557966603122,0.587053214564,1.04895714702,-0.246897245842,22.009007,23.5204,7.992288,-1.808954,0.389391,-3.131694
3,1789436488.465038538,0.534194369058,-0.256742200373,0.557966603122,0.587053214564,1.04895714702,-0.246897245842,21.991593,23.507947,7.863956,-1.805009,0.387405,-3.130676
3,1789436488.469743729,0.534194369058,-0.256742200373,0.557966603122,0.587053214564,1.04895714702,-0.246897245842,22.008151,23.51336,7.824889,-1.808139,0.388883,-3.131693
3,1789436488.474806309,0.534194369058,-0.256742200373,0.557966603122,0.587053214564,1.04895714702,-0.246897245842,21.987498,23.509318,8.011576,-1.80624,0.390478,-3.137206
3,1789436488.479911566,0.534194369058,-0.256742200373,0.557966603122,0.587053214564,1.04895714702,-0.246897245842,21.980275,23.501486,7.905553,-1.802862,0.388972,-3.13372
3,1789436488.484889030,0.534194369058,-0.256742200373,0.557966603122,0.587053214564,1.04895714702,-0.246897245842,21.986449,23.48889,7.717992,-1.807043,0.387752,-3.128627
3,1789436488.489842176,0.534194369058,-0.256742200373,0.557966603122,0.587053214564,1.04895714702,-0.246897245842,22.016386,23.529707,7.735503,-1.806809,0.391047,-3.129168
3,1789436488.494916677,0.534194369058,-0.256742200373,0.557966603122,0.587053214564,1.04895714702,-0.246897245842,21.996175,23.563792,7.965854,-1.808584,0.388497,-3.131077
3,1789436488.500012636,0.534194369058,-0.256742200373,0.557966603122,0.587053214564,1.04895714702,-0.246897245842,21.998775,23.531458,7.726604,-1.807067,0.387211,-3.129355
3,1789436488.504830837,0.534194369058,-0.256742200373,0.557966603122,0.587053214564,1.04895714702,-0.246897245842,21.994322,23.521425,7.886815,-1.804693,0.389546,-3.13381
3,1789436488.509885550,0.534194369058,-0.256742200373,0.557966603122,0.587053214564,1.04895714702,-0.246897245842,21.980876,23.540542,8.043933,-1.807781,0.390007,-3.134499
3,1789436488.515111208,0.534194369058,-0.256742200373,0.557966603122,0.587053214564,1.04895714702,-0.246897245842,22.011534,23.542046,7.857733,-1.803601,0.392433,-3.134364
3,1789436488.519888878,0.534194369058,-0.256742200373,0.557966603122,0.587053214564,1.04895714702,-0.246897245842,22.006202,23.522723,7.839418,-1.804369,0.387989,-3.134564
3,1789436488.524673462,0.534194369058,-0.256742200373,0.557966603122,0.587053214564,1.04895714702,-0.246897245842,21.985377,23.514771,8.048364,-1.804171,0.39198,-3.137374
3,1789436488.529841423,0.534194369058,-0.256742200373,0.557966603122,0.587053214564,1.04895714702,-0.246897245842,21.955746,23.518508,7.839987,-1.806295,0.390961,-3.127768
3,1789436488.534871340,0.534194369058,-0.256742200373,0.557966603122,0.587053214564,1.04895714702,-0.246897245842,22.017189,23.52468,7.713211,-1.805631,0.390313,-3.13165
3,1789436488.539886475,0.534194369058,-0.256742200373,0.557966603122,0.587053214564,1.04895714702,-0.246897245842,21.988338,23.543978,7.737068,-1.808691,0.388903,-3.128457
3,1789436488.544758558,0.534194369058,-0.256742200373,0.557966603122,0.587053214564,1.04895714702,-0.246897245842,21.956275,23.53415,7.76292,-1.805289,0.390199,-3.12968
3,1789436488.549993753,0.534194369058,-0.256742200373,0.557966603122,0.587053214564,1.04895714702,-0.246897245842,21.972464,23.543806,7.871549,-1.807691,0.388718,-3.131813
3,1789436488.554811239,0.534194369058,-0.256742200373,0.557966603122,0.587053214564,1.04895714702,-0.246897245842,21.962508,23.53608,7.951641,-1.807534,0.385099,-3.134565
3,1789436488.559935331,0.534194369058,-0.256742200373,0.557966603122,0.587053214564,1.04895714702,-0.246897245842,22.027094,23.471713,7.766961,-1.803323,0.387412,-3.133072
3,1789436488.565422058,0.534194369058,-0.256742200373,0.557966603122,0.587053214564,1.04895714702,-0.246897245842,22.012972,23.500571,7.830919,-1.810387,0.388779,-3.127658
3,1789436488.569951773,0.534194369058,-0.256742200373,0.557966603122,0.587053214564,1.04895714702,-0.246897245842,22.025812,23.522679,7.957092,-1.809573,0.389038,-3.136487
3,1789436488.574972153,0.534194369058,-0.256742200373,0.557966603122,0.587053214564,1.04895714702,-0.246897245842,21.991647,23.536723,7.862398,-1.804006,0.393433,-3.131184
3,1789436488.579813957,0.534194369058,-0.256742200373,0.557966603122,0.587053214564,1.04895714702,-0.246897245842,21.952467,23.527056,7.863695,-1.80642,0.388274,-3.130862
3,1789436488.584838390,0.534194369058,-0.256742200373,0.557966603122,0.587053214564,1.04895714702,-0.246897245842,21.969896,23.524745,8.083784,-1.800041,0.390462,-3.138841
3,1789436488.589648485,0.534194369058,-0.256742200373,0.557966603122,0.587053214564,1.04895714702,-0.246897245842,21.952829,23.547586,7.908181,-1.805624,0.38952,-3.132168
3,1789436488.594836950,0.534194369058,-0.256742200373,0.557966603122,0.587053214564,1.04895714702,-0.246897245842,21.986036,23.536994,7.734281,-1.805289,0.389518,-3.130224
3,1789436488.599948645,0.534194369058,-0.256742200373,0.557966603122,0.587053214564,1.04895714702,-0.246897245842,21.997188,23.48891,7.779057,-1.804156,0.388425,-3.131235
3,1789436488.604619026,0.534194369058,-0.256742200373,0.557966603122,0.587053214564,1.04895714702,-0.246897245842,22.013146,23.482321,7.902325,-1.804332,0.389931,-3.135572
3,1789436488.609740734,0.534194369058,-0.256742200373,0.557966603122,0.587053214564,1.04895714702,-0.246897245842,21.999044,23.534884,7.736065,-1.807302,0.39033,-3.128916
3,1789436488.614846945,0.534194369058,-0.256742200373,0.557966603122,0.587053214564,1.04895714702,-0.246897245842,21.996527,23.549314,7.886507,-1.806318,0.390007,-3.134083
3,1789436488.619629622,0.534194369058,-0.256742200373,0.557966603122,0.587053214564,1.04895714702,-0.246897245842,21.930835,23.545158,8.027039,-1.805962,0.387632,-3.133739
3,1789436488.624748468,0.534194369058,-0.256742200373,0.557966603122,0.587053214564,1.04895714702,-0.246897245842,21.974358,23.498377,7.892698,-1.800975,0.389858,-3.135959
3,1789436488.629903555,0.534194369058,-0.256742200373,0.557966603122,0.587053214564,1.04895714702,-0.246897245842,21.981188,23.533021,7.865292,-1.806664,0.390363,-3.129588
3,1789436488.634859562,0.534194369058,-0.256742200373,0.557966603122,0.587053214564,1.04895714702,-0.246897245842,21.994467,23.493695,7.899291,-1.801765,0.390893,-3.137561
3,1789436488.642254114,0.534194369058,-0.256742200373,0.557966603122,0.587053214564,1.04895714702,-0.246897245842,22.000642,23.53519,7.900595,-1.807297,0.391394,-3.130706
3,1789436488.645509481,0.534194369058,-0.256742200373,0.557966603122,0.587053214564,1.04895714702,-0.246897245842,21.965777,23.51422,7.844809,-1.807714,0.386712,-3.131123
3,1789436488.650802374,0.534194369058,-0.256742200373,0.557966603122,0.587053214564,1.04895714702,-0.246897245842,22.015529,23.522976,7.899376,-1.804377,0.392172,-3.13138
3,1789436488.655386925,0.534194369058,-0.256742200373,0.557966603122,0.587053214564,1.04895714702,-0.246897245842,21.984635,23.557844,7.942254,-1.811274,0.386965,-3.134453
3,1789436488.660227776,0.534194369058,-0.256742200373,0.557966603122,0.587053214564,1.04895714702,-0.246897245842,22.00589,23.559314,7.823324,-1.805134,0.392161,-3.132637
3,1789436488.664689779,0.534194369058,-0.256742200373,0.557966603122,0.587053214564,1.04895714702,-0.246897245842,21.973268,23.526176,7.8243,-1.808103,0.385794,-3.132522
3,1789436488.669577360,0.534194369058,-0.256742200373,0.557966603122,0.587053214564,1.04895714702,-0.246897245842,22.006228,23.500211,8.040868,-1.802942,0.390595,-3.136272
3,1789436488.674431324,0.534194369058,-0.256742200373,0.557966603122,0.587053214564,1.04895714702,-0.246897245842,21.99344,23.480676,7.796835,-1.805631,0.38706,-3.131868
3,1789436488.679455042,0.534194369058,-0.256742200373,0.557966603122,0.587053214564,1.04895714702,-0.246897245842,22.01539,23.503509,7.879816,-1.803856,0.390925,-3.132049
3,1789436488.684614897,0.534194369058,-0.256742200373,0.557966603122,0.587053214564,1.04895714702,-0.246897245842,21.96951,23.551034,7.943753,-1.80914,0.386756,-3.133504
3,1789436488.689451694,0.534194369058,-0.256742200373,0.557966603122,0.587053214564,1.04895714702,-0.246897245842,21.997937,23.536437,7.914218,-1.802415,0.391636,-3.134016
3,1789436488.694609642,0.534194369058,-0.256742200373,0.557966603122,0.587053214564,1.04895714702,-0.246897245842,21.963147,23.544817,7.695907,-1.809918,0.387623,-3.125109
3,1789436488.699615479,0.534194369058,-0.256742200373,0.557966603122,0.587053214564,1.04895714702,-0.246897245842,22.020944,23.486622,7.794211,-1.802636,0.390286,-3.133273
3,1789436488.704492807,0.534194369058,-0.256742200373,0.557966603122,0.587053214564,1.04895714702,-0.246897245842,21.978414,23.537273,7.928739,-1.808496,0.390796,-3.13063
3,1789436488.709539175,0.534194369058,-0.256742200373,0.557966603122,0.587053214564,1.04895714702,-0.246897245842,21.96661,23.508101,7.774728,-1.800736,0.389648,-3.134105
3,1789436488.714581013,0.534194369058,-0.256742200373,0.557966603122,0.587053214564,1.04895714702,-0.246897245842,21.957329,23.514056,7.828145,-1.806401,0.389472,-3.129569
3,1789436488.719393015,0.534194369058,-0.256742200373,0.557966603122,0.587053214564,1.04895714702,-0.246897245842,21.968683,23.516601,7.998236,-1.802818,0.389019,-3.134031
3,1789436488.724437237,0.534194369058,-0.256742200373,0.557966603122,0.587053214564,1.04895714702,-0.246897245842,21.992075,23.545992,7.865643,-1.806068,0.390639,-3.129396
3,1789436488.729476213,0.534194369058,-0.256742200373,0.557966603122,0.587053214564,1.04895714702,-0.246897245842,21.982712,23.541041,7.857559,-1.809059,0.389251,-3.134775
3,1789436488.734585047,0.534194369058,-0.256742200373,0.557966603122,0.587053214564,1.04895714702,-0.246897245842,21.945871,23.554825,8.062879,-1.80802,0.391518,-3.134208
3,1789436488.739436388,0.534194369058,-0.256742200373,0.557966603122,0.587053214564,1.04895714702,-0.246897245842,21.959359,23.518015,7.858532,-1.804698,0.388147,-3.134223
3,1789436488.744553566,0.534194369058,-0.256742200373,0.557966603122,0.587053214564,1.04895714702,-0.246897245842,22.001103,23.523209,7.735993,-1.804021,0.390842,-3.128889
3,1789436488.749664783,0.534194369058,-0.256742200373,0.557966603122,0.587053214564,1.04895714702,-0.246897245842,22.009827,23.52945,7.776875,-1.808744,0.38754,-3.1329
3,1789436488.754514456,0.534194369058,-0.256742200373,0.557966603122,0.587053214564,1.04895714702,-0.246897245842,21.978461,23.526494,7.689803,-1.80487,0.388967,-3.128912
3,1789436488.759692192,0.534194369058,-0.256742200373,0.557966603122,0.587053214564,1.04895714702,-0.246897245842,22.009373,23.510699,7.715824,-1.805284,0.392714,-3.129609
3,1789436488.764861107,0.534194369058,-0.256742200373,0.557966603122,0.587053214564,1.04895714702,-0.246897245842,22.019628,23.537931,7.936012,-1.807596,0.39188,-3.131819
3,1789436488.769823074,0.534194369058,-0.256742200373,0.557966603122,0.587053214564,1.04895714702,-0.246897245842,22.001656,23.540439,7.724424,-1.80331,0.38878,-3.130704
3,1789436488.774848938,0.534194369058,-0.256742200373,0.557966603122,0.587053214564,1.04895714702,-0.246897245842,21.996591,23.538181,7.844869,-1.808829,0.392045,-3.13057
3,1789436488.779954433,0.534194369058,-0.256742200373,0.557966603122,0.587053214564,1.04895714702,-0.246897245842,21.975275,23.517922,8.015759,-1.807966,0.388522,-3.134721
3,1789436488.784816980,0.534194369058,-0.256742200373,0.557966603122,0.587053214564,1.04895714702,-0.246897245842,21.961479,23.512391,7.873703,-1.804518,0.387898,-3.130386
3,1789436488.789584875,0.534194369058,-0.256742200373,0.557966603122,0.587053214564,1.04895714702,-0.246897245842,21.948751,23.518808,7.887588,-1.806274,0.387836,-3.133498
3,1789436488.794636250,0.534194369058,-0.256742200373,0.557966603122,0.587053214564,1.04895714702,-0.246897245842,21.987489,23.544313,8.030764,-1.80641,0.390597,-3.136995
3,1789436488.799891710,0.534194369058,-0.256742200373,0.557966603122,0.587053214564,1.04895714702,-0.246897245842,21.98064,23.530003,7.902872,-1.801539,0.395549,-3.134904
3,1789436488.804610729,0.534194369058,-0.256742200373,0.557966603122,0.587053214564,1.04895714702,-0.246897245842,21.971852,23.533555,7.719381,-1.80501,0.391859,-3.127536
3,1789436488.809683800,0.534194369058,-0.256742200373,0.557966603122,0.587053214564,1.04895714702,-0.246897245842,21.99243,23.526633,7.806728,-1.799721,0.392314,-3.131222
