sample_index,wall_time_s,tcp_x_m,tcp_y_m,tcp_z_m,tcp_rx_rad,tcp_ry_rad,tcp_rz_rad,fx_n,fy_n,fz_n,tx_nm,ty_nm,tz_nm
1,1789436837.788286209,0.534203554386,-0.25668398705,0.557891310673,0.586983286379,1.04923384004,-0.24691593707,31.476631,22.207756,13.825363,-1.828021,0.687274,-2.845854
1,1789436837.793066025,0.534203554386,-0.25668398705,0.557891310673,0.586983286379,1.04923384004,-0.24691593707,31.423179,22.212863,13.977105,-1.829417,0.682062,-2.850679
1,1789436837.798211336,0.534203554386,-0.25668398705,0.557891310673,0.586983286379,1.04923384004,-0.24691593707,31.445071,22.211221,13.894257,-1.823361,0.684304,-2.849914
1,1789436837.803304672,0.534203554386,-0.25668398705,0.557891310673,0.586983286379,1.04923384004,-0.24691593707,31.470487,22.235408,13.694774,-1.832551,0.682242,-2.846735
1,1789436837.808176279,0.534203554386,-0.25668398705,0.557891310673,0.586983286379,1.04923384004,-0.24691593707,31.533922,22.196608,13.76693,-1.825796,0.688606,-2.853423
1,1789436837.813190222,0.534203554386,-0.25668398705,0.557891310673,0.586983286379,1.04923384004,-0.24691593707,31.459308,22.21485,13.848083,-1.830421,0.683966,-2.843553
1,1789436837.818408251,0.534203554386,-0.25668398705,0.557891310673,0.586983286379,1.04923384004,-0.24691593707,31.464349,22.184231,13.699853,-1.82013,0.687227,-2.84885
1,1789436837.823229790,0.534203554386,-0.25668398705,0.557891310673,0.586983286379,1.04923384004,-0.24691593707,31.422819,22.227185,13.82556,-1.826825,0.68806,-2.83972
1,1789436837.828435898,0.534203554386,-0.25668398705,0.557891310673,0.586983286379,1.04923384004,-0.24691593707,31.446315,22.247559,13.886251,-1.829949,0.686629,-2.848901
1,1789436837.833416700,0.534203554386,-0.25668398705,0.557891310673,0.586983286379,1.04923384004,-0.24691593707,31.431216,22.235109,13.815931,-1.824071,0.686777,-2.846235
1,1789436837.838342428,0.534203554386,-0.25668398705,0.557891310673,0.586983286379,1.04923384004,-0.24691593707,31.435585,22.17992,13.790601,-1.824704,0.681652,-2.850901
1,1789436837.843438148,0.534203554386,-0.25668398705,0.557891310673,0.586983286379,1.04923384004,-0.24691593707,31.4302,22.168725,13.996466,-1.825923,0.682697,-2.849924
1,1789436837.848236322,0.534203554386,-0.25668398705,0.557891310673,0.586983286379,1.04923384004,-0.24691593707,31.450146,22.196601,13.827551,-1.826615,0.685123,-2.844648
1,1789436837.853383541,0.534203554386,-0.25668398705,0.557891310673,0.586983286379,1.04923384004,-0.24691593707,31.471596,22.228378,13.762465,-1.829809,0.684227,-2.844833
1,1789436837.858220339,0.534203554386,-0.25668398705,0.557891310673,0.586983286379,1.04923384004,-0.24691593707,31.463886,22.165051,13.779945,-1.822848,0.684121,-2.845351
1,1789436837.863223553,0.534203554386,-0.25668398705,0.557891310673,0.586983286379,1.04923384004,-0.24691593707,31.426807,22.185116,13.9031,-1.822309,0.686385,-2.843791
1,1789436837.868409395,0.534203554386,-0.25668398705,0.557891310673,0.586983286379,1.04923384004,-0.24691593707,31.396507,22.187046,13.751509,-1.824803,0.680811,-2.84013
1,1789436837.873116732,0.534203554386,-0.25668398705,0.557891310673,0.586983286379,1.04923384004,-0.24691593707,31.460114,22.222424,13.851872,-1.82313,0.687609,-2.846894
1,1789436837.878450394,0.534203554386,-0.25668398705,0.557891310673,0.586983286379,1.04923384004,-0.24691593707,31.426582,22.204716,13.812296,-1.828343,0.678277,-2.843265
1,1789436837.884467602,0.534203554386,-0.25668398705,0.557891310673,0.586983286379,1.04923384004,-0.24691593707,31.471519,22.180524,13.785762,-1.822188,0.686654,-2.841349
1,1789436837.888376236,0.534203554386,-0.25668398705,0.557891310673,0.586983286379,1.04923384004,-0.24691593707,31.456654,22.149193,13.771526,-1.821923,0.682428,-2.838817
1,1789436837.893486023,0.534203554386,-0.25668398705,0.557891310673,0.586983286379,1.04923384004,-0.24691593707,31.447299,22.187142,13.970221,-1.826172,0.686689,-2.848468
1,1789436837.898448229,0.534203554386,-0.25668398705,0.557891310673,0.586983286379,1.04923384004,-0.24691593707,31.455719,22.233412,13.83542,-1.825456,0.686956,-2.845588
1,1789436837.903556347,0.534203554386,-0.25668398705,0.557891310673,0.586983286379,1.04923384004,-0.24691593707,31.426125,22.211172,13.800036,-1.826228,0.685647,-2.844435
1,1789436837.908341408,0.534203554386,-0.25668398705,0.557891310673,0.586983286379,1.04923384004,-0.24691593707,31.43958,22.172012,13.805313,-1.825863,0.683581,-2.847086
1,1789436837.913333178,0.534203554386,-0.25668398705,0.557891310673,0.586983286379,1.04923384004,-0.24691593707,31.444316,22.182449,13.866344,-1.827895,0.682185,-2.849938
1,1789436837.918256998,0.534203554386,-0.25668398705,0.557891310673,0.586983286379,1.04923384004,-0.24691593707,31.480241,22.180981,13.740091,-1.825423,0.682823,-2.847259
1,1789436837.923128366,0.534203554386,-0.25668398705,0.557891310673,0.586983286379,1.04923384004,-0.24691593707,31.462179,22.227466,13.822402,-1.828839,0.68718,-2.841824
1,1789436837.927973747,0.534203554386,-0.25668398705,0.557891310673,0.586983286379,1.04923384004,-0.24691593707,31.435302,22.238024,13.872166,-1.827897,0.684478,-2.846176
1,1789436837.933185577,0.534203554386,-0.25668398705,0.557891310673,0.586983286379,1.04923384004,-0.24691593707,31.483318,22.203277,13.784818,-1.822008,0.685096,-2.848337
1,1789436837.938096285,0.534203554386,-0.25668398705,0.557891310673,0.586983286379,1.04923384004,-0.24691593707,31.451151,22.182789,13.775518,-1.824351,0.686209,-2.842012
1,1789436837.943420649,0.534203554386,-0.25668398705,0.557891310673,0.586983286379,1.04923384004,-0.24691593707,31.47732,22.237536,14.026186,-1.826699,0.687565,-2.848508
1,1789436837.948030949,0.534203554386,-0.25668398705,0.557891310673,0.586983286379,1.04923384004,-0.24691593707,31.471416,22.243991,13.836379,-1.824595,0.685872,-2.85122
1,1789436837.953051329,0.534203554386,-0.25668398705,0.557891310673,0.586983286379,1.04923384004,-0.24691593707,31.43583,22.214489,13.748741,-1.827149,0.680843,-2.848098
1,1789436837.958063841,0.534203554386,-0.25668398705,0.557891310673,0.586983286379,1.04923384004,-0.24691593707,31.436845,22.188948,13.76972,-1.824169,0.68655,-2.845811
1,1789436837.963257074,0.534203554386,-0.25668398705,0.557891310673,0.586983286379,1.04923384004,-0.24691593707,31.472163,22.206973,13.845847,-1.825438,0.687396,-2.850731
1,1789436837.968250990,0.534203554386,-0.25668398705,0.557891310673,0.586983286379,1.04923384004,-0.24691593707,31.497427,22.2165,13.838384,-1.827851,0.68975,-2.849258
1,1789436837.973118067,0.534203554386,-0.25668398705,0.557891310673,0.586983286379,1.04923384004,-0.24691593707,31.45211,22.180298,13.816686,-1.827648,0.681436,-2.845981
1,1789436837.978022575,0.534203554386,-0.25668398705,0.557891310673,0.586983286379,1.04923384004,-0.24691593707,31.534754,22.215089,13.720336,-1.826024,0.690731,-2.847249
1,1789436837.983182907,0.534203554386,-0.25668398705,0.557891310673,0.586983286379,1.04923384004,-0.24691593707,31.44382,22.216024,13.78421,-1.827782,0.682835,-2.842923
1,1789436837.988145590,0.534203554386,-0.25668398705,0.557891310673,0.586983286379,1.04923384004,-0.24691593707,31.439464,22.238772,13.936345,-1.825946,0.686949,-2.846542
1,1789436837.993141413,0.534203554386,-0.25668398705,0.557891310673,0.586983286379,1.04923384004,-0.24691593707,31.415257,22.258553,13.791759,-1.827396,0.681577,-2.844466
1,1789436837.998045444,0.534203554386,-0.25668398705,0.557891310673,0.586983286379,1.04923384004,-0.24691593707,31.457944,22.186468,13.856245,-1.823942,0.68701,-2.849983
1,1789436838.003158092,0.534203554386,-0.25668398705,0.557891310673,0.586983286379,1.04923384004,-0.24691593707,31.441206,22.186642,13.969262,-1.82553,0.684621,-2.849339
1,1789436838.008152723,0.534203554386,-0.25668398705,0.557891310673,0.586983286379,1.04923384004,-0.24691593707,31.461975,22.197436,13.80377,-1.824032,0.685232,-2.848052
1,1789436838.013040304,0.534203554386,-0.25668398705,0.557891310673,0.586983286379,1.04923384004,-0.24691593707,31.457775,22.239185,13.799672,-1.827908,0.687643,-2.844547
1,1789436838.018100977,0.534203554386,-0.25668398705,0.557891310673,0.586983286379,1.04923384004,-0.24691593707,31.477368,22.235671,13.471332,-1.827707,0.686651,-2.840338
1,1789436838.023166180,0.534203554386,-0.25668398705,0.557891310673,0.586983286379,1.04923384004,-0.24691593707,31.441811,22.234345,13.885405,-1.825415,0.68578,-2.843467
1,1789436838.028364658,0.534203554386,-0.25668398705,0.557891310673,0.586983286379,1.04923384004,-0.24691593707,31.419391,22.182662,13.717562,-1.826228,0.682539,-2.843821
1,1789436838.033215046,0.534203554386,-0.25668398705,0.557891310673,0.586983286379,1.04923384004,-0.24691593707,31.466155,22.205152,13.817716,-1.830319,0.683694,-2.851217
1,1789436838.038105249,0.534203554386,-0.25668398705,0.557891310673,0.586983286379,1.04923384004,-0.24691593707,31.458386,22.215137,13.886173,-1.830404,0.68365,-2.849099
1,1789436838.043301582,0.534203554386,-0.25668398705,0.557891310673,0.586983286379,1.04923384004,-0.24691593707,31.464286,22.224479,13.747683,-1.830535,0.683653,-2.842372
1,1789436838.047947168,0.534203554386,-0.25668398705,0.557891310673,0.586983286379,1.04923384004,-0.24691593707,31.449956,22.189239,13.816362,-1.825487,0.685881,-2.845774
1,1789436838.053080559,0.534203554386,-0.25668398705,0.557891310673,0.586983286379,1.04923384004,-0.24691593707,31.444882,22.204765,13.98893,-1.824162,0.683571,-2.848875
1,1789436838.058046103,0.534203554386,-0.25668398705,0.557891310673,0.586983286379,1.04923384004,-0.24691593707,31.455417,22.204959,13.809732,-1.826432,0.686459,-2.844027
1,1789436838.063023806,0.534203554386,-0.25668398705,0.557891310673,0.586983286379,1.04923384004,-0.24691593707,31.42857,22.234682,13.800529,-1.823436,0.686087,-2.844226
1,1789436838.068145514,0.534203554386,-0.25668398705,0.557891310673,0.586983286379,1.04923384004,-0.24691593707,31.401217,22.207057,13.720111,-1.826924,0.682904,-2.842247
1,1789436838.073041439,0.534203554386,-0.25668398705,0.557891310673,0.586983286379,1.04923384004,-0.24691593707,31.419389,22.193099,13.916439,-1.823411,0.681777,-2.847784
1,1789436838.078027725,0.534203554386,-0.25668398705,0.557891310673,0.586983286379,1.04923384004,-0.24691593707,31.427054,22.16696,13.644985,-1.823389,0.68234,-2.836506
1,1789436838.083178043,0.534203554386,-0.25668398705,0.557891310673,0.586983286379,1.04923384004,-0.24691593707,31.482226,22.148871,13.840239,-1.825838,0.687033,-2.841952
1,1789436838.088025093,0.534203554386,-0.25668398705,0.557891310673,0.586983286379,1.04923384004,-0.24691593707,31.458439,22.195135,13.886617,-1.825384,0.684912,-2.842552
1,1789436838.093220949,0.534203554386,-0.25668398705,0.557891310673,0.586983286379,1.04923384004,-0.24691593707,31.449027,22.21188,13.809606,-1.825946,0.683829,-2.844454
1,1789436838.098134279,0.534203554386,-0.25668398705,0.557891310673,0.586983286379,1.04923384004,-0.24691593707,31.394224,22.217983,13.795879,-1.826665,0.682663,-2.841463
1,1789436838.103098869,0.534203554386,-0.25668398705,0.557891310673,0.586983286379,1.04923384004,-0.24691593707,31.432459,22.190826,14.021489,-1.821215,0.685358,-2.851695
1,1789436838.108021498,0.534203554386,-0.25668398705,0.557891310673,0.586983286379,1.04923384004,-0.24691593707,31.436432,22.203659,13.826203,-1.82416,0.685973,-2.845518
1,1789436838.113108635,0.534203554386,-0.25668398705,0.557891310673,0.586983286379,1.04923384004,-0.24691593707,31.466794,22.186624,13.806591,-1.824929,0.684434,-2.852305
1,1789436838.118299246,0.534203554386,-0.25668398705,0.557891310673,0.586983286379,1.04923384004,-0.24691593707,31.465318,22.224565,13.868522,-1.826644,0.686587,-2.848243
1,1789436838.122981310,0.534203554386,-0.25668398705,0.557891310673,0.586983286379,1.04923384004,-0.24691593707,31.445443,22.223467,13.848796,-1.829218,0.68301,-2.849351
1,1789436838.128013849,0.534203554386,-0.25668398705,0.557891310673,0.586983286379,1.04923384004,-0.24691593707,31.491745,22.204463,13.802301,-1.823604,0.687304,-2.848799
1,1789436838.133186817,0.534203554386,-0.25668398705,0.557891310673,0.586983286379,1.04923384004,-0.24691593707,31.457858,22.209714,13.79137,-1.82858,0.68843,-2.843638
1,1789436838.138129950,0.534203554386,-0.25668398705,0.557891310673,0.586983286379,1.04923384004,-0.24691593707,31.45335,22.221616,13.878789,-1.827021,0.683364,-2.847964
1,1789436838.143308878,0.534203554386,-0.25668398705,0.557891310673,0.586983286379,1.04923384004,-0.24691593707,31.47211,22.241102,13.852712,-1.823694,0.688957,-2.846274
1,1789436838.147941113,0.534203554386,-0.25668398705,0.557891310673,0.586983286379,1.04923384004,-0.24691593707,31.405002,22.198908,13.796905,-1.826799,0.680091,-2.847051
1,1789436838.153125048,0.534203554386,-0.25668398705,0.557891310673,0.586983286379,1.04923384004,-0.24691593707,31.483531,22.219789,13.986667,-1.826131,0.688057,-2.855952
1,1789436838.158163786,0.534203554386,-0.25668398705,0.557891310673,0.586983286379,1.04923384004,-0.24691593707,31.484531,22.208212,13.808807,-1.826087,0.685643,-2.850804
1,1789436838.163093090,0.534203554386,-0.25668398705,0.557891310673,0.586983286379,1.04923384004,-0.24691593707,31.508637,22.202039,13.731455,-1.829828,0.687861,-2.846281
1,1789436838.168282509,0.534203554386,-0.25668398705,0.557891310673,0.586983286379,1.04923384004,-0.24691593707,31.467511,22.171814,13.757602,-1.823981,0.685522,-2.847653
1,1789436838.173100948,0.534203554386,-0.25668398705,0.557891310673,0.586983286379,1.04923384004,-0.24691593707,31.418577,22.228507,13.884672,-1.830345,0.683584,-2.84411
1,1789436838.177966833,0.534203554386,-0.25668398705,0.557891310673,0.586983286379,1.04923384004,-0.24691593707,31.45078,22.214371,13.757884,-1.829437,0.686549,-2.841432
1,1789436838.183727264,0.534203554386,-0.25668398705,0.557891310673,0.586983286379,1.04923384004,-0.24691593707,31.407328,22.234589,13.832617,-1.827924,0.68035,-2.848173
1,1789436838.188064575,0.534203554386,-0.25668398705,0.557891310673,0.586983286379,1.04923384004,-0.24691593707,31.491006,22.269394,13.777829,-1.824369,0.691065,-2.846464
1,1789436838.192932844,0.534203554386,-0.25668398705,0.557891310673,0.586983286379,1.04923384004,-0.24691593707,31.436331,22.201129,13.781742,-1.825203,0.681375,-2.844665
1,1789436838.198018789,0.534203554386,-0.25668398705,0.557891310673,0.586983286379,1.04923384004,-0.24691593707,31.485125,22.208648,13.947632,-1.821233,0.68836,-2.851039
1,1789436838.203160763,0.534203554386,-0.25668398705,0.557891310673,0.586983286379,1.04923384004,-0.24691593707,31.451453,22.187976,13.709005,-1.82392,0.681968,-2.843433
1,1789436838.208067894,0.534203554386,-0.25668398705,0.557891310673,0.586983286379,1.04923384004,-0.24691593707,31.504172,22.194265,13.866616,-1.823548,0.689759,-2.842903
1,1789436838.213012695,0.534203554386,-0.25668398705,0.557891310673,0.586983286379,1.04923384004,-0.24691593707,31.435579,22.215414,13.97035,-1.825835,0.687051,-2.842425
1,1789436838.218192101,0.534203554386,-0.25668398705,0.557891310673,0.586983286379,1.04923384004,-0.24691593707,31.415604,22.201249,13.839646,-1.823536,0.684591,-2.842981
1,1789436838.222970963,0.534203554386,-0.25668398705,0.557891310673,0.586983286379,1.04923384004,-0.24691593707,31.411127,22.21196,13.788736,-1.827472,0.683425,-2.845989
1,1789436838.228164196,0.534203554386,-0.25668398705,0.557891310673,0.586983286379,1.04923384004,-0.24691593707,31.452608,22.206823,13.78899,-1.828315,0.682894,-2.851891
1,1789436838.233268023,0.534203554386,-0.25668398705,0.557891310673,0.586983286379,1.04923384004,-0.24691593707,31.430314,22.188508,13.868041,-1.826758,0.683035,-2.848793
1,1789436838.238214970,0.534203554386,-0.25668398705,0.557891310673,0.586983286379,1.04923384004,-0.24691593707,31.442608,22.161049,13.688439,-1.82548,0.682051,-2.844547
1,1789436838.243142843,0.534203554386,-0.25668398705,0.557891310673,0.586983286379,1.04923384004,-0.24691593707,31.488888,22.201948,13.850669,-1.827213,0.686456,-2.847618
1,1789436838.248056173,0.534203554386,-0.25668398705,0.557891310673,0.586983286379,1.04923384004,-0.24691593707,31.480643,22.255358,13.890536,-1.831478,0.683054,-2.846493
1,1789436838.253132343,0.534203554386,-0.25668398705,0.557891310673,0.586983286379,1.04923384004,-0.24691593707,31.47386,22.201343,13.82269,-1.824285,0.687345,-2.847616
1,1789436838.257960081,0.534203554386,-0.25668398705,0.557891310673,0.586983286379,1.04923384004,-0.24691593707,31.420121,22.204472,13.792338,-1.827027,0.68211,-2.843742
1,1789436838.262983799,0.534203554386,-0.25668398705,0.557891310673,0.586983286379,1.04923384004,-0.24691593707,31.439421,22.204757,13.991536,-1.826068,0.68631,-2.852922
1,1789436838.268130302,0.534203554386,-0.25668398705,0.557891310673,0.586983286379,1.04923384004,-0.24691593707,31.429234,22.220852,13.825921,-1.822781,0.686655,-2.845744
1,1789436838.273090124,0.534203554386,-0.25668398705,0.557891310673,0.586983286379,1.04923384004,-0.24691593707,31.439253,22.184323,13.781845,-1.822672,0.6863,-2.843989
1,1789436838.278006315,0.534203554386,-0.25668398705,0.557891310673,0.586983286379,1.04923384004,-0.24691593707,31.408537,22.195753,13.838902,-1.827196,0.684229,-2.843431
1,1789436838.283231974,0.534203554386,-0.25668398705,0.557891310673,0.586983286379,1.04923384004,-0.24691593707,31.445729,22.202599,13.856999,-1.823876,0.6856,-2.849745
1,1789436838.288128614,0.534203554386,-0.25668398705,0.557891310673,0.586983286379,1.04923384004,-0.24691593707,31.500554,22.242568,13.788697,-1.828572,0.6863,-2.845765
1,1789436838.293079615,0.534203554386,-0.25668398705,0.557891310673,0.586983286379,1.04923384004,-0.24691593707,31.465503,22.232222,13.79617,-1.832628,0.682686,-2.8412
1,1789436838.298141956,0.534203554386,-0.25668398705,0.557891310673,0.586983286379,1.04923384004,-0.24691593707,31.438415,22.180145,13.781543,-1.826978,0.681373,-2.844657
1,1789436838.303082228,0.534203554386,-0.25668398705,0.557891310673,0.586983286379,1.04923384004,-0.24691593707,31.442438,22.188,13.847563,-1.825836,0.683278,-2.843909
1,1789436838.307995796,0.534203554386,-0.25668398705,0.557891310673,0.586983286379,1.04923384004,-0.24691593707,31.424701,22.2089,13.820905,-1.826297,0.680884,-2.843479
1,1789436838.313000202,0.534203554386,-0.25668398705,0.557891310673,0.586983286379,1.04923384004,-0.24691593707,31.453515,22.220645,13.965353,-1.828973,0.683757,-2.852112
1,1789436838.318212509,0.534203554386,-0.25668398705,0.557891310673,0.586983286379,1.04923384004,-0.24691593707,31.484303,22.234089,13.802143,-1.827108,0.686885,-2.849062
1,1789436838.322943211,0.534203554386,-0.25668398705,0.557891310673,0.586983286379,1.04923384004,-0.24691593707,31.489229,22.1894,13.788488,-1.823951,0.686635,-2.845658
1,1789436838.327979088,0.534203554386,-0.25668398705,0.557891310673,0.586983286379,1.04923384004,-0.24691593707,31.479198,22.181085,13.758709,-1.824121,0.688694,-2.840529
1,1789436838.333250999,0.534203554386,-0.25668398705,0.557891310673,0.586983286379,1.04923384004,-0.24691593707,31.430544,22.214339,13.866742,-1.825848,0.685341,-2.843451
1,1789436838.338176727,0.534203554386,-0.25668398705,0.557891310673,0.586983286379,1.04923384004,-0.24691593707,31.448638,22.252578,13.743281,-1.829855,0.682872,-2.84551
1,1789436838.343056917,0.534203554386,-0.25668398705,0.557891310673,0.586983286379,1.04923384004,-0.24691593707,31.450561,22.246314,13.815779,-1.825785,0.685624,-2.852564
1,1789436838.348041296,0.534203554386,-0.25668398705,0.557891310673,0.586983286379,1.04923384004,-0.24691593707,31.434264,22.216181,13.88093,-1.827087,0.685314,-2.852413
1,1789436838.353096485,0.534203554386,-0.25668398705,0.557891310673,0.586983286379,1.04923384004,-0.24691593707,31.446546,22.197009,13.790151,-1.82368,0.684683,-2.850951
1,1789436838.358118773,0.534203554386,-0.25668398705,0.557891310673,0.586983286379,1.04923384004,-0.24691593707,31.490154,22.215566,13.802258,-1.82722,0.687337,-2.848831
1,1789436838.363184214,0.534203554386,-0.25668398705,0.557891310673,0.586983286379,1.04923384004,-0.24691593707,31.476122,22.226961,14.018768,-1.826609,0.689998,-2.846948
1,1789436838.368452072,0.534203554386,-0.25668398705,0.557891310673,0.586983286379,1.04923384004,-0.24691593707,31.44493,22.230861,13.840653,-1.829064,0.682228,-2.842641
1,1789436838.373155832,0.534203554386,-0.25668398705,0.557891310673,0.586983286379,1.04923384004,-0.24691593707,31.413332,22.169082,13.832137,-1.822975,0.681415,-2.848086
1,1789436838.378123999,0.534203554386,-0.25668398705,0.557891310673,0.586983286379,1.04923384004,-0.24691593707,31.451341,22.1918,13.825714,-1.827039,0.683863,-2.85204
1,1789436838.383267403,0.534203554386,-0.25668398705,0.557891310673,0.586983286379,1.04923384004,-0.24691593707,31.433566,22.225512,13.866717,-1.823653,0.684545,-2.849727
1,1789436838.388120890,0.534203554386,-0.25668398705,0.557891310673,0.586983286379,1.04923384004,-0.24691593707,31.414952,22.18942,13.839262,-1.823152,0.682824,-2.849455
1,1789436838.393117666,0.534203554386,-0.25668398705,0.557891310673,0.586983286379,1.04923384004,-0.24691593707,31.450455,22.235557,13.911864,-1.82732,0.688209,-2.850196
1,1789436838.398063421,0.534203554386,-0.25668398705,0.557891310673,0.586983286379,1.04923384004,-0.24691593707,31.436789,22.236052,13.706642,-1.825046,0.68168,-2.845261
1,1789436838.403119802,0.534203554386,-0.25668398705,0.557891310673,0.586983286379,1.04923384004,-0.24691593707,31.472033,22.235581,13.840702,-1.827377,0.685866,-2.848309
1,1789436838.408047199,0.534203554386,-0.25668398705,0.557891310673,0.586983286379,1.04923384004,-0.24691593707,31.458139,22.180897,13.885816,-1.825047,0.685353,-2.849036
1,1789436838.413014174,0.534203554386,-0.25668398705,0.557891310673,0.586983286379,1.04923384004,-0.24691593707,31.478703,22.208086,13.765491,-1.827375,0.687944,-2.842358
1,1789436838.418240309,0.534203554386,-0.25668398705,0.557891310673,0.586983286379,1.04923384004,-0.24691593707,31.465685,22.227748,13.816324,-1.828848,0.682704,-2.846299
1,1789436838.423152447,0.534203554386,-0.25668398705,0.557891310673,0.586983286379,1.04923384004,-0.24691593707,31.452105,22.213096,14.000778,-1.826879,0.684719,-2.853163
1,1789436838.428429604,0.534203554386,-0.25668398705,0.557891310673,0.586983286379,1.04923384004,-0.24691593707,31.42692,22.207747,13.837127,-1.826965,0.682688,-2.844817
1,1789436838.433322668,0.534203554386,-0.25668398705,0.557891310673,0.586983286379,1.04923384004,-0.24691593707,31.468974,22.209282,13.823739,-1.825721,0.683577,-2.847379
1,1789436838.438117981,0.534203554386,-0.25668398705,0.557891310673,0.586983286379,1.04923384004,-0.24691593707,31.477649,22.189483,13.933222,-1.827153,0.68618,-2.84836
1,1789436838.444333315,0.534203554386,-0.25668398705,0.557891310673,0.586983286379,1.04923384004,-0.24691593707,31.468454,22.185754,13.849045,-1.823986,0.686394,-2.848665
1,1789436838.452566862,0.534203554386,-0.25668398705,0.557891310673,0.586983286379,1.04923384004,-0.24691593707,31.460129,22.212694,13.712285,-1.822708,0.689441,-2.84059
1,1789436838.455047607,0.534203554386,-0.25668398705,0.557891310673,0.586983286379,1.04923384004,-0.24691593707,31.41526,22.226692,13.844367,-1.825538,0.685647,-2.839882
1,1789436838.460417986,0.534203554386,-0.25668398705,0.557891310673,0.586983286379,1.04923384004,-0.24691593707,31.431251,22.253354,13.933953,-1.822696,0.684345,-2.84853
1,1789436838.465220690,0.534203554386,-0.25668398705,0.557891310673,0.586983286379,1.04923384004,-0.24691593707,31.435783,22.226092,13.85241,-1.822679,0.685393,-2.846837
1,1789436838.470493078,0.534203554386,-0.25668398705,0.557891310673,0.586983286379,1.04923384004,-0.24691593707,31.436024,22.21222,13.799274,-1.824293,0.684308,-2.84511
1,1789436838.473983526,0.534203554386,-0.25668398705,0.557891310673,0.586983286379,1.04923384004,-0.24691593707,31.486616,22.194317,14.039207,-1.821885,0.689272,-2.851799
1,1789436838.478567362,0.534203554386,-0.25668398705,0.557891310673,0.586983286379,1.04923384004,-0.24691593707,31.471253,22.216119,13.812917,-1.826856,0.684261,-2.848314
1,1789436838.483665705,0.534203554386,-0.25668398705,0.557891310673,0.586983286379,1.04923384004,-0.24691593707,31.461182,22.211396,13.83432,-1.824686,0.684662,-2.846455
1,1789436838.488400698,0.534203554386,-0.25668398705,0.557891310673,0.586983286379,1.04923384004,-0.24691593707,31.444565,22.191646,13.857712,-1.828318,0.686214,-2.849088
1,1789436838.493215322,0.534203554386,-0.25668398705,0.557891310673,0.586983286379,1.04923384004,-0.24691593707,31.447804,22.222893,13.868366,-1.826646,0.685887,-2.848429
1,1789436838.498225689,0.534203554386,-0.25668398705,0.557891310673,0.586983286379,1.04923384004,-0.24691593707,31.440215,22.174276,13.727912,-1.824841,0.682289,-2.849205
1,1789436838.503335476,0.534203554386,-0.25668398705,0.557891310673,0.586983286379,1.04923384004,-0.24691593707,31.442194,22.216381,13.842045,-1.827765,0.68216,-2.847764
1,1789436838.508116007,0.534203554386,-0.25668398705,0.557891310673,0.586983286379,1.04923384004,-0.24691593707,31.417889,22.204283,13.903159,-1.824769,0.682698,-2.84424
1,1789436838.513039351,0.534203554386,-0.25668398705,0.557891310673,0.586983286379,1.04923384004,-0.24691593707,31.458924,22.213022,13.768246,-1.826905,0.686717,-2.840744
1,1789436838.518152952,0.534203554386,-0.25668398705,0.557891310673,0.586983286379,1.04923384004,-0.24691593707,31.472375,22.169348,13.789693,-1.825354,0.68319,-2.845144
1,1789436838.523135424,0.534203554386,-0.25668398705,0.557891310673,0.586983286379,1.04923384004,-0.24691593707,31.448913,22.176185,13.983873,-1.824823,0.685357,-2.845734
1,1789436838.528075218,0.534203554386,-0.25668398705,0.557891310673,0.586983286379,1.04923384004,-0.24691593707,31.405045,22.223124,13.831893,-1.824966,0.684019,-2.836054
1,1789436838.533226490,0.534203554386,-0.25668398705,0.557891310673,0.586983286379,1.04923384004,-0.24691593707,31.435471,22.252891,13.834733,-1.827572,0.683675,-2.840413
1,1789436838.538090467,0.534203554386,-0.25668398705,0.557891310673,0.586983286379,1.04923384004,-0.24691593707,31.439892,22.231093,13.879968,-1.826138,0.681436,-2.847484
1,1789436838.543349504,0.534203554386,-0.25668398705,0.557891310673,0.586983286379,1.04923384004,-0.24691593707,31.43539,22.13936,13.868426,-1.821442,0.681877,-2.848483
1,1789436838.548004627,0.534203554386,-0.25668398705,0.557891310673,0.586983286379,1.04923384004,-0.24691593707,31.466125,22.155244,13.711607,-1.822749,0.687199,-2.840975
1,1789436838.553197861,0.534203554386,-0.25668398705,0.557891310673,0.586983286379,1.04923384004,-0.24691593707,31.486948,22.221878,13.752386,-1.832574,0.683534,-2.84533
1,1789436838.558198452,0.534203554386,-0.25668398705,0.557891310673,0.586983286379,1.04923384004,-0.24691593707,31.478598,22.24625,13.89743,-1.828753,0.685548,-2.853862
1,1789436838.563175917,0.534203554386,-0.25668398705,0.557891310673,0.586983286379,1.04923384004,-0.24691593707,31.451409,22.2387,13.71693,-1.833086,0.68229,-2.844434
1,1789436838.568288088,0.534203554386,-0.25668398705,0.557891310673,0.586983286379,1.04923384004,-0.24691593707,31.500923,22.215538,13.828114,-1.830478,0.6849,-2.85039
1,1789436838.573004723,0.534203554386,-0.25668398705,0.557891310673,0.586983286379,1.04923384004,-0.24691593707,31.463132,22.21719,13.989617,-1.830357,0.684666,-2.854346
1,1789436838.578068018,0.534203554386,-0.25668398705,0.557891310673,0.586983286379,1.04923384004,-0.24691593707,31.479466,22.260215,13.812545,-1.829062,0.685924,-2.860729
1,1789436838.583066463,0.534203554386,-0.25668398705,0.557891310673,0.586983286379,1.04923384004,-0.24691593707,31.437455,22.253347,13.776341,-1.828191,0.684055,-2.848128
1,1789436838.588160276,0.534203554386,-0.25668398705,0.557891310673,0.586983286379,1.04923384004,-0.24691593707,31.475839,22.20163,13.815133,-1.827178,0.686791,-2.852577
1,1789436838.593218088,0.534203554386,-0.25668398705,0.557891310673,0.586983286379,1.04923384004,-0.24691593707,31.483505,22.205927,13.853996,-1.824515,0.688059,-2.85141
1,1789436838.598035097,0.534203554386,-0.25668398705,0.557891310673,0.586983286379,1.04923384004,-0.24691593707,31.4759,22.237636,13.861378,-1.827005,0.686353,-2.852996
1,1789436838.603166819,0.534203554386,-0.25668398705,0.557891310673,0.586983286379,1.04923384004,-0.24691593707,31.523509,22.279813,13.880053,-1.827423,0.690344,-2.852681
1,1789436838.608028173,0.534203554386,-0.25668398705,0.557891310673,0.586983286379,1.04923384004,-0.24691593707,31.498445,22.221382,13.665353,-1.825492,0.686578,-2.847241
1,1789436838.613065004,0.534203554386,-0.25668398705,0.557891310673,0.586983286379,1.04923384004,-0.24691593707,31.405178,22.222873,13.80641,-1.826886,0.683726,-2.846636
1,1789436838.618155718,0.534203554386,-0.25668398705,0.557891310673,0.586983286379,1.04923384004,-0.24691593707,31.440696,22.225867,13.899495,-1.827524,0.685886,-2.852415
1,1789436838.623222828,0.534203554386,-0.25668398705,0.557891310673,0.586983286379,1.04923384004,-0.24691593707,31.471508,22.253636,13.734581,-1.829854,0.686803,-2.850742
1,1789436838.628181458,0.534203554386,-0.25668398705,0.557891310673,0.586983286379,1.04923384004,-0.24691593707,31.453707,22.200488,13.810202,-1.825558,0.684144,-2.850052
1,1789436838.633996725,0.534203554386,-0.25668398705,0.557891310673,0.586983286379,1.04923384004,-0.24691593707,31.473284,22.174708,13.765093,-1.822955,0.686308,-2.848775
1,1789436838.638173342,0.534203554386,-0.25668398705,0.557891310673,0.586983286379,1.04923384004,-0.24691593707,31.459106,22.159742,13.780263,-1.823921,0.685901,-2.844903
1,1789436838.643134356,0.534203554386,-0.25668398705,0.557891310673,0.586983286379,1.04923384004,-0.24691593707,31.439842,22.195889,13.852415,-1.825966,0.687171,-2.840341
1,1789436838.647965908,0.534203554386,-0.25668398705,0.557891310673,0.586983286379,1.04923384004,-0.24691593707,31.447114,22.229571,13.529229,-1.827809,0.683619,-2.833228
1,1789436838.653287411,0.534203554386,-0.25668398705,0.557891310673,0.586983286379,1.04923384004,-0.24691593707,31.421457,22.234378,13.911474,-1.822147,0.684028,-2.844931
1,1789436838.658071518,0.534203554386,-0.25668398705,0.557891310673,0.586983286379,1.04923384004,-0.24691593707,31.415292,22.189404,13.721637,-1.824784,0.681493,-2.841335
1,1789436838.663083792,0.534203554386,-0.25668398705,0.557891310673,0.586983286379,1.04923384004,-0.24691593707,31.47547,22.178149,13.808246,-1.822898,0.684381,-2.845124
1,1789436838.668233871,0.534203554386,-0.25668398705,0.557891310673,0.586983286379,1.04923384004,-0.24691593707,31.455775,22.17675,13.895297,-1.822901,0.682602,-2.843158
1,1789436838.673209190,0.534203554386,-0.25668398705,0.557891310673,0.586983286379,1.04923384004,-0.24691593707,31.477815,22.203771,13.747711,-1.821987,0.687763,-2.841894
1,1789436838.678029060,0.534203554386,-0.25668398705,0.557891310673,0.586983286379,1.04923384004,-0.24691593707,31.437341,22.199056,13.851979,-1.823638,0.684452,-2.840984
1,1789436838.683369398,0.534203554386,-0.25668398705,0.557891310673,0.586983286379,1.04923384004,-0.24691593707,31.429966,22.221371,14.060022,-1.824397,0.686431,-2.844746
1,1789436838.688231707,0.534203554386,-0.25668398705,0.557891310673,0.586983286379,1.04923384004,-0.24691593707,31.430771,22.239172,13.799056,-1.824639,0.682725,-2.845572
1,1789436838.693241835,0.534203554386,-0.25668398705,0.557891310673,0.586983286379,1.04923384004,-0.24691593707,31.48142,22.198896,13.780906,-1.823381,0.687379,-2.850596
1,1789436838.698132753,0.534203554386,-0.25668398705,0.557891310673,0.586983286379,1.04923384004,-0.24691593707,31.454274,22.156817,13.866647,-1.826556,0.68531,-2.849263
1,1789436838.703208685,0.534203554386,-0.25668398705,0.557891310673,0.586983286379,1.04923384004,-0.24691593707,31.415629,22.152796,13.833361,-1.825607,0.683055,-2.846975
1,1789436838.707964182,0.534203554386,-0.25668398705,0.557891310673,0.586983286379,1.04923384004,-0.24691593707,31.430519,22.189486,13.709044,-1.826099,0.681901,-2.843409
1,1789436838.713085890,0.534203554386,-0.25668398705,0.557891310673,0.586983286379,1.04923384004,-0.24691593707,31.458385,22.229609,13.788442,-1.832664,0.681782,-2.846346
1,1789436838.718196392,0.534203554386,-0.25668398705,0.557891310673,0.586983286379,1.04923384004,-0.24691593707,31.486686,22.26312,13.959376,-1.828714,0.686959,-2.84978
1,1789436838.723095179,0.534203554386,-0.25668398705,0.557891310673,0.586983286379,1.04923384004,-0.24691593707,31.436534,22.186232,13.707664,-1.82554,0.681772,-2.844311
1,1789436838.728047609,0.534203554386,-0.25668398705,0.557891310673,0.586983286379,1.04923384004,-0.24691593707,31.461841,22.200869,13.879549,-1.824593,0.688165,-2.846845
1,1789436838.733527184,0.534203554386,-0.25668398705,0.557891310673,0.586983286379,1.04923384004,-0.24691593707,31.417934,22.234569,14.000459,-1.827311,0.680087,-2.847946
1,1789436838.738180399,0.534203554386,-0.25668398705,0.557891310673,0.586983286379,1.04923384004,-0.24691593707,31.455872,22.26004,13.85469,-1.825813,0.688191,-2.845151
1,1789436838.743145704,0.534203554386,-0.25668398705,0.557891310673,0.586983286379,1.04923384004,-0.24691593707,31.42174,22.193719,13.795356,-1.820163,0.683562,-2.847728
1,1789436838.748126745,0.534203554386,-0.25668398705,0.557891310673,0.586983286379,1.04923384004,-0.24691593707,31.443617,22.180746,13.878664,-1.823731,0.685303,-2.847666
1,1789436838.753283978,0.534203554386,-0.25668398705,0.557891310673,0.586983286379,1.04923384004,-0.24691593707,31.484673,22.20879,13.812155,-1.822848,0.686716,-2.848544
1,1789436838.758177757,0.534203554386,-0.25668398705,0.557891310673,0.586983286379,1.04923384004,-0.24691593707,31.529064,22.247441,13.666838,-1.827213,0.689699,-2.846008
1,1789436838.763245583,0.534203554386,-0.25668398705,0.557891310673,0.586983286379,1.04923384004,-0.24691593707,31.442229,22.230302,13.805527,-1.827783,0.681912,-2.841331
1,1789436838.768305302,0.534203554386,-0.25668398705,0.557891310673,0.586983286379,1.04923384004,-0.24691593707,31.440867,22.188489,13.925122,-1.826465,0.682229,-2.848052
1,1789436838.773136854,0.534203554386,-0.25668398705,0.557891310673,0.586983286379,1.04923384004,-0.24691593707,31.480819,22.21551,13.789996,-1.827857,0.682778,-2.851276
1,1789436838.778211594,0.534203554386,-0.25668398705,0.557891310673,0.586983286379,1.04923384004,-0.24691593707,31.483345,22.269191,13.804487,-1.832759,0.68395,-2.854046
1,1789436838.783238649,0.534203554386,-0.25668398705,0.557891310673,0.586983286379,1.04923384004,-0.24691593707,31.455601,22.242354,13.928955,-1.831375,0.683167,-2.857808
1,1789436838.788270473,0.534203554386,-0.25668398705,0.557891310673,0.586983286379,1.04923384004,-0.24691593707,31.480646,22.210195,13.800568,-1.828288,0.687023,-2.849935
1,1789436838.793094873,0.534203554386,-0.25668398705,0.557891310673,0.586983286379,1.04923384004,-0.24691593707,31.437319,22.190857,13.83632,-1.825429,0.684687,-2.845044
1,1789436838.798145771,0.534203554386,-0.25668398705,0.557891310673,0.586983286379,1.04923384004,-0.24691593707,31.468139,22.275497,13.874629,-1.831939,0.689743,-2.844088
1,1789436838.803265810,0.534203554386,-0.25668398705,0.557891310673,0.586983286379,1.04923384004,-0.24691593707,31.428573,22.278282,13.870192,-1.825993,0.684008,-2.847766
1,1789436838.808155060,0.534203554386,-0.25668398705,0.557891310673,0.586983286379,1.04923384004,-0.24691593707,31.471945,22.22724,13.86477,-1.830159,0.685502,-2.844694
1,1789436838.813532829,0.534203554386,-0.25668398705,0.557891310673,0.586983286379,1.04923384004,-0.24691593707,31.460886,22.268828,13.896796,-1.827878,0.688268,-2.848036
1,1789436838.818556070,0.534203554386,-0.25668398705,0.557891310673,0.586983286379,1.04923384004,-0.24691593707,31.421459,22.228899,13.680804,-1.828401,0.679144,-2.8502
1,1789436838.823261261,0.534203554386,-0.25668398705,0.557891310673,0.586983286379,1.04923384004,-0.24691593707,31.464591,22.191266,13.862894,-1.828373,0.683931,-2.85202
1,1789436838.828215361,0.534203554386,-0.25668398705,0.557891310673,0.586983286379,1.04923384004,-0.24691593707,31.471655,22.210736,13.858958,-1.832157,0.680598,-2.848929
1,1789436838.833268642,0.534203554386,-0.25668398705,0.557891310673,0.586983286379,1.04923384004,-0.24691593707,31.525602,22.260037,13.843845,-1.829821,0.688867,-2.852049
1,1789436838.838194609,0.534203554386,-0.25668398705,0.557891310673,0.586983286379,1.04923384004,-0.24691593707,31.4624,22.222654,13.800249,-1.827664,0.680235,-2.850996
1,1789436838.843203306,0.534203554386,-0.25668398705,0.557891310673,0.586983286379,1.04923384004,-0.24691593707,31.432186,22.213127,13.846768,-1.826517,0.68679,-2.844166
1,1789436838.848160267,0.534203554386,-0.25668398705,0.557891310673,0.586983286379,1.04923384004,-0.24691593707,31.405353,22.212239,13.802604,-1.824885,0.681684,-2.843244
1,1789436838.853288889,0.534203554386,-0.25668398705,0.557891310673,0.586983286379,1.04923384004,-0.24691593707,31.46181,22.23101,13.852479,-1.825189,0.686311,-2.852739
1,1789436838.858016729,0.534203554386,-0.25668398705,0.557891310673,0.586983286379,1.04923384004,-0.24691593707,31.423497,22.201574,13.913001,-1.825158,0.68169,-2.850058
1,1789436838.863151789,0.534203554386,-0.25668398705,0.557891310673,0.586983286379,1.04923384004,-0.24691593707,31.433168,22.168949,13.842678,-1.820116,0.685877,-2.840717
1,1789436838.868431091,0.534203554386,-0.25668398705,0.557891310673,0.586983286379,1.04923384004,-0.24691593707,31.426761,22.166327,13.644892,-1.823078,0.6829,-2.836506
1,1789436838.873127699,0.534203554386,-0.25668398705,0.557891310673,0.586983286379,1.04923384004,-0.24691593707,31.477031,22.198647,13.71323,-1.822759,0.685207,-2.840359
1,1789436838.878162622,0.534203554386,-0.25668398705,0.557891310673,0.586983286379,1.04923384004,-0.24691593707,31.448429,22.21552,13.888639,-1.827801,0.685659,-2.841227
1,1789436838.883411169,0.534203554386,-0.25668398705,0.557891310673,0.586983286379,1.04923384004,-0.24691593707,31.43082,22.211448,13.75411,-1.825289,0.681631,-2.838432
1,1789436838.888189077,0.534203554386,-0.25668398705,0.557891310673,0.586983286379,1.04923384004,-0.24691593707,31.434246,22.202858,13.858383,-1.824506,0.685452,-2.842777
1,1789436838.893380642,0.534203554386,-0.25668398705,0.557891310673,0.586983286379,1.04923384004,-0.24691593707,31.414699,22.184434,13.973593,-1.825222,0.680239,-2.847014
1,1789436838.898206711,0.534203554386,-0.25668398705,0.557891310673,0.586983286379,1.04923384004,-0.24691593707,31.461376,22.138496,13.836403,-1.821199,0.682553,-2.844993
1,1789436838.903211117,0.534203554386,-0.25668398705,0.557891310673,0.586983286379,1.04923384004,-0.24691593707,31.462958,22.143766,13.745742,-1.823661,0.683254,-2.843358
1,1789436838.908705473,0.534203554386,-0.25668398705,0.557891310673,0.586983286379,1.04923384004,-0.24691593707,31.464121,22.155428,13.891586,-1.828237,0.684145,-2.845214
1,1789436838.913143873,0.534203554386,-0.25668398705,0.557891310673,0.586983286379,1.04923384004,-0.24691593707,31.474947,22.20343,13.840566,-1.82489,0.685847,-2.848263
1,1789436838.918288231,0.534203554386,-0.25668398705,0.557891310673,0.586983286379,1.04923384004,-0.24691593707,31.446751,22.208614,13.658196,-1.827308,0.684247,-2.839967
1,1789436838.923816919,0.534203554386,-0.25668398705,0.557891310673,0.586983286379,1.04923384004,-0.24691593707,31.42632,22.180795,13.817878,-1.821118,0.684203,-2.845009
1,1789436838.928333759,0.534203554386,-0.25668398705,0.557891310673,0.586983286379,1.04923384004,-0.24691593707,31.45332,22.237205,13.961933,-1.821477,0.691043,-2.847644
1,1789436838.933437109,0.534203554386,-0.25668398705,0.557891310673,0.586983286379,1.04923384004,-0.24691593707,31.407088,22.230165,13.734769,-1.824783,0.685129,-2.844727
1,1789436838.938229322,0.534203554386,-0.25668398705,0.557891310673,0.586983286379,1.04923384004,-0.24691593707,31.487161,22.2347,13.836262,-1.822891,0.689941,-2.850802
1,1789436838.943019152,0.534203554386,-0.25668398705,0.557891310673,0.586983286379,1.04923384004,-0.24691593707,31.442548,22.230825,13.941848,-1.826789,0.68286,-2.849429
1,1789436838.948189497,0.534203554386,-0.25668398705,0.557891310673,0.586983286379,1.04923384004,-0.24691593707,31.530455,22.222427,13.844261,-1.824233,0.689902,-2.851538
1,1789436838.953339577,0.534203554386,-0.25668398705,0.557891310673,0.586983286379,1.04923384004,-0.24691593707,31.48543,22.23399,13.780524,-1.831322,0.685196,-2.845077
1,1789436838.958263874,0.534203554386,-0.25668398705,0.557891310673,0.586983286379,1.04923384004,-0.24691593707,31.499738,22.21013,13.942369,-1.831246,0.683115,-2.85492
1,1789436838.963266373,0.534203554386,-0.25668398705,0.557891310673,0.586983286379,1.04923384004,-0.24691593707,31.480875,22.232625,13.909543,-1.827132,0.686974,-2.851814
1,1789436838.968456268,0.534203554386,-0.25668398705,0.557891310673,0.586983286379,1.04923384004,-0.24691593707,31.426416,22.210274,13.787716,-1.830141,0.678674,-2.84713
1,1789436838.973254204,0.534203554386,-0.25668398705,0.557891310673,0.586983286379,1.04923384004,-0.24691593707,31.470508,22.201193,13.814153,-1.827183,0.684708,-2.853454
1,1789436838.978202343,0.534203554386,-0.25668398705,0.557891310673,0.586983286379,1.04923384004,-0.24691593707,31.497374,22.208222,13.857208,-1.828368,0.684832,-2.855699
1,1789436838.983319283,0.534203554386,-0.25668398705,0.557891310673,0.586983286379,1.04923384004,-0.24691593707,31.480936,22.21744,13.750823,-1.826514,0.687528,-2.845972
1,1789436838.988311052,0.534203554386,-0.25668398705,0.557891310673,0.586983286379,1.04923384004,-0.24691593707,31.446562,22.228769,13.814471,-1.826199,0.686045,-2.841113
1,1789436838.993106604,0.534203554386,-0.25668398705,0.557891310673,0.586983286379,1.04923384004,-0.24691593707,31.434078,22.25659,14.02715,-1.825201,0.687959,-2.847991
1,1789436838.998157263,0.534203554386,-0.25668398705,0.557891310673,0.586983286379,1.04923384004,-0.24691593707,31.405428,22.268009,13.873516,-1.822957,0.683424,-2.845668
1,1789436839.003317595,0.534203554386,-0.25668398705,0.557891310673,0.586983286379,1.04923384004,-0.24691593707,31.43291,22.232456,13.854828,-1.826392,0.688768,-2.844859
1,1789436839.008231640,0.534203554386,-0.25668398705,0.557891310673,0.586983286379,1.04923384004,-0.24691593707,31.443987,22.203927,13.937906,-1.82611,0.682888,-2.851868
1,1789436839.013227940,0.534203554386,-0.25668398705,0.557891310673,0.586983286379,1.04923384004,-0.24691593707,31.468965,22.22696,13.877083,-1.824335,0.687412,-2.848679
1,1789436839.018553019,0.534203554386,-0.25668398705,0.557891310673,0.586983286379,1.04923384004,-0.24691593707,31.497458,22.208035,14.026041,-1.824177,0.687553,-2.854549
1,1789436839.023357153,0.534203554386,-0.25668398705,0.557891310673,0.586983286379,1.04923384004,-0.24691593707,31.465704,22.23458,13.859374,-1.82707,0.683984,-2.848482
1,1789436839.028416157,0.534203554386,-0.25668398705,0.557891310673,0.586983286379,1.04923384004,-0.24691593707,31.478736,22.221045,13.702786,-1.823851,0.684625,-2.847354
1,1789436839.033470869,0.534203554386,-0.25668398705,0.557891310673,0.586983286379,1.04923384004,-0.24691593707,31.458067,22.239784,13.759565,-1.831461,0.685234,-2.840581
1,1789436839.038361073,0.534203554386,-0.25668398705,0.557891310673,0.586983286379,1.04923384004,-0.24691593707,31.46975,22.200594,13.869271,-1.825916,0.685417,-2.847765
1,1789436839.043426752,0.534203554386,-0.25668398705,0.557891310673,0.586983286379,1.04923384004,-0.24691593707,31.468029,22.186041,13.728301,-1.823344,0.685636,-2.842554
1,1789436839.048178673,0.534203554386,-0.25668398705,0.557891310673,0.586983286379,1.04923384004,-0.24691593707,31.419629,22.196673,13.82875,-1.826233,0.683053,-2.844128
1,1789436839.053316355,0.534203554386,-0.25668398705,0.557891310673,0.586983286379,1.04923384004,-0.24691593707,31.388237,22.236539,13.981818,-1.826868,0.682789,-2.847707
1,1789436839.058173180,0.534203554386,-0.25668398705,0.557891310673,0.586983286379,1.04923384004,-0.24691593707,31.423926,22.242793,13.825287,-1.822924,0.683425,-2.84664
1,1789436839.063171148,0.534203554386,-0.25668398705,0.557891310673,0.586983286379,1.04923384004,-0.24691593707,31.442962,22.181777,13.78062,-1.82533,0.682921,-2.845114
1,1789436839.068576574,0.534203554386,-0.25668398705,0.557891310673,0.586983286379,1.04923384004,-0.24691593707,31.481157,22.119089,13.931379,-1.819409,0.685648,-2.84936
1,1789436839.073193550,0.534203554386,-0.25668398705,0.557891310673,0.586983286379,1.04923384004,-0.24691593707,31.441225,22.15943,13.82515,-1.822616,0.684428,-2.840082
1,1789436839.078434706,0.534203554386,-0.25668398705,0.557891310673,0.586983286379,1.04923384004,-0.24691593707,31.407104,22.208739,13.676087,-1.82788,0.683278,-2.834487
1,1789436839.083416939,0.534203554386,-0.25668398705,0.557891310673,0.586983286379,1.04923384004,-0.24691593707,31.423604,22.226304,13.81336,-1.826543,0.677596,-2.848871
1,1789436839.088216543,0.534203554386,-0.25668398705,0.557891310673,0.586983286379,1.04923384004,-0.24691593707,31.418921,22.177758,13.962397,-1.822789,0.6831,-2.847927
1,1789436839.093323708,0.534203554386,-0.25668398705,0.557891310673,0.586983286379,1.04923384004,-0.24691593707,31.402383,22.157543,13.832366,-1.823557,0.679623,-2.841995
1,1789436839.098423004,0.534203554386,-0.25668398705,0.557891310673,0.586983286379,1.04923384004,-0.24691593707,31.465497,22.191869,13.827145,-1.824497,0.685325,-2.844885
1,1789436839.103375435,0.534203554386,-0.25668398705,0.557891310673,0.586983286379,1.04923384004,-0.24691593707,31.449523,22.218888,13.949785,-1.82707,0.6842,-2.850098
1,1789436839.108084202,0.534203554386,-0.25668398705,0.557891310673,0.586983286379,1.04923384004,-0.24691593707,31.427331,22.202493,13.79438,-1.824185,0.68248,-2.84239
1,1789436839.113384962,0.534203554386,-0.25668398705,0.557891310673,0.586983286379,1.04923384004,-0.24691593707,31.441499,22.195555,13.839772,-1.825645,0.688437,-2.842384
1,1789436839.118330956,0.534203554386,-0.25668398705,0.557891310673,0.586983286379,1.04923384004,-0.24691593707,31.442599,22.197024,13.892767,-1.825621,0.682192,-2.85102
1,1789436839.123341322,0.534203554386,-0.25668398705,0.557891310673,0.586983286379,1.04923384004,-0.24691593707,31.454626,22.239417,13.857548,-1.8266,0.686997,-2.849378
1,1789436839.128226757,0.534203554386,-0.25668398705,0.557891310673,0.586983286379,1.04923384004,-0.24691593707,31.422356,22.218837,13.667326,-1.826691,0.682798,-2.846408
1,1789436839.133336067,0.534203554386,-0.25668398705,0.557891310673,0.586983286379,1.04923384004,-0.24691593707,31.486691,22.200936,13.730508,-1.825613,0.686694,-2.847104
1,1789436839.138252258,0.534203554386,-0.25668398705,0.557891310673,0.586983286379,1.04923384004,-0.24691593707,31.442774,22.194378,13.840671,-1.827618,0.683296,-2.84842
1,1789436839.143048763,0.534203554386,-0.25668398705,0.557891310673,0.586983286379,1.04923384004,-0.24691593707,31.520407,22.201203,13.767297,-1.824362,0.69111,-2.852958
1,1789436839.148154974,0.534203554386,-0.25668398705,0.557891310673,0.586983286379,1.04923384004,-0.24691593707,31.450127,22.202372,13.809459,-1.826803,0.686035,-2.844238
1,1789436839.153323412,0.534203554386,-0.25668398705,0.557891310673,0.586983286379,1.04923384004,-0.24691593707,31.421837,22.22377,14.005034,-1.828189,0.684828,-2.850431
1,1789436839.158205509,0.534203554386,-0.25668398705,0.557891310673,0.586983286379,1.04923384004,-0.24691593707,31.420986,22.26517,13.848911,-1.828206,0.684596,-2.849354
1,1789436839.163270235,0.534203554386,-0.25668398705,0.557891310673,0.586983286379,1.04923384004,-0.24691593707,31.429649,22.229448,13.810077,-1.824842,0.684641,-2.850262
1,1789436839.168301105,0.534203554386,-0.25668398705,0.557891310673,0.586983286379,1.04923384004,-0.24691593707,31.488041,22.195056,14.007048,-1.820894,0.689807,-2.854535
1,1789436839.173258781,0.534203554386,-0.25668398705,0.557891310673,0.586983286379,1.04923384004,-0.24691593707,31.456795,22.184408,13.827263,-1.822054,0.688842,-2.844415
1,1789436839.178335667,0.534203554386,-0.25668398705,0.557891310673,0.586983286379,1.04923384004,-0.24691593707,31.484657,22.213254,13.651139,-1.825975,0.68671,-2.844317
1,1789436839.183475256,0.534203554386,-0.25668398705,0.557891310673,0.586983286379,1.04923384004,-0.24691593707,31.451451,22.212144,13.739158,-1.822725,0.684322,-2.847921
1,1789436839.188199282,0.534203554386,-0.25668398705,0.557891310673,0.586983286379,1.04923384004,-0.24691593707,31.477681,22.214603,13.90885,-1.828837,0.687787,-2.845976
1,1789436839.193039179,0.534203554386,-0.25668398705,0.557891310673,0.586983286379,1.04923384004,-0.24691593707,31.448199,22.217224,13.683913,-1.827437,0.683653,-2.841509
1,1789436839.198140383,0.534203554386,-0.25668398705,0.557891310673,0.586983286379,1.04923384004,-0.24691593707,31.48474,22.208398,13.826401,-1.825759,0.685823,-2.851451
1,1789436839.203344822,0.534203554386,-0.25668398705,0.557891310673,0.586983286379,1.04923384004,-0.24691593707,31.446313,22.184519,13.973103,-1.827205,0.682143,-2.853148
1,1789436839.208105803,0.534203554386,-0.25668398705,0.557891310673,0.586983286379,1.04923384004,-0.24691593707,31.43789,22.183558,13.82511,-1.824946,0.68543,-2.846175
1,1789436839.213117599,0.534203554386,-0.25668398705,0.557891310673,0.586983286379,1.04923384004,-0.24691593707,31.482739,22.193592,13.785719,-1.827072,0.684591,-2.84768
1,1789436839.218419313,0.534203554386,-0.25668398705,0.557891310673,0.586983286379,1.04923384004,-0.24691593707,31.464185,22.212392,13.821844,-1.825633,0.684794,-2.848503
1,1789436839.223207474,0.534203554386,-0.25668398705,0.557891310673,0.586983286379,1.04923384004,-0.24691593707,31.421991,22.217966,13.837072,-1.827686,0.683339,-2.844827
1,1789436839.228466034,0.534203554386,-0.25668398705,0.557891310673,0.586983286379,1.04923384004,-0.24691593707,31.49615,22.199062,13.85761,-1.82212,0.688861,-2.848945
1,1789436839.233484983,0.534203554386,-0.25668398705,0.557891310673,0.586983286379,1.04923384004,-0.24691593707,31.440471,22.275342,13.852178,-1.826403,0.685767,-2.847151
1,1789436839.238307476,0.534203554386,-0.25668398705,0.557891310673,0.586983286379,1.04923384004,-0.24691593707,31.415132,22.255506,13.827465,-1.826485,0.684715,-2.845094
1,1789436839.243129015,0.534203554386,-0.25668398705,0.557891310673,0.586983286379,1.04923384004,-0.24691593707,31.43128,22.187509,13.883669,-1.820646,0.687197,-2.844272
1,1789436839.248204231,0.534203554386,-0.25668398705,0.557891310673,0.586983286379,1.04923384004,-0.24691593707,31.420892,22.181643,13.89226,-1.826575,0.684526,-2.844929
1,1789436839.253303051,0.534203554386,-0.25668398705,0.557891310673,0.586983286379,1.04923384004,-0.24691593707,31.472506,22.224515,13.72251,-1.824393,0.684796,-2.852702
1,1789436839.258175850,0.534203554386,-0.25668398705,0.557891310673,0.586983286379,1.04923384004,-0.24691593707,31.438591,22.218117,13.827692,-1.826743,0.68535,-2.844653
1,1789436839.263182163,0.534203554386,-0.25668398705,0.557891310673,0.586983286379,1.04923384004,-0.24691593707,31.428002,22.204951,13.964949,-1.826698,0.686164,-2.845994
1,1789436839.268429518,0.534203554386,-0.25668398705,0.557891310673,0.586983286379,1.04923384004,-0.24691593707,31.455481,22.184468,13.844898,-1.820435,0.689052,-2.845051
1,1789436839.273278952,0.534203554386,-0.25668398705,0.557891310673,0.586983286379,1.04923384004,-0.24691593707,31.462041,22.185975,13.804348,-1.829454,0.686376,-2.847406
1,1789436839.278290272,0.534203554386,-0.25668398705,0.557891310673,0.586983286379,1.04923384004,-0.24691593707,31.446903,22.198023,14.001387,-1.827866,0.682656,-2.852906
1,1789436839.283363819,0.534203554386,-0.25668398705,0.557891310673,0.586983286379,1.04923384004,-0.24691593707,31.442366,22.25753,13.908431,-1.828441,0.682995,-2.847052
1,1789436839.288243532,0.534203554386,-0.25668398705,0.557891310673,0.586983286379,1.04923384004,-0.24691593707,31.411938,22.209874,13.699906,-1.825276,0.680261,-2.84362
1,1789436839.293357611,0.534203554386,-0.25668398705,0.557891310673,0.586983286379,1.04923384004,-0.24691593707,31.455937,22.180215,13.722316,-1.82506,0.684298,-2.846571
1,1789436839.298388243,0.534203554386,-0.25668398705,0.557891310673,0.586983286379,1.04923384004,-0.24691593707,31.47505,22.163308,13.869666,-1.825817,0.683702,-2.847499
1,1789436839.303429604,0.534203554386,-0.25668398705,0.557891310673,0.586983286379,1.04923384004,-0.24691593707,31.44628,22.171406,13.715401,-1.822661,0.688161,-2.83849
1,1789436839.308121920,0.534203554386,-0.25668398705,0.557891310673,0.586983286379,1.04923384004,-0.24691593707,31.426051,22.238508,13.802928,-1.827544,0.685593,-2.842677
1,1789436839.313184738,0.534203554386,-0.25668398705,0.557891310673,0.586983286379,1.04923384004,-0.24691593707,31.415394,22.23684,13.978684,-1.823359,0.684928,-2.849545
1,1789436839.318366766,0.534203554386,-0.25668398705,0.557891310673,0.586983286379,1.04923384004,-0.24691593707,31.401115,22.221339,13.827431,-1.824346,0.684129,-2.838962
1,1789436839.323174477,0.534203554386,-0.25668398705,0.557891310673,0.586983286379,1.04923384004,-0.24691593707,31.427138,22.151241,13.794822,-1.824692,0.684088,-2.847722
1,1789436839.328220367,0.534203554386,-0.25668398705,0.557891310673,0.586983286379,1.04923384004,-0.24691593707,31.462006,22.171619,13.985381,-1.822043,0.684902,-2.850887
1,1789436839.333432674,0.534203554386,-0.25668398705,0.557891310673,0.586983286379,1.04923384004,-0.24691593707,31.465476,22.214995,13.813974,-1.827523,0.682184,-2.847845
1,1789436839.338239908,0.534203554386,-0.25668398705,0.557891310673,0.586983286379,1.04923384004,-0.24691593707,31.467161,22.224661,13.64621,-1.828268,0.685609,-2.841623
1,1789436839.343322039,0.534203554386,-0.25668398705,0.557891310673,0.586983286379,1.04923384004,-0.24691593707,31.468964,22.202253,13.732994,-1.826852,0.682673,-2.845935
1,1789436839.348162651,0.534203554386,-0.25668398705,0.557891310673,0.586983286379,1.04923384004,-0.24691593707,31.464562,22.176772,13.915432,-1.826451,0.685209,-2.847889
1,1789436839.353376150,0.534203554386,-0.25668398705,0.557891310673,0.586983286379,1.04923384004,-0.24691593707,31.460456,22.2177,13.701597,-1.827455,0.683005,-2.842176
1,1789436839.358191729,0.534203554386,-0.25668398705,0.557891310673,0.586983286379,1.04923384004,-0.24691593707,31.47324,22.237736,13.850332,-1.828628,0.683996,-2.848298
1,1789436839.363304615,0.534203554386,-0.25668398705,0.557891310673,0.586983286379,1.04923384004,-0.24691593707,31.431495,22.251393,13.950006,-1.831783,0.681812,-2.850341
1,1789436839.368357897,0.534203554386,-0.25668398705,0.557891310673,0.586983286379,1.04923384004,-0.24691593707,31.450928,22.20701,13.788023,-1.826369,0.682928,-2.85255
1,1789436839.373311281,0.534203554386,-0.25668398705,0.557891310673,0.586983286379,1.04923384004,-0.24691593707,31.48995,22.21505,13.828004,-1.825934,0.688448,-2.850135
1,1789436839.378182650,0.534203554386,-0.25668398705,0.557891310673,0.586983286379,1.04923384004,-0.24691593707,31.480775,22.191008,13.779249,-1.826803,0.685918,-2.845671
1,1789436839.383379221,0.534203554386,-0.25668398705,0.557891310673,0.586983286379,1.04923384004,-0.24691593707,31.467985,22.231787,13.887896,-1.82422,0.688892,-2.847553
1,1789436839.388397217,0.534203554386,-0.25668398705,0.557891310673,0.586983286379,1.04923384004,-0.24691593707,31.419271,22.237185,13.820498,-1.826272,0.684275,-2.843519
1,1789436839.393327713,0.534203554386,-0.25668398705,0.557891310673,0.586983286379,1.04923384004,-0.24691593707,31.417198,22.202556,13.814703,-1.826733,0.682753,-2.84729
1,1789436839.398125172,0.534203554386,-0.25668398705,0.557891310673,0.586983286379,1.04923384004,-0.24691593707,31.465295,22.217601,13.916508,-1.827454,0.686224,-2.847273
1,1789436839.403360367,0.534203554386,-0.25668398705,0.557891310673,0.586983286379,1.04923384004,-0.24691593707,31.473275,22.183093,13.72268,-1.825034,0.683895,-2.84638
1,1789436839.408135414,0.534203554386,-0.25668398705,0.557891310673,0.586983286379,1.04923384004,-0.24691593707,31.475643,22.190954,13.843559,-1.827125,0.68364,-2.846455
1,1789436839.413064957,0.534203554386,-0.25668398705,0.557891310673,0.586983286379,1.04923384004,-0.24691593707,31.485948,22.211459,13.941892,-1.828941,0.682461,-2.849275
1,1789436839.418468714,0.534203554386,-0.25668398705,0.557891310673,0.586983286379,1.04923384004,-0.24691593707,31.451346,22.196105,13.822425,-1.824692,0.686913,-2.841741
1,1789436839.423235893,0.534203554386,-0.25668398705,0.557891310673,0.586983286379,1.04923384004,-0.24691593707,31.474862,22.207825,13.798556,-1.82705,0.686756,-2.845208
1,1789436839.428372383,0.534203554386,-0.25668398705,0.557891310673,0.586983286379,1.04923384004,-0.24691593707,31.446539,22.191864,13.991531,-1.822189,0.684496,-2.853112
1,1789436839.433472157,0.534203554386,-0.25668398705,0.557891310673,0.586983286379,1.04923384004,-0.24691593707,31.417053,22.209859,13.865363,-1.823665,0.683997,-2.844523
1,1789436839.438220739,0.534203554386,-0.25668398705,0.557891310673,0.586983286379,1.04923384004,-0.24691593707,31.457904,22.209852,14.030624,-1.822769,0.686221,-2.851765
1,1789436839.443066597,0.534203554386,-0.25668398705,0.557891310673,0.586983286379,1.04923384004,-0.24691593707,31.440373,22.201809,13.854167,-1.822605,0.684219,-2.845689
1,1789436839.448085546,0.534203554386,-0.25668398705,0.557891310673,0.586983286379,1.04923384004,-0.24691593707,31.435501,22.178322,13.674919,-1.821844,0.683621,-2.841196
1,1789436839.453312397,0.534203554386,-0.25668398705,0.557891310673,0.586983286379,1.04923384004,-0.24691593707,31.486985,22.187524,13.654881,-1.824962,0.68613,-2.841812
1,1789436839.458186865,0.534203554386,-0.25668398705,0.557891310673,0.586983286379,1.04923384004,-0.24691593707,31.468103,22.189569,13.861149,-1.825208,0.682336,-2.847292
1,1789436839.463095188,0.534203554386,-0.25668398705,0.557891310673,0.586983286379,1.04923384004,-0.24691593707,31.468676,22.22014,13.753375,-1.827406,0.685035,-2.844596
1,1789436839.468357801,0.534203554386,-0.25668398705,0.557891310673,0.586983286379,1.04923384004,-0.24691593707,31.481973,22.21853,13.846288,-1.828763,0.686204,-2.844501
1,1789436839.473262787,0.534203554386,-0.25668398705,0.557891310673,0.586983286379,1.04923384004,-0.24691593707,31.402573,22.214955,13.944275,-1.829004,0.682698,-2.847776
1,1789436839.478087425,0.534203554386,-0.25668398705,0.557891310673,0.586983286379,1.04923384004,-0.24691593707,31.454088,22.207524,13.828514,-1.82572,0.684307,-2.85026
1,1789436839.483436584,0.534203554386,-0.25668398705,0.557891310673,0.586983286379,1.04923384004,-0.24691593707,31.427133,22.159296,13.795749,-1.825159,0.682967,-2.847278
1,1789436839.488315582,0.534203554386,-0.25668398705,0.557891310673,0.586983286379,1.04923384004,-0.24691593707,31.444765,22.20921,13.981006,-1.824701,0.685405,-2.847784
1,1789436839.493352890,0.534203554386,-0.25668398705,0.557891310673,0.586983286379,1.04923384004,-0.24691593707,31.454499,22.211528,13.841324,-1.822716,0.688498,-2.847561
1,1789436839.498268366,0.534203554386,-0.25668398705,0.557891310673,0.586983286379,1.04923384004,-0.24691593707,31.431237,22.171736,13.637078,-1.822961,0.68061,-2.841898
1,1789436839.503339767,0.534203554386,-0.25668398705,0.557891310673,0.586983286379,1.04923384004,-0.24691593707,31.48843,22.186872,13.715679,-1.824001,0.688132,-2.844421
1,1789436839.508172274,0.534203554386,-0.25668398705,0.557891310673,0.586983286379,1.04923384004,-0.24691593707,31.425266,22.199856,13.900801,-1.824569,0.683796,-2.83955
1,1789436839.513306141,0.534203554386,-0.25668398705,0.557891310673,0.586983286379,1.04923384004,-0.24691593707,31.476377,22.230839,13.699695,-1.824915,0.686482,-2.843123
1,1789436839.518419981,0.534203554386,-0.25668398705,0.557891310673,0.586983286379,1.04923384004,-0.24691593707,31.484295,22.232752,13.838548,-1.826832,0.682282,-2.850103
1,1789436839.523123741,0.534203554386,-0.25668398705,0.557891310673,0.586983286379,1.04923384004,-0.24691593707,31.440765,22.195218,13.936217,-1.827283,0.68203,-2.846927
1,1789436839.528064013,0.534203554386,-0.25668398705,0.557891310673,0.586983286379,1.04923384004,-0.24691593707,31.491161,22.185714,13.796465,-1.825015,0.684212,-2.84676
1,1789436839.533320189,0.534203554386,-0.25668398705,0.557891310673,0.586983286379,1.04923384004,-0.24691593707,31.497603,22.212321,13.774998,-1.828926,0.686626,-2.848439
1,1789436839.538230419,0.534203554386,-0.25668398705,0.557891310673,0.586983286379,1.04923384004,-0.24691593707,31.473127,22.218123,13.926798,-1.830043,0.682405,-2.853097
1,1789436839.543099165,0.534203554386,-0.25668398705,0.557891310673,0.586983286379,1.04923384004,-0.24691593707,31.475652,22.236219,13.8346,-1.827047,0.687057,-2.846088
1,1789436839.548165083,0.534203554386,-0.25668398705,0.557891310673,0.586983286379,1.04923384004,-0.24691593707,31.45052,22.218936,13.610618,-1.82999,0.681768,-2.840954
1,1789436839.553400517,0.534203554386,-0.25668398705,0.557891310673,0.586983286379,1.04923384004,-0.24691593707,31.491417,22.226077,13.781705,-1.82731,0.684905,-2.850431
1,1789436839.558236599,0.534203554386,-0.25668398705,0.557891310673,0.586983286379,1.04923384004,-0.24691593707,31.43994,22.223905,13.891365,-1.827585,0.681114,-2.852174
1,1789436839.563264608,0.534203554386,-0.25668398705,0.557891310673,0.586983286379,1.04923384004,-0.24691593707,31.483746,22.228258,13.784039,-1.826921,0.685618,-2.848848
1,1789436839.568365335,0.534203554386,-0.25668398705,0.557891310673,0.586983286379,1.04923384004,-0.24691593707,31.462031,22.203852,13.815873,-1.825504,0.685028,-2.846257
1,1789436839.573122025,0.534203554386,-0.25668398705,0.557891310673,0.586983286379,1.04923384004,-0.24691593707,31.459561,22.175645,13.778862,-1.823561,0.684761,-2.846036
1,1789436839.578236341,0.534203554386,-0.25668398705,0.557891310673,0.586983286379,1.04923384004,-0.24691593707,31.475865,22.22835,13.851267,-1.826253,0.688359,-2.847178
1,1789436839.583462000,0.534203554386,-0.25668398705,0.557891310673,0.586983286379,1.04923384004,-0.24691593707,31.440362,22.235363,13.821467,-1.824747,0.684337,-2.842873
1,1789436839.588345289,0.534203554386,-0.25668398705,0.557891310673,0.586983286379,1.04923384004,-0.24691593707,31.444724,22.239641,13.961032,-1.828837,0.687403,-2.848555
1,1789436839.593242645,0.534203554386,-0.25668398705,0.557891310673,0.586983286379,1.04923384004,-0.24691593707,31.392733,22.173825,13.814064,-1.825737,0.67839,-2.84808
1,1789436839.598200560,0.534203554386,-0.25668398705,0.557891310673,0.586983286379,1.04923384004,-0.24691593707,31.475563,22.189234,13.758336,-1.826184,0.685312,-2.847251
1,1789436839.603364944,0.534203554386,-0.25668398705,0.557891310673,0.586983286379,1.04923384004,-0.24691593707,31.467438,22.227555,13.620131,-1.829196,0.682427,-2.834705
1,1789436839.608230829,0.534203554386,-0.25668398705,0.557891310673,0.586983286379,1.04923384004,-0.24691593707,31.489659,22.231234,13.887929,-1.827841,0.685649,-2.847823
1,1789436839.613294125,0.534203554386,-0.25668398705,0.557891310673,0.586983286379,1.04923384004,-0.24691593707,31.456803,22.21744,13.69957,-1.823252,0.683633,-2.843494
1,1789436839.618370295,0.534203554386,-0.25668398705,0.557891310673,0.586983286379,1.04923384004,-0.24691593707,31.460964,22.191115,13.835399,-1.825154,0.683595,-2.845755
1,1789436839.623295784,0.534203554386,-0.25668398705,0.557891310673,0.586983286379,1.04923384004,-0.24691593707,31.457476,22.21452,13.983622,-1.826869,0.685655,-2.846032
1,1789436839.628429651,0.534203554386,-0.25668398705,0.557891310673,0.586983286379,1.04923384004,-0.24691593707,31.470584,22.220687,13.822607,-1.826421,0.68629,-2.847864
1,1789436839.633408308,0.534203554386,-0.25668398705,0.557891310673,0.586983286379,1.04923384004,-0.24691593707,31.446899,22.223985,13.834509,-1.827598,0.683873,-2.846456
1,1789436839.638289213,0.534203554386,-0.25668398705,0.557891310673,0.586983286379,1.04923384004,-0.24691593707,31.440576,22.17041,13.959581,-1.824945,0.680428,-2.84998
1,1789436839.643180609,0.534203554386,-0.25668398705,0.557891310673,0.586983286379,1.04923384004,-0.24691593707,31.44911,22.161982,13.86444,-1.820621,0.687207,-2.844529
1,1789436839.648208857,0.534203554386,-0.25668398705,0.557891310673,0.586983286379,1.04923384004,-0.24691593707,31.478909,22.185887,14.00726,-1.823355,0.686175,-2.854728
1,1789436839.653385162,0.534203554386,-0.25668398705,0.557891310673,0.586983286379,1.04923384004,-0.24691593707,31.450939,22.165523,13.789338,-1.821841,0.684227,-2.845308
1,1789436839.658173323,0.534203554386,-0.25668398705,0.557891310673,0.586983286379,1.04923384004,-0.24691593707,31.437241,22.175092,13.675375,-1.823526,0.686354,-2.840547
1,1789436839.663173199,0.534203554386,-0.25668398705,0.557891310673,0.586983286379,1.04923384004,-0.24691593707,31.416883,22.178265,13.681479,-1.82441,0.67961,-2.837336
1,1789436839.668455362,0.534203554386,-0.25668398705,0.557891310673,0.586983286379,1.04923384004,-0.24691593707,31.447674,22.235589,13.909064,-1.828298,0.686224,-2.846156
1,1789436839.673297644,0.534203554386,-0.25668398705,0.557891310673,0.586983286379,1.04923384004,-0.24691593707,31.436296,22.226813,13.691166,-1.826225,0.682622,-2.843043
1,1789436839.678261280,0.534203554386,-0.25668398705,0.557891310673,0.586983286379,1.04923384004,-0.24691593707,31.44604,22.189737,13.830919,-1.825146,0.683958,-2.848647
1,1789436839.683289289,0.534203554386,-0.25668398705,0.557891310673,0.586983286379,1.04923384004,-0.24691593707,31.423418,22.193071,13.929575,-1.824052,0.683551,-2.851148
1,1789436839.688236475,0.534203554386,-0.25668398705,0.557891310673,0.586983286379,1.04923384004,-0.24691593707,31.443254,22.213864,13.782806,-1.826529,0.685063,-2.843597
1,1789436839.693531990,0.534203554386,-0.25668398705,0.557891310673,0.586983286379,1.04923384004,-0.24691593707,31.46609,22.21811,13.789351,-1.824535,0.687113,-2.845203
1,1789436839.698343515,0.534203554386,-0.25668398705,0.557891310673,0.586983286379,1.04923384004,-0.24691593707,31.445624,22.201006,14.049238,-1.822293,0.688356,-2.851489
1,1789436839.703348637,0.534203554386,-0.25668398705,0.557891310673,0.586983286379,1.04923384004,-0.24691593707,31.439148,22.212786,13.872727,-1.826547,0.684426,-2.845698
1,1789436839.708165407,0.534203554386,-0.25668398705,0.557891310673,0.586983286379,1.04923384004,-0.24691593707,31.44146,22.229237,13.829798,-1.825522,0.683999,-2.849584
1,1789436839.713170767,0.534203554386,-0.25668398705,0.557891310673,0.586983286379,1.04923384004,-0.24691593707,31.430702,22.212792,13.804105,-1.827483,0.685934,-2.847811
1,1789436839.718455791,0.534203554386,-0.25668398705,0.557891310673,0.586983286379,1.04923384004,-0.24691593707,31.446746,22.191073,13.822861,-1.826414,0.682467,-2.847989
1,1789436839.723069191,0.534203554386,-0.25668398705,0.557891310673,0.586983286379,1.04923384004,-0.24691593707,31.472069,22.174155,13.814846,-1.823618,0.685953,-2.846686
1,1789436839.728437901,0.534203554386,-0.25668398705,0.557891310673,0.586983286379,1.04923384004,-0.24691593707,31.449487,22.170923,13.799142,-1.825915,0.682976,-2.845092
1,1789436839.733376026,0.534203554386,-0.25668398705,0.557891310673,0.586983286379,1.04923384004,-0.24691593707,31.468611,22.221184,13.966485,-1.827377,0.685056,-2.85124
1,1789436839.738305330,0.534203554386,-0.25668398705,0.557891310673,0.586983286379,1.04923384004,-0.24691593707,31.436595,22.246909,13.857797,-1.82609,0.684224,-2.843507
1,1789436839.743468046,0.534203554386,-0.25668398705,0.557891310673,0.586983286379,1.04923384004,-0.24691593707,31.475582,22.222641,13.822787,-1.825739,0.687273,-2.847652
1,1789436839.748262882,0.534203554386,-0.25668398705,0.557891310673,0.586983286379,1.04923384004,-0.24691593707,31.469868,22.181144,14.0289,-1.82702,0.683959,-2.846841
1,1789436839.753262281,0.534203554386,-0.25668398705,0.557891310673,0.586983286379,1.04923384004,-0.24691593707,31.448452,22.195909,13.819253,-1.82566,0.68534,-2.843979
1,1789436839.758366346,0.534203554386,-0.25668398705,0.557891310673,0.586983286379,1.04923384004,-0.24691593707,31.437289,22.194713,13.706555,-1.8205,0.683381,-2.844973
1,1789436839.763280392,0.534203554386,-0.25668398705,0.557891310673,0.586983286379,1.04923384004,-0.24691593707,31.439081,22.226415,13.697105,-1.826876,0.684049,-2.845068
1,1789436839.768418550,0.534203554386,-0.25668398705,0.557891310673,0.586983286379,1.04923384004,-0.24691593707,31.474444,22.238352,13.93931,-1.827644,0.684892,-2.850861
1,1789436839.773211241,0.534203554386,-0.25668398705,0.557891310673,0.586983286379,1.04923384004,-0.24691593707,31.498459,22.2252,13.695662,-1.826692,0.688774,-2.845428
1,1789436839.778246164,0.534203554386,-0.25668398705,0.557891310673,0.586983286379,1.04923384004,-0.24691593707,31.484167,22.225419,13.758791,-1.828598,0.687269,-2.846884
1,1789436839.783425093,0.534203554386,-0.25668398705,0.557891310673,0.586983286379,1.04923384004,-0.24691593707,31.470879,22.20829,13.97232,-1.8225,0.687598,-2.853221
2,1789436851.628135681,0.534204059479,-0.256678408047,0.55791792576,0.587059398001,1.04919293595,-0.246932590972,31.523141,22.228658,13.695961,-1.828282,0.684747,-2.851742
2,1789436851.633366346,0.534204059479,-0.256678408047,0.55791792576,0.587059398001,1.04919293595,-0.246932590972,31.436567,22.211024,13.725508,-1.830134,0.682485,-2.844793
2,1789436851.638046741,0.534204059479,-0.256678408047,0.55791792576,0.587059398001,1.04919293595,-0.246932590972,31.473892,22.18198,13.944721,-1.825372,0.685932,-2.853022
2,1789436851.643137455,0.534204059479,-0.256678408047,0.55791792576,0.587059398001,1.04919293595,-0.246932590972,31.495931,22.219864,13.82256,-1.822938,0.688459,-2.847676
2,1789436851.648020506,0.534204059479,-0.256678408047,0.55791792576,0.587059398001,1.04919293595,-0.246932590972,31.443442,22.202912,13.761763,-1.825802,0.6831,-2.851446
2,1789436851.653227568,0.534204059479,-0.256678408047,0.55791792576,0.587059398001,1.04919293595,-0.246932590972,31.451356,22.206052,14.056023,-1.820899,0.687483,-2.853276
2,1789436851.657984972,0.534204059479,-0.256678408047,0.55791792576,0.587059398001,1.04919293595,-0.246932590972,31.408521,22.218839,13.787777,-1.824416,0.683609,-2.840596
2,1789436851.663077593,0.534204059479,-0.256678408047,0.55791792576,0.587059398001,1.04919293595,-0.246932590972,31.495097,22.184819,13.687641,-1.81954,0.689072,-2.844449
2,1789436851.668199062,0.534204059479,-0.256678408047,0.55791792576,0.587059398001,1.04919293595,-0.246932590972,31.479894,22.234861,13.735286,-1.826769,0.689682,-2.837732
2,1789436851.673102617,0.534204059479,-0.256678408047,0.55791792576,0.587059398001,1.04919293595,-0.246932590972,31.456681,22.237202,13.87009,-1.825055,0.684539,-2.847546
2,1789436851.678563356,0.534204059479,-0.256678408047,0.55791792576,0.587059398001,1.04919293595,-0.246932590972,31.435149,22.19143,13.78278,-1.819599,0.685811,-2.843518
2,1789436851.683291674,0.534204059479,-0.256678408047,0.55791792576,0.587059398001,1.04919293595,-0.246932590972,31.43053,22.196514,13.799789,-1.824968,0.682805,-2.844853
2,1789436851.688145161,0.534204059479,-0.256678408047,0.55791792576,0.587059398001,1.04919293595,-0.246932590972,31.463997,22.199688,13.96434,-1.822367,0.68574,-2.852527
2,1789436851.693630457,0.534204059479,-0.256678408047,0.55791792576,0.587059398001,1.04919293595,-0.246932590972,31.487686,22.202772,13.813579,-1.826225,0.685561,-2.847659
2,1789436851.698237658,0.534204059479,-0.256678408047,0.55791792576,0.587059398001,1.04919293595,-0.246932590972,31.471091,22.20122,13.720634,-1.827214,0.678405,-2.848401
2,1789436851.703297615,0.534204059479,-0.256678408047,0.55791792576,0.587059398001,1.04919293595,-0.246932590972,31.479813,22.140088,13.786712,-1.820223,0.684168,-2.846896
2,1789436851.708118677,0.534204059479,-0.256678408047,0.55791792576,0.587059398001,1.04919293595,-0.246932590972,31.487291,22.202547,13.792001,-1.829147,0.683901,-2.843664
2,1789436851.713161230,0.534204059479,-0.256678408047,0.55791792576,0.587059398001,1.04919293595,-0.246932590972,31.481652,22.247999,13.780046,-1.827765,0.685244,-2.845513
2,1789436851.718244791,0.534204059479,-0.256678408047,0.55791792576,0.587059398001,1.04919293595,-0.246932590972,31.481587,22.224353,13.476703,-1.824436,0.681972,-2.843419
2,1789436851.722983122,0.534204059479,-0.256678408047,0.55791792576,0.587059398001,1.04919293595,-0.246932590972,31.438391,22.173044,13.921687,-1.822296,0.684113,-2.843985
2,1789436851.728224754,0.534204059479,-0.256678408047,0.55791792576,0.587059398001,1.04919293595,-0.246932590972,31.404862,22.167258,13.670697,-1.823326,0.68396,-2.837781
2,1789436851.733284950,0.534204059479,-0.256678408047,0.55791792576,0.587059398001,1.04919293595,-0.246932590972,31.46669,22.243892,13.795294,-1.823308,0.684115,-2.847891
2,1789436851.738181591,0.534204059479,-0.256678408047,0.55791792576,0.587059398001,1.04919293595,-0.246932590972,31.444657,22.243378,13.916188,-1.824561,0.686088,-2.847694
2,1789436851.743177414,0.534204059479,-0.256678408047,0.55791792576,0.587059398001,1.04919293595,-0.246932590972,31.446985,22.218147,13.825755,-1.822886,0.685149,-2.845991
2,1789436851.748190641,0.534204059479,-0.256678408047,0.55791792576,0.587059398001,1.04919293595,-0.246932590972,31.474407,22.228125,13.783137,-1.828203,0.686539,-2.843241
2,1789436851.753281593,0.534204059479,-0.256678408047,0.55791792576,0.587059398001,1.04919293595,-0.246932590972,31.446331,22.199538,13.926044,-1.826862,0.681384,-2.853675
2,1789436851.758142233,0.534204059479,-0.256678408047,0.55791792576,0.587059398001,1.04919293595,-0.246932590972,31.462477,22.204539,13.813836,-1.824841,0.685023,-2.847602
2,1789436851.763217211,0.534204059479,-0.256678408047,0.55791792576,0.587059398001,1.04919293595,-0.246932590972,31.405343,22.178636,13.690458,-1.824684,0.680098,-2.843582
2,1789436851.768270016,0.534204059479,-0.256678408047,0.55791792576,0.587059398001,1.04919293595,-0.246932590972,31.467578,22.201305,13.722449,-1.830101,0.681253,-2.846856
2,1789436851.773117065,0.534204059479,-0.256678408047,0.55791792576,0.587059398001,1.04919293595,-0.246932590972,31.468431,22.204039,13.894261,-1.828738,0.680897,-2.856241
2,1789436851.778104305,0.534204059479,-0.256678408047,0.55791792576,0.587059398001,1.04919293595,-0.246932590972,31.499612,22.22392,13.664605,-1.83126,0.682155,-2.848156
2,1789436851.783425331,0.534204059479,-0.256678408047,0.55791792576,0.587059398001,1.04919293595,-0.246932590972,31.494348,22.251026,13.763644,-1.829654,0.687527,-2.843795
2,1789436851.788083792,0.534204059479,-0.256678408047,0.55791792576,0.587059398001,1.04919293595,-0.246932590972,31.480011,22.258141,13.897793,-1.829782,0.6873,-2.847393
2,1789436851.793528557,0.534204059479,-0.256678408047,0.55791792576,0.587059398001,1.04919293595,-0.246932590972,31.466258,22.212758,13.802173,-1.821745,0.687314,-2.848973
2,1789436851.798237324,0.534204059479,-0.256678408047,0.55791792576,0.587059398001,1.04919293595,-0.246932590972,31.482377,22.229591,13.793637,-1.825925,0.684351,-2.84882
2,1789436851.803341389,0.534204059479,-0.256678408047,0.55791792576,0.587059398001,1.04919293595,-0.246932590972,31.41838,22.224223,14.024955,-1.825917,0.683968,-2.849705
2,1789436851.808243752,0.534204059479,-0.256678408047,0.55791792576,0.587059398001,1.04919293595,-0.246932590972,31.43643,22.249528,13.81024,-1.825697,0.682243,-2.850513
2,1789436851.813323498,0.534204059479,-0.256678408047,0.55791792576,0.587059398001,1.04919293595,-0.246932590972,31.506042,22.218556,13.632823,-1.824595,0.68698,-2.850209
2,1789436851.818490028,0.534204059479,-0.256678408047,0.55791792576,0.587059398001,1.04919293595,-0.246932590972,31.514498,22.161323,13.69552,-1.825617,0.685201,-2.845586
2,1789436851.823307276,0.534204059479,-0.256678408047,0.55791792576,0.587059398001,1.04919293595,-0.246932590972,31.490655,22.181417,13.900411,-1.825429,0.687716,-2.845281
2,1789436851.828396082,0.534204059479,-0.256678408047,0.55791792576,0.587059398001,1.04919293595,-0.246932590972,31.484315,22.20882,13.613498,-1.830608,0.681962,-2.845041
2,1789436851.833681345,0.534204059479,-0.256678408047,0.55791792576,0.587059398001,1.04919293595,-0.246932590972,31.453546,22.222364,13.940939,-1.825711,0.683727,-2.849887
2,1789436851.838545322,0.534204059479,-0.256678408047,0.55791792576,0.587059398001,1.04919293595,-0.246932590972,31.438766,22.234729,13.699154,-1.827663,0.682378,-2.843949
2,1789436851.843279123,0.534204059479,-0.256678408047,0.55791792576,0.587059398001,1.04919293595,-0.246932590972,31.484343,22.21482,13.795185,-1.823355,0.687078,-2.847459
2,1789436851.848380327,0.534204059479,-0.256678408047,0.55791792576,0.587059398001,1.04919293595,-0.246932590972,31.436197,22.202659,13.940009,-1.825157,0.686517,-2.844018
2,1789436851.853165627,0.534204059479,-0.256678408047,0.55791792576,0.587059398001,1.04919293595,-0.246932590972,31.444248,22.173947,13.794527,-1.819056,0.681423,-2.848403
2,1789436851.857967138,0.534204059479,-0.256678408047,0.55791792576,0.587059398001,1.04919293595,-0.246932590972,31.463881,22.203154,13.771276,-1.822934,0.687551,-2.844752
2,1789436851.863151073,0.534204059479,-0.256678408047,0.55791792576,0.587059398001,1.04919293595,-0.246932590972,31.479143,22.233583,13.995836,-1.821946,0.688076,-2.850093
2,1789436851.868123531,0.534204059479,-0.256678408047,0.55791792576,0.587059398001,1.04919293595,-0.246932590972,31.440752,22.238857,13.822683,-1.825629,0.687083,-2.841776
2,1789436851.872969389,0.534204059479,-0.256678408047,0.55791792576,0.587059398001,1.04919293595,-0.246932590972,31.446924,22.210621,13.718424,-1.825,0.68406,-2.84323
2,1789436851.878275394,0.534204059479,-0.256678408047,0.55791792576,0.587059398001,1.04919293595,-0.246932590972,31.464533,22.238293,13.811176,-1.829894,0.684541,-2.843418
2,1789436851.883085489,0.534204059479,-0.256678408047,0.55791792576,0.587059398001,1.04919293595,-0.246932590972,31.449778,22.185602,13.874957,-1.827188,0.682421,-2.850384
2,1789436851.887999058,0.534204059479,-0.256678408047,0.55791792576,0.587059398001,1.04919293595,-0.246932590972,31.472057,22.176294,13.819132,-1.826154,0.683034,-2.850268
2,1789436851.893190861,0.534204059479,-0.256678408047,0.55791792576,0.587059398001,1.04919293595,-0.246932590972,31.461247,22.192445,13.789014,-1.82545,0.682302,-2.845818
2,1789436851.898192406,0.534204059479,-0.256678408047,0.55791792576,0.587059398001,1.04919293595,-0.246932590972,31.454929,22.242165,13.927495,-1.829464,0.683472,-2.846591
2,1789436851.903201580,0.534204059479,-0.256678408047,0.55791792576,0.587059398001,1.04919293595,-0.246932590972,31.461219,22.226927,13.797731,-1.824982,0.683162,-2.846294
2,1789436851.908041477,0.534204059479,-0.256678408047,0.55791792576,0.587059398001,1.04919293595,-0.246932590972,31.505161,22.17039,13.830973,-1.820539,0.688144,-2.848057
2,1789436851.913084507,0.534204059479,-0.256678408047,0.55791792576,0.587059398001,1.04919293595,-0.246932590972,31.448967,22.156354,13.932359,-1.822053,0.685367,-2.842855
2,1789436851.918063402,0.534204059479,-0.256678408047,0.55791792576,0.587059398001,1.04919293595,-0.246932590972,31.448067,22.223539,13.863469,-1.824054,0.686587,-2.845511
2,1789436851.923037291,0.534204059479,-0.256678408047,0.55791792576,0.587059398001,1.04919293595,-0.246932590972,31.417316,22.273953,13.718914,-1.824786,0.682412,-2.843459
2,1789436851.928002596,0.534204059479,-0.256678408047,0.55791792576,0.587059398001,1.04919293595,-0.246932590972,31.428929,22.204259,13.637309,-1.820915,0.682806,-2.841705
2,1789436851.933287144,0.534204059479,-0.256678408047,0.55791792576,0.587059398001,1.04919293595,-0.246932590972,31.451759,22.151209,13.867695,-1.81959,0.686042,-2.842487
2,1789436851.938091040,0.534204059479,-0.256678408047,0.55791792576,0.587059398001,1.04919293595,-0.246932590972,31.509832,22.170783,13.678881,-1.822477,0.688402,-2.84404
2,1789436851.943190336,0.534204059479,-0.256678408047,0.55791792576,0.587059398001,1.04919293595,-0.246932590972,31.511599,22.242659,13.8053,-1.826978,0.686231,-2.847096
2,1789436851.948305845,0.534204059479,-0.256678408047,0.55791792576,0.587059398001,1.04919293595,-0.246932590972,31.461557,22.252734,13.916052,-1.834082,0.681305,-2.848218
2,1789436851.953547239,0.534204059479,-0.256678408047,0.55791792576,0.587059398001,1.04919293595,-0.246932590972,31.444611,22.212965,13.818162,-1.826891,0.680435,-2.845319
2,1789436851.958582878,0.534204059479,-0.256678408047,0.55791792576,0.587059398001,1.04919293595,-0.246932590972,31.431868,22.176515,13.754983,-1.827357,0.681383,-2.849836
2,1789436851.963694811,0.534204059479,-0.256678408047,0.55791792576,0.587059398001,1.04919293595,-0.246932590972,31.494962,22.1734,13.981919,-1.823665,0.686229,-2.859041
2,1789436851.968543291,0.534204059479,-0.256678408047,0.55791792576,0.587059398001,1.04919293595,-0.246932590972,31.47297,22.236343,13.757986,-1.828654,0.684747,-2.84776
2,1789436851.973409176,0.534204059479,-0.256678408047,0.55791792576,0.587059398001,1.04919293595,-0.246932590972,31.464266,22.204174,13.614016,-1.828729,0.683524,-2.844546
2,1789436851.978434324,0.534204059479,-0.256678408047,0.55791792576,0.587059398001,1.04919293595,-0.246932590972,31.45315,22.193679,13.606959,-1.8254,0.682854,-2.843155
2,1789436851.983696699,0.534204059479,-0.256678408047,0.55791792576,0.587059398001,1.04919293595,-0.246932590972,31.522204,22.218133,13.909057,-1.822052,0.691006,-2.851641
2,1789436851.988390207,0.534204059479,-0.256678408047,0.55791792576,0.587059398001,1.04919293595,-0.246932590972,31.472229,22.263829,13.656627,-1.828035,0.68468,-2.841206
2,1789436851.993432999,0.534204059479,-0.256678408047,0.55791792576,0.587059398001,1.04919293595,-0.246932590972,31.461814,22.259123,13.794532,-1.828757,0.684225,-2.848382
2,1789436851.998373747,0.534204059479,-0.256678408047,0.55791792576,0.587059398001,1.04919293595,-0.246932590972,31.410035,22.205133,13.918663,-1.82182,0.680151,-2.852689
2,1789436852.003386736,0.534204059479,-0.256678408047,0.55791792576,0.587059398001,1.04919293595,-0.246932590972,31.440789,22.188266,13.812112,-1.825164,0.688465,-2.842187
2,1789436852.008345604,0.534204059479,-0.256678408047,0.55791792576,0.587059398001,1.04919293595,-0.246932590972,31.49322,22.205629,13.706326,-1.828114,0.684324,-2.844918
2,1789436852.013416529,0.534204059479,-0.256678408047,0.55791792576,0.587059398001,1.04919293595,-0.246932590972,31.511088,22.233922,14.004694,-1.824248,0.689787,-2.856215
2,1789436852.018597126,0.534204059479,-0.256678408047,0.55791792576,0.587059398001,1.04919293595,-0.246932590972,31.399511,22.190888,13.802609,-1.825046,0.679094,-2.843421
2,1789436852.023291826,0.534204059479,-0.256678408047,0.55791792576,0.587059398001,1.04919293595,-0.246932590972,31.478348,22.216817,13.797363,-1.829436,0.68557,-2.846132
2,1789436852.028567314,0.534204059479,-0.256678408047,0.55791792576,0.587059398001,1.04919293595,-0.246932590972,31.431073,22.2125,13.784027,-1.826875,0.680368,-2.843325
2,1789436852.033517599,0.534204059479,-0.256678408047,0.55791792576,0.587059398001,1.04919293595,-0.246932590972,31.482765,22.203074,13.843525,-1.828469,0.68221,-2.852759
2,1789436852.038527727,0.534204059479,-0.256678408047,0.55791792576,0.587059398001,1.04919293595,-0.246932590972,31.430456,22.235608,13.55034,-1.830215,0.681817,-2.837885
2,1789436852.043244362,0.534204059479,-0.256678408047,0.55791792576,0.587059398001,1.04919293595,-0.246932590972,31.448339,22.215845,13.8483,-1.826503,0.680185,-2.849989
2,1789436852.048255682,0.534204059479,-0.256678408047,0.55791792576,0.587059398001,1.04919293595,-0.246932590972,31.498412,22.180679,13.693352,-1.82061,0.687733,-2.846907
2,1789436852.053244591,0.534204059479,-0.256678408047,0.55791792576,0.587059398001,1.04919293595,-0.246932590972,31.441523,22.168092,13.726517,-1.824998,0.68187,-2.844046
2,1789436852.058235407,0.534204059479,-0.256678408047,0.55791792576,0.587059398001,1.04919293595,-0.246932590972,31.461943,22.195546,13.880142,-1.825045,0.686514,-2.846609
2,1789436852.063078165,0.534204059479,-0.256678408047,0.55791792576,0.587059398001,1.04919293595,-0.246932590972,31.455785,22.238097,13.788537,-1.825361,0.6829,-2.846311
2,1789436852.068304062,0.534204059479,-0.256678408047,0.55791792576,0.587059398001,1.04919293595,-0.246932590972,31.417929,22.218543,13.763848,-1.824763,0.682131,-2.844229
2,1789436852.073134422,0.534204059479,-0.256678408047,0.55791792576,0.587059398001,1.04919293595,-0.246932590972,31.444386,22.174791,13.704195,-1.825485,0.683285,-2.846343
2,1789436852.078120232,0.534204059479,-0.256678408047,0.55791792576,0.587059398001,1.04919293595,-0.246932590972,31.440666,22.233533,13.858368,-1.829957,0.683616,-2.843072
2,1789436852.083338737,0.534204059479,-0.256678408047,0.55791792576,0.587059398001,1.04919293595,-0.246932590972,31.421815,22.183837,13.666149,-1.825895,0.676796,-2.847678
2,1789436852.088184118,0.534204059479,-0.256678408047,0.55791792576,0.587059398001,1.04919293595,-0.246932590972,31.461108,22.197204,13.634228,-1.821778,0.685413,-2.84335
2,1789436852.093443155,0.534204059479,-0.256678408047,0.55791792576,0.587059398001,1.04919293595,-0.246932590972,31.422687,22.182089,13.840024,-1.824975,0.679495,-2.843178
2,1789436852.098377705,0.534204059479,-0.256678408047,0.55791792576,0.587059398001,1.04919293595,-0.246932590972,31.517327,22.208984,13.723113,-1.822584,0.689457,-2.845608
2,1789436852.103306532,0.534204059479,-0.256678408047,0.55791792576,0.587059398001,1.04919293595,-0.246932590972,31.433633,22.200204,13.749755,-1.82555,0.680501,-2.84134
2,1789436852.108378887,0.534204059479,-0.256678408047,0.55791792576,0.587059398001,1.04919293595,-0.246932590972,31.458103,22.223301,13.986496,-1.824078,0.686008,-2.850282
2,1789436852.113542795,0.534204059479,-0.256678408047,0.55791792576,0.587059398001,1.04919293595,-0.246932590972,31.4212,22.221225,13.761302,-1.826014,0.680555,-2.839982
2,1789436852.118286133,0.534204059479,-0.256678408047,0.55791792576,0.587059398001,1.04919293595,-0.246932590972,31.489128,22.202447,13.832162,-1.822354,0.688457,-2.847402
2,1789436852.123239994,0.534204059479,-0.256678408047,0.55791792576,0.587059398001,1.04919293595,-0.246932590972,31.426314,22.18351,13.971365,-1.823971,0.681084,-2.84838
2,1789436852.128139734,0.534204059479,-0.256678408047,0.55791792576,0.587059398001,1.04919293595,-0.246932590972,31.497685,22.208254,13.774792,-1.823855,0.686611,-2.848627
2,1789436852.133311033,0.534204059479,-0.256678408047,0.55791792576,0.587059398001,1.04919293595,-0.246932590972,31.483148,22.185457,13.639196,-1.828237,0.684383,-2.840043
2,1789436852.138175011,0.534204059479,-0.256678408047,0.55791792576,0.587059398001,1.04919293595,-0.246932590972,31.495802,22.197453,13.560493,-1.826683,0.686668,-2.842661
2,1789436852.143201113,0.534204059479,-0.256678408047,0.55791792576,0.587059398001,1.04919293595,-0.246932590972,31.435873,22.251016,13.889979,-1.82792,0.685732,-2.846622
2,1789436852.148136616,0.534204059479,-0.256678408047,0.55791792576,0.587059398001,1.04919293595,-0.246932590972,31.464945,22.235149,13.674185,-1.826731,0.682723,-2.848065
2,1789436852.153376341,0.534204059479,-0.256678408047,0.55791792576,0.587059398001,1.04919293595,-0.246932590972,31.477977,22.231317,13.812267,-1.827161,0.686294,-2.848581
2,1789436852.158280134,0.534204059479,-0.256678408047,0.55791792576,0.587059398001,1.04919293595,-0.246932590972,31.431443,22.185505,13.863645,-1.825539,0.680818,-2.851916
2,1789436852.163232088,0.534204059479,-0.256678408047,0.55791792576,0.587059398001,1.04919293595,-0.246932590972,31.516277,22.223408,13.853789,-1.822245,0.689479,-2.851485
2,1789436852.168284178,0.534204059479,-0.256678408047,0.55791792576,0.587059398001,1.04919293595,-0.246932590972,31.463438,22.205483,13.78493,-1.825144,0.684455,-2.848318
2,1789436852.173016548,0.534204059479,-0.256678408047,0.55791792576,0.587059398001,1.04919293595,-0.246932590972,31.503412,22.231591,14.023199,-1.822674,0.689038,-2.856382
2,1789436852.178194523,0.534204059479,-0.256678408047,0.55791792576,0.587059398001,1.04919293595,-0.246932590972,31.419224,22.227228,13.791299,-1.825519,0.687061,-2.844008
2,1789436852.183269739,0.534204059479,-0.256678408047,0.55791792576,0.587059398001,1.04919293595,-0.246932590972,31.464066,22.203692,13.681086,-1.819678,0.688672,-2.848903
2,1789436852.188116789,0.534204059479,-0.256678408047,0.55791792576,0.587059398001,1.04919293595,-0.246932590972,31.441549,22.232755,13.745364,-1.824795,0.686907,-2.843668
2,1789436852.193180323,0.534204059479,-0.256678408047,0.55791792576,0.587059398001,1.04919293595,-0.246932590972,31.440658,22.202846,13.890199,-1.82257,0.683882,-2.852585
2,1789436852.198162079,0.534204059479,-0.256678408047,0.55791792576,0.587059398001,1.04919293595,-0.246932590972,31.425879,22.261578,13.793012,-1.82702,0.684084,-2.843377
2,1789436852.203336239,0.534204059479,-0.256678408047,0.55791792576,0.587059398001,1.04919293595,-0.246932590972,31.473346,22.198282,13.734423,-1.82662,0.682427,-2.851089
2,1789436852.208126783,0.534204059479,-0.256678408047,0.55791792576,0.587059398001,1.04919293595,-0.246932590972,31.489377,22.176755,13.891513,-1.824882,0.685579,-2.851324
2,1789436852.213220596,0.534204059479,-0.256678408047,0.55791792576,0.587059398001,1.04919293595,-0.246932590972,31.461956,22.184285,13.728141,-1.828224,0.681932,-2.842999
2,1789436852.218234301,0.534204059479,-0.256678408047,0.55791792576,0.587059398001,1.04919293595,-0.246932590972,31.497051,22.246707,13.818079,-1.831379,0.685823,-2.844839
2,1789436852.223165751,0.534204059479,-0.256678408047,0.55791792576,0.587059398001,1.04919293595,-0.246932590972,31.42407,22.25813,13.960276,-1.830979,0.679015,-2.850076
2,1789436852.228399038,0.534204059479,-0.256678408047,0.55791792576,0.587059398001,1.04919293595,-0.246932590972,31.460432,22.185638,13.819147,-1.826243,0.681626,-2.850474
2,1789436852.233367920,0.534204059479,-0.256678408047,0.55791792576,0.587059398001,1.04919293595,-0.246932590972,31.452222,22.128202,13.637866,-1.821422,0.680197,-2.841204
2,1789436852.238129616,0.534204059479,-0.256678408047,0.55791792576,0.587059398001,1.04919293595,-0.246932590972,31.485104,22.173285,13.511779,-1.82626,0.684167,-2.838185
2,1789436852.243140459,0.534204059479,-0.256678408047,0.55791792576,0.587059398001,1.04919293595,-0.246932590972,31.445738,22.258362,13.87548,-1.828431,0.683638,-2.844196
2,1789436852.248286963,0.534204059479,-0.256678408047,0.55791792576,0.587059398001,1.04919293595,-0.246932590972,31.501258,22.166466,13.512058,-1.825154,0.686014,-2.837762
2,1789436852.253249884,0.534204059479,-0.256678408047,0.55791792576,0.587059398001,1.04919293595,-0.246932590972,31.475759,22.159763,13.88204,-1.823005,0.682377,-2.845661
2,1789436852.258241653,0.534204059479,-0.256678408047,0.55791792576,0.587059398001,1.04919293595,-0.246932590972,31.46627,22.234356,13.663952,-1.827083,0.683583,-2.842485
2,1789436852.263367414,0.534204059479,-0.256678408047,0.55791792576,0.587059398001,1.04919293595,-0.246932590972,31.445079,22.198386,13.781403,-1.827546,0.680639,-2.844913
2,1789436852.268379450,0.534204059479,-0.256678408047,0.55791792576,0.587059398001,1.04919293595,-0.246932590972,31.451434,22.205389,13.943295,-1.825123,0.685451,-2.848073
2,1789436852.273108244,0.534204059479,-0.256678408047,0.55791792576,0.587059398001,1.04919293595,-0.246932590972,31.436678,22.214463,13.786317,-1.827812,0.680783,-2.841773
2,1789436852.278812885,0.534204059479,-0.256678408047,0.55791792576,0.587059398001,1.04919293595,-0.246932590972,31.456451,22.219559,13.78128,-1.827398,0.680195,-2.851231
2,1789436852.283320427,0.534204059479,-0.256678408047,0.55791792576,0.587059398001,1.04919293595,-0.246932590972,31.458415,22.230901,13.93748,-1.828103,0.683625,-2.852167
2,1789436852.288102388,0.534204059479,-0.256678408047,0.55791792576,0.587059398001,1.04919293595,-0.246932590972,31.475154,22.191341,13.790986,-1.823241,0.68473,-2.844271
2,1789436852.293295383,0.534204059479,-0.256678408047,0.55791792576,0.587059398001,1.04919293595,-0.246932590972,31.495,22.191318,13.609716,-1.827477,0.685212,-2.84101
2,1789436852.298310518,0.534204059479,-0.256678408047,0.55791792576,0.587059398001,1.04919293595,-0.246932590972,31.51134,22.19751,13.545159,-1.821874,0.684293,-2.846929
2,1789436852.303285837,0.534204059479,-0.256678408047,0.55791792576,0.587059398001,1.04919293595,-0.246932590972,31.430211,22.257979,13.843516,-1.832942,0.680312,-2.841085
2,1789436852.308073282,0.534204059479,-0.256678408047,0.55791792576,0.587059398001,1.04919293595,-0.246932590972,31.465325,22.195147,13.694031,-1.822806,0.682946,-2.847073
2,1789436852.313289404,0.534204059479,-0.256678408047,0.55791792576,0.587059398001,1.04919293595,-0.246932590972,31.482222,22.165148,13.791257,-1.824497,0.685724,-2.843819
2,1789436852.318340540,0.534204059479,-0.256678408047,0.55791792576,0.587059398001,1.04919293595,-0.246932590972,31.442421,22.176497,13.812065,-1.827064,0.680577,-2.849095
2,1789436852.323244810,0.534204059479,-0.256678408047,0.55791792576,0.587059398001,1.04919293595,-0.246932590972,31.490362,22.227149,13.791303,-1.82147,0.686374,-2.850164
2,1789436852.329264164,0.534204059479,-0.256678408047,0.55791792576,0.587059398001,1.04919293595,-0.246932590972,31.420737,22.237178,13.800732,-1.826917,0.684619,-2.844228
2,1789436852.333477974,0.534204059479,-0.256678408047,0.55791792576,0.587059398001,1.04919293595,-0.246932590972,31.411821,22.227367,13.956053,-1.828099,0.682817,-2.846217
2,1789436852.338174820,0.534204059479,-0.256678408047,0.55791792576,0.587059398001,1.04919293595,-0.246932590972,31.485628,22.189638,13.803046,-1.818767,0.687447,-2.848292
2,1789436852.343119144,0.534204059479,-0.256678408047,0.55791792576,0.587059398001,1.04919293595,-0.246932590972,31.477628,22.184919,13.80567,-1.823386,0.685437,-2.846717
2,1789436852.348615885,0.534204059479,-0.256678408047,0.55791792576,0.587059398001,1.04919293595,-0.246932590972,31.437454,22.213998,13.781941,-1.826199,0.682435,-2.844469
2,1789436852.353591442,0.534204059479,-0.256678408047,0.55791792576,0.587059398001,1.04919293595,-0.246932590972,31.435221,22.214018,13.879882,-1.827473,0.681434,-2.853516
2,1789436852.358542919,0.534204059479,-0.256678408047,0.55791792576,0.587059398001,1.04919293595,-0.246932590972,31.447469,22.226314,13.785079,-1.826576,0.682579,-2.848534
2,1789436852.363571167,0.534204059479,-0.256678408047,0.55791792576,0.587059398001,1.04919293595,-0.246932590972,31.503231,22.205572,13.773527,-1.822961,0.685938,-2.849524
2,1789436852.368798494,0.534204059479,-0.256678408047,0.55791792576,0.587059398001,1.04919293595,-0.246932590972,31.512304,22.207656,13.906221,-1.821963,0.689199,-2.847571
2,1789436852.373443365,0.534204059479,-0.256678408047,0.55791792576,0.587059398001,1.04919293595,-0.246932590972,31.460205,22.241526,13.763811,-1.825601,0.687755,-2.843696
2,1789436852.378459215,0.534204059479,-0.256678408047,0.55791792576,0.587059398001,1.04919293595,-0.246932590972,31.441311,22.230757,13.792782,-1.825491,0.682529,-2.84963
2,1789436852.383850336,0.534204059479,-0.256678408047,0.55791792576,0.587059398001,1.04919293595,-0.246932590972,31.454358,22.232183,14.013061,-1.825149,0.688295,-2.850937
2,1789436852.388454199,0.534204059479,-0.256678408047,0.55791792576,0.587059398001,1.04919293595,-0.246932590972,31.421754,22.231971,13.799173,-1.82704,0.683507,-2.845342
2,1789436852.393557072,0.534204059479,-0.256678408047,0.55791792576,0.587059398001,1.04919293595,-0.246932590972,31.469029,22.200819,13.733537,-1.822342,0.686374,-2.851303
2,1789436852.398545742,0.534204059479,-0.256678408047,0.55791792576,0.587059398001,1.04919293595,-0.246932590972,31.460718,22.222454,13.47937,-1.82798,0.684115,-2.84139
2,1789436852.403423548,0.534204059479,-0.256678408047,0.55791792576,0.587059398001,1.04919293595,-0.246932590972,31.450398,22.205704,13.859518,-1.824144,0.684925,-2.848183
2,1789436852.408299923,0.534204059479,-0.256678408047,0.55791792576,0.587059398001,1.04919293595,-0.246932590972,31.465444,22.210721,13.693519,-1.827296,0.685293,-2.84108
2,1789436852.413342714,0.534204059479,-0.256678408047,0.55791792576,0.587059398001,1.04919293595,-0.246932590972,31.483049,22.18073,13.759639,-1.828341,0.68295,-2.846582
2,1789436852.418470144,0.534204059479,-0.256678408047,0.55791792576,0.587059398001,1.04919293595,-0.246932590972,31.489219,22.197358,13.919527,-1.824733,0.686095,-2.851308
2,1789436852.423399687,0.534204059479,-0.256678408047,0.55791792576,0.587059398001,1.04919293595,-0.246932590972,31.410272,22.200777,13.798465,-1.826781,0.680658,-2.839891
2,1789436852.429163694,0.534204059479,-0.256678408047,0.55791792576,0.587059398001,1.04919293595,-0.246932590972,31.452904,22.229152,13.830918,-1.825876,0.683181,-2.848929
2,1789436852.433672190,0.534204059479,-0.256678408047,0.55791792576,0.587059398001,1.04919293595,-0.246932590972,31.443806,22.203558,13.977262,-1.827091,0.6827,-2.850471
2,1789436852.438098907,0.534204059479,-0.256678408047,0.55791792576,0.587059398001,1.04919293595,-0.246932590972,31.479642,22.199127,13.761594,-1.826297,0.684636,-2.845245
2,1789436852.443049431,0.534204059479,-0.256678408047,0.55791792576,0.587059398001,1.04919293595,-0.246932590972,31.519869,22.216468,13.707393,-1.821126,0.690842,-2.843625
2,1789436852.448539495,0.534204059479,-0.256678408047,0.55791792576,0.587059398001,1.04919293595,-0.246932590972,31.465882,22.212566,13.511752,-1.824674,0.684531,-2.83841
2,1789436852.453297138,0.534204059479,-0.256678408047,0.55791792576,0.587059398001,1.04919293595,-0.246932590972,31.412957,22.216272,13.911653,-1.825131,0.682057,-2.844903
2,1789436852.458076715,0.534204059479,-0.256678408047,0.55791792576,0.587059398001,1.04919293595,-0.246932590972,31.470004,22.201627,13.486623,-1.824925,0.68375,-2.842697
2,1789436852.463227510,0.534204059479,-0.256678408047,0.55791792576,0.587059398001,1.04919293595,-0.246932590972,31.493417,22.198189,13.858585,-1.82537,0.686725,-2.848498
2,1789436852.468273163,0.534204059479,-0.256678408047,0.55791792576,0.587059398001,1.04919293595,-0.246932590972,31.428727,22.17346,13.674269,-1.825815,0.682699,-2.841647
2,1789436852.473083973,0.534204059479,-0.256678408047,0.55791792576,0.587059398001,1.04919293595,-0.246932590972,31.448534,22.17457,13.800517,-1.826154,0.679526,-2.850679
2,1789436852.478325367,0.534204059479,-0.256678408047,0.55791792576,0.587059398001,1.04919293595,-0.246932590972,31.45082,22.213399,13.901911,-1.827212,0.683048,-2.845003
2,1789436852.483546019,0.534204059479,-0.256678408047,0.55791792576,0.587059398001,1.04919293595,-0.246932590972,31.437184,22.215451,13.753171,-1.825521,0.681337,-2.845174
2,1789436852.488176823,0.534204059479,-0.256678408047,0.55791792576,0.587059398001,1.04919293595,-0.246932590972,31.529622,22.208581,13.844226,-1.823271,0.689535,-2.845462
2,1789436852.493466377,0.534204059479,-0.256678408047,0.55791792576,0.587059398001,1.04919293595,-0.246932590972,31.464744,22.200242,13.928474,-1.828513,0.682208,-2.845876
2,1789436852.498385668,0.534204059479,-0.256678408047,0.55791792576,0.587059398001,1.04919293595,-0.246932590972,31.477297,22.184494,13.84828,-1.820817,0.686882,-2.84306
2,1789436852.503284693,0.534204059479,-0.256678408047,0.55791792576,0.587059398001,1.04919293595,-0.246932590972,31.399297,22.219603,13.641115,-1.827296,0.682509,-2.833182
2,1789436852.508180380,0.534204059479,-0.256678408047,0.55791792576,0.587059398001,1.04919293595,-0.246932590972,31.456218,22.211793,13.624516,-1.822412,0.682373,-2.844031
2,1789436852.513166904,0.534204059479,-0.256678408047,0.55791792576,0.587059398001,1.04919293595,-0.246932590972,31.451559,22.236951,13.886704,-1.824731,0.682636,-2.849069
2,1789436852.518306494,0.534204059479,-0.256678408047,0.55791792576,0.587059398001,1.04919293595,-0.246932590972,31.481725,22.214844,13.6504,-1.828203,0.682919,-2.845205
2,1789436852.523076773,0.534204059479,-0.256678408047,0.55791792576,0.587059398001,1.04919293595,-0.246932590972,31.480232,22.19234,13.760855,-1.826452,0.684638,-2.845689
2,1789436852.528240919,0.534204059479,-0.256678408047,0.55791792576,0.587059398001,1.04919293595,-0.246932590972,31.483715,22.180943,13.861876,-1.824124,0.685708,-2.852477
2,1789436852.533406973,0.534204059479,-0.256678408047,0.55791792576,0.587059398001,1.04919293595,-0.246932590972,31.480788,22.190446,13.734693,-1.827785,0.685734,-2.844394
2,1789436852.538330793,0.534204059479,-0.256678408047,0.55791792576,0.587059398001,1.04919293595,-0.246932590972,31.472859,22.197806,13.77804,-1.82955,0.681131,-2.847002
2,1789436852.543159723,0.534204059479,-0.256678408047,0.55791792576,0.587059398001,1.04919293595,-0.246932590972,31.43661,22.23299,14.003952,-1.830275,0.682829,-2.85137
2,1789436852.548332691,0.534204059479,-0.256678408047,0.55791792576,0.587059398001,1.04919293595,-0.246932590972,31.397807,22.193947,13.798526,-1.826904,0.67514,-2.852607
2,1789436852.553430080,0.534204059479,-0.256678408047,0.55791792576,0.587059398001,1.04919293595,-0.246932590972,31.515274,22.195329,13.704853,-1.826439,0.686453,-2.851675
2,1789436852.558353901,0.534204059479,-0.256678408047,0.55791792576,0.587059398001,1.04919293595,-0.246932590972,31.454809,22.214543,13.729201,-1.827515,0.683139,-2.842348
2,1789436852.563261747,0.534204059479,-0.256678408047,0.55791792576,0.587059398001,1.04919293595,-0.246932590972,31.515757,22.221577,13.919804,-1.822285,0.690957,-2.850722
2,1789436852.568318129,0.534204059479,-0.256678408047,0.55791792576,0.587059398001,1.04919293595,-0.246932590972,31.431085,22.207422,13.756764,-1.822148,0.680909,-2.842883
2,1789436852.573218346,0.534204059479,-0.256678408047,0.55791792576,0.587059398001,1.04919293595,-0.246932590972,31.458317,22.239623,13.827737,-1.823375,0.689817,-2.844268
2,1789436852.578198195,0.534204059479,-0.256678408047,0.55791792576,0.587059398001,1.04919293595,-0.246932590972,31.42226,22.238573,13.904537,-1.823986,0.685842,-2.843175
2,1789436852.583236694,0.534204059479,-0.256678408047,0.55791792576,0.587059398001,1.04919293595,-0.246932590972,31.449181,22.254456,13.823234,-1.823349,0.685047,-2.847835
2,1789436852.588139534,0.534204059479,-0.256678408047,0.55791792576,0.587059398001,1.04919293595,-0.246932590972,31.468149,22.184648,13.788043,-1.82111,0.682551,-2.852523
2,1789436852.593379259,0.534204059479,-0.256678408047,0.55791792576,0.587059398001,1.04919293595,-0.246932590972,31.479969,22.177051,13.915442,-1.824535,0.687057,-2.847691
2,1789436852.598342419,0.534204059479,-0.256678408047,0.55791792576,0.587059398001,1.04919293595,-0.246932590972,31.473153,22.185964,13.753903,-1.826579,0.686645,-2.843897
2,1789436852.603273630,0.534204059479,-0.256678408047,0.55791792576,0.587059398001,1.04919293595,-0.246932590972,31.486969,22.200692,13.723271,-1.826914,0.686317,-2.845776
2,1789436852.608107805,0.534204059479,-0.256678408047,0.55791792576,0.587059398001,1.04919293595,-0.246932590972,31.463909,22.219517,13.59605,-1.828705,0.682215,-2.844357
2,1789436852.613398552,0.534204059479,-0.256678408047,0.55791792576,0.587059398001,1.04919293595,-0.246932590972,31.416471,22.176809,13.905299,-1.825065,0.681521,-2.848906
2,1789436852.618227005,0.534204059479,-0.256678408047,0.55791792576,0.587059398001,1.04919293595,-0.246932590972,31.458972,22.187446,13.668133,-1.828454,0.683676,-2.84556
2,1789436852.623239279,0.534204059479,-0.256678408047,0.55791792576,0.587059398001,1.04919293595,-0.246932590972,31.458121,22.199641,13.798904,-1.823332,0.682019,-2.851619
2,1789436852.628309250,0.534204059479,-0.256678408047,0.55791792576,0.587059398001,1.04919293595,-0.246932590972,31.432493,22.212699,13.89648,-1.828472,0.686405,-2.842087
2,1789436852.633350611,0.534204059479,-0.256678408047,0.55791792576,0.587059398001,1.04919293595,-0.246932590972,31.433967,22.190998,13.746489,-1.824133,0.68328,-2.843134
2,1789436852.638027191,0.534204059479,-0.256678408047,0.55791792576,0.587059398001,1.04919293595,-0.246932590972,31.505145,22.177564,13.825691,-1.817471,0.689391,-2.845371
2,1789436852.643160582,0.534204059479,-0.256678408047,0.55791792576,0.587059398001,1.04919293595,-0.246932590972,31.438322,22.17013,13.977118,-1.822032,0.686878,-2.843915
2,1789436852.648322105,0.534204059479,-0.256678408047,0.55791792576,0.587059398001,1.04919293595,-0.246932590972,31.461097,22.239256,13.842692,-1.823737,0.685127,-2.841091
2,1789436852.653260469,0.534204059479,-0.256678408047,0.55791792576,0.587059398001,1.04919293595,-0.246932590972,31.415158,22.23098,13.73831,-1.823504,0.682712,-2.8427
2,1789436852.658093452,0.534204059479,-0.256678408047,0.55791792576,0.587059398001,1.04919293595,-0.246932590972,31.450982,22.1862,13.551369,-1.823628,0.682914,-2.842987
2,1789436852.663295031,0.534204059479,-0.256678408047,0.55791792576,0.587059398001,1.04919293595,-0.246932590972,31.456434,22.166758,13.886553,-1.818906,0.687598,-2.848318
2,1789436852.668373823,0.534204059479,-0.256678408047,0.55791792576,0.587059398001,1.04919293595,-0.246932590972,31.470179,22.23426,13.685333,-1.827078,0.685729,-2.846507
2,1789436852.673219442,0.534204059479,-0.256678408047,0.55791792576,0.587059398001,1.04919293595,-0.246932590972,31.436068,22.215896,13.834971,-1.828744,0.679166,-2.846632
2,1789436852.678213596,0.534204059479,-0.256678408047,0.55791792576,0.587059398001,1.04919293595,-0.246932590972,31.514423,22.18097,13.694348,-1.824838,0.686827,-2.846285
2,1789436852.683355331,0.534204059479,-0.256678408047,0.55791792576,0.587059398001,1.04919293595,-0.246932590972,31.498772,22.177447,13.738688,-1.825544,0.682411,-2.848187
2,1789436852.688269615,0.534204059479,-0.256678408047,0.55791792576,0.587059398001,1.04919293595,-0.246932590972,31.492243,22.19883,13.878445,-1.825036,0.685821,-2.847788
2,1789436852.693305016,0.534204059479,-0.256678408047,0.55791792576,0.587059398001,1.04919293595,-0.246932590972,31.474862,22.240684,13.812335,-1.829208,0.687608,-2.842329
2,1789436852.698134422,0.534204059479,-0.256678408047,0.55791792576,0.587059398001,1.04919293595,-0.246932590972,31.461762,22.225596,13.816125,-1.825332,0.684442,-2.846276
2,1789436852.703235626,0.534204059479,-0.256678408047,0.55791792576,0.587059398001,1.04919293595,-0.246932590972,31.421363,22.162128,13.955609,-1.821537,0.680333,-2.852609
2,1789436852.708113909,0.534204059479,-0.256678408047,0.55791792576,0.587059398001,1.04919293595,-0.246932590972,31.478195,22.185709,13.835588,-1.820128,0.68691,-2.85137
2,1789436852.713136196,0.534204059479,-0.256678408047,0.55791792576,0.587059398001,1.04919293595,-0.246932590972,31.434834,22.211041,13.665739,-1.82626,0.683229,-2.84127
2,1789436852.718260288,0.534204059479,-0.256678408047,0.55791792576,0.587059398001,1.04919293595,-0.246932590972,31.487775,22.233535,13.604413,-1.828418,0.687539,-2.844432
2,1789436852.723047256,0.534204059479,-0.256678408047,0.55791792576,0.587059398001,1.04919293595,-0.246932590972,31.457252,22.231308,13.870568,-1.825841,0.683432,-2.847315
2,1789436852.728219032,0.534204059479,-0.256678408047,0.55791792576,0.587059398001,1.04919293595,-0.246932590972,31.478912,22.189885,13.671575,-1.82715,0.685405,-2.84313
2,1789436852.733484983,0.534204059479,-0.256678408047,0.55791792576,0.587059398001,1.04919293595,-0.246932590972,31.49169,22.196107,13.832484,-1.824766,0.687866,-2.847187
2,1789436852.738292694,0.534204059479,-0.256678408047,0.55791792576,0.587059398001,1.04919293595,-0.246932590972,31.453717,22.251409,13.888193,-1.827315,0.682013,-2.848204
2,1789436852.743261814,0.534204059479,-0.256678408047,0.55791792576,0.587059398001,1.04919293595,-0.246932590972,31.436466,22.254027,13.800185,-1.825262,0.684631,-2.850767
2,1789436852.748487711,0.534204059479,-0.256678408047,0.55791792576,0.587059398001,1.04919293595,-0.246932590972,31.413902,22.209148,13.777176,-1.823668,0.682993,-2.847551
2,1789436852.753525734,0.534204059479,-0.256678408047,0.55791792576,0.587059398001,1.04919293595,-0.246932590972,31.443027,22.165801,13.798492,-1.825043,0.684789,-2.845303
2,1789436852.758404255,0.534204059479,-0.256678408047,0.55791792576,0.587059398001,1.04919293595,-0.246932590972,31.513711,22.222026,13.808076,-1.825504,0.687713,-2.851106
2,1789436852.763530731,0.534204059479,-0.256678408047,0.55791792576,0.587059398001,1.04919293595,-0.246932590972,31.514397,22.251328,13.728461,-1.828073,0.685436,-2.848793
2,1789436852.768484592,0.534204059479,-0.256678408047,0.55791792576,0.587059398001,1.04919293595,-0.246932590972,31.441756,22.211672,13.547672,-1.828514,0.684367,-2.839231
2,1789436852.773222446,0.534204059479,-0.256678408047,0.55791792576,0.587059398001,1.04919293595,-0.246932590972,31.422836,22.223091,13.892799,-1.823384,0.681629,-2.845167
2,1789436852.778254032,0.534204059479,-0.256678408047,0.55791792576,0.587059398001,1.04919293595,-0.246932590972,31.455514,22.238074,13.667678,-1.829897,0.679951,-2.840445
2,1789436852.783582926,0.534204059479,-0.256678408047,0.55791792576,0.587059398001,1.04919293595,-0.246932590972,31.470395,22.197783,13.763484,-1.824691,0.682479,-2.850357
2,1789436852.788323164,0.534204059479,-0.256678408047,0.55791792576,0.587059398001,1.04919293595,-0.246932590972,31.501229,22.210596,13.89512,-1.826723,0.68524,-2.849147
2,1789436852.793255091,0.534204059479,-0.256678408047,0.55791792576,0.587059398001,1.04919293595,-0.246932590972,31.438803,22.182433,13.729252,-1.824026,0.680786,-2.842472
2,1789436852.798292398,0.534204059479,-0.256678408047,0.55791792576,0.587059398001,1.04919293595,-0.246932590972,31.4366,22.191988,13.806447,-1.823786,0.684153,-2.846419
2,1789436852.803384542,0.534204059479,-0.256678408047,0.55791792576,0.587059398001,1.04919293595,-0.246932590972,31.479024,22.239436,13.998476,-1.828278,0.685874,-2.848554
2,1789436852.808212757,0.534204059479,-0.256678408047,0.55791792576,0.587059398001,1.04919293595,-0.246932590972,31.473183,22.220486,13.822944,-1.823862,0.682903,-2.848058
2,1789436852.813409567,0.534204059479,-0.256678408047,0.55791792576,0.587059398001,1.04919293595,-0.246932590972,31.481475,22.225568,13.781831,-1.8286,0.685837,-2.844149
2,1789436852.818377256,0.534204059479,-0.256678408047,0.55791792576,0.587059398001,1.04919293595,-0.246932590972,31.441603,22.217348,13.716031,-1.829364,0.679779,-2.845253
2,1789436852.823338747,0.534204059479,-0.256678408047,0.55791792576,0.587059398001,1.04919293595,-0.246932590972,31.450084,22.221912,13.853876,-1.826033,0.682173,-2.85224
2,1789436852.828341007,0.534204059479,-0.256678408047,0.55791792576,0.587059398001,1.04919293595,-0.246932590972,31.504358,22.190059,13.703576,-1.826226,0.685757,-2.84649
2,1789436852.833492756,0.534204059479,-0.256678408047,0.55791792576,0.587059398001,1.04919293595,-0.246932590972,31.472151,22.193454,13.774481,-1.826735,0.685724,-2.842749
2,1789436852.838311434,0.534204059479,-0.256678408047,0.55791792576,0.587059398001,1.04919293595,-0.246932590972,31.48059,22.198729,13.859732,-1.825009,0.686459,-2.847797
2,1789436852.843278408,0.534204059479,-0.256678408047,0.55791792576,0.587059398001,1.04919293595,-0.246932590972,31.452481,22.241713,13.777347,-1.826556,0.68372,-2.847457
2,1789436852.848479986,0.534204059479,-0.256678408047,0.55791792576,0.587059398001,1.04919293595,-0.246932590972,31.450114,22.241077,13.794909,-1.82398,0.684504,-2.848087
2,1789436852.853465319,0.534204059479,-0.256678408047,0.55791792576,0.587059398001,1.04919293595,-0.246932590972,31.461993,22.203806,13.980071,-1.824198,0.686534,-2.854314
2,1789436852.858218431,0.534204059479,-0.256678408047,0.55791792576,0.587059398001,1.04919293595,-0.246932590972,31.478298,22.238585,13.807715,-1.825049,0.687389,-2.851503
2,1789436852.863338232,0.534204059479,-0.256678408047,0.55791792576,0.587059398001,1.04919293595,-0.246932590972,31.431776,22.241073,13.742999,-1.825225,0.687128,-2.845235
2,1789436852.868509769,0.534204059479,-0.256678408047,0.55791792576,0.587059398001,1.04919293595,-0.246932590972,31.4539,22.162886,13.689604,-1.820933,0.682171,-2.84992
2,1789436852.873321295,0.534204059479,-0.256678408047,0.55791792576,0.587059398001,1.04919293595,-0.246932590972,31.500038,22.187086,13.907209,-1.822085,0.68896,-2.84685
2,1789436852.878387451,0.534204059479,-0.256678408047,0.55791792576,0.587059398001,1.04919293595,-0.246932590972,31.473318,22.206154,13.681539,-1.828061,0.680755,-2.849381
2,1789436852.883458853,0.534204059479,-0.256678408047,0.55791792576,0.587059398001,1.04919293595,-0.246932590972,31.527215,22.233532,13.901325,-1.822032,0.692147,-2.850564
2,1789436852.888329744,0.534204059479,-0.256678408047,0.55791792576,0.587059398001,1.04919293595,-0.246932590972,31.451702,22.192758,13.585307,-1.827366,0.681768,-2.839154
2,1789436852.893375635,0.534204059479,-0.256678408047,0.55791792576,0.587059398001,1.04919293595,-0.246932590972,31.494539,22.239402,13.889857,-1.822814,0.689361,-2.846258
2,1789436852.898514748,0.534204059479,-0.256678408047,0.55791792576,0.587059398001,1.04919293595,-0.246932590972,31.423751,22.270209,13.848912,-1.830384,0.680258,-2.843752
2,1789436852.903402090,0.534204059479,-0.256678408047,0.55791792576,0.587059398001,1.04919293595,-0.246932590972,31.479559,22.200653,13.777008,-1.819783,0.686867,-2.853265
2,1789436852.908284187,0.534204059479,-0.256678408047,0.55791792576,0.587059398001,1.04919293595,-0.246932590972,31.47272,22.184579,13.803542,-1.822733,0.68957,-2.841573
2,1789436852.913269281,0.534204059479,-0.256678408047,0.55791792576,0.587059398001,1.04919293595,-0.246932590972,31.473603,22.15758,13.947725,-1.821743,0.684297,-2.851166
2,1789436852.918400526,0.534204059479,-0.256678408047,0.55791792576,0.587059398001,1.04919293595,-0.246932590972,31.52968,22.224831,13.806351,-1.823213,0.687892,-2.852249
2,1789436852.923270941,0.534204059479,-0.256678408047,0.55791792576,0.587059398001,1.04919293595,-0.246932590972,31.495074,22.249971,13.78328,-1.826129,0.684767,-2.849558
2,1789436852.928344727,0.534204059479,-0.256678408047,0.55791792576,0.587059398001,1.04919293595,-0.246932590972,31.459973,22.241584,13.518954,-1.828201,0.685152,-2.833739
2,1789436852.933515549,0.534204059479,-0.256678408047,0.55791792576,0.587059398001,1.04919293595,-0.246932590972,31.447832,22.168353,13.829008,-1.820804,0.681183,-2.850157
2,1789436852.938362360,0.534204059479,-0.256678408047,0.55791792576,0.587059398001,1.04919293595,-0.246932590972,31.504202,22.224842,13.716277,-1.828007,0.685362,-2.850554
2,1789436852.943326712,0.534204059479,-0.256678408047,0.55791792576,0.587059398001,1.04919293595,-0.246932590972,31.438303,22.20786,13.775181,-1.828286,0.680952,-2.842909
2,1789436852.948418379,0.534204059479,-0.256678408047,0.55791792576,0.587059398001,1.04919293595,-0.246932590972,31.4755,22.231322,13.89624,-1.825223,0.686334,-2.848444
2,1789436852.953450441,0.534204059479,-0.256678408047,0.55791792576,0.587059398001,1.04919293595,-0.246932590972,31.446367,22.20917,13.775186,-1.825032,0.685171,-2.84248
2,1789436852.958483219,0.534204059479,-0.256678408047,0.55791792576,0.587059398001,1.04919293595,-0.246932590972,31.477577,22.164129,13.760061,-1.823862,0.684741,-2.846086
2,1789436852.963330984,0.534204059479,-0.256678408047,0.55791792576,0.587059398001,1.04919293595,-0.246932590972,31.495246,22.218043,14.029438,-1.82363,0.689925,-2.846043
2,1789436852.968550444,0.534204059479,-0.256678408047,0.55791792576,0.587059398001,1.04919293595,-0.246932590972,31.420235,22.22693,13.779446,-1.824909,0.681852,-2.840185
2,1789436852.973320723,0.534204059479,-0.256678408047,0.55791792576,0.587059398001,1.04919293595,-0.246932590972,31.442188,22.234192,13.804354,-1.827346,0.685079,-2.847851
2,1789436852.978322268,0.534204059479,-0.256678408047,0.55791792576,0.587059398001,1.04919293595,-0.246932590972,31.453388,22.172835,13.82633,-1.82427,0.678311,-2.8522
2,1789436852.983606815,0.534204059479,-0.256678408047,0.55791792576,0.587059398001,1.04919293595,-0.246932590972,31.472835,22.180171,13.850544,-1.823477,0.6874,-2.847546
2,1789436852.988432169,0.534204059479,-0.256678408047,0.55791792576,0.587059398001,1.04919293595,-0.246932590972,31.426977,22.202556,13.637047,-1.82418,0.681763,-2.841938
2,1789436852.993353367,0.534204059479,-0.256678408047,0.55791792576,0.587059398001,1.04919293595,-0.246932590972,31.461759,22.216504,13.799249,-1.826492,0.685785,-2.851012
2,1789436852.998416424,0.534204059479,-0.256678408047,0.55791792576,0.587059398001,1.04919293595,-0.246932590972,31.443142,22.231896,13.894341,-1.826765,0.682116,-2.850167
2,1789436853.003526926,0.534204059479,-0.256678408047,0.55791792576,0.587059398001,1.04919293595,-0.246932590972,31.444906,22.210387,13.75782,-1.829534,0.681166,-2.842062
2,1789436853.008355379,0.534204059479,-0.256678408047,0.55791792576,0.587059398001,1.04919293595,-0.246932590972,31.464607,22.204674,13.815905,-1.827752,0.684425,-2.846274
2,1789436853.013562441,0.534204059479,-0.256678408047,0.55791792576,0.587059398001,1.04919293595,-0.246932590972,31.455744,22.209539,13.972497,-1.829881,0.681896,-2.853658
2,1789436853.018698215,0.534204059479,-0.256678408047,0.55791792576,0.587059398001,1.04919293595,-0.246932590972,31.455258,22.225971,13.783047,-1.827252,0.680203,-2.850112
2,1789436853.023548126,0.534204059479,-0.256678408047,0.55791792576,0.587059398001,1.04919293595,-0.246932590972,31.482207,22.172493,13.734017,-1.823679,0.685719,-2.844801
2,1789436853.028401852,0.534204059479,-0.256678408047,0.55791792576,0.587059398001,1.04919293595,-0.246932590972,31.473182,22.195409,13.772632,-1.826694,0.684599,-2.844094
2,1789436853.033279181,0.534204059479,-0.256678408047,0.55791792576,0.587059398001,1.04919293595,-0.246932590972,31.458847,22.204426,13.825418,-1.822905,0.684351,-2.846218
2,1789436853.038174868,0.534204059479,-0.256678408047,0.55791792576,0.587059398001,1.04919293595,-0.246932590972,31.484347,22.206766,13.794259,-1.822888,0.688199,-2.847903
2,1789436853.043111563,0.534204059479,-0.256678408047,0.55791792576,0.587059398001,1.04919293595,-0.246932590972,31.412883,22.223777,13.752272,-1.823998,0.681469,-2.839751
2,1789436853.048141003,0.534204059479,-0.256678408047,0.55791792576,0.587059398001,1.04919293595,-0.246932590972,31.432381,22.244294,13.805546,-1.824513,0.685268,-2.847153
2,1789436853.053304911,0.534204059479,-0.256678408047,0.55791792576,0.587059398001,1.04919293595,-0.246932590972,31.465104,22.195196,13.76321,-1.825063,0.682055,-2.850569
2,1789436853.058086157,0.534204059479,-0.256678408047,0.55791792576,0.587059398001,1.04919293595,-0.246932590972,31.466515,22.179145,13.769562,-1.824774,0.68464,-2.852125
2,1789436853.063181400,0.534204059479,-0.256678408047,0.55791792576,0.587059398001,1.04919293595,-0.246932590972,31.469881,22.227982,13.980793,-1.825937,0.68646,-2.847865
2,1789436853.068299055,0.534204059479,-0.256678408047,0.55791792576,0.587059398001,1.04919293595,-0.246932590972,31.487606,22.236756,13.805711,-1.826739,0.686235,-2.846819
2,1789436853.073121309,0.534204059479,-0.256678408047,0.55791792576,0.587059398001,1.04919293595,-0.246932590972,31.442165,22.216564,13.785096,-1.827111,0.682167,-2.848515
2,1789436853.078215361,0.534204059479,-0.256678408047,0.55791792576,0.587059398001,1.04919293595,-0.246932590972,31.472068,22.160148,13.778202,-1.823938,0.685612,-2.846274
2,1789436853.083172798,0.534204059479,-0.256678408047,0.55791792576,0.587059398001,1.04919293595,-0.246932590972,31.430687,22.206865,13.86804,-1.826667,0.685349,-2.84255
2,1789436853.088263988,0.534204059479,-0.256678408047,0.55791792576,0.587059398001,1.04919293595,-0.246932590972,31.465109,22.188547,13.773971,-1.825865,0.681327,-2.849651
2,1789436853.093444347,0.534204059479,-0.256678408047,0.55791792576,0.587059398001,1.04919293595,-0.246932590972,31.468599,22.215924,13.885412,-1.823625,0.685046,-2.849534
2,1789436853.098314047,0.534204059479,-0.256678408047,0.55791792576,0.587059398001,1.04919293595,-0.246932590972,31.460581,22.225625,13.646582,-1.827922,0.681887,-2.841813
2,1789436853.103233576,0.534204059479,-0.256678408047,0.55791792576,0.587059398001,1.04919293595,-0.246932590972,31.456977,22.236564,13.767461,-1.825064,0.684912,-2.847695
2,1789436853.108058453,0.534204059479,-0.256678408047,0.55791792576,0.587059398001,1.04919293595,-0.246932590972,31.449931,22.201568,13.826984,-1.826502,0.681108,-2.851581
2,1789436853.113158464,0.534204059479,-0.256678408047,0.55791792576,0.587059398001,1.04919293595,-0.246932590972,31.48411,22.185938,13.744666,-1.82596,0.686023,-2.843923
2,1789436853.118233204,0.534204059479,-0.256678408047,0.55791792576,0.587059398001,1.04919293595,-0.246932590972,31.479186,22.189507,13.755373,-1.827483,0.685945,-2.843015
2,1789436853.122994184,0.534204059479,-0.256678408047,0.55791792576,0.587059398001,1.04919293595,-0.246932590972,31.499658,22.220343,14.028236,-1.827127,0.688589,-2.853018
2,1789436853.128208399,0.534204059479,-0.256678408047,0.55791792576,0.587059398001,1.04919293595,-0.246932590972,31.439062,22.272678,13.776533,-1.829705,0.679569,-2.849018
2,1789436853.133318901,0.534204059479,-0.256678408047,0.55791792576,0.587059398001,1.04919293595,-0.246932590972,31.460306,22.223673,13.818724,-1.825683,0.685428,-2.850534
2,1789436853.138034344,0.534204059479,-0.256678408047,0.55791792576,0.587059398001,1.04919293595,-0.246932590972,31.435835,22.198211,13.797722,-1.82849,0.682152,-2.846231
2,1789436853.143101215,0.534204059479,-0.256678408047,0.55791792576,0.587059398001,1.04919293595,-0.246932590972,31.485281,22.221402,13.839222,-1.822878,0.688338,-2.848978
2,1789436853.148249865,0.534204059479,-0.256678408047,0.55791792576,0.587059398001,1.04919293595,-0.246932590972,31.478494,22.211744,13.623124,-1.825677,0.685198,-2.844558
2,1789436853.153232098,0.534204059479,-0.256678408047,0.55791792576,0.587059398001,1.04919293595,-0.246932590972,31.502572,22.215727,13.822075,-1.823368,0.68887,-2.847913
2,1789436853.158221722,0.534204059479,-0.256678408047,0.55791792576,0.587059398001,1.04919293595,-0.246932590972,31.423553,22.201997,13.851433,-1.821611,0.682546,-2.841612
2,1789436853.163168430,0.534204059479,-0.256678408047,0.55791792576,0.587059398001,1.04919293595,-0.246932590972,31.471496,22.227415,13.770618,-1.824008,0.687893,-2.845251
2,1789436853.168287992,0.534204059479,-0.256678408047,0.55791792576,0.587059398001,1.04919293595,-0.246932590972,31.48227,22.244374,13.805658,-1.82721,0.683031,-2.847252
2,1789436853.173104048,0.534204059479,-0.256678408047,0.55791792576,0.587059398001,1.04919293595,-0.246932590972,31.465459,22.209141,13.957188,-1.824748,0.683113,-2.851431
2,1789436853.178098679,0.534204059479,-0.256678408047,0.55791792576,0.587059398001,1.04919293595,-0.246932590972,31.443597,22.202258,13.866687,-1.821956,0.6856,-2.843439
2,1789436853.183672428,0.534204059479,-0.256678408047,0.55791792576,0.587059398001,1.04919293595,-0.246932590972,31.42548,22.181994,13.704092,-1.824319,0.680938,-2.846744
2,1789436853.188128948,0.534204059479,-0.256678408047,0.55791792576,0.587059398001,1.04919293595,-0.246932590972,31.527919,22.202046,13.918565,-1.822426,0.689469,-2.857666
2,1789436853.193053007,0.534204059479,-0.256678408047,0.55791792576,0.587059398001,1.04919293595,-0.246932590972,31.46237,22.201969,13.819812,-1.827811,0.68557,-2.843577
2,1789436853.198061228,0.534204059479,-0.256678408047,0.55791792576,0.587059398001,1.04919293595,-0.246932590972,31.483311,22.213329,13.662659,-1.825976,0.685994,-2.842949
2,1789436853.203233242,0.534204059479,-0.256678408047,0.55791792576,0.587059398001,1.04919293595,-0.246932590972,31.431909,22.205518,13.810137,-1.82671,0.680918,-2.844404
2,1789436853.208181143,0.534204059479,-0.256678408047,0.55791792576,0.587059398001,1.04919293595,-0.246932590972,31.448822,22.193956,13.908982,-1.824734,0.682244,-2.852568
2,1789436853.213323116,0.534204059479,-0.256678408047,0.55791792576,0.587059398001,1.04919293595,-0.246932590972,31.463131,22.244554,13.83555,-1.826834,0.686219,-2.845619
2,1789436853.218244314,0.534204059479,-0.256678408047,0.55791792576,0.587059398001,1.04919293595,-0.246932590972,31.454378,22.195883,13.761435,-1.82471,0.682451,-2.845621
2,1789436853.223235846,0.534204059479,-0.256678408047,0.55791792576,0.587059398001,1.04919293595,-0.246932590972,31.461459,22.195312,13.952203,-1.823741,0.687667,-2.854123
2,1789436853.228218079,0.534204059479,-0.256678408047,0.55791792576,0.587059398001,1.04919293595,-0.246932590972,31.436459,22.194581,13.825582,-1.818886,0.684311,-2.84614
2,1789436853.233328342,0.534204059479,-0.256678408047,0.55791792576,0.587059398001,1.04919293595,-0.246932590972,31.438653,22.238672,13.786528,-1.824338,0.686756,-2.841141
2,1789436853.238205910,0.534204059479,-0.256678408047,0.55791792576,0.587059398001,1.04919293595,-0.246932590972,31.456737,22.209354,13.856726,-1.823101,0.685333,-2.849992
2,1789436853.243165255,0.534204059479,-0.256678408047,0.55791792576,0.587059398001,1.04919293595,-0.246932590972,31.474563,22.251486,13.821646,-1.829281,0.684503,-2.848812
2,1789436853.248222113,0.534204059479,-0.256678408047,0.55791792576,0.587059398001,1.04919293595,-0.246932590972,31.461743,22.18781,13.676809,-1.825559,0.680102,-2.846413
2,1789436853.256156921,0.534204059479,-0.256678408047,0.55791792576,0.587059398001,1.04919293595,-0.246932590972,31.438582,22.193643,13.7715,-1.826666,0.682085,-2.845136
2,1789436853.259586573,0.534204059479,-0.256678408047,0.55791792576,0.587059398001,1.04919293595,-0.246932590972,31.483503,22.226056,13.842091,-1.833133,0.678456,-2.84809
2,1789436853.264206409,0.534204059479,-0.256678408047,0.55791792576,0.587059398001,1.04919293595,-0.246932590972,31.526726,22.215168,13.739258,-1.824403,0.687774,-2.847405
2,1789436853.268334627,0.534204059479,-0.256678408047,0.55791792576,0.587059398001,1.04919293595,-0.246932590972,31.455537,22.194329,13.694042,-1.829276,0.681688,-2.841036
2,1789436853.273293018,0.534204059479,-0.256678408047,0.55791792576,0.587059398001,1.04919293595,-0.246932590972,31.445772,22.195071,13.971189,-1.825347,0.685597,-2.848013
2,1789436853.278262377,0.534204059479,-0.256678408047,0.55791792576,0.587059398001,1.04919293595,-0.246932590972,31.452454,22.246147,13.79566,-1.826468,0.680028,-2.848088
2,1789436853.283156395,0.534204059479,-0.256678408047,0.55791792576,0.587059398001,1.04919293595,-0.246932590972,31.465212,22.240018,13.734411,-1.829517,0.683656,-2.851145
2,1789436853.288119078,0.534204059479,-0.256678408047,0.55791792576,0.587059398001,1.04919293595,-0.246932590972,31.446719,22.217368,13.921688,-1.824512,0.685365,-2.850122
2,1789436853.293108225,0.534204059479,-0.256678408047,0.55791792576,0.587059398001,1.04919293595,-0.246932590972,31.462807,22.199914,13.842493,-1.825603,0.682811,-2.847326
2,1789436853.298160553,0.534204059479,-0.256678408047,0.55791792576,0.587059398001,1.04919293595,-0.246932590972,31.446865,22.173732,13.888245,-1.827134,0.679399,-2.854141
2,1789436853.303083420,0.534204059479,-0.256678408047,0.55791792576,0.587059398001,1.04919293595,-0.246932590972,31.475647,22.230301,13.839082,-1.824593,0.687445,-2.8492
2,1789436853.307940722,0.534204059479,-0.256678408047,0.55791792576,0.587059398001,1.04919293595,-0.246932590972,31.421987,22.243892,13.629994,-1.83066,0.682705,-2.83441
2,1789436853.313041925,0.534204059479,-0.256678408047,0.55791792576,0.587059398001,1.04919293595,-0.246932590972,31.474093,22.17704,13.790207,-1.822259,0.685186,-2.85075
2,1789436853.318097353,0.534204059479,-0.256678408047,0.55791792576,0.587059398001,1.04919293595,-0.246932590972,31.444689,22.230725,13.857145,-1.827771,0.682973,-2.843957
2,1789436853.323048353,0.534204059479,-0.256678408047,0.55791792576,0.587059398001,1.04919293595,-0.246932590972,31.468315,22.194767,13.768399,-1.825404,0.68362,-2.846991
2,1789436853.327934027,0.534204059479,-0.256678408047,0.55791792576,0.587059398001,1.04919293595,-0.246932590972,31.479049,22.265385,13.83659,-1.830914,0.68583,-2.845021
2,1789436853.333142996,0.534204059479,-0.256678408047,0.55791792576,0.587059398001,1.04919293595,-0.246932590972,31.388334,22.221382,13.777652,-1.827227,0.676939,-2.847955
2,1789436853.338021517,0.534204059479,-0.256678408047,0.55791792576,0.587059398001,1.04919293595,-0.246932590972,31.452519,22.197312,13.799753,-1.824023,0.681046,-2.851156
2,1789436853.343064547,0.534204059479,-0.256678408047,0.55791792576,0.587059398001,1.04919293595,-0.246932590972,31.47422,22.181583,13.726714,-1.822808,0.686612,-2.843461
2,1789436853.348089457,0.534204059479,-0.256678408047,0.55791792576,0.587059398001,1.04919293595,-0.246932590972,31.504786,22.183451,13.792865,-1.82476,0.686681,-2.848817
2,1789436853.353096485,0.534204059479,-0.256678408047,0.55791792576,0.587059398001,1.04919293595,-0.246932590972,31.468139,22.252502,13.821011,-1.823437,0.683521,-2.849433
2,1789436853.357918262,0.534204059479,-0.256678408047,0.55791792576,0.587059398001,1.04919293595,-0.246932590972,31.452503,22.268934,13.718183,-1.829493,0.682744,-2.843775
2,1789436853.363209963,0.534204059479,-0.256678408047,0.55791792576,0.587059398001,1.04919293595,-0.246932590972,31.37353,22.223301,13.706611,-1.825862,0.680539,-2.8393
2,1789436853.368157148,0.534204059479,-0.256678408047,0.55791792576,0.587059398001,1.04919293595,-0.246932590972,31.479664,22.213354,13.891126,-1.826284,0.685191,-2.851802
2,1789436853.373039722,0.534204059479,-0.256678408047,0.55791792576,0.587059398001,1.04919293595,-0.246932590972,31.512072,22.217052,13.704436,-1.828218,0.683327,-2.846309
2,1789436853.378165245,0.534204059479,-0.256678408047,0.55791792576,0.587059398001,1.04919293595,-0.246932590972,31.484344,22.191055,13.797159,-1.824561,0.682697,-2.846517
2,1789436853.383122444,0.534204059479,-0.256678408047,0.55791792576,0.587059398001,1.04919293595,-0.246932590972,31.45961,22.227391,13.919613,-1.829158,0.686331,-2.845263
2,1789436853.388000965,0.534204059479,-0.256678408047,0.55791792576,0.587059398001,1.04919293595,-0.246932590972,31.46598,22.201805,13.796141,-1.823303,0.68365,-2.847166
2,1789436853.393117905,0.534204059479,-0.256678408047,0.55791792576,0.587059398001,1.04919293595,-0.246932590972,31.503992,22.222581,13.833128,-1.825477,0.688642,-2.846799
2,1789436853.398050070,0.534204059479,-0.256678408047,0.55791792576,0.587059398001,1.04919293595,-0.246932590972,31.458052,22.183625,13.923552,-1.825318,0.682951,-2.848974
2,1789436853.403213024,0.534204059479,-0.256678408047,0.55791792576,0.587059398001,1.04919293595,-0.246932590972,31.456073,22.240132,13.890957,-1.825626,0.687485,-2.845744
2,1789436853.408117056,0.534204059479,-0.256678408047,0.55791792576,0.587059398001,1.04919293595,-0.246932590972,31.450623,22.243568,13.642213,-1.827166,0.680441,-2.844947
2,1789436853.413200378,0.534204059479,-0.256678408047,0.55791792576,0.587059398001,1.04919293595,-0.246932590972,31.473196,22.210829,13.762634,-1.821481,0.686249,-2.850602
2,1789436853.418251991,0.534204059479,-0.256678408047,0.55791792576,0.587059398001,1.04919293595,-0.246932590972,31.465474,22.177216,13.871065,-1.823211,0.686642,-2.846373
2,1789436853.423015833,0.534204059479,-0.256678408047,0.55791792576,0.587059398001,1.04919293595,-0.246932590972,31.466711,22.194455,13.694507,-1.824094,0.689549,-2.845996
2,1789436853.428034782,0.534204059479,-0.256678408047,0.55791792576,0.587059398001,1.04919293595,-0.246932590972,31.469396,22.228673,13.785227,-1.825269,0.685381,-2.848136
2,1789436853.433320999,0.534204059479,-0.256678408047,0.55791792576,0.587059398001,1.04919293595,-0.246932590972,31.452937,22.245585,13.990829,-1.826787,0.687185,-2.8474
2,1789436853.438131809,0.534204059479,-0.256678408047,0.55791792576,0.587059398001,1.04919293595,-0.246932590972,31.428998,22.231384,13.819018,-1.823847,0.682953,-2.844631
2,1789436853.443001747,0.534204059479,-0.256678408047,0.55791792576,0.587059398001,1.04919293595,-0.246932590972,31.483693,22.187042,13.801567,-1.821401,0.687514,-2.849201
2,1789436853.448114634,0.534204059479,-0.256678408047,0.55791792576,0.587059398001,1.04919293595,-0.246932590972,31.454471,22.168634,13.942465,-1.822734,0.683637,-2.854739
2,1789436853.453265667,0.534204059479,-0.256678408047,0.55791792576,0.587059398001,1.04919293595,-0.246932590972,31.451576,22.22061,13.796955,-1.826394,0.683403,-2.846729
2,1789436853.458186865,0.534204059479,-0.256678408047,0.55791792576,0.587059398001,1.04919293595,-0.246932590972,31.475839,22.170966,13.637573,-1.821435,0.684961,-2.847149
2,1789436853.463220835,0.534204059479,-0.256678408047,0.55791792576,0.587059398001,1.04919293595,-0.246932590972,31.447155,22.222116,13.722697,-1.827322,0.685131,-2.840344
2,1789436853.468210220,0.534204059479,-0.256678408047,0.55791792576,0.587059398001,1.04919293595,-0.246932590972,31.467564,22.203137,13.870852,-1.824896,0.682689,-2.847068
2,1789436853.473087549,0.534204059479,-0.256678408047,0.55791792576,0.587059398001,1.04919293595,-0.246932590972,31.493619,22.236941,13.733135,-1.827709,0.688127,-2.845381
2,1789436853.478328943,0.534204059479,-0.256678408047,0.55791792576,0.587059398001,1.04919293595,-0.246932590972,31.41857,22.20734,13.758804,-1.82762,0.678448,-2.841757
2,1789436853.483272076,0.534204059479,-0.256678408047,0.55791792576,0.587059398001,1.04919293595,-0.246932590972,31.475647,22.224961,13.991643,-1.82698,0.685448,-2.853014
2,1789436853.488169670,0.534204059479,-0.256678408047,0.55791792576,0.587059398001,1.04919293595,-0.246932590972,31.431059,22.214966,13.746097,-1.8265,0.678343,-2.844041
2,1789436853.493136644,0.534204059479,-0.256678408047,0.55791792576,0.587059398001,1.04919293595,-0.246932590972,31.49544,22.207322,13.786123,-1.828078,0.684278,-2.847499
2,1789436853.498149633,0.534204059479,-0.256678408047,0.55791792576,0.587059398001,1.04919293595,-0.246932590972,31.500893,22.215071,13.543809,-1.826942,0.685779,-2.841591
2,1789436853.503241539,0.534204059479,-0.256678408047,0.55791792576,0.587059398001,1.04919293595,-0.246932590972,31.461145,22.218059,13.817444,-1.825504,0.684464,-2.84537
2,1789436853.508048058,0.534204059479,-0.256678408047,0.55791792576,0.587059398001,1.04919293595,-0.246932590972,31.510175,22.21976,13.931124,-1.823614,0.689243,-2.849572
2,1789436853.513177156,0.534204059479,-0.256678408047,0.55791792576,0.587059398001,1.04919293595,-0.246932590972,31.430032,22.237816,13.760798,-1.828232,0.68144,-2.840261
2,1789436853.518231392,0.534204059479,-0.256678408047,0.55791792576,0.587059398001,1.04919293595,-0.246932590972,31.501491,22.229357,13.709537,-1.826928,0.68669,-2.848771
2,1789436853.523022652,0.534204059479,-0.256678408047,0.55791792576,0.587059398001,1.04919293595,-0.246932590972,31.437322,22.222814,13.653599,-1.826971,0.680036,-2.843534
2,1789436853.528106213,0.534204059479,-0.256678408047,0.55791792576,0.587059398001,1.04919293595,-0.246932590972,31.449239,22.199171,13.88466,-1.826877,0.682774,-2.85016
2,1789436853.533242941,0.534204059479,-0.256678408047,0.55791792576,0.587059398001,1.04919293595,-0.246932590972,31.476387,22.19725,13.692194,-1.826015,0.684514,-2.841972
2,1789436853.538268566,0.534204059479,-0.256678408047,0.55791792576,0.587059398001,1.04919293595,-0.246932590972,31.476413,22.200448,13.757622,-1.826586,0.681963,-2.848147
2,1789436853.543373585,0.534204059479,-0.256678408047,0.55791792576,0.587059398001,1.04919293595,-0.246932590972,31.446686,22.217382,13.915573,-1.826132,0.684439,-2.848118
2,1789436853.548418283,0.534204059479,-0.256678408047,0.55791792576,0.587059398001,1.04919293595,-0.246932590972,31.492154,22.206935,13.802697,-1.824202,0.685081,-2.848794
2,1789436853.553342581,0.534204059479,-0.256678408047,0.55791792576,0.587059398001,1.04919293595,-0.246932590972,31.473372,22.23563,13.7976,-1.82998,0.684693,-2.84009
2,1789436853.558128595,0.534204059479,-0.256678408047,0.55791792576,0.587059398001,1.04919293595,-0.246932590972,31.427903,22.218041,13.957062,-1.827698,0.680656,-2.851825
2,1789436853.563182831,0.534204059479,-0.256678408047,0.55791792576,0.587059398001,1.04919293595,-0.246932590972,31.434925,22.245166,13.839664,-1.82514,0.685589,-2.849133
2,1789436853.568309069,0.534204059479,-0.256678408047,0.55791792576,0.587059398001,1.04919293595,-0.246932590972,31.413774,22.183128,13.638265,-1.823633,0.680435,-2.841207
2,1789436853.573289871,0.534204059479,-0.256678408047,0.55791792576,0.587059398001,1.04919293595,-0.246932590972,31.495392,22.19091,13.816503,-1.824249,0.688147,-2.845416
2,1789436853.578199387,0.534204059479,-0.256678408047,0.55791792576,0.587059398001,1.04919293595,-0.246932590972,31.426898,22.197843,13.862135,-1.825584,0.679947,-2.846989
2,1789436853.583381176,0.534204059479,-0.256678408047,0.55791792576,0.587059398001,1.04919293595,-0.246932590972,31.479362,22.227979,13.707348,-1.826588,0.689563,-2.843813
2,1789436853.588279486,0.534204059479,-0.256678408047,0.55791792576,0.587059398001,1.04919293595,-0.246932590972,31.453356,22.202825,13.731341,-1.827469,0.680422,-2.841194
2,1789436853.593332052,0.534204059479,-0.256678408047,0.55791792576,0.587059398001,1.04919293595,-0.246932590972,31.468683,22.225131,14.017642,-1.8247,0.689064,-2.847813
2,1789436853.598267078,0.534204059479,-0.256678408047,0.55791792576,0.587059398001,1.04919293595,-0.246932590972,31.430515,22.205264,13.754236,-1.825419,0.68095,-2.844473
2,1789436853.603294611,0.534204059479,-0.256678408047,0.55791792576,0.587059398001,1.04919293595,-0.246932590972,31.48984,22.217631,13.85213,-1.823938,0.687346,-2.852775
2,1789436853.608190298,0.534204059479,-0.256678408047,0.55791792576,0.587059398001,1.04919293595,-0.246932590972,31.444335,22.217261,13.942482,-1.828719,0.682296,-2.848977
2,1789436853.613405943,0.534204059479,-0.256678408047,0.55791792576,0.587059398001,1.04919293595,-0.246932590972,31.446147,22.190867,13.773056,-1.824148,0.683411,-2.850068
2,1789436853.618352175,0.534204059479,-0.256678408047,0.55791792576,0.587059398001,1.04919293595,-0.246932590972,31.485455,22.192645,13.63135,-1.826123,0.686551,-2.844996
2,1789436853.623103857,0.534204059479,-0.256678408047,0.55791792576,0.587059398001,1.04919293595,-0.246932590972,31.48533,22.188029,13.615565,-1.827532,0.683612,-2.843438
2,1789436853.628138065,0.534204059479,-0.256678408047,0.55791792576,0.587059398001,1.04919293595,-0.246932590972,31.475737,22.236203,13.951475,-1.825106,0.688526,-2.848606
3,1789436864.768075228,0.534180914843,-0.25667717319,0.557930923648,0.58697828942,1.04918486197,-0.246934709717,31.47615,22.233931,13.880145,-1.827114,0.683367,-2.847123
3,1789436864.773052692,0.534180914843,-0.25667717319,0.557930923648,0.58697828942,1.04918486197,-0.246934709717,31.453635,22.196867,13.717952,-1.8208,0.683217,-2.849697
3,1789436864.777961016,0.534180914843,-0.25667717319,0.557930923648,0.58697828942,1.04918486197,-0.246934709717,31.458266,22.201352,13.776481,-1.825884,0.684911,-2.841599
3,1789436864.783132076,0.534180914843,-0.25667717319,0.557930923648,0.58697828942,1.04918486197,-0.246934709717,31.496881,22.220508,13.934401,-1.829072,0.685688,-2.847765
3,1789436864.787950754,0.534180914843,-0.25667717319,0.557930923648,0.58697828942,1.04918486197,-0.246934709717,31.507122,22.234349,13.829213,-1.826187,0.685806,-2.849727
3,1789436864.792888641,0.534180914843,-0.25667717319,0.557930923648,0.58697828942,1.04918486197,-0.246934709717,31.444707,22.231737,13.773441,-1.827749,0.681873,-2.844073
3,1789436864.798193455,0.534180914843,-0.25667717319,0.557930923648,0.58697828942,1.04918486197,-0.246934709717,31.426858,22.165231,13.930137,-1.822451,0.679645,-2.851092
3,1789436864.803075790,0.534180914843,-0.25667717319,0.557930923648,0.58697828942,1.04918486197,-0.246934709717,31.467605,22.205865,13.852249,-1.824821,0.686368,-2.846669
3,1789436864.807893038,0.534180914843,-0.25667717319,0.557930923648,0.58697828942,1.04918486197,-0.246934709717,31.51964,22.214373,13.574756,-1.829909,0.681887,-2.846061
3,1789436864.813052177,0.534180914843,-0.25667717319,0.557930923648,0.58697828942,1.04918486197,-0.246934709717,31.514396,22.194662,13.768217,-1.824525,0.687534,-2.846644
3,1789436864.818074465,0.534180914843,-0.25667717319,0.557930923648,0.58697828942,1.04918486197,-0.246934709717,31.440428,22.201906,13.833691,-1.826493,0.681995,-2.841024
3,1789436864.823037863,0.534180914843,-0.25667717319,0.557930923648,0.58697828942,1.04918486197,-0.246934709717,31.436885,22.219855,13.742386,-1.824131,0.683877,-2.839819
3,1789436864.828209639,0.534180914843,-0.25667717319,0.557930923648,0.58697828942,1.04918486197,-0.246934709717,31.462644,22.247957,13.794595,-1.824496,0.684208,-2.848345
3,1789436864.833115339,0.534180914843,-0.25667717319,0.557930923648,0.58697828942,1.04918486197,-0.246934709717,31.46947,22.216289,13.963918,-1.826846,0.683949,-2.853023
3,1789436864.837972164,0.534180914843,-0.25667717319,0.557930923648,0.58697828942,1.04918486197,-0.246934709717,31.458568,22.223521,13.80979,-1.824082,0.685238,-2.844256
3,1789436864.842970610,0.534180914843,-0.25667717319,0.557930923648,0.58697828942,1.04918486197,-0.246934709717,31.461488,22.207087,13.714992,-1.825762,0.681541,-2.845715
3,1789436864.848104954,0.534180914843,-0.25667717319,0.557930923648,0.58697828942,1.04918486197,-0.246934709717,31.46747,22.20054,13.778298,-1.824946,0.684544,-2.846536
3,1789436864.853072166,0.534180914843,-0.25667717319,0.557930923648,0.58697828942,1.04918486197,-0.246934709717,31.465706,22.220534,13.783652,-1.826108,0.683979,-2.843189
3,1789436864.858101606,0.534180914843,-0.25667717319,0.557930923648,0.58697828942,1.04918486197,-0.246934709717,31.47838,22.225969,13.898509,-1.829221,0.684481,-2.853162
3,1789436864.863043547,0.534180914843,-0.25667717319,0.557930923648,0.58697828942,1.04918486197,-0.246934709717,31.500925,22.199824,13.833262,-1.823103,0.68377,-2.847175
3,1789436864.868180275,0.534180914843,-0.25667717319,0.557930923648,0.58697828942,1.04918486197,-0.246934709717,31.47084,22.198491,13.641571,-1.828881,0.685187,-2.838471
3,1789436864.873006105,0.534180914843,-0.25667717319,0.557930923648,0.58697828942,1.04918486197,-0.246934709717,31.478672,22.200283,13.755708,-1.827248,0.68262,-2.843231
3,1789436864.877973795,0.534180914843,-0.25667717319,0.557930923648,0.58697828942,1.04918486197,-0.246934709717,31.473242,22.232892,13.909842,-1.82583,0.683826,-2.851999
3,1789436864.883030415,0.534180914843,-0.25667717319,0.557930923648,0.58697828942,1.04918486197,-0.246934709717,31.450211,22.242368,13.74454,-1.82687,0.681731,-2.844803
3,1789436864.887910843,0.534180914843,-0.25667717319,0.557930923648,0.58697828942,1.04918486197,-0.246934709717,31.443528,22.207702,13.780051,-1.825376,0.685074,-2.845381
3,1789436864.893220186,0.534180914843,-0.25667717319,0.557930923648,0.58697828942,1.04918486197,-0.246934709717,31.506409,22.207577,14.009628,-1.822922,0.6866,-2.853231
3,1789436864.898250341,0.534180914843,-0.25667717319,0.557930923648,0.58697828942,1.04918486197,-0.246934709717,31.512359,22.234998,13.761013,-1.82877,0.686045,-2.845594
3,1789436864.903093576,0.534180914843,-0.25667717319,0.557930923648,0.58697828942,1.04918486197,-0.246934709717,31.466351,22.242394,13.781753,-1.825608,0.683931,-2.844559
3,1789436864.907974005,0.534180914843,-0.25667717319,0.557930923648,0.58697828942,1.04918486197,-0.246934709717,31.477165,22.232161,13.807389,-1.828766,0.684274,-2.845897
3,1789436864.913130045,0.534180914843,-0.25667717319,0.557930923648,0.58697828942,1.04918486197,-0.246934709717,31.451002,22.23423,13.83962,-1.828985,0.682494,-2.849383
3,1789436864.918192148,0.534180914843,-0.25667717319,0.557930923648,0.58697828942,1.04918486197,-0.246934709717,31.47556,22.228649,13.801953,-1.824646,0.682665,-2.849674
3,1789436864.923032999,0.534180914843,-0.25667717319,0.557930923648,0.58697828942,1.04918486197,-0.246934709717,31.477611,22.226565,13.812974,-1.827277,0.684098,-2.848339
3,1789436864.928068638,0.534180914843,-0.25667717319,0.557930923648,0.58697828942,1.04918486197,-0.246934709717,31.470948,22.209764,13.865001,-1.824737,0.684833,-2.850687
3,1789436864.933152676,0.534180914843,-0.25667717319,0.557930923648,0.58697828942,1.04918486197,-0.246934709717,31.494709,22.193565,13.713398,-1.823222,0.685772,-2.846219
3,1789436864.938005924,0.534180914843,-0.25667717319,0.557930923648,0.58697828942,1.04918486197,-0.246934709717,31.478558,22.23432,13.780802,-1.830665,0.682034,-2.845268
3,1789436864.943072557,0.534180914843,-0.25667717319,0.557930923648,0.58697828942,1.04918486197,-0.246934709717,31.460647,22.254057,13.971215,-1.827914,0.682952,-2.848557
3,1789436864.948506832,0.534180914843,-0.25667717319,0.557930923648,0.58697828942,1.04918486197,-0.246934709717,31.458617,22.227366,13.794653,-1.82626,0.681029,-2.848532
3,1789436864.953394175,0.534180914843,-0.25667717319,0.557930923648,0.58697828942,1.04918486197,-0.246934709717,31.483319,22.214111,13.800103,-1.825302,0.686392,-2.850371
3,1789436864.958375692,0.534180914843,-0.25667717319,0.557930923648,0.58697828942,1.04918486197,-0.246934709717,31.457217,22.178039,13.912686,-1.823831,0.68206,-2.850089
3,1789436864.963392735,0.534180914843,-0.25667717319,0.557930923648,0.58697828942,1.04918486197,-0.246934709717,31.475077,22.218714,13.832956,-1.825839,0.684341,-2.847393
3,1789436864.968477726,0.534180914843,-0.25667717319,0.557930923648,0.58697828942,1.04918486197,-0.246934709717,31.484997,22.214587,13.624876,-1.827264,0.678966,-2.8441
3,1789436864.973498344,0.534180914843,-0.25667717319,0.557930923648,0.58697828942,1.04918486197,-0.246934709717,31.513112,22.207277,13.7756,-1.827461,0.686824,-2.848005
3,1789436864.978451252,0.534180914843,-0.25667717319,0.557930923648,0.58697828942,1.04918486197,-0.246934709717,31.480279,22.196014,13.797677,-1.82638,0.681681,-2.846296
3,1789436864.983583212,0.534180914843,-0.25667717319,0.557930923648,0.58697828942,1.04918486197,-0.246934709717,31.46291,22.202905,13.753703,-1.822616,0.687386,-2.8441
3,1789436864.988848925,0.534180914843,-0.25667717319,0.557930923648,0.58697828942,1.04918486197,-0.246934709717,31.434526,22.242332,13.751768,-1.827485,0.680259,-2.846328
3,1789436864.993187904,0.534180914843,-0.25667717319,0.557930923648,0.58697828942,1.04918486197,-0.246934709717,31.461464,22.238874,13.982788,-1.825016,0.685923,-2.852781
3,1789436864.998359203,0.534180914843,-0.25667717319,0.557930923648,0.58697828942,1.04918486197,-0.246934709717,31.418811,22.199787,13.738246,-1.826818,0.679383,-2.842899
3,1789436865.003530025,0.534180914843,-0.25667717319,0.557930923648,0.58697828942,1.04918486197,-0.246934709717,31.548396,22.164805,13.756528,-1.822681,0.687955,-2.854079
3,1789436865.008260250,0.534180914843,-0.25667717319,0.557930923648,0.58697828942,1.04918486197,-0.246934709717,31.469333,22.203069,13.897659,-1.825868,0.683207,-2.847714
3,1789436865.013278961,0.534180914843,-0.25667717319,0.557930923648,0.58697828942,1.04918486197,-0.246934709717,31.463595,22.225463,13.814961,-1.826304,0.684961,-2.846963
3,1789436865.018375397,0.534180914843,-0.25667717319,0.557930923648,0.58697828942,1.04918486197,-0.246934709717,31.461574,22.242097,13.671726,-1.827205,0.686814,-2.843164
3,1789436865.023324490,0.534180914843,-0.25667717319,0.557930923648,0.58697828942,1.04918486197,-0.246934709717,31.444307,22.200788,13.744617,-1.822002,0.680814,-2.84471
3,1789436865.028367281,0.534180914843,-0.25667717319,0.557930923648,0.58697828942,1.04918486197,-0.246934709717,31.474846,22.181679,13.912747,-1.823769,0.687175,-2.84948
3,1789436865.033442497,0.534180914843,-0.25667717319,0.557930923648,0.58697828942,1.04918486197,-0.246934709717,31.480506,22.175514,13.690857,-1.824255,0.682101,-2.849106
3,1789436865.038416386,0.534180914843,-0.25667717319,0.557930923648,0.58697828942,1.04918486197,-0.246934709717,31.471903,22.207694,13.823355,-1.828017,0.685181,-2.847406
3,1789436865.043232918,0.534180914843,-0.25667717319,0.557930923648,0.58697828942,1.04918486197,-0.246934709717,31.45422,22.190855,13.912987,-1.826442,0.680459,-2.850105
3,1789436865.048438311,0.534180914843,-0.25667717319,0.557930923648,0.58697828942,1.04918486197,-0.246934709717,31.472907,22.209659,13.817638,-1.820548,0.687503,-2.844919
3,1789436865.053309917,0.534180914843,-0.25667717319,0.557930923648,0.58697828942,1.04918486197,-0.246934709717,31.47689,22.218531,13.686947,-1.828753,0.683393,-2.845601
3,1789436865.058196068,0.534180914843,-0.25667717319,0.557930923648,0.58697828942,1.04918486197,-0.246934709717,31.52396,22.23306,13.843612,-1.823019,0.690175,-2.845929
3,1789436865.063161850,0.534180914843,-0.25667717319,0.557930923648,0.58697828942,1.04918486197,-0.246934709717,31.439475,22.182377,13.703392,-1.825646,0.680219,-2.841173
3,1789436865.068372011,0.534180914843,-0.25667717319,0.557930923648,0.58697828942,1.04918486197,-0.246934709717,31.517116,22.231511,13.970446,-1.82594,0.687626,-2.854479
3,1789436865.073161125,0.534180914843,-0.25667717319,0.557930923648,0.58697828942,1.04918486197,-0.246934709717,31.443396,22.261389,13.824094,-1.829007,0.679662,-2.847837
3,1789436865.078240156,0.534180914843,-0.25667717319,0.557930923648,0.58697828942,1.04918486197,-0.246934709717,31.507008,22.226859,13.651323,-1.82538,0.686025,-2.850418
3,1789436865.083349466,0.534180914843,-0.25667717319,0.557930923648,0.58697828942,1.04918486197,-0.246934709717,31.440835,22.209756,13.720604,-1.825987,0.681434,-2.842086
3,1789436865.088205814,0.534180914843,-0.25667717319,0.557930923648,0.58697828942,1.04918486197,-0.246934709717,31.478851,22.186218,13.85316,-1.825289,0.68434,-2.852262
3,1789436865.093297482,0.534180914843,-0.25667717319,0.557930923648,0.58697828942,1.04918486197,-0.246934709717,31.515143,22.23005,13.744045,-1.826954,0.686346,-2.844488
3,1789436865.099079370,0.534180914843,-0.25667717319,0.557930923648,0.58697828942,1.04918486197,-0.246934709717,31.508165,22.235706,13.742607,-1.83037,0.682649,-2.845829
3,1789436865.103212833,0.534180914843,-0.25667717319,0.557930923648,0.58697828942,1.04918486197,-0.246934709717,31.48961,22.205103,13.996005,-1.82618,0.685142,-2.850091
3,1789436865.108268261,0.534180914843,-0.25667717319,0.557930923648,0.58697828942,1.04918486197,-0.246934709717,31.474733,22.22721,13.778056,-1.825972,0.682678,-2.847024
3,1789436865.113370419,0.534180914843,-0.25667717319,0.557930923648,0.58697828942,1.04918486197,-0.246934709717,31.46433,22.211607,13.761945,-1.823722,0.680386,-2.851691
3,1789436865.118280172,0.534180914843,-0.25667717319,0.557930923648,0.58697828942,1.04918486197,-0.246934709717,31.46675,22.218617,13.808047,-1.825173,0.686729,-2.84518
3,1789436865.123089552,0.534180914843,-0.25667717319,0.557930923648,0.58697828942,1.04918486197,-0.246934709717,31.44127,22.209272,13.793652,-1.825983,0.682567,-2.848936
3,1789436865.128087759,0.534180914843,-0.25667717319,0.557930923648,0.58697828942,1.04918486197,-0.246934709717,31.489118,22.203143,13.785683,-1.822338,0.687723,-2.847466
3,1789436865.133359194,0.534180914843,-0.25667717319,0.557930923648,0.58697828942,1.04918486197,-0.246934709717,31.458299,22.196459,13.801905,-1.824707,0.683817,-2.843337
3,1789436865.138251066,0.534180914843,-0.25667717319,0.557930923648,0.58697828942,1.04918486197,-0.246934709717,31.477482,22.253269,13.890316,-1.828608,0.684777,-2.846477
3,1789436865.143170834,0.534180914843,-0.25667717319,0.557930923648,0.58697828942,1.04918486197,-0.246934709717,31.479758,22.235763,13.733389,-1.826108,0.683466,-2.845767
3,1789436865.148285627,0.534180914843,-0.25667717319,0.557930923648,0.58697828942,1.04918486197,-0.246934709717,31.454292,22.223952,13.756926,-1.827293,0.681329,-2.848807
3,1789436865.153407812,0.534180914843,-0.25667717319,0.557930923648,0.58697828942,1.04918486197,-0.246934709717,31.456739,22.196288,13.966144,-1.82211,0.685351,-2.851383
3,1789436865.158159971,0.534180914843,-0.25667717319,0.557930923648,0.58697828942,1.04918486197,-0.246934709717,31.461725,22.205685,13.777848,-1.824818,0.683563,-2.846974
3,1789436865.163407087,0.534180914843,-0.25667717319,0.557930923648,0.58697828942,1.04918486197,-0.246934709717,31.45617,22.196495,13.747878,-1.824045,0.683162,-2.848334
3,1789436865.168358564,0.534180914843,-0.25667717319,0.557930923648,0.58697828942,1.04918486197,-0.246934709717,31.490927,22.205211,13.927536,-1.825525,0.685865,-2.852209
3,1789436865.173198700,0.534180914843,-0.25667717319,0.557930923648,0.58697828942,1.04918486197,-0.246934709717,31.491055,22.201902,13.820174,-1.827568,0.681043,-2.843829
3,1789436865.178127050,0.534180914843,-0.25667717319,0.557930923648,0.58697828942,1.04918486197,-0.246934709717,31.485108,22.197535,13.698481,-1.827,0.681935,-2.844213
3,1789436865.183359146,0.534180914843,-0.25667717319,0.557930923648,0.58697828942,1.04918486197,-0.246934709717,31.474032,22.206623,13.771918,-1.827095,0.68125,-2.844991
3,1789436865.188100576,0.534180914843,-0.25667717319,0.557930923648,0.58697828942,1.04918486197,-0.246934709717,31.428536,22.231261,13.864488,-1.828051,0.680956,-2.845477
3,1789436865.193259478,0.534180914843,-0.25667717319,0.557930923648,0.58697828942,1.04918486197,-0.246934709717,31.468694,22.199191,13.721517,-1.820465,0.682299,-2.847475
3,1789436865.198456049,0.534180914843,-0.25667717319,0.557930923648,0.58697828942,1.04918486197,-0.246934709717,31.440752,22.201085,13.788012,-1.827156,0.682361,-2.840423
3,1789436865.203357935,0.534180914843,-0.25667717319,0.557930923648,0.58697828942,1.04918486197,-0.246934709717,31.471849,22.188212,13.92067,-1.825554,0.685403,-2.850593
3,1789436865.208083868,0.534180914843,-0.25667717319,0.557930923648,0.58697828942,1.04918486197,-0.246934709717,31.508582,22.220529,13.821622,-1.823275,0.687621,-2.848372
3,1789436865.213152409,0.534180914843,-0.25667717319,0.557930923648,0.58697828942,1.04918486197,-0.246934709717,31.445589,22.238151,13.757553,-1.829867,0.681656,-2.842323
3,1789436865.218410015,0.534180914843,-0.25667717319,0.557930923648,0.58697828942,1.04918486197,-0.246934709717,31.460021,22.206169,14.002385,-1.82448,0.683428,-2.852249
3,1789436865.223234653,0.534180914843,-0.25667717319,0.557930923648,0.58697828942,1.04918486197,-0.246934709717,31.446434,22.243077,13.855098,-1.828128,0.685131,-2.845112
3,1789436865.228311062,0.534180914843,-0.25667717319,0.557930923648,0.58697828942,1.04918486197,-0.246934709717,31.475048,22.202449,13.622211,-1.822654,0.681271,-2.851675
3,1789436865.233920574,0.534180914843,-0.25667717319,0.557930923648,0.58697828942,1.04918486197,-0.246934709717,31.52146,22.22677,13.829439,-1.823479,0.688242,-2.849293
3,1789436865.238187790,0.534180914843,-0.25667717319,0.557930923648,0.58697828942,1.04918486197,-0.246934709717,31.42796,22.212315,13.810957,-1.828816,0.678239,-2.844177
3,1789436865.243073463,0.534180914843,-0.25667717319,0.557930923648,0.58697828942,1.04918486197,-0.246934709717,31.508493,22.228634,13.745874,-1.822441,0.686881,-2.849377
3,1789436865.248520136,0.534180914843,-0.25667717319,0.557930923648,0.58697828942,1.04918486197,-0.246934709717,31.507878,22.234742,13.785853,-1.828446,0.6845,-2.847781
3,1789436865.253238678,0.534180914843,-0.25667717319,0.557930923648,0.58697828942,1.04918486197,-0.246934709717,31.4761,22.232969,13.997934,-1.825516,0.68539,-2.848971
3,1789436865.258225203,0.534180914843,-0.25667717319,0.557930923648,0.58697828942,1.04918486197,-0.246934709717,31.44156,22.214613,13.826395,-1.823601,0.68528,-2.845533
3,1789436865.263253212,0.534180914843,-0.25667717319,0.557930923648,0.58697828942,1.04918486197,-0.246934709717,31.443923,22.21702,13.817382,-1.825818,0.683205,-2.845556
3,1789436865.268400669,0.534180914843,-0.25667717319,0.557930923648,0.58697828942,1.04918486197,-0.246934709717,31.464598,22.233385,13.842715,-1.827096,0.684373,-2.847159
3,1789436865.273163319,0.534180914843,-0.25667717319,0.557930923648,0.58697828942,1.04918486197,-0.246934709717,31.460542,22.258937,13.730385,-1.828113,0.683886,-2.847794
3,1789436865.278154135,0.534180914843,-0.25667717319,0.557930923648,0.58697828942,1.04918486197,-0.246934709717,31.454206,22.216143,13.728144,-1.821648,0.684642,-2.849046
3,1789436865.283435106,0.534180914843,-0.25667717319,0.557930923648,0.58697828942,1.04918486197,-0.246934709717,31.49156,22.204459,13.838518,-1.822957,0.687675,-2.849417
3,1789436865.288302660,0.534180914843,-0.25667717319,0.557930923648,0.58697828942,1.04918486197,-0.246934709717,31.495564,22.19338,13.742356,-1.824521,0.685751,-2.845515
3,1789436865.293318987,0.534180914843,-0.25667717319,0.557930923648,0.58697828942,1.04918486197,-0.246934709717,31.485062,22.203026,13.757814,-1.823954,0.685063,-2.847718
3,1789436865.298344135,0.534180914843,-0.25667717319,0.557930923648,0.58697828942,1.04918486197,-0.246934709717,31.470508,22.241776,13.872199,-1.828194,0.68573,-2.852083
3,1789436865.303339005,0.534180914843,-0.25667717319,0.557930923648,0.58697828942,1.04918486197,-0.246934709717,31.45002,22.257201,13.679887,-1.826855,0.680792,-2.844682
3,1789436865.308180332,0.534180914843,-0.25667717319,0.557930923648,0.58697828942,1.04918486197,-0.246934709717,31.465619,22.226407,13.832608,-1.827578,0.684553,-2.84762
3,1789436865.313272715,0.534180914843,-0.25667717319,0.557930923648,0.58697828942,1.04918486197,-0.246934709717,31.441508,22.188484,13.933348,-1.826464,0.682587,-2.848716
3,1789436865.318280935,0.534180914843,-0.25667717319,0.557930923648,0.58697828942,1.04918486197,-0.246934709717,31.458671,22.152481,13.782824,-1.820218,0.681884,-2.849778
3,1789436865.323060274,0.534180914843,-0.25667717319,0.557930923648,0.58697828942,1.04918486197,-0.246934709717,31.490287,22.194609,13.772391,-1.826093,0.687523,-2.843913
3,1789436865.328070641,0.534180914843,-0.25667717319,0.557930923648,0.58697828942,1.04918486197,-0.246934709717,31.495482,22.23947,13.852496,-1.828631,0.686789,-2.84656
3,1789436865.333280563,0.534180914843,-0.25667717319,0.557930923648,0.58697828942,1.04918486197,-0.246934709717,31.480748,22.237965,13.813321,-1.825092,0.682891,-2.848337
3,1789436865.338070869,0.534180914843,-0.25667717319,0.557930923648,0.58697828942,1.04918486197,-0.246934709717,31.47216,22.204291,13.700252,-1.826819,0.682212,-2.843074
3,1789436865.343046188,0.534180914843,-0.25667717319,0.557930923648,0.58697828942,1.04918486197,-0.246934709717,31.483499,22.190509,13.774479,-1.826518,0.681601,-2.843192
3,1789436865.348366022,0.534180914843,-0.25667717319,0.557930923648,0.58697828942,1.04918486197,-0.246934709717,31.492272,22.208275,13.897174,-1.825151,0.683776,-2.847986
3,1789436865.353217125,0.534180914843,-0.25667717319,0.557930923648,0.58697828942,1.04918486197,-0.246934709717,31.46813,22.243705,13.720594,-1.829452,0.681722,-2.84825
3,1789436865.358224154,0.534180914843,-0.25667717319,0.557930923648,0.58697828942,1.04918486197,-0.246934709717,31.468088,22.231712,13.775402,-1.823914,0.682825,-2.848802
3,1789436865.363249779,0.534180914843,-0.25667717319,0.557930923648,0.58697828942,1.04918486197,-0.246934709717,31.441496,22.193888,13.919518,-1.823756,0.685126,-2.845376
3,1789436865.368291855,0.534180914843,-0.25667717319,0.557930923648,0.58697828942,1.04918486197,-0.246934709717,31.51202,22.210135,13.787631,-1.822883,0.686075,-2.846387
3,1789436865.373065472,0.534180914843,-0.25667717319,0.557930923648,0.58697828942,1.04918486197,-0.246934709717,31.47694,22.21117,13.751425,-1.823426,0.68651,-2.845708
3,1789436865.378080606,0.534180914843,-0.25667717319,0.557930923648,0.58697828942,1.04918486197,-0.246934709717,31.442279,22.197479,13.941585,-1.826587,0.681268,-2.849606
3,1789436865.383285046,0.534180914843,-0.25667717319,0.557930923648,0.58697828942,1.04918486197,-0.246934709717,31.435923,22.209191,13.848987,-1.825996,0.680069,-2.843454
3,1789436865.388245344,0.534180914843,-0.25667717319,0.557930923648,0.58697828942,1.04918486197,-0.246934709717,31.495081,22.192038,13.629675,-1.823594,0.680803,-2.846763
3,1789436865.393152237,0.534180914843,-0.25667717319,0.557930923648,0.58697828942,1.04918486197,-0.246934709717,31.507804,22.208927,13.745944,-1.827099,0.683083,-2.849586
3,1789436865.398305178,0.534180914843,-0.25667717319,0.557930923648,0.58697828942,1.04918486197,-0.246934709717,31.517796,22.200134,13.852582,-1.823115,0.685626,-2.852569
3,1789436865.403204203,0.534180914843,-0.25667717319,0.557930923648,0.58697828942,1.04918486197,-0.246934709717,31.469202,22.24186,13.680443,-1.828218,0.683844,-2.837777
3,1789436865.408109426,0.534180914843,-0.25667717319,0.557930923648,0.58697828942,1.04918486197,-0.246934709717,31.494084,22.203577,13.768458,-1.822355,0.683553,-2.84703
3,1789436865.413205862,0.534180914843,-0.25667717319,0.557930923648,0.58697828942,1.04918486197,-0.246934709717,31.479298,22.239557,13.988099,-1.827951,0.686056,-2.849241
3,1789436865.418348551,0.534180914843,-0.25667717319,0.557930923648,0.58697828942,1.04918486197,-0.246934709717,31.456611,22.219209,13.743211,-1.82677,0.680526,-2.84568
3,1789436865.423213243,0.534180914843,-0.25667717319,0.557930923648,0.58697828942,1.04918486197,-0.246934709717,31.494232,22.220943,13.82281,-1.821623,0.687384,-2.84766
3,1789436865.428212404,0.534180914843,-0.25667717319,0.557930923648,0.58697828942,1.04918486197,-0.246934709717,31.428561,22.190842,13.447688,-1.823489,0.68008,-2.838152
3,1789436865.433349609,0.534180914843,-0.25667717319,0.557930923648,0.58697828942,1.04918486197,-0.246934709717,31.476112,22.211209,13.818493,-1.824063,0.686187,-2.850544
3,1789436865.438134193,0.534180914843,-0.25667717319,0.557930923648,0.58697828942,1.04918486197,-0.246934709717,31.505168,22.200541,13.599503,-1.825682,0.682934,-2.841928
3,1789436865.443086147,0.534180914843,-0.25667717319,0.557930923648,0.58697828942,1.04918486197,-0.246934709717,31.51857,22.215602,13.682487,-1.826642,0.688124,-2.841884
3,1789436865.448460340,0.534180914843,-0.25667717319,0.557930923648,0.58697828942,1.04918486197,-0.246934709717,31.463351,22.215935,13.866932,-1.824268,0.682224,-2.849764
3,1789436865.453365326,0.534180914843,-0.25667717319,0.557930923648,0.58697828942,1.04918486197,-0.246934709717,31.472012,22.218449,13.728394,-1.821957,0.684783,-2.84886
3,1789436865.458168030,0.534180914843,-0.25667717319,0.557930923648,0.58697828942,1.04918486197,-0.246934709717,31.439803,22.223251,13.809862,-1.828259,0.680713,-2.844671
3,1789436865.463398933,0.534180914843,-0.25667717319,0.557930923648,0.58697828942,1.04918486197,-0.246934709717,31.481916,22.229005,13.973482,-1.827549,0.684563,-2.852831
3,1789436865.468359470,0.534180914843,-0.25667717319,0.557930923648,0.58697828942,1.04918486197,-0.246934709717,31.469401,22.198793,13.743988,-1.823376,0.681764,-2.851045
3,1789436865.473198175,0.534180914843,-0.25667717319,0.557930923648,0.58697828942,1.04918486197,-0.246934709717,31.519028,22.217205,13.726859,-1.826272,0.6876,-2.849439
3,1789436865.478244543,0.534180914843,-0.25667717319,0.557930923648,0.58697828942,1.04918486197,-0.246934709717,31.468547,22.229897,13.771095,-1.826867,0.682994,-2.845464
3,1789436865.483616114,0.534180914843,-0.25667717319,0.557930923648,0.58697828942,1.04918486197,-0.246934709717,31.504308,22.184718,13.7465,-1.82441,0.685403,-2.848875
3,1789436865.488252401,0.534180914843,-0.25667717319,0.557930923648,0.58697828942,1.04918486197,-0.246934709717,31.485899,22.195546,13.878098,-1.82445,0.685972,-2.847995
3,1789436865.493245602,0.534180914843,-0.25667717319,0.557930923648,0.58697828942,1.04918486197,-0.246934709717,31.450082,22.206293,13.817301,-1.826076,0.683084,-2.845556
3,1789436865.498548985,0.534180914843,-0.25667717319,0.557930923648,0.58697828942,1.04918486197,-0.246934709717,31.43792,22.237656,13.645478,-1.827908,0.685152,-2.842251
3,1789436865.503379345,0.534180914843,-0.25667717319,0.557930923648,0.58697828942,1.04918486197,-0.246934709717,31.4702,22.225051,13.774623,-1.825361,0.682798,-2.849256
3,1789436865.508191347,0.534180914843,-0.25667717319,0.557930923648,0.58697828942,1.04918486197,-0.246934709717,31.457559,22.216872,13.883635,-1.828116,0.682707,-2.844825
3,1789436865.513181686,0.534180914843,-0.25667717319,0.557930923648,0.58697828942,1.04918486197,-0.246934709717,31.471055,22.189124,13.687149,-1.823924,0.68411,-2.845307
3,1789436865.518358231,0.534180914843,-0.25667717319,0.557930923648,0.58697828942,1.04918486197,-0.246934709717,31.479986,22.179967,13.749251,-1.82512,0.68375,-2.847247
3,1789436865.523112297,0.534180914843,-0.25667717319,0.557930923648,0.58697828942,1.04918486197,-0.246934709717,31.475835,22.176156,13.948413,-1.823899,0.686429,-2.850542
3,1789436865.528395414,0.534180914843,-0.25667717319,0.557930923648,0.58697828942,1.04918486197,-0.246934709717,31.476748,22.230212,13.813595,-1.821379,0.689202,-2.841383
3,1789436865.533569813,0.534180914843,-0.25667717319,0.557930923648,0.58697828942,1.04918486197,-0.246934709717,31.433192,22.207375,13.705023,-1.826034,0.67976,-2.84029
3,1789436865.538171291,0.534180914843,-0.25667717319,0.557930923648,0.58697828942,1.04918486197,-0.246934709717,31.490413,22.202015,13.931427,-1.822369,0.68405,-2.85598
3,1789436865.543182373,0.534180914843,-0.25667717319,0.557930923648,0.58697828942,1.04918486197,-0.246934709717,31.4189,22.213913,13.800731,-1.825524,0.680276,-2.844615
3,1789436865.548415661,0.534180914843,-0.25667717319,0.557930923648,0.58697828942,1.04918486197,-0.246934709717,31.486578,22.216412,13.697174,-1.822358,0.686827,-2.844684
3,1789436865.553384304,0.534180914843,-0.25667717319,0.557930923648,0.58697828942,1.04918486197,-0.246934709717,31.455422,22.217567,13.744052,-1.826157,0.681655,-2.845005
3,1789436865.558228731,0.534180914843,-0.25667717319,0.557930923648,0.58697828942,1.04918486197,-0.246934709717,31.439094,22.197147,13.845268,-1.822058,0.682082,-2.851731
3,1789436865.563467503,0.534180914843,-0.25667717319,0.557930923648,0.58697828942,1.04918486197,-0.246934709717,31.492494,22.211798,13.665763,-1.825391,0.68577,-2.840938
3,1789436865.568335295,0.534180914843,-0.25667717319,0.557930923648,0.58697828942,1.04918486197,-0.246934709717,31.478031,22.238061,13.782153,-1.825722,0.686985,-2.84392
3,1789436865.573116302,0.534180914843,-0.25667717319,0.557930923648,0.58697828942,1.04918486197,-0.246934709717,31.462685,22.215297,13.938148,-1.827187,0.681338,-2.851914
3,1789436865.578171492,0.534180914843,-0.25667717319,0.557930923648,0.58697828942,1.04918486197,-0.246934709717,31.461447,22.207369,13.836974,-1.821545,0.68394,-2.850906
3,1789436865.583405495,0.534180914843,-0.25667717319,0.557930923648,0.58697828942,1.04918486197,-0.246934709717,31.408587,22.188726,13.769402,-1.824797,0.67906,-2.840792
3,1789436865.588253975,0.534180914843,-0.25667717319,0.557930923648,0.58697828942,1.04918486197,-0.246934709717,31.497797,22.210458,13.771955,-1.822514,0.685506,-2.850637
3,1789436865.593326569,0.534180914843,-0.25667717319,0.557930923648,0.58697828942,1.04918486197,-0.246934709717,31.495343,22.221943,13.79065,-1.825475,0.685184,-2.850635
3,1789436865.598406076,0.534180914843,-0.25667717319,0.557930923648,0.58697828942,1.04918486197,-0.246934709717,31.47426,22.198227,13.784229,-1.824042,0.684218,-2.848771
3,1789436865.603262424,0.534180914843,-0.25667717319,0.557930923648,0.58697828942,1.04918486197,-0.246934709717,31.475445,22.203137,13.764149,-1.823935,0.686361,-2.843439
3,1789436865.608100891,0.534180914843,-0.25667717319,0.557930923648,0.58697828942,1.04918486197,-0.246934709717,31.422011,22.233891,13.895875,-1.829273,0.681089,-2.84319
3,1789436865.613187551,0.534180914843,-0.25667717319,0.557930923648,0.58697828942,1.04918486197,-0.246934709717,31.472933,22.266642,13.739534,-1.828613,0.682854,-2.848034
3,1789436865.618264675,0.534180914843,-0.25667717319,0.557930923648,0.58697828942,1.04918486197,-0.246934709717,31.488851,22.230843,13.82053,-1.825903,0.686412,-2.849254
3,1789436865.623166800,0.534180914843,-0.25667717319,0.557930923648,0.58697828942,1.04918486197,-0.246934709717,31.445137,22.179204,13.958369,-1.823134,0.681963,-2.850669
3,1789436865.628261805,0.534180914843,-0.25667717319,0.557930923648,0.58697828942,1.04918486197,-0.246934709717,31.463591,22.206942,13.794487,-1.825439,0.683159,-2.848301
3,1789436865.633263826,0.534180914843,-0.25667717319,0.557930923648,0.58697828942,1.04918486197,-0.246934709717,31.494438,22.215346,13.752727,-1.824332,0.68485,-2.85112
3,1789436865.638136148,0.534180914843,-0.25667717319,0.557930923648,0.58697828942,1.04918486197,-0.246934709717,31.495765,22.245179,13.880976,-1.829144,0.687875,-2.846086
3,1789436865.643126965,0.534180914843,-0.25667717319,0.557930923648,0.58697828942,1.04918486197,-0.246934709717,31.478738,22.195376,13.787247,-1.82445,0.682452,-2.846972
3,1789436865.648489952,0.534180914843,-0.25667717319,0.557930923648,0.58697828942,1.04918486197,-0.246934709717,31.48778,22.225216,13.696043,-1.822807,0.685685,-2.845591
3,1789436865.653227091,0.534180914843,-0.25667717319,0.557930923648,0.58697828942,1.04918486197,-0.246934709717,31.434906,22.247927,13.718192,-1.82962,0.680422,-2.843932
3,1789436865.658147573,0.534180914843,-0.25667717319,0.557930923648,0.58697828942,1.04918486197,-0.246934709717,31.471636,22.212028,13.89836,-1.823394,0.684084,-2.85332
3,1789436865.663469076,0.534180914843,-0.25667717319,0.557930923648,0.58697828942,1.04918486197,-0.246934709717,31.455192,22.221576,13.748636,-1.823153,0.685488,-2.841642
3,1789436865.668293953,0.534180914843,-0.25667717319,0.557930923648,0.58697828942,1.04918486197,-0.246934709717,31.443087,22.195986,13.717984,-1.826623,0.681973,-2.843655
3,1789436865.673125029,0.534180914843,-0.25667717319,0.557930923648,0.58697828942,1.04918486197,-0.246934709717,31.530434,22.232316,13.992467,-1.824019,0.688031,-2.852222
3,1789436865.678198338,0.534180914843,-0.25667717319,0.557930923648,0.58697828942,1.04918486197,-0.246934709717,31.468519,22.210696,13.790985,-1.827638,0.680999,-2.844736
3,1789436865.683308125,0.534180914843,-0.25667717319,0.557930923648,0.58697828942,1.04918486197,-0.246934709717,31.469659,22.207088,13.793593,-1.824805,0.685929,-2.842497
3,1789436865.688200235,0.534180914843,-0.25667717319,0.557930923648,0.58697828942,1.04918486197,-0.246934709717,31.446224,22.244795,13.755017,-1.829064,0.682742,-2.843905
3,1789436865.693411350,0.534180914843,-0.25667717319,0.557930923648,0.58697828942,1.04918486197,-0.246934709717,31.462235,22.226599,13.776863,-1.824661,0.68407,-2.847673
3,1789436865.698333502,0.534180914843,-0.25667717319,0.557930923648,0.58697828942,1.04918486197,-0.246934709717,31.421929,22.162847,13.905126,-1.824762,0.678105,-2.849329
3,1789436865.703218937,0.534180914843,-0.25667717319,0.557930923648,0.58697828942,1.04918486197,-0.246934709717,31.504216,22.217361,13.865676,-1.823333,0.688469,-2.849871
3,1789436865.708159208,0.534180914843,-0.25667717319,0.557930923648,0.58697828942,1.04918486197,-0.246934709717,31.46486,22.226942,13.607218,-1.83048,0.681442,-2.843238
3,1789436865.713144302,0.534180914843,-0.25667717319,0.557930923648,0.58697828942,1.04918486197,-0.246934709717,31.502457,22.245384,13.772303,-1.826566,0.685905,-2.850487
3,1789436865.718270302,0.534180914843,-0.25667717319,0.557930923648,0.58697828942,1.04918486197,-0.246934709717,31.423151,22.175565,13.804191,-1.826097,0.678578,-2.842329
3,1789436865.723082304,0.534180914843,-0.25667717319,0.557930923648,0.58697828942,1.04918486197,-0.246934709717,31.504399,22.178515,13.740885,-1.821327,0.686121,-2.846396
3,1789436865.728049040,0.534180914843,-0.25667717319,0.557930923648,0.58697828942,1.04918486197,-0.246934709717,31.478518,22.217711,13.763487,-1.82619,0.686277,-2.843924
3,1789436865.733354568,0.534180914843,-0.25667717319,0.557930923648,0.58697828942,1.04918486197,-0.246934709717,31.456598,22.232374,13.812724,-1.824198,0.6829,-2.84873
3,1789436865.738181829,0.534180914843,-0.25667717319,0.557930923648,0.58697828942,1.04918486197,-0.246934709717,31.446341,22.237041,13.833741,-1.826648,0.684967,-2.846918
3,1789436865.743137836,0.534180914843,-0.25667717319,0.557930923648,0.58697828942,1.04918486197,-0.246934709717,31.446502,22.214866,13.75536,-1.824593,0.680559,-2.843832
3,1789436865.748321772,0.534180914843,-0.25667717319,0.557930923648,0.58697828942,1.04918486197,-0.246934709717,31.482134,22.193236,13.413259,-1.825787,0.683862,-2.841925
3,1789436865.753216743,0.534180914843,-0.25667717319,0.557930923648,0.58697828942,1.04918486197,-0.246934709717,31.507892,22.229336,13.800806,-1.82663,0.684147,-2.850206
3,1789436865.758235455,0.534180914843,-0.25667717319,0.557930923648,0.58697828942,1.04918486197,-0.246934709717,31.521769,22.212967,13.657297,-1.82606,0.686241,-2.846392
3,1789436865.763719797,0.534180914843,-0.25667717319,0.557930923648,0.58697828942,1.04918486197,-0.246934709717,31.460951,22.21099,13.723838,-1.824706,0.684266,-2.839662
3,1789436865.768397570,0.534180914843,-0.25667717319,0.557930923648,0.58697828942,1.04918486197,-0.246934709717,31.455791,22.218382,13.908716,-1.825172,0.682189,-2.846784
3,1789436865.773016691,0.534180914843,-0.25667717319,0.557930923648,0.58697828942,1.04918486197,-0.246934709717,31.467288,22.250881,13.743303,-1.825739,0.682983,-2.845518
3,1789436865.777945757,0.534180914843,-0.25667717319,0.557930923648,0.58697828942,1.04918486197,-0.246934709717,31.448707,22.21287,13.804451,-1.823009,0.684396,-2.847809
3,1789436865.783468962,0.534180914843,-0.25667717319,0.557930923648,0.58697828942,1.04918486197,-0.246934709717,31.47242,22.208928,13.982749,-1.82443,0.686828,-2.852546
3,1789436865.787949562,0.534180914843,-0.25667717319,0.557930923648,0.58697828942,1.04918486197,-0.246934709717,31.459479,22.200238,13.806473,-1.823332,0.681955,-2.84668
3,1789436865.793111086,0.534180914843,-0.25667717319,0.557930923648,0.58697828942,1.04918486197,-0.246934709717,31.448201,22.185806,13.722022,-1.823307,0.682802,-2.846993
3,1789436865.798024178,0.534180914843,-0.25667717319,0.557930923648,0.58697828942,1.04918486197,-0.246934709717,31.491992,22.230345,13.944724,-1.825277,0.688892,-2.846849
3,1789436865.803259850,0.534180914843,-0.25667717319,0.557930923648,0.58697828942,1.04918486197,-0.246934709717,31.476677,22.206879,13.839277,-1.825481,0.683192,-2.843331
3,1789436865.807982445,0.534180914843,-0.25667717319,0.557930923648,0.58697828942,1.04918486197,-0.246934709717,31.500612,22.188108,13.714855,-1.824003,0.686749,-2.845112
3,1789436865.813083172,0.534180914843,-0.25667717319,0.557930923648,0.58697828942,1.04918486197,-0.246934709717,31.422869,22.223176,13.766554,-1.830496,0.677602,-2.842906
3,1789436865.818155527,0.534180914843,-0.25667717319,0.557930923648,0.58697828942,1.04918486197,-0.246934709717,31.471,22.235303,13.891698,-1.824164,0.681472,-2.852001
3,1789436865.823160172,0.534180914843,-0.25667717319,0.557930923648,0.58697828942,1.04918486197,-0.246934709717,31.468591,22.22788,13.680766,-1.828202,0.683736,-2.843586
3,1789436865.828135967,0.534180914843,-0.25667717319,0.557930923648,0.58697828942,1.04918486197,-0.246934709717,31.521354,22.194686,13.791037,-1.822926,0.685729,-2.850192
3,1789436865.833130121,0.534180914843,-0.25667717319,0.557930923648,0.58697828942,1.04918486197,-0.246934709717,31.469179,22.221901,13.917125,-1.826078,0.685014,-2.847045
3,1789436865.838040352,0.534180914843,-0.25667717319,0.557930923648,0.58697828942,1.04918486197,-0.246934709717,31.473187,22.247229,13.79351,-1.822919,0.684518,-2.84903
3,1789436865.842980623,0.534180914843,-0.25667717319,0.557930923648,0.58697828942,1.04918486197,-0.246934709717,31.449862,22.258548,13.784343,-1.827783,0.685383,-2.842771
3,1789436865.848208427,0.534180914843,-0.25667717319,0.557930923648,0.58697828942,1.04918486197,-0.246934709717,31.447323,22.20658,13.94759,-1.82412,0.683165,-2.851629
3,1789436865.853102446,0.534180914843,-0.25667717319,0.557930923648,0.58697828942,1.04918486197,-0.246934709717,31.486428,22.223256,13.879962,-1.825758,0.685908,-2.846911
3,1789436865.858075619,0.534180914843,-0.25667717319,0.557930923648,0.58697828942,1.04918486197,-0.246934709717,31.481229,22.190428,13.583851,-1.827152,0.679851,-2.84637
3,1789436865.863168716,0.534180914843,-0.25667717319,0.557930923648,0.58697828942,1.04918486197,-0.246934709717,31.510319,22.226929,13.782734,-1.828942,0.686131,-2.849586
3,1789436865.868233681,0.534180914843,-0.25667717319,0.557930923648,0.58697828942,1.04918486197,-0.246934709717,31.470494,22.245613,13.805755,-1.83233,0.680005,-2.847471
3,1789436865.873103380,0.534180914843,-0.25667717319,0.557930923648,0.58697828942,1.04918486197,-0.246934709717,31.498283,22.207554,13.718736,-1.824191,0.687159,-2.848713
3,1789436865.878137350,0.534180914843,-0.25667717319,0.557930923648,0.58697828942,1.04918486197,-0.246934709717,31.469423,22.213041,13.753644,-1.828216,0.685032,-2.84437
3,1789436865.883487225,0.534180914843,-0.25667717319,0.557930923648,0.58697828942,1.04918486197,-0.246934709717,31.47294,22.217043,13.909112,-1.825216,0.685519,-2.852211
3,1789436865.888375044,0.534180914843,-0.25667717319,0.557930923648,0.58697828942,1.04918486197,-0.246934709717,31.435514,22.246032,13.80279,-1.830632,0.682062,-2.843152
3,1789436865.893508673,0.534180914843,-0.25667717319,0.557930923648,0.58697828942,1.04918486197,-0.246934709717,31.455072,22.224562,13.807576,-1.825336,0.682423,-2.852092
3,1789436865.898463726,0.534180914843,-0.25667717319,0.557930923648,0.58697828942,1.04918486197,-0.246934709717,31.440704,22.213267,13.785024,-1.825904,0.678887,-2.848932
3,1789436865.903255701,0.534180914843,-0.25667717319,0.557930923648,0.58697828942,1.04918486197,-0.246934709717,31.481021,22.21445,13.804521,-1.825624,0.684769,-2.847665
3,1789436865.908223629,0.534180914843,-0.25667717319,0.557930923648,0.58697828942,1.04918486197,-0.246934709717,31.470091,22.233643,13.753667,-1.828713,0.685535,-2.8444
3,1789436865.913573980,0.534180914843,-0.25667717319,0.557930923648,0.58697828942,1.04918486197,-0.246934709717,31.491,22.220862,13.806027,-1.825167,0.684375,-2.852839
3,1789436865.918372154,0.534180914843,-0.25667717319,0.557930923648,0.58697828942,1.04918486197,-0.246934709717,31.491282,22.198385,13.813176,-1.824072,0.686031,-2.847875
3,1789436865.923219919,0.534180914843,-0.25667717319,0.557930923648,0.58697828942,1.04918486197,-0.246934709717,31.463027,22.213838,13.769758,-1.826268,0.682193,-2.840274
3,1789436865.928215504,0.534180914843,-0.25667717319,0.557930923648,0.58697828942,1.04918486197,-0.246934709717,31.510687,22.256223,13.886312,-1.829897,0.685138,-2.849023
3,1789436865.933370113,0.534180914843,-0.25667717319,0.557930923648,0.58697828942,1.04918486197,-0.246934709717,31.458504,22.224255,13.691628,-1.825671,0.683626,-2.848687
3,1789436865.938107252,0.534180914843,-0.25667717319,0.557930923648,0.58697828942,1.04918486197,-0.246934709717,31.482024,22.202081,13.803252,-1.82591,0.683669,-2.848547
3,1789436865.943068981,0.534180914843,-0.25667717319,0.557930923648,0.58697828942,1.04918486197,-0.246934709717,31.449225,22.193279,13.988796,-1.822819,0.68404,-2.848865
3,1789436865.948437691,0.534180914843,-0.25667717319,0.557930923648,0.58697828942,1.04918486197,-0.246934709717,31.451543,22.18636,13.765373,-1.824588,0.683476,-2.848966
3,1789436865.953387499,0.534180914843,-0.25667717319,0.557930923648,0.58697828942,1.04918486197,-0.246934709717,31.522635,22.219846,13.817201,-1.822987,0.688975,-2.851099
3,1789436865.958443403,0.534180914843,-0.25667717319,0.557930923648,0.58697828942,1.04918486197,-0.246934709717,31.452675,22.212471,13.768294,-1.831761,0.681909,-2.841185
3,1789436865.963349342,0.534180914843,-0.25667717319,0.557930923648,0.58697828942,1.04918486197,-0.246934709717,31.472534,22.183079,13.867546,-1.822447,0.685377,-2.848852
3,1789436865.968307018,0.534180914843,-0.25667717319,0.557930923648,0.58697828942,1.04918486197,-0.246934709717,31.462136,22.233425,13.656722,-1.829688,0.681104,-2.841369
3,1789436865.973071098,0.534180914843,-0.25667717319,0.557930923648,0.58697828942,1.04918486197,-0.246934709717,31.472957,22.247938,13.776009,-1.828402,0.681043,-2.848622
3,1789436865.978289127,0.534180914843,-0.25667717319,0.557930923648,0.58697828942,1.04918486197,-0.246934709717,31.475509,22.246538,13.896877,-1.825526,0.6852,-2.848232
3,1789436865.983377218,0.534180914843,-0.25667717319,0.557930923648,0.58697828942,1.04918486197,-0.246934709717,31.476364,22.179621,13.672936,-1.82578,0.681603,-2.842635
3,1789436865.988370419,0.534180914843,-0.25667717319,0.557930923648,0.58697828942,1.04918486197,-0.246934709717,31.506911,22.180807,13.780575,-1.824844,0.683666,-2.84501
3,1789436865.993183851,0.534180914843,-0.25667717319,0.557930923648,0.58697828942,1.04918486197,-0.246934709717,31.489586,22.21124,13.974774,-1.824739,0.686611,-2.851696
3,1789436865.998484850,0.534180914843,-0.25667717319,0.557930923648,0.58697828942,1.04918486197,-0.246934709717,31.467392,22.278088,13.799891,-1.831258,0.681289,-2.845268
3,1789436866.003361225,0.534180914843,-0.25667717319,0.557930923648,0.58697828942,1.04918486197,-0.246934709717,31.467387,22.250303,13.815622,-1.82478,0.684269,-2.846759
3,1789436866.008145571,0.534180914843,-0.25667717319,0.557930923648,0.58697828942,1.04918486197,-0.246934709717,31.454321,22.201074,13.961514,-1.827495,0.683376,-2.8485
3,1789436866.013307095,0.534180914843,-0.25667717319,0.557930923648,0.58697828942,1.04918486197,-0.246934709717,31.448394,22.200564,13.819693,-1.8262,0.68132,-2.850242
3,1789436866.018278837,0.534180914843,-0.25667717319,0.557930923648,0.58697828942,1.04918486197,-0.246934709717,31.521983,22.235018,13.664766,-1.825233,0.686016,-2.847745
3,1789436866.023245335,0.534180914843,-0.25667717319,0.557930923648,0.58697828942,1.04918486197,-0.246934709717,31.450391,22.226789,13.710826,-1.828843,0.681936,-2.842382
3,1789436866.028216839,0.534180914843,-0.25667717319,0.557930923648,0.58697828942,1.04918486197,-0.246934709717,31.486782,22.219312,13.868255,-1.824884,0.683888,-2.848701
3,1789436866.033418894,0.534180914843,-0.25667717319,0.557930923648,0.58697828942,1.04918486197,-0.246934709717,31.490134,22.213812,13.698081,-1.82599,0.682894,-2.844464
3,1789436866.038273096,0.534180914843,-0.25667717319,0.557930923648,0.58697828942,1.04918486197,-0.246934709717,31.477885,22.214084,13.77764,-1.828539,0.682089,-2.847253
3,1789436866.043092251,0.534180914843,-0.25667717319,0.557930923648,0.58697828942,1.04918486197,-0.246934709717,31.475584,22.224988,13.980537,-1.825697,0.685782,-2.848092
3,1789436866.048394442,0.534180914843,-0.25667717319,0.557930923648,0.58697828942,1.04918486197,-0.246934709717,31.464287,22.241832,13.753729,-1.828849,0.681786,-2.844828
3,1789436866.053278923,0.534180914843,-0.25667717319,0.557930923648,0.58697828942,1.04918486197,-0.246934709717,31.443185,22.23793,13.806061,-1.824042,0.683923,-2.846932
3,1789436866.058123589,0.534180914843,-0.25667717319,0.557930923648,0.58697828942,1.04918486197,-0.246934709717,31.47204,22.168055,13.765519,-1.822138,0.68579,-2.848533
3,1789436866.063410282,0.534180914843,-0.25667717319,0.557930923648,0.58697828942,1.04918486197,-0.246934709717,31.487513,22.181915,13.776217,-1.826055,0.685237,-2.847687
3,1789436866.068328381,0.534180914843,-0.25667717319,0.557930923648,0.58697828942,1.04918486197,-0.246934709717,31.492066,22.21942,13.801815,-1.823587,0.68672,-2.849262
3,1789436866.073150873,0.534180914843,-0.25667717319,0.557930923648,0.58697828942,1.04918486197,-0.246934709717,31.453389,22.321885,13.796059,-1.831835,0.685011,-2.84151
3,1789436866.078197241,0.534180914843,-0.25667717319,0.557930923648,0.58697828942,1.04918486197,-0.246934709717,31.421284,22.270188,13.833232,-1.83005,0.679421,-2.848022
3,1789436866.083425999,0.534180914843,-0.25667717319,0.557930923648,0.58697828942,1.04918486197,-0.246934709717,31.529717,22.204159,13.786582,-1.822715,0.687749,-2.852923
3,1789436866.088250875,0.534180914843,-0.25667717319,0.557930923648,0.58697828942,1.04918486197,-0.246934709717,31.473206,22.152034,13.705219,-1.825759,0.6799,-2.845905
3,1789436866.093385935,0.534180914843,-0.25667717319,0.557930923648,0.58697828942,1.04918486197,-0.246934709717,31.486115,22.221648,14.002649,-1.826752,0.687231,-2.851677
3,1789436866.098721266,0.534180914843,-0.25667717319,0.557930923648,0.58697828942,1.04918486197,-0.246934709717,31.478655,22.257877,13.75737,-1.828186,0.681264,-2.848671
3,1789436866.103245258,0.534180914843,-0.25667717319,0.557930923648,0.58697828942,1.04918486197,-0.246934709717,31.473507,22.196028,13.778841,-1.825384,0.684966,-2.846098
3,1789436866.108155251,0.534180914843,-0.25667717319,0.557930923648,0.58697828942,1.04918486197,-0.246934709717,31.424654,22.221138,13.738241,-1.826657,0.681973,-2.842723
3,1789436866.113322258,0.534180914843,-0.25667717319,0.557930923648,0.58697828942,1.04918486197,-0.246934709717,31.505078,22.218883,13.764451,-1.824595,0.686615,-2.849345
3,1789436866.118445396,0.534180914843,-0.25667717319,0.557930923648,0.58697828942,1.04918486197,-0.246934709717,31.510389,22.218311,13.848011,-1.829137,0.687612,-2.849268
3,1789436866.123235941,0.534180914843,-0.25667717319,0.557930923648,0.58697828942,1.04918486197,-0.246934709717,31.467686,22.217384,13.847292,-1.827472,0.681405,-2.850489
3,1789436866.128156900,0.534180914843,-0.25667717319,0.557930923648,0.58697828942,1.04918486197,-0.246934709717,31.473975,22.233565,13.679419,-1.82712,0.681946,-2.844709
3,1789436866.133384228,0.534180914843,-0.25667717319,0.557930923648,0.58697828942,1.04918486197,-0.246934709717,31.466334,22.241554,13.813499,-1.82788,0.683778,-2.848112
3,1789436866.138226748,0.534180914843,-0.25667717319,0.557930923648,0.58697828942,1.04918486197,-0.246934709717,31.455054,22.236118,13.876037,-1.82701,0.683863,-2.849783
3,1789436866.143514395,0.534180914843,-0.25667717319,0.557930923648,0.58697828942,1.04918486197,-0.246934709717,31.488793,22.19186,13.712231,-1.822604,0.684808,-2.847096
3,1789436866.148565292,0.534180914843,-0.25667717319,0.557930923648,0.58697828942,1.04918486197,-0.246934709717,31.499736,22.189052,13.778149,-1.822367,0.686578,-2.846354
3,1789436866.153405190,0.534180914843,-0.25667717319,0.557930923648,0.58697828942,1.04918486197,-0.246934709717,31.435037,22.226409,13.953937,-1.821704,0.685584,-2.847358
3,1789436866.158321381,0.534180914843,-0.25667717319,0.557930923648,0.58697828942,1.04918486197,-0.246934709717,31.447255,22.207437,13.798969,-1.823789,0.681849,-2.845558
3,1789436866.163304090,0.534180914843,-0.25667717319,0.557930923648,0.58697828942,1.04918486197,-0.246934709717,31.471905,22.250179,13.800036,-1.825112,0.686181,-2.844561
3,1789436866.168414116,0.534180914843,-0.25667717319,0.557930923648,0.58697828942,1.04918486197,-0.246934709717,31.40801,22.188206,13.866458,-1.826742,0.678726,-2.844247
3,1789436866.173157454,0.534180914843,-0.25667717319,0.557930923648,0.58697828942,1.04918486197,-0.246934709717,31.487803,22.221963,13.819927,-1.824827,0.68203,-2.85011
3,1789436866.178196192,0.534180914843,-0.25667717319,0.557930923648,0.58697828942,1.04918486197,-0.246934709717,31.49639,22.212635,13.637923,-1.82409,0.681663,-2.847457
3,1789436866.183374643,0.534180914843,-0.25667717319,0.557930923648,0.58697828942,1.04918486197,-0.246934709717,31.471981,22.230703,13.749251,-1.828141,0.683303,-2.847529
3,1789436866.188109398,0.534180914843,-0.25667717319,0.557930923648,0.58697828942,1.04918486197,-0.246934709717,31.478502,22.19297,13.889365,-1.824177,0.684846,-2.846834
3,1789436866.193342686,0.534180914843,-0.25667717319,0.557930923648,0.58697828942,1.04918486197,-0.246934709717,31.481506,22.194428,13.743638,-1.82318,0.684955,-2.844803
3,1789436866.198708296,0.534180914843,-0.25667717319,0.557930923648,0.58697828942,1.04918486197,-0.246934709717,31.428602,22.226409,13.816352,-1.826865,0.685351,-2.839953
3,1789436866.203323364,0.534180914843,-0.25667717319,0.557930923648,0.58697828942,1.04918486197,-0.246934709717,31.436493,22.217378,13.965387,-1.824503,0.680818,-2.852481
3,1789436866.208170652,0.534180914843,-0.25667717319,0.557930923648,0.58697828942,1.04918486197,-0.246934709717,31.463721,22.198625,13.828654,-1.824005,0.6852,-2.850038
3,1789436866.213464260,0.534180914843,-0.25667717319,0.557930923648,0.58697828942,1.04918486197,-0.246934709717,31.421054,22.167862,13.712013,-1.824962,0.678678,-2.847821
3,1789436866.218463421,0.534180914843,-0.25667717319,0.557930923648,0.58697828942,1.04918486197,-0.246934709717,31.526792,22.219654,13.734194,-1.826871,0.688901,-2.850577
3,1789436866.223366737,0.534180914843,-0.25667717319,0.557930923648,0.58697828942,1.04918486197,-0.246934709717,31.496509,22.238816,13.78433,-1.828012,0.681995,-2.849095
3,1789436866.228262424,0.534180914843,-0.25667717319,0.557930923648,0.58697828942,1.04918486197,-0.246934709717,31.491592,22.210693,13.79681,-1.825404,0.686921,-2.846357
3,1789436866.233387232,0.534180914843,-0.25667717319,0.557930923648,0.58697828942,1.04918486197,-0.246934709717,31.46107,22.225103,13.791314,-1.826315,0.683899,-2.844296
3,1789436866.238139153,0.534180914843,-0.25667717319,0.557930923648,0.58697828942,1.04918486197,-0.246934709717,31.447921,22.226172,13.920557,-1.824961,0.684223,-2.851029
3,1789436866.243112087,0.534180914843,-0.25667717319,0.557930923648,0.58697828942,1.04918486197,-0.246934709717,31.464857,22.240816,13.734898,-1.829192,0.6827,-2.844862
3,1789436866.248402119,0.534180914843,-0.25667717319,0.557930923648,0.58697828942,1.04918486197,-0.246934709717,31.504055,22.200729,13.803922,-1.825332,0.683569,-2.854185
3,1789436866.253257513,0.534180914843,-0.25667717319,0.557930923648,0.58697828942,1.04918486197,-0.246934709717,31.461048,22.209951,13.929408,-1.825691,0.685575,-2.844983
3,1789436866.258345366,0.534180914843,-0.25667717319,0.557930923648,0.58697828942,1.04918486197,-0.246934709717,31.467878,22.214174,13.751763,-1.825927,0.684511,-2.845699
3,1789436866.263250589,0.534180914843,-0.25667717319,0.557930923648,0.58697828942,1.04918486197,-0.246934709717,31.514425,22.210426,13.819525,-1.822225,0.687509,-2.849712
3,1789436866.268342018,0.534180914843,-0.25667717319,0.557930923648,0.58697828942,1.04918486197,-0.246934709717,31.472057,22.22316,13.869555,-1.827991,0.684226,-2.847801
3,1789436866.273135185,0.534180914843,-0.25667717319,0.557930923648,0.58697828942,1.04918486197,-0.246934709717,31.475141,22.270394,13.8361,-1.827234,0.687555,-2.84523
3,1789436866.278301716,0.534180914843,-0.25667717319,0.557930923648,0.58697828942,1.04918486197,-0.246934709717,31.444765,22.227986,13.62525,-1.822991,0.680949,-2.843799
3,1789436866.283605337,0.534180914843,-0.25667717319,0.557930923648,0.58697828942,1.04918486197,-0.246934709717,31.452689,22.147995,13.746052,-1.820304,0.682768,-2.849371
3,1789436866.288442850,0.534180914843,-0.25667717319,0.557930923648,0.58697828942,1.04918486197,-0.246934709717,31.4607,22.170007,13.863232,-1.824992,0.683636,-2.84569
3,1789436866.293259621,0.534180914843,-0.25667717319,0.557930923648,0.58697828942,1.04918486197,-0.246934709717,31.512395,22.216095,13.750916,-1.823389,0.686796,-2.846006
3,1789436866.298392296,0.534180914843,-0.25667717319,0.557930923648,0.58697828942,1.04918486197,-0.246934709717,31.463595,22.253942,13.753875,-1.828243,0.683435,-2.844621
3,1789436866.303284883,0.534180914843,-0.25667717319,0.557930923648,0.58697828942,1.04918486197,-0.246934709717,31.446209,22.207522,13.93634,-1.822158,0.682821,-2.852975
3,1789436866.308100700,0.534180914843,-0.25667717319,0.557930923648,0.58697828942,1.04918486197,-0.246934709717,31.467644,22.213671,13.772517,-1.821738,0.686883,-2.844086
3,1789436866.313267946,0.534180914843,-0.25667717319,0.557930923648,0.58697828942,1.04918486197,-0.246934709717,31.479947,22.191338,13.765024,-1.823246,0.686825,-2.842759
3,1789436866.318268776,0.534180914843,-0.25667717319,0.557930923648,0.58697828942,1.04918486197,-0.246934709717,31.52856,22.249334,13.803761,-1.82556,0.689146,-2.847817
3,1789436866.323052883,0.534180914843,-0.25667717319,0.557930923648,0.58697828942,1.04918486197,-0.246934709717,31.478004,22.27412,13.7506,-1.828772,0.684742,-2.846702
3,1789436866.328217506,0.534180914843,-0.25667717319,0.557930923648,0.58697828942,1.04918486197,-0.246934709717,31.432223,22.212691,13.935697,-1.824913,0.682594,-2.853419
3,1789436866.333257198,0.534180914843,-0.25667717319,0.557930923648,0.58697828942,1.04918486197,-0.246934709717,31.431231,22.218506,13.817614,-1.825114,0.682384,-2.845525
3,1789436866.338131905,0.534180914843,-0.25667717319,0.557930923648,0.58697828942,1.04918486197,-0.246934709717,31.487237,22.176337,13.657825,-1.821984,0.685421,-2.846032
3,1789436866.343363285,0.534180914843,-0.25667717319,0.557930923648,0.58697828942,1.04918486197,-0.246934709717,31.53851,22.225974,13.717315,-1.827724,0.688436,-2.849512
3,1789436866.348556519,0.534180914843,-0.25667717319,0.557930923648,0.58697828942,1.04918486197,-0.246934709717,31.474493,22.206284,13.859699,-1.824835,0.683269,-2.848224
3,1789436866.353324175,0.534180914843,-0.25667717319,0.557930923648,0.58697828942,1.04918486197,-0.246934709717,31.452658,22.220008,13.760997,-1.822542,0.685901,-2.839598
3,1789436866.358294010,0.534180914843,-0.25667717319,0.557930923648,0.58697828942,1.04918486197,-0.246934709717,31.407739,22.221076,13.799578,-1.830194,0.67848,-2.839469
3,1789436866.363192320,0.534180914843,-0.25667717319,0.557930923648,0.58697828942,1.04918486197,-0.246934709717,31.491115,22.201812,14.002717,-1.821401,0.685325,-2.857897
3,1789436866.368305206,0.534180914843,-0.25667717319,0.557930923648,0.58697828942,1.04918486197,-0.246934709717,31.46224,22.19003,13.796822,-1.825497,0.684868,-2.846493
3,1789436866.373100042,0.534180914843,-0.25667717319,0.557930923648,0.58697828942,1.04918486197,-0.246934709717,31.459789,22.198539,13.753462,-1.824985,0.682503,-2.844751
3,1789436866.378192425,0.534180914843,-0.25667717319,0.557930923648,0.58697828942,1.04918486197,-0.246934709717,31.431922,22.239255,13.831247,-1.827878,0.681587,-2.842853
3,1789436866.383251667,0.534180914843,-0.25667717319,0.557930923648,0.58697828942,1.04918486197,-0.246934709717,31.47448,22.208921,13.769811,-1.82671,0.679992,-2.852609
3,1789436866.388272047,0.534180914843,-0.25667717319,0.557930923648,0.58697828942,1.04918486197,-0.246934709717,31.535926,22.223871,13.674013,-1.826812,0.688999,-2.841271
3,1789436866.393201828,0.534180914843,-0.25667717319,0.557930923648,0.58697828942,1.04918486197,-0.246934709717,31.476333,22.19174,13.785953,-1.826473,0.683226,-2.841603
3,1789436866.398329496,0.534180914843,-0.25667717319,0.557930923648,0.58697828942,1.04918486197,-0.246934709717,31.455528,22.235217,13.919262,-1.825732,0.685699,-2.85174
3,1789436866.403390408,0.534180914843,-0.25667717319,0.557930923648,0.58697828942,1.04918486197,-0.246934709717,31.405931,22.242389,13.777644,-1.8271,0.679261,-2.847799
3,1789436866.408229828,0.534180914843,-0.25667717319,0.557930923648,0.58697828942,1.04918486197,-0.246934709717,31.453585,22.202154,13.787919,-1.823269,0.683561,-2.846482
3,1789436866.413224220,0.534180914843,-0.25667717319,0.557930923648,0.58697828942,1.04918486197,-0.246934709717,31.473833,22.18652,13.917445,-1.825274,0.687728,-2.846351
3,1789436866.418301344,0.534180914843,-0.25667717319,0.557930923648,0.58697828942,1.04918486197,-0.246934709717,31.519809,22.192645,13.767796,-1.824252,0.686163,-2.853144
3,1789436866.423302174,0.534180914843,-0.25667717319,0.557930923648,0.58697828942,1.04918486197,-0.246934709717,31.46198,22.206699,13.768688,-1.825122,0.682636,-2.846985
3,1789436866.428224087,0.534180914843,-0.25667717319,0.557930923648,0.58697828942,1.04918486197,-0.246934709717,31.460195,22.257173,13.898915,-1.828478,0.685536,-2.846888
3,1789436866.433417559,0.534180914843,-0.25667717319,0.557930923648,0.58697828942,1.04918486197,-0.246934709717,31.429909,22.270679,13.862101,-1.827784,0.684178,-2.846887
3,1789436866.438183069,0.534180914843,-0.25667717319,0.557930923648,0.58697828942,1.04918486197,-0.246934709717,31.477661,22.226157,13.723698,-1.824365,0.685775,-2.85182
3,1789436866.443063021,0.534180914843,-0.25667717319,0.557930923648,0.58697828942,1.04918486197,-0.246934709717,31.448321,22.184469,13.702089,-1.822685,0.68428,-2.847696
3,1789436866.448380232,0.534180914843,-0.25667717319,0.557930923648,0.58697828942,1.04918486197,-0.246934709717,31.441004,22.186588,13.861756,-1.822301,0.68571,-2.846565
3,1789436866.453283787,0.534180914843,-0.25667717319,0.557930923648,0.58697828942,1.04918486197,-0.246934709717,31.476968,22.241405,13.705002,-1.823386,0.684618,-2.846023
3,1789436866.458112955,0.534180914843,-0.25667717319,0.557930923648,0.58697828942,1.04918486197,-0.246934709717,31.487973,22.211994,13.760626,-1.8231,0.685372,-2.851984
3,1789436866.463442087,0.534180914843,-0.25667717319,0.557930923648,0.58697828942,1.04918486197,-0.246934709717,31.467111,22.199509,13.939426,-1.826578,0.685125,-2.850574
3,1789436866.468335152,0.534180914843,-0.25667717319,0.557930923648,0.58697828942,1.04918486197,-0.246934709717,31.4615,22.184159,13.775858,-1.823381,0.684307,-2.842016
3,1789436866.473319530,0.534180914843,-0.25667717319,0.557930923648,0.58697828942,1.04918486197,-0.246934709717,31.478919,22.264607,13.786669,-1.828983,0.687319,-2.847105
3,1789436866.478267193,0.534180914843,-0.25667717319,0.557930923648,0.58697828942,1.04918486197,-0.246934709717,31.444289,22.229405,13.900416,-1.826185,0.679158,-2.852604
3,1789436866.483381987,0.534180914843,-0.25667717319,0.557930923648,0.58697828942,1.04918486197,-0.246934709717,31.487437,22.243587,13.883854,-1.828839,0.685699,-2.850534
3,1789436866.488418102,0.534180914843,-0.25667717319,0.557930923648,0.58697828942,1.04918486197,-0.246934709717,31.407123,22.16573,13.605535,-1.825317,0.679137,-2.838312
3,1789436866.493184328,0.534180914843,-0.25667717319,0.557930923648,0.58697828942,1.04918486197,-0.246934709717,31.502669,22.203046,13.775262,-1.823337,0.687607,-2.848184
3,1789436866.499615908,0.534180914843,-0.25667717319,0.557930923648,0.58697828942,1.04918486197,-0.246934709717,31.500769,22.218659,13.851604,-1.827837,0.683391,-2.847421
3,1789436866.503330469,0.534180914843,-0.25667717319,0.557930923648,0.58697828942,1.04918486197,-0.246934709717,31.509337,22.261968,13.701932,-1.829125,0.685128,-2.84189
3,1789436866.508120537,0.534180914843,-0.25667717319,0.557930923648,0.58697828942,1.04918486197,-0.246934709717,31.436864,22.201899,13.765344,-1.826807,0.680072,-2.843349
3,1789436866.513196707,0.534180914843,-0.25667717319,0.557930923648,0.58697828942,1.04918486197,-0.246934709717,31.454142,22.183793,13.981449,-1.823364,0.68232,-2.8538
3,1789436866.518298149,0.534180914843,-0.25667717319,0.557930923648,0.58697828942,1.04918486197,-0.246934709717,31.479888,22.221163,13.775178,-1.823849,0.685337,-2.848601
3,1789436866.523096323,0.534180914843,-0.25667717319,0.557930923648,0.58697828942,1.04918486197,-0.246934709717,31.515316,22.244794,13.737071,-1.828547,0.685247,-2.849225
3,1789436866.528086424,0.534180914843,-0.25667717319,0.557930923648,0.58697828942,1.04918486197,-0.246934709717,31.450654,22.184893,13.810046,-1.82302,0.679259,-2.85066
3,1789436866.533447742,0.534180914843,-0.25667717319,0.557930923648,0.58697828942,1.04918486197,-0.246934709717,31.502578,22.20293,13.748298,-1.828835,0.684869,-2.847794
3,1789436866.538237810,0.534180914843,-0.25667717319,0.557930923648,0.58697828942,1.04918486197,-0.246934709717,31.47744,22.214837,13.831565,-1.82723,0.682095,-2.848512
3,1789436866.543135166,0.534180914843,-0.25667717319,0.557930923648,0.58697828942,1.04918486197,-0.246934709717,31.497153,22.224302,13.851209,-1.824469,0.684556,-2.847631
3,1789436866.548432589,0.534180914843,-0.25667717319,0.557930923648,0.58697828942,1.04918486197,-0.246934709717,31.447449,22.205304,13.757343,-1.826424,0.682211,-2.842272
3,1789436866.553405762,0.534180914843,-0.25667717319,0.557930923648,0.58697828942,1.04918486197,-0.246934709717,31.487438,22.211019,13.788781,-1.822488,0.686078,-2.845666
3,1789436866.558297396,0.534180914843,-0.25667717319,0.557930923648,0.58697828942,1.04918486197,-0.246934709717,31.434423,22.219005,13.86422,-1.822844,0.68469,-2.845238
3,1789436866.563477993,0.534180914843,-0.25667717319,0.557930923648,0.58697828942,1.04918486197,-0.246934709717,31.447558,22.246723,13.839942,-1.826107,0.683642,-2.849154
3,1789436866.568345070,0.534180914843,-0.25667717319,0.557930923648,0.58697828942,1.04918486197,-0.246934709717,31.469197,22.251427,13.812536,-1.824754,0.684238,-2.848785
3,1789436866.573112726,0.534180914843,-0.25667717319,0.557930923648,0.58697828942,1.04918486197,-0.246934709717,31.445884,22.158097,13.921994,-1.824264,0.68162,-2.850032
3,1789436866.578139544,0.534180914843,-0.25667717319,0.557930923648,0.58697828942,1.04918486197,-0.246934709717,31.537349,22.21141,13.842307,-1.823862,0.690469,-2.846611
3,1789436866.583302975,0.534180914843,-0.25667717319,0.557930923648,0.58697828942,1.04918486197,-0.246934709717,31.469382,22.218537,13.722339,-1.826484,0.681166,-2.84708
3,1789436866.588092566,0.534180914843,-0.25667717319,0.557930923648,0.58697828942,1.04918486197,-0.246934709717,31.5091,22.248509,13.950459,-1.823269,0.688696,-2.855397
3,1789436866.593875647,0.534180914843,-0.25667717319,0.557930923648,0.58697828942,1.04918486197,-0.246934709717,31.398765,22.235396,13.839026,-1.828862,0.681074,-2.843899
3,1789436866.598409653,0.534180914843,-0.25667717319,0.557930923648,0.58697828942,1.04918486197,-0.246934709717,31.44621,22.159677,13.700777,-1.820349,0.681605,-2.848759
3,1789436866.603368282,0.534180914843,-0.25667717319,0.557930923648,0.58697828942,1.04918486197,-0.246934709717,31.489551,22.201183,13.766643,-1.827549,0.687006,-2.847744
3,1789436866.608240843,0.534180914843,-0.25667717319,0.557930923648,0.58697828942,1.04918486197,-0.246934709717,31.450989,22.215906,13.866841,-1.828766,0.680316,-2.849983
3,1789436866.613381863,0.534180914843,-0.25667717319,0.557930923648,0.58697828942,1.04918486197,-0.246934709717,31.528031,22.23894,13.767742,-1.825809,0.685493,-2.84739
3,1789436866.618377686,0.534180914843,-0.25667717319,0.557930923648,0.58697828942,1.04918486197,-0.246934709717,31.442093,22.213943,13.758109,-1.827178,0.683976,-2.841612
3,1789436866.623246670,0.534180914843,-0.25667717319,0.557930923648,0.58697828942,1.04918486197,-0.246934709717,31.460377,22.217901,13.947577,-1.825174,0.68506,-2.851458
3,1789436866.628205776,0.534180914843,-0.25667717319,0.557930923648,0.58697828942,1.04918486197,-0.246934709717,31.490038,22.240537,13.821739,-1.822459,0.686348,-2.848572
3,1789436866.633418322,0.534180914843,-0.25667717319,0.557930923648,0.58697828942,1.04918486197,-0.246934709717,31.425773,22.249785,13.783633,-1.826973,0.682082,-2.843591
3,1789436866.638195515,0.534180914843,-0.25667717319,0.557930923648,0.58697828942,1.04918486197,-0.246934709717,31.472987,22.209683,13.972466,-1.824413,0.68645,-2.853233
3,1789436866.643188477,0.534180914843,-0.25667717319,0.557930923648,0.58697828942,1.04918486197,-0.246934709717,31.450074,22.190984,13.857263,-1.82288,0.679991,-2.850153
3,1789436866.648462534,0.534180914843,-0.25667717319,0.557930923648,0.58697828942,1.04918486197,-0.246934709717,31.46874,22.189086,13.588937,-1.829099,0.680126,-2.842989
3,1789436866.653245211,0.534180914843,-0.25667717319,0.557930923648,0.58697828942,1.04918486197,-0.246934709717,31.532426,22.210635,13.818349,-1.821927,0.689863,-2.850207
3,1789436866.658140659,0.534180914843,-0.25667717319,0.557930923648,0.58697828942,1.04918486197,-0.246934709717,31.473904,22.247506,13.833946,-1.830356,0.681016,-2.847208
3,1789436866.663259745,0.534180914843,-0.25667717319,0.557930923648,0.58697828942,1.04918486197,-0.246934709717,31.470431,22.23514,13.767208,-1.826414,0.685719,-2.847732
3,1789436866.668408394,0.534180914843,-0.25667717319,0.557930923648,0.58697828942,1.04918486197,-0.246934709717,31.414293,22.20429,13.828697,-1.826704,0.679849,-2.844561
3,1789436866.673239946,0.534180914843,-0.25667717319,0.557930923648,0.58697828942,1.04918486197,-0.246934709717,31.465117,22.212559,13.963415,-1.827887,0.684614,-2.853246
3,1789436866.678349257,0.534180914843,-0.25667717319,0.557930923648,0.58697828942,1.04918486197,-0.246934709717,31.464422,22.23653,13.800637,-1.824439,0.682911,-2.850561
3,1789436866.683392286,0.534180914843,-0.25667717319,0.557930923648,0.58697828942,1.04918486197,-0.246934709717,31.456568,22.215205,13.749729,-1.825229,0.684774,-2.847024
3,1789436866.688356161,0.534180914843,-0.25667717319,0.557930923648,0.58697828942,1.04918486197,-0.246934709717,31.468961,22.193932,13.914138,-1.824451,0.685627,-2.848804
3,1789436866.693182468,0.534180914843,-0.25667717319,0.557930923648,0.58697828942,1.04918486197,-0.246934709717,31.440475,22.182478,13.818115,-1.823377,0.682227,-2.845041
3,1789436866.698419094,0.534180914843,-0.25667717319,0.557930923648,0.58697828942,1.04918486197,-0.246934709717,31.512899,22.240777,13.635394,-1.826375,0.688031,-2.842415
3,1789436866.703345776,0.534180914843,-0.25667717319,0.557930923648,0.58697828942,1.04918486197,-0.246934709717,31.43587,22.240646,13.740318,-1.827206,0.682228,-2.841422
3,1789436866.708242416,0.534180914843,-0.25667717319,0.557930923648,0.58697828942,1.04918486197,-0.246934709717,31.467862,22.228782,13.872041,-1.825907,0.6847,-2.852268
3,1789436866.713278294,0.534180914843,-0.25667717319,0.557930923648,0.58697828942,1.04918486197,-0.246934709717,31.448441,22.171799,13.761045,-1.819429,0.68482,-2.845563
3,1789436866.718310833,0.534180914843,-0.25667717319,0.557930923648,0.58697828942,1.04918486197,-0.246934709717,31.434705,22.184096,13.794454,-1.825589,0.682902,-2.842169
3,1789436866.723241806,0.534180914843,-0.25667717319,0.557930923648,0.58697828942,1.04918486197,-0.246934709717,31.463147,22.232366,13.9523,-1.824853,0.686054,-2.848338
3,1789436866.728108406,0.534180914843,-0.25667717319,0.557930923648,0.58697828942,1.04918486197,-0.246934709717,31.491959,22.259373,13.823549,-1.824934,0.687931,-2.847273
3,1789436866.733389616,0.534180914843,-0.25667717319,0.557930923648,0.58697828942,1.04918486197,-0.246934709717,31.460837,22.218452,13.727531,-1.826791,0.682998,-2.843481
3,1789436866.738251925,0.534180914843,-0.25667717319,0.557930923648,0.58697828942,1.04918486197,-0.246934709717,31.433805,22.246231,13.796831,-1.825782,0.683356,-2.840893
3,1789436866.743803978,0.534180914843,-0.25667717319,0.557930923648,0.58697828942,1.04918486197,-0.246934709717,31.506655,22.233512,13.818764,-1.820059,0.689298,-2.850169
3,1789436866.748547554,0.534180914843,-0.25667717319,0.557930923648,0.58697828942,1.04918486197,-0.246934709717,31.479879,22.199663,13.782164,-1.82272,0.6863,-2.84991
3,1789436866.753382444,0.534180914843,-0.25667717319,0.557930923648,0.58697828942,1.04918486197,-0.246934709717,31.467172,22.188938,13.853954,-1.820374,0.684724,-2.845714
3,1789436866.758248091,0.534180914843,-0.25667717319,0.557930923648,0.58697828942,1.04918486197,-0.246934709717,31.416466,22.218683,13.692579,-1.825085,0.68087,-2.842306
3,1789436866.763263702,0.534180914843,-0.25667717319,0.557930923648,0.58697828942,1.04918486197,-0.246934709717,31.449953,22.257303,13.746935,-1.828137,0.680455,-2.849523
3,1789436866.768306255,0.534180914843,-0.25667717319,0.557930923648,0.58697828942,1.04918486197,-0.246934709717,31.483988,22.245248,13.867767,-1.827191,0.683365,-2.849186
