elapsed_s,wall_time_s,q1_rad,q2_rad,q3_rad,q4_rad,q5_rad,q6_rad,tcp_x_m,tcp_y_m,tcp_z_m,tcp_rx_rad,tcp_ry_rad,tcp_rz_rad,tcp_vx_m_s,tcp_vy_m_s,tcp_vz_m_s,tcp_wx_rad_s,tcp_wy_rad_s,tcp_wz_rad_s
0.218975605,1789526640.573573112,-0.094579522,-1.744629208,-1.620133702,-4.576635305,4.865621090,-4.121488396,0.521448417,-0.226096769,0.523803693,2.805528164,-0.985286028,-0.071325056,0.000000000,0.000000000,0.000000000,0.000000000,0.000000000,0.000000000
0.226880189,1789526640.581476450,-0.094555203,-1.744592969,-1.620121781,-4.576647464,4.865596771,-4.121476475,0.521441304,-0.226080664,0.523829615,2.805563057,-0.985284654,-0.071278301,0.000000000,0.000000000,0.000000000,0.000000000,0.000000000,0.000000000
0.234898690,1789526640.589494705,-0.094543282,-1.744641129,-1.620097939,-4.576659385,4.865596771,-4.121524398,0.521466931,-0.226076623,0.523815403,2.805585238,-0.985193799,-0.071334933,0.000000000,0.000000000,0.000000000,0.000000000,0.000000000,0.000000000
0.242808726,1789526640.597404718,-0.094531361,-1.744641129,-1.620121781,-4.576623384,4.865584850,-4.121524398,0.521467678,-0.226069121,0.523800457,2.805604084,-0.985184042,-0.071320659,0.000000000,0.000000000,0.000000000,0.000000000,0.000000000,0.000000000
0.250888223,1789526640.605484247,-0.094531361,-1.744629208,-1.620133702,-4.576623384,4.865644932,-4.121500317,0.521460095,-0.226073906,0.523802551,2.805538658,-0.985194869,-0.071294031,0.000000000,0.000000000,0.000000000,0.000000000,0.000000000,0.000000000
0.258909088,1789526640.613505125,-0.094567124,-1.744616810,-1.620121781,-4.576623384,4.865656853,-4.121500317,0.521449506,-0.226093402,0.523814587,2.805516665,-0.985245579,-0.071258870,0.000000000,0.000000000,0.000000000,0.000000000,0.000000000,0.000000000
0.266934708,1789526640.621530533,-0.094543282,-1.744616810,-1.620086018,-4.576599542,4.865608692,-4.121512238,0.521464544,-0.226077445,0.523826508,2.805589963,-0.985225500,-0.071190664,0.000000000,0.000000000,0.000000000,0.000000000,0.000000000,0.000000000
0.274880135,1789526640.629476070,-0.094555203,-1.744604890,-1.620121781,-4.576623384,4.865656853,-4.121500317,0.521447507,-0.226086739,0.523821030,2.805524953,-0.985231124,-0.071240236,0.000000000,0.000000000,0.000000000,0.000000000,0.000000000,0.000000000
0.282945238,1789526640.637541294,-0.094555203,-1.744616810,-1.620121781,-4.576635305,4.865621090,-4.121464316,0.521451497,-0.226083852,0.523815566,2.805532767,-0.985290169,-0.071284045,0.000000000,0.000000000,0.000000000,0.000000000,0.000000000,0.000000000
0.290866941,1789526640.645463228,-0.094555203,-1.744592969,-1.620086018,-4.576682989,4.865608692,-4.121488396,0.521445753,-0.226082181,0.523849676,2.805558747,-0.985263431,-0.071274763,0.000000000,0.000000000,0.000000000,0.000000000,0.000000000,0.000000000
0.298879378,1789526640.653475285,-0.094555203,-1.744653050,-1.620086018,-4.576599542,4.865621090,-4.121512238,0.521476031,-0.226086145,0.523807092,2.805565317,-0.985230468,-0.071239399,0.000000000,0.000000000,0.000000000,0.000000000,0.000000000,0.000000000
0.306819844,1789526640.661416054,-0.094519440,-1.744629208,-1.620121781,-4.576575462,4.865608692,-4.121488396,0.521469361,-0.226064962,0.523801321,2.805583594,-0.985220482,-0.071219313,0.000000000,0.000000000,0.000000000,0.000000000,0.000000000,0.000000000
0.314921474,1789526640.669517279,-0.094555203,-1.744616810,-1.620145623,-4.576611463,4.865621090,-4.121512238,0.521448487,-0.226083564,0.523802282,2.805557287,-0.985223355,-0.071290044,0.000000000,0.000000000,0.000000000,0.000000000,0.000000000,0.000000000
0.322877632,1789526640.677473545,-0.094543282,-1.744676892,-1.620133702,-4.576599542,4.865633011,-4.121500317,0.521478175,-0.226080991,0.523773679,2.805538273,-0.985211610,-0.071334524,0.000000000,0.000000000,0.000000000,0.000000000,0.000000000,0.000000000
0.330873679,1789526640.685469627,-0.094531361,-1.744616810,-1.620121781,-4.576611463,4.865608692,-4.121512238,0.521458891,-0.226070461,0.523812458,2.805584878,-0.985199180,-0.071257677,0.000000000,0.000000000,0.000000000,0.000000000,0.000000000,0.000000000
0.338814206,1789526640.693410158,-0.094579522,-1.744604890,-1.620109860,-4.576611463,4.865608692,-4.121512238,0.521445772,-0.226095356,0.523824073,2.805567442,-0.985271791,-0.071229434,0.000000000,0.000000000,0.000000000,0.000000000,0.000000000,0.000000000
0.346809141,1789526640.701404810,-0.094543282,-1.744641129,-1.620109860,-4.576599542,4.865621090,-4.121488396,0.521469105,-0.226079026,0.523803189,2.805556019,-0.985244552,-0.071252035,0.000000000,0.000000000,0.000000000,0.000000000,0.000000000,0.000000000
0.354828595,1789526640.709424734,-0.094519440,-1.744653050,-1.620121781,-4.576623384,4.865656853,-4.121500317,0.521474556,-0.226069893,0.523795002,2.805531148,-0.985171217,-0.071305014,0.000000000,0.000000000,0.000000000,0.000000000,0.000000000,0.000000000
0.362914898,1789526640.717510939,-0.094543282,-1.744629208,-1.620133702,-4.576623384,4.865621090,-4.121524398,0.521457569,-0.226077956,0.523802224,2.805566414,-0.985187096,-0.071307901,0.000000000,0.000000000,0.000000000,0.000000000,0.000000000,0.000000000
0.370908355,1789526640.725504160,-0.094555203,-1.744629208,-1.620109860,-4.576623384,4.865644932,-4.121524398,0.521459631,-0.226086794,0.523812897,2.805545094,-0.985199606,-0.071265775,0.000000000,0.000000000,0.000000000,0.000000000,0.000000000,0.000000000
0.378887249,1789526640.733483315,-0.094555203,-1.744616810,-1.620133702,-4.576599542,4.865608692,-4.121488396,0.521451996,-0.226082749,0.523805816,2.805561370,-0.985266108,-0.071257679,0.000000000,0.000000000,0.000000000,0.000000000,0.000000000,0.000000000
0.386829744,1789526640.741425753,-0.094555203,-1.744629208,-1.620109860,-4.576647464,4.865561008,-4.121488396,0.521458291,-0.226078999,0.523814713,2.805595368,-0.985276795,-0.071328827,0.000000000,0.000000000,0.000000000,0.000000000,0.000000000,0.000000000
0.394838461,1789526640.749464750,-0.094543282,-1.744629208,-1.620086018,-4.576611463,4.865644932,-4.121524398,0.521468210,-0.226081118,0.523821774,2.805558766,-0.985189947,-0.071212906,0.000000000,0.000000000,0.000000000,0.000000000,0.000000000,0.000000000
0.402805323,1789526640.757401943,-0.094555203,-1.744629208,-1.620097939,-4.576623384,4.865596771,-4.121476475,0.521462436,-0.226082646,0.523817409,2.805565752,-0.985287115,-0.071261568,0.000000000,0.000000000,0.000000000,0.000000000,0.000000000,0.000000000
0.410826276,1789526640.765422106,-0.094555203,-1.744616810,-1.620109860,-4.576635305,4.865608692,-4.121488396,0.521454048,-0.226082953,0.523820569,2.805558740,-0.985263624,-0.071274801,0.000000000,0.000000000,0.000000000,0.000000000,0.000000000,0.000000000
0.418888475,1789526640.773484230,-0.094555203,-1.744629208,-1.620109860,-4.576599542,4.865644932,-4.121512238,0.521461547,-0.226086962,0.523809959,2.805544196,-0.985221394,-0.071230004,0.000000000,0.000000000,0.000000000,0.000000000,0.000000000,0.000000000
0.426835415,1789526640.781431198,-0.094555203,-1.744581048,-1.620121781,-4.576647464,4.865644932,-4.121524398,0.521436268,-0.226084594,0.523836718,2.805547736,-0.985201863,-0.071248239,0.000000000,0.000000000,0.000000000,0.000000000,0.000000000,0.000000000
0.434890315,1789526640.789486170,-0.094519440,-1.744616810,-1.620109860,-4.576623384,4.865644932,-4.121488396,0.521462834,-0.226067681,0.523819597,2.805546315,-0.985201885,-0.071238966,0.000000000,0.000000000,0.000000000,0.000000000,0.000000000,0.000000000
0.442831255,1789526640.797427177,-0.094543282,-1.744629208,-1.620121781,-4.576611463,4.865644932,-4.121488396,0.521460821,-0.226080434,0.523806255,2.805532265,-0.985233090,-0.071259780,0.000000000,0.000000000,0.000000000,0.000000000,0.000000000,0.000000000
0.450858652,1789526640.805455208,-0.094567124,-1.744641129,-1.620121781,-4.576599542,4.865608692,-4.121488396,0.521461340,-0.226090104,0.523797846,2.805553008,-0.985280491,-0.071277015,0.000000000,0.000000000,0.000000000,0.000000000,0.000000000,0.000000000
0.458908877,1789526640.813504696,-0.094543282,-1.744641129,-1.620133702,-4.576623384,4.865656853,-4.121512238,0.521462009,-0.226081651,0.523796272,2.805525951,-0.985188168,-0.071309474,0.000000000,0.000000000,0.000000000,0.000000000,0.000000000,0.000000000
0.466920265,1789526640.821516037,-0.094579522,-1.744629208,-1.620157544,-4.576623384,4.865608692,-4.121524398,0.521444537,-0.226095270,0.523791708,2.805554857,-0.985238143,-0.071351558,0.000000000,0.000000000,0.000000000,0.000000000,0.000000000,0.000000000
0.474932675,1789526640.829528570,-0.094519440,-1.744664971,-1.620073620,-4.576587383,4.865608692,-4.121440474,0.521492437,-0.226067137,0.523804361,2.805559264,-0.985287491,-0.071212678,0.000000000,0.000000000,0.000000000,0.000000000,0.000000000,0.000000000
0.482886650,1789526640.837482452,-0.094567124,-1.744641129,-1.620097939,-4.576635305,4.865621090,-4.121476475,0.521463304,-0.226091435,0.523812769,2.805533321,-0.985289949,-0.071287775,0.000000000,0.000000000,0.000000000,0.000000000,0.000000000,0.000000000
0.490883435,1789526640.845479488,-0.094555203,-1.744653050,-1.620086018,-4.576611463,4.865644932,-4.121524398,0.521474903,-0.226088227,0.523808889,2.805547826,-0.985202054,-0.071248682,0.000000000,0.000000000,0.000000000,0.000000000,0.000000000,0.000000000
0.498825332,1789526640.853421211,-0.094543282,-1.744616810,-1.620121781,-4.576611463,4.865621090,-4.121476475,0.521456108,-0.226077804,0.523812628,2.805549969,-0.985261207,-0.071249824,0.000000000,0.000000000,0.000000000,0.000000000,0.000000000,0.000000000
0.506838086,1789526640.861462831,-0.094519440,-1.744604890,-1.620121781,-4.576647464,4.865608692,-4.121476475,0.521453999,-0.226063545,0.523823337,2.805566788,-0.985227372,-0.071286286,0.000000000,0.000000000,0.000000000,0.000000000,0.000000000,0.000000000
0.514912964,1789526640.869508982,-0.094543282,-1.744641129,-1.620097939,-4.576611463,4.865608692,-4.121512238,0.521470698,-0.226078043,0.523809661,2.805579201,-0.985215932,-0.071259886,0.000000000,0.000000000,0.000000000,0.000000000,0.000000000,0.000000000
0.522906947,1789526640.877502918,-0.094567124,-1.744629208,-1.620133702,-4.576635305,4.865621090,-4.121524398,0.521451220,-0.226090304,0.523803693,2.805552474,-0.985218299,-0.071328009,0.000000000,0.000000000,0.000000000,0.000000000,0.000000000,0.000000000
0.530831360,1789526640.885427237,-0.094555203,-1.744616810,-1.620109860,-4.576611463,4.865608692,-4.121488396,0.521455964,-0.226083121,0.523817631,2.805564073,-0.985268439,-0.071240551,0.000000000,0.000000000,0.000000000,0.000000000,0.000000000,0.000000000
0.538829024,1789526640.893424988,-0.094555203,-1.744616810,-1.620121781,-4.576599542,4.865633011,-4.121476475,0.521454287,-0.226085187,0.523811322,2.805536471,-0.985275903,-0.071229509,0.000000000,0.000000000,0.000000000,0.000000000,0.000000000,0.000000000
0.546826988,1789526640.901422739,-0.094543282,-1.744616810,-1.620097939,-4.576623384,4.865621090,-4.121476475,0.521460076,-0.226078176,0.523824443,2.805552672,-0.985263538,-0.071232697,0.000000000,0.000000000,0.000000000,0.000000000,0.000000000,0.000000000
0.554833762,1789526640.909429550,-0.094555203,-1.744641129,-1.620109860,-4.576611463,4.865633011,-4.121488396,0.521465367,-0.226086241,0.523804822,2.805537188,-0.985254433,-0.071265970,0.000000000,0.000000000,0.000000000,0.000000000,0.000000000,0.000000000
0.562876717,1789526640.917472601,-0.094591443,-1.744581048,-1.620133702,-4.576623384,4.865656853,-4.121512238,0.521427462,-0.226104515,0.523828741,2.805516544,-0.985267900,-0.071229105,0.000000000,0.000000000,0.000000000,0.000000000,0.000000000,0.000000000
0.570889349,1789526640.925485373,-0.094567124,-1.744641129,-1.620097939,-4.576623384,4.865644932,-4.121476475,0.521464093,-0.226093685,0.523811627,2.805514935,-0.985283322,-0.071261286,0.000000000,0.000000000,0.000000000,0.000000000,0.000000000,0.000000000
0.578830287,1789526640.933426142,-0.094543282,-1.744641129,-1.620097939,-4.576599542,4.865633011,-4.121476475,0.521471484,-0.226080337,0.523808526,2.805542069,-0.985259044,-0.071228735,0.000000000,0.000000000,0.000000000,0.000000000,0.000000000,0.000000000
0.586874837,1789526640.941471577,-0.094555203,-1.744616810,-1.620145623,-4.576575462,4.865621090,-4.121512238,0.521451380,-0.226083817,0.523797845,2.805565340,-0.985230625,-0.071238327,0.000000000,0.000000000,0.000000000,0.000000000,0.000000000,0.000000000
0.594801182,1789526640.949397087,-0.094555203,-1.744641129,-1.620109860,-4.576611463,4.865608692,-4.121488396,0.521465540,-0.226084032,0.523804488,2.805558663,-0.985263648,-0.071275521,0.000000000,0.000000000,0.000000000,0.000000000,0.000000000,0.000000000
0.602784171,1789526640.957380533,-0.094591443,-1.744629208,-1.620073620,-4.576623384,4.865656853,-4.121524398,0.521458840,-0.226107468,0.523828786,2.805525592,-0.985253379,-0.071213565,0.000000000,0.000000000,0.000000000,0.000000000,0.000000000,0.000000000
0.610796631,1789526640.965392590,-0.094531361,-1.744629208,-1.620073620,-4.576647464,4.865621090,-4.121488396,0.521470743,-0.226072719,0.523831263,2.805561750,-0.985227620,-0.071250179,0.000000000,0.000000000,0.000000000,0.000000000,0.000000000,0.000000000
0.618813960,1789526640.973409891,-0.094567124,-1.744629208,-1.620097939,-4.576635305,4.865656853,-4.121500317,0.521458356,-0.226094238,0.523819702,2.805516610,-0.985245468,-0.071259570,0.000000000,0.000000000,0.000000000,0.000000000,0.000000000,0.000000000
0.626817295,1789526640.981413126,-0.094519440,-1.744616810,-1.620097939,-4.576635305,4.865621090,-4.121500317,0.521464508,-0.226065659,0.523825912,2.805573495,-0.985194241,-0.071249822,0.000000000,0.000000000,0.000000000,0.000000000,0.000000000,0.000000000
0.634839245,1789526640.989459515,-0.094555203,-1.744616810,-1.620121781,-4.576623384,4.865633011,-4.121476475,0.521452370,-0.226085019,0.523814260,2.805531138,-0.985271087,-0.071263759,0.000000000,0.000000000,0.000000000,0.000000000,0.000000000,0.000000000
0.642804306,1789526640.997400045,-0.094543282,-1.744629208,-1.620097939,-4.576587383,4.865656853,-4.121476475,0.521467598,-0.226082143,0.523813797,2.805526386,-0.985254816,-0.071184760,0.000000000,0.000000000,0.000000000,0.000000000,0.000000000,0.000000000
0.650817741,1789526641.005413532,-0.094531361,-1.744581048,-1.620145623,-4.576599542,4.865644932,-4.121488396,0.521440584,-0.226072043,0.523820467,2.805545912,-0.985223445,-0.071206161,0.000000000,0.000000000,0.000000000,0.000000000,0.000000000,0.000000000
0.658929680,1789526641.013526440,-0.094555203,-1.744653050,-1.620086018,-4.576599542,4.865621090,-4.121488396,0.521476031,-0.226086145,0.523807092,2.805553100,-0.985263747,-0.071236416,0.000000000,0.000000000,0.000000000,0.000000000,0.000000000,0.000000000
0.666875326,1789526641.021471262,-0.094555203,-1.744629208,-1.620097939,-4.576647464,4.865621090,-4.121536318,0.521460328,-0.226084686,0.523820710,2.805569554,-0.985189506,-0.071294097,0.000000000,0.000000000,0.000000000,0.000000000,0.000000000,0.000000000
0.674878475,1789526641.029474258,-0.094543282,-1.744616810,-1.620097939,-4.576647464,4.865644932,-4.121512238,0.521457972,-0.226080172,0.523827737,2.805544556,-0.985199722,-0.071262400,0.000000000,0.000000000,0.000000000,0.000000000,0.000000000,0.000000000
0.682883854,1789526641.037479639,-0.094543282,-1.744616810,-1.620086018,-4.576623384,4.865633011,-4.121488396,0.521462455,-0.226079487,0.523829779,2.805550938,-0.985244751,-0.071212379,0.000000000,0.000000000,0.000000000,0.000000000,0.000000000,0.000000000
0.690825705,1789526641.045421600,-0.094543282,-1.744653050,-1.620157544,-4.576599542,4.865621090,-4.121500317,0.521463945,-0.226078560,0.523776055,2.805548734,-0.985216086,-0.071339175,0.000000000,0.000000000,0.000000000,0.000000000,0.000000000,0.000000000
0.698820212,1789526641.053416014,-0.094519440,-1.744629208,-1.620097939,-4.576587383,4.865656853,-4.121524398,0.521472988,-0.226069710,0.523813797,2.805562213,-0.985154314,-0.071187774,0.000000000,0.000000000,0.000000000,0.000000000,0.000000000,0.000000000
0.706802828,1789526641.061398506,-0.094567124,-1.744664971,-1.620109860,-4.576635305,4.865644932,-4.121500317,0.521470059,-0.226094265,0.523795038,2.805516496,-0.985240568,-0.071332805,0.000000000,0.000000000,0.000000000,0.000000000,0.000000000,0.000000000
0.714830009,1789526641.069425821,-0.094543282,-1.744604890,-1.620157544,-4.576611463,4.865621090,-4.121512238,0.521444024,-0.226076673,0.523803551,2.805562890,-0.985206529,-0.071288537,0.000000000,0.000000000,0.000000000,0.000000000,0.000000000,0.000000000
0.722869959,1789526641.077465773,-0.094579522,-1.744616810,-1.620121781,-4.576599542,4.865633011,-4.121512238,0.521448788,-0.226097868,0.523811322,2.805543297,-0.985260266,-0.071237027,0.000000000,0.000000000,0.000000000,0.000000000,0.000000000,0.000000000
0.730806446,1789526641.085402250,-0.094543282,-1.744604890,-1.620109860,-4.576635305,4.865644932,-4.121488396,0.521451792,-0.226079584,0.523827508,2.805535027,-0.985235437,-0.071241933,0.000000000,0.000000000,0.000000000,0.000000000,0.000000000,0.000000000
0.738812059,1789526641.093408346,-0.094531361,-1.744616810,-1.620121781,-4.576599542,4.865644932,-4.121488396,0.521459592,-0.226073838,0.523811486,2.805543326,-0.985221136,-0.071223335,0.000000000,0.000000000,0.000000000,0.000000000,0.000000000,0.000000000
0.746799410,1789526641.101395130,-0.094567124,-1.744641129,-1.620121781,-4.576611463,4.865644932,-4.121536318,0.521460124,-0.226093313,0.523799812,2.805542895,-0.985197461,-0.071285903,0.000000000,0.000000000,0.000000000,0.000000000,0.000000000,0.000000000
0.754798046,1789526641.109393835,-0.094567124,-1.744629208,-1.620133702,-4.576611463,4.865633011,-4.121500317,0.521453052,-0.226091555,0.523800918,2.805534942,-0.985252209,-0.071286064,0.000000000,0.000000000,0.000000000,0.000000000,0.000000000,0.000000000
0.762810146,1789526641.117406368,-0.094507519,-1.744653050,-1.620109860,-4.576611463,4.865633011,-4.121512238,0.521480841,-0.226061822,0.523798379,2.805569298,-0.985151584,-0.071280128,0.000000000,0.000000000,0.000000000,0.000000000,0.000000000,0.000000000
0.770889461,1789526641.125485659,-0.094555203,-1.744604890,-1.620121781,-4.576635305,4.865608692,-4.121512238,0.521446891,-0.226082279,0.523821838,2.805570923,-0.985230325,-0.071277768,0.000000000,0.000000000,0.000000000,0.000000000,0.000000000,0.000000000
0.778794250,1789526641.133390427,-0.094579522,-1.744629208,-1.620109860,-4.576623384,4.865608692,-4.121476475,0.521454390,-0.226096183,0.523812400,2.805541040,-0.985314511,-0.071277055,0.000000000,0.000000000,0.000000000,0.000000000,0.000000000,0.000000000
0.786817934,1789526641.141414404,-0.094555203,-1.744629208,-1.620121781,-4.576611463,4.865633011,-4.121500317,0.521458210,-0.226085567,0.523806091,2.805543264,-0.985237773,-0.071267445,0.000000000,0.000000000,0.000000000,0.000000000,0.000000000,0.000000000
0.794807355,1789526641.149403334,-0.094555203,-1.744641129,-1.620109860,-4.576587383,4.865608692,-4.121524398,0.521467475,-0.226084201,0.523801520,2.805582497,-0.985218259,-0.071245433,0.000000000,0.000000000,0.000000000,0.000000000,0.000000000,0.000000000
0.802778847,1789526641.157374859,-0.094543282,-1.744629208,-1.620109860,-4.576623384,4.865633011,-4.121476475,0.521462411,-0.226079495,0.523812733,2.805536702,-0.985254209,-0.071262969,0.000000000,0.000000000,0.000000000,0.000000000,0.000000000,0.000000000
0.810718261,1789526641.165313959,-0.094531361,-1.744604890,-1.620109860,-4.576611463,4.865608692,-4.121476475,0.521456660,-0.226070243,0.523824073,2.805571891,-0.985253817,-0.071218934,0.000000000,0.000000000,0.000000000,0.000000000,0.000000000,0.000000000
0.818816478,1789526641.173412323,-0.094555203,-1.744616810,-1.620121781,-4.576647464,4.865621090,-4.121512238,0.521450520,-0.226083766,0.523817064,2.805554603,-0.985220823,-0.071307509,0.000000000,0.000000000,0.000000000,0.000000000,0.000000000,0.000000000
0.826787621,1789526641.181383371,-0.094543282,-1.744629208,-1.620109860,-4.576623384,4.865656853,-4.121464316,0.521462241,-0.226081661,0.523813060,2.805509418,-0.985262147,-0.071252082,0.000000000,0.000000000,0.000000000,0.000000000,0.000000000,0.000000000
0.834798828,1789526641.189394712,-0.094531361,-1.744616810,-1.620109860,-4.576611463,4.865633011,-4.121476475,0.521461182,-0.226072899,0.523817964,2.805547764,-0.985242254,-0.071226524,0.000000000,0.000000000,0.000000000,0.000000000,0.000000000,0.000000000
0.842787357,1789526641.197383404,-0.094555203,-1.744629208,-1.620145623,-4.576635305,4.865621090,-4.121476475,0.521451452,-0.226083860,0.523798520,2.805530869,-0.985266015,-0.071337647,0.000000000,0.000000000,0.000000000,0.000000000,0.000000000,0.000000000
0.850770717,1789526641.205367327,-0.094531361,-1.744604890,-1.620145623,-4.576623384,4.865633011,-4.121488396,0.521448140,-0.226071684,0.523810357,2.805545802,-0.985218448,-0.071279377,0.000000000,0.000000000,0.000000000,0.000000000,0.000000000,0.000000000
0.858871800,1789526641.213467836,-0.094555203,-1.744604890,-1.620121781,-4.576575462,4.865584850,-4.121488396,0.521451870,-0.226080534,0.523814136,2.805593147,-0.985284722,-0.071198181,0.000000000,0.000000000,0.000000000,0.000000000,0.000000000,0.000000000
0.866869776,1789526641.221465826,-0.094591443,-1.744641129,-1.620109860,-4.576623384,4.865608692,-4.121476475,0.521456388,-0.226102845,0.523805957,2.805532751,-0.985328967,-0.071295689,0.000000000,0.000000000,0.000000000,0.000000000,0.000000000,0.000000000
0.874882599,1789526641.229478359,-0.094531361,-1.744641129,-1.620109860,-4.576623384,4.865608692,-4.121476475,0.521469972,-0.226071515,0.523805957,2.805561161,-0.985244269,-0.071288172,0.000000000,0.000000000,0.000000000,0.000000000,0.000000000,0.000000000
0.882822193,1789526641.237417936,-0.094555203,-1.744653050,-1.620121781,-4.576587383,4.865621090,-4.121488396,0.521469618,-0.226085546,0.523790075,2.805547765,-0.985259095,-0.071270328,0.000000000,0.000000000,0.000000000,0.000000000,0.000000000,0.000000000
0.890777983,1789526641.245373964,-0.094543282,-1.744604890,-1.620133702,-4.576623384,4.865644932,-4.121476475,0.521447824,-0.226079212,0.523815693,2.805526215,-0.985249745,-0.071257569,0.000000000,0.000000000,0.000000000,0.000000000,0.000000000,0.000000000
0.898771441,1789526641.253367186,-0.094543282,-1.744653050,-1.620121781,-4.576611463,4.865596771,-4.121488396,0.521470550,-0.226076950,0.523792709,2.805569489,-0.985246641,-0.071312981,0.000000000,0.000000000,0.000000000,0.000000000,0.000000000,0.000000000
0.906775707,1789526641.261371613,-0.094543282,-1.744629208,-1.620097939,-4.576611463,4.865596771,-4.121512238,0.521466089,-0.226076514,0.523815940,2.805592380,-0.985222798,-0.071247426,0.000000000,0.000000000,0.000000000,0.000000000,0.000000000,0.000000000
0.914793741,1789526641.269389868,-0.094531361,-1.744641129,-1.620133702,-4.576659385,4.865668774,-4.121476475,0.521461726,-0.226076265,0.523800872,2.805494681,-0.985209491,-0.071350540,0.000000000,0.000000000,0.000000000,0.000000000,0.000000000,0.000000000
0.922837465,1789526641.277433634,-0.094543282,-1.744604890,-1.620097939,-4.576635305,4.865644932,-4.121476475,0.521454255,-0.226079812,0.523832681,2.805531604,-0.985254446,-0.071223314,0.000000000,0.000000000,0.000000000,0.000000000,0.000000000,0.000000000
0.930808888,1789526641.285404682,-0.094567124,-1.744616810,-1.620121781,-4.576599542,4.865644932,-4.121464316,0.521451507,-0.226092486,0.523811486,2.805514077,-0.985305163,-0.071224797,0.000000000,0.000000000,0.000000000,0.000000000,0.000000000,0.000000000
0.938792539,1789526641.293388605,-0.094555203,-1.744641129,-1.620109860,-4.576611463,4.865656853,-4.121488396,0.521465198,-0.226088408,0.523805149,2.805516135,-0.985245399,-0.071256605,0.000000000,0.000000000,0.000000000,0.000000000,0.000000000,0.000000000
0.946772025,1789526641.301367760,-0.094615285,-1.744629208,-1.620097939,-4.576635305,4.865621090,-4.121512238,0.521447721,-0.226116102,0.523819212,2.805531526,-0.985310272,-0.071281135,0.000000000,0.000000000,0.000000000,0.000000000,0.000000000,0.000000000
0.954771720,1789526641.309367657,-0.094531361,-1.744616810,-1.620097939,-4.576623384,4.865596771,-4.121512238,0.521462944,-0.226069750,0.523824109,2.805598108,-0.985206028,-0.071245232,0.000000000,0.000000000,0.000000000,0.000000000,0.000000000,0.000000000
0.962802712,1789526641.317398548,-0.094543282,-1.744616810,-1.620121781,-4.576623384,4.865608692,-4.121476475,0.521455238,-0.226076593,0.523813927,2.805558250,-0.985263497,-0.071271819,0.000000000,0.000000000,0.000000000,0.000000000,0.000000000,0.000000000
0.970825868,1789526641.325421810,-0.094555203,-1.744604890,-1.620121781,-4.576611463,4.865633011,-4.121500317,0.521448634,-0.226084657,0.523819234,2.805548673,-0.985242565,-0.071232475,0.000000000,0.000000000,0.000000000,0.000000000,0.000000000,0.000000000
0.978770291,1789526641.333365917,-0.094543282,-1.744604890,-1.620121781,-4.576599542,4.865621090,-4.121524398,0.521452372,-0.226077441,0.523817601,2.805579842,-0.985199072,-0.071221553,0.000000000,0.000000000,0.000000000,0.000000000,0.000000000,0.000000000
0.986796272,1789526641.341392279,-0.094555203,-1.744616810,-1.620086018,-4.576647464,4.865644932,-4.121464316,0.521457740,-0.226086617,0.523832911,2.805517049,-0.985285787,-0.071240768,0.000000000,0.000000000,0.000000000,0.000000000,0.000000000,0.000000000
0.994733078,1789526641.349329233,-0.094543282,-1.744616810,-1.620097939,-4.576575462,4.865644932,-4.121524398,0.521463759,-0.226080680,0.523818865,2.805566891,-0.985197291,-0.071160486,0.000000000,0.000000000,0.000000000,0.000000000,0.000000000,0.000000000
1.002775028,1789526641.357371807,-0.094555203,-1.744616810,-1.620133702,-4.576682989,4.865621090,-4.121500317,0.521445202,-0.226083288,0.523816269,2.805537862,-0.985227918,-0.071374176,0.000000000,0.000000000,0.000000000,0.000000000,0.000000000,0.000000000
1.010777276,1789526641.365373135,-0.094555203,-1.744616810,-1.620133702,-4.576635305,4.865633011,-4.121476475,0.521448949,-0.226084707,0.523810556,2.805525786,-0.985266310,-0.071298010,0.000000000,0.000000000,0.000000000,0.000000000,0.000000000,0.000000000
1.018896445,1789526641.373492479,-0.094567124,-1.744604890,-1.620109860,-4.576587383,4.865644932,-4.121488396,0.521450253,-0.226092354,0.523821603,2.805534472,-0.985278725,-0.071176074,0.000000000,0.000000000,0.000000000,0.000000000,0.000000000,0.000000000
1.026767414,1789526641.381363392,-0.094543282,-1.744641129,-1.620121781,-4.576599542,4.865608692,-4.121512238,0.521466730,-0.226077671,0.523797846,2.805576498,-0.985213601,-0.071277015,0.000000000,0.000000000,0.000000000,0.000000000,0.000000000,0.000000000
1.034792077,1789526641.389388084,-0.094531361,-1.744616810,-1.620121781,-4.576599542,4.865633011,-4.121476475,0.521459677,-0.226072754,0.523811322,2.805547745,-0.985242292,-0.071226525,0.000000000,0.000000000,0.000000000,0.000000000,0.000000000,0.000000000
1.042761754,1789526641.397357941,-0.094555203,-1.744604890,-1.620121781,-4.576623384,4.865633011,-4.121488396,0.521447676,-0.226084573,0.523820703,2.805539899,-0.985256797,-0.071248108,0.000000000,0.000000000,0.000000000,0.000000000,0.000000000,0.000000000
1.050739823,1789526641.405335903,-0.094531361,-1.744616810,-1.620121781,-4.576611463,4.865644932,-4.121476475,0.521458634,-0.226073754,0.523812955,2.805534552,-0.985235368,-0.071238968,0.000000000,0.000000000,0.000000000,0.000000000,0.000000000,0.000000000
1.058811402,1789526641.413407326,-0.094555203,-1.744604890,-1.620121781,-4.576635305,4.865596771,-4.121488396,0.521446975,-0.226081196,0.523821675,2.805569233,-0.985268121,-0.071279467,0.000000000,0.000000000,0.000000000,0.000000000,0.000000000,0.000000000
1.066879659,1789526641.421475649,-0.094555203,-1.744604890,-1.620109860,-4.576635305,4.865644932,-4.121476475,0.521449097,-0.226085800,0.523827508,2.805523282,-0.985268881,-0.071241933,0.000000000,0.000000000,0.000000000,0.000000000,0.000000000,0.000000000
1.074824957,1789526641.429420710,-0.094531361,-1.744641129,-1.620086018,-4.576611463,4.865621090,-4.121488396,0.521475769,-0.226073181,0.523815004,2.805564359,-0.985230078,-0.071233415,0.000000000,0.000000000,0.000000000,0.000000000,0.000000000,0.000000000
1.082820071,1789526641.437415838,-0.094567124,-1.744629208,-1.620121781,-4.576623384,4.865633011,-4.121488396,0.521454557,-0.226091699,0.523807560,2.805528852,-0.985268810,-0.071284570,0.000000000,0.000000000,0.000000000,0.000000000,0.000000000,0.000000000
1.090758762,1789526641.445354462,-0.094555203,-1.744592969,-1.620121781,-4.576623384,4.865633011,-4.121488396,0.521442982,-0.226084127,0.523827145,2.805542550,-0.985259146,-0.071230966,0.000000000,0.000000000,0.000000000,0.000000000,0.000000000,0.000000000
1.098773799,1789526641.453369617,-0.094519440,-1.744616810,-1.620097939,-4.576611463,4.865633011,-4.121488396,0.521466340,-0.226066910,0.523823137,2.805562194,-0.985211179,-0.071209397,0.000000000,0.000000000,0.000000000,0.000000000,0.000000000,0.000000000
1.106745357,1789526641.461341143,-0.094555203,-1.744616810,-1.620073620,-4.576611463,4.865644932,-4.121524398,0.521463195,-0.226087107,0.523833854,2.805558679,-0.985211659,-0.071178758,0.000000000,0.000000000,0.000000000,0.000000000,0.000000000,0.000000000
1.114753386,1789526641.469349384,-0.094543282,-1.744616810,-1.620133702,-4.576611463,4.865621090,-4.121500317,0.521453645,-0.226077576,0.523807455,2.805559500,-0.985225558,-0.071269934,0.000000000,0.000000000,0.000000000,0.000000000,0.000000000,0.000000000
1.122819814,1789526641.477415562,-0.094555203,-1.744653050,-1.620121781,-4.576647464,4.865621090,-4.121500317,0.521464789,-0.226085123,0.523797479,2.805540432,-0.985230321,-0.071358130,0.000000000,0.000000000,0.000000000,0.000000000,0.000000000,0.000000000
1.130759325,1789526641.485355377,-0.094555203,-1.744629208,-1.620073620,-4.576599542,4.865621090,-4.121476475,0.521469204,-0.226085489,0.523825358,2.805555087,-0.985287548,-0.071182828,0.000000000,0.000000000,0.000000000,0.000000000,0.000000000,0.000000000
1.138745970,1789526641.493341923,-0.094555203,-1.744616810,-1.620086018,-4.576611463,4.865633011,-4.121500317,0.521460718,-0.226085787,0.523828310,2.805554076,-0.985247324,-0.071198238,0.000000000,0.000000000,0.000000000,0.000000000,0.000000000,0.000000000
1.146754904,1789526641.501350641,-0.094555203,-1.744604890,-1.620109860,-4.576587383,4.865633011,-4.121512238,0.521453033,-0.226085054,0.523821439,2.805562852,-0.985233158,-0.071182247,0.000000000,0.000000000,0.000000000,0.000000000,0.000000000,0.000000000
1.154682975,1789526641.509278774,-0.094555203,-1.744592969,-1.620097939,-4.576599542,4.865572929,-4.121464316,0.521450251,-0.226079291,0.523833729,2.805593970,-0.985325076,-0.071183048,0.000000000,0.000000000,0.000000000,0.000000000,0.000000000,0.000000000
1.162803531,1789526641.517399311,-0.094519440,-1.744653050,-1.620086018,-4.576611463,4.865621090,-4.121500317,0.521483158,-0.226067411,0.523808561,2.805573451,-0.985194284,-0.071250558,0.000000000,0.000000000,0.000000000,0.000000000,0.000000000,0.000000000
1.170808046,1789526641.525403976,-0.094567124,-1.744616810,-1.620109860,-4.576587383,4.865608692,-4.121488396,0.521455204,-0.226089507,0.523814663,2.805563822,-0.985290107,-0.071207449,0.000000000,0.000000000,0.000000000,0.000000000,0.000000000,0.000000000
1.178753665,1789526641.533349276,-0.094543282,-1.744629208,-1.620097939,-4.576623384,4.865621090,-4.121500317,0.521464958,-0.226078640,0.523817743,2.805562131,-0.985227816,-0.071253508,0.000000000,0.000000000,0.000000000,0.000000000,0.000000000,0.000000000
1.186761642,1789526641.541357517,-0.094531361,-1.744616810,-1.620097939,-4.576623384,4.865633011,-4.121488396,0.521462687,-0.226073043,0.523824606,2.805553890,-0.985225576,-0.071228014,0.000000000,0.000000000,0.000000000,0.000000000,0.000000000,0.000000000
1.194748238,1789526641.549344063,-0.094543282,-1.744653050,-1.620109860,-4.576611463,4.865621090,-4.121500317,0.521472841,-0.226079388,0.523798215,2.805556808,-0.985223156,-0.071287794,0.000000000,0.000000000,0.000000000,0.000000000,0.000000000,0.000000000
1.202735417,1789526641.557331562,-0.094531361,-1.744629208,-1.620109860,-4.576635305,4.865633011,-4.121512238,0.521464148,-0.226073195,0.523814202,2.805557996,-0.985185077,-0.071283077,0.000000000,0.000000000,0.000000000,0.000000000,0.000000000,0.000000000
1.210752982,1789526641.565348864,-0.094567124,-1.744616810,-1.620133702,-4.576575462,4.865644932,-4.121488396,0.521450979,-0.226092428,0.523803345,2.805529117,-0.985274045,-0.071210344,0.000000000,0.000000000,0.000000000,0.000000000,0.000000000,0.000000000
1.218826009,1789526641.573423386,-0.094555203,-1.744629208,-1.620121781,-4.576575462,4.865633011,-4.121476475,0.521461104,-0.226085821,0.523801655,2.805539100,-0.985278323,-0.071212744,0.000000000,0.000000000,0.000000000,0.000000000,0.000000000,0.000000000
1.226737476,1789526641.581333160,-0.094531361,-1.744629208,-1.620097939,-4.576599542,4.865621090,-4.121488396,0.521469569,-0.226072591,0.523814805,2.805566992,-0.985232465,-0.071216275,0.000000000,0.000000000,0.000000000,0.000000000,0.000000000,0.000000000
1.234741406,1789526641.589337349,-0.094555203,-1.744604890,-1.620073620,-4.576599542,4.865608692,-4.121464316,0.521459716,-0.226083452,0.523838330,2.805565214,-0.985314010,-0.071151205,0.000000000,0.000000000,0.000000000,0.000000000,0.000000000,0.000000000
1.242713817,1789526641.597310066,-0.094567124,-1.744653050,-1.620086018,-4.576623384,4.865644932,-4.121524398,0.521471250,-0.226094359,0.523810358,2.805539523,-0.985216452,-0.071267299,0.000000000,0.000000000,0.000000000,0.000000000,0.000000000,0.000000000
1.250732885,1789526641.605328798,-0.094555203,-1.744629208,-1.620145623,-4.576599542,4.865596771,-4.121488396,0.521454499,-0.226081902,0.523793779,2.805566453,-0.985265813,-0.071297316,0.000000000,0.000000000,0.000000000,0.000000000,0.000000000,0.000000000
1.258789507,1789526641.613385439,-0.094543282,-1.744616810,-1.620145623,-4.576611463,4.865633011,-4.121476475,0.521451097,-0.226078431,0.523802445,2.805534071,-0.985251951,-0.071279395,0.000000000,0.000000000,0.000000000,0.000000000,0.000000000,0.000000000
1.266798565,1789526641.621394396,-0.094555203,-1.744629208,-1.620109860,-4.576587383,4.865621090,-4.121488396,0.521462693,-0.226084882,0.523808133,2.805555754,-0.985266162,-0.071218917,0.000000000,0.000000000,0.000000000,0.000000000,0.000000000,0.000000000
1.274827065,1789526641.629422903,-0.094555203,-1.744592969,-1.620086018,-4.576575462,4.865633011,-4.121512238,0.521454223,-0.226085148,0.523836759,2.805573538,-0.985242652,-0.071113726,0.000000000,0.000000000,0.000000000,0.000000000,0.000000000,0.000000000
1.282745864,1789526641.637341738,-0.094543282,-1.744604890,-1.620049779,-4.576623384,4.865621090,-4.121500317,0.521465332,-0.226078651,0.523851785,2.805578387,-0.985242179,-0.071149346,0.000000000,0.000000000,0.000000000,0.000000000,0.000000000,0.000000000
1.290779297,1789526641.645375729,-0.094531361,-1.744653050,-1.620109860,-4.576647464,4.865633011,-4.121500317,0.521472558,-0.226074001,0.523802816,2.805543863,-0.985194563,-0.071333337,0.000000000,0.000000000,0.000000000,0.000000000,0.000000000,0.000000000
1.298737696,1789526641.653333426,-0.094555203,-1.744616810,-1.620097939,-4.576647464,4.865644932,-4.121488396,0.521455277,-0.226086389,0.523827737,2.805526703,-0.985249806,-0.071260908,0.000000000,0.000000000,0.000000000,0.000000000,0.000000000,0.000000000
1.306734386,1789526641.661330462,-0.094555203,-1.744653050,-1.620121781,-4.576623384,4.865633011,-4.121488396,0.521466640,-0.226086376,0.523794675,2.805529184,-0.985247307,-0.071317363,0.000000000,0.000000000,0.000000000,0.000000000,0.000000000,0.000000000
1.314728108,1789526641.669323683,-0.094543282,-1.744629208,-1.620121781,-4.576599542,4.865596771,-4.121512238,0.521462120,-0.226076142,0.523804125,2.805589677,-0.985220467,-0.071264554,0.000000000,0.000000000,0.000000000,0.000000000,0.000000000,0.000000000
1.322799646,1789526641.677395344,-0.094567124,-1.744629208,-1.620086018,-4.576599542,4.865572929,-4.121476475,0.521464289,-0.226087092,0.523819317,2.805589187,-0.985320138,-0.071221047,0.000000000,0.000000000,0.000000000,0.000000000,0.000000000,0.000000000
1.330744027,1789526641.685339928,-0.094543282,-1.744629208,-1.620145623,-4.576599542,4.865621090,-4.121524398,0.521457021,-0.226077896,0.523794113,2.805569062,-0.985189542,-0.071290777,0.000000000,0.000000000,0.000000000,0.000000000,0.000000000,0.000000000
1.338744201,1789526641.693340063,-0.094531361,-1.744592969,-1.620121781,-4.576587383,4.865644932,-4.121524398,0.521451181,-0.226073031,0.523822872,2.805569795,-0.985178038,-0.071176088,0.000000000,0.000000000,0.000000000,0.000000000,0.000000000,0.000000000
1.346718261,1789526641.701313972,-0.094543282,-1.744604890,-1.620086018,-4.576635305,4.865621090,-4.121500317,0.521456887,-0.226077873,0.523837527,2.805567559,-0.985232569,-0.071218536,0.000000000,0.000000000,0.000000000,0.000000000,0.000000000,0.000000000
1.354743778,1789526641.709339619,-0.094555203,-1.744641129,-1.620086018,-4.576623384,4.865621090,-4.121548001,0.521469420,-0.226085530,0.523816473,2.805580960,-0.985178083,-0.071260982,0.000000000,0.000000000,0.000000000,0.000000000,0.000000000,0.000000000
1.362775079,1789526641.717370987,-0.094531361,-1.744629208,-1.620145623,-4.576635305,4.865608692,-4.121488396,0.521456930,-0.226070301,0.523798350,2.805559198,-0.985220463,-0.071341025,0.000000000,0.000000000,0.000000000,0.000000000,0.000000000,0.000000000
1.370795618,1789526641.725392103,-0.094531361,-1.744629208,-1.620133702,-4.576611463,4.865608692,-4.121500317,0.521461310,-0.226070697,0.523800585,2.805573326,-0.985211008,-0.071291140,0.000000000,0.000000000,0.000000000,0.000000000,0.000000000,0.000000000
1.378714762,1789526641.733310938,-0.094543282,-1.744604890,-1.620109860,-4.576623384,4.865608692,-4.121488396,0.521453007,-0.226076375,0.523825542,2.805569695,-0.985251575,-0.071239042,0.000000000,0.000000000,0.000000000,0.000000000,0.000000000,0.000000000
1.386711535,1789526641.741307497,-0.094519440,-1.744629208,-1.620109860,-4.576611463,4.865633011,-4.121476475,0.521468759,-0.226067146,0.523811264,2.805550642,-0.985223006,-0.071242860,0.000000000,0.000000000,0.000000000,0.000000000,0.000000000,0.000000000
1.394714607,1789526641.749310493,-0.094543282,-1.744604890,-1.620133702,-4.576623384,4.865608692,-4.121512238,0.521448081,-0.226075919,0.523815196,2.805576541,-0.985213558,-0.071276278,0.000000000,0.000000000,0.000000000,0.000000000,0.000000000,0.000000000
1.402734486,1789526641.757330418,-0.094531361,-1.744616810,-1.620109860,-4.576635305,4.865621090,-4.121488396,0.521459350,-0.226071647,0.523820739,2.805559065,-0.985225316,-0.071266948,0.000000000,0.000000000,0.000000000,0.000000000,0.000000000,0.000000000
1.410709219,1789526641.765305042,-0.094543282,-1.744629208,-1.620097939,-4.576599542,4.865633011,-4.121476475,0.521466790,-0.226079891,0.523814968,2.805544720,-0.985261393,-0.071211592,0.000000000,0.000000000,0.000000000,0.000000000,0.000000000,0.000000000
1.418778625,1789526641.773375034,-0.094579522,-1.744629208,-1.620133702,-4.576635305,4.865621090,-4.121488396,0.521448417,-0.226096769,0.523803693,2.805528164,-0.985286028,-0.071325056,0.000000000,0.000000000,0.000000000,0.000000000,0.000000000,0.000000000
1.426724020,1789526641.781319857,-0.094531361,-1.744641129,-1.620121781,-4.576623384,4.865633011,-4.121488396,0.521467336,-0.226073497,0.523801118,2.805543109,-0.985216045,-0.071297237,0.000000000,0.000000000,0.000000000,0.000000000,0.000000000,0.000000000
1.434737319,1789526641.789333344,-0.094555203,-1.744641129,-1.620121781,-4.576623384,4.865656853,-4.121524398,0.521461777,-0.226088096,0.523801445,2.805529230,-0.985190370,-0.071295362,0.000000000,0.000000000,0.000000000,0.000000000,0.000000000,0.000000000
1.442714995,1789526641.797311068,-0.094579522,-1.744629208,-1.620097939,-4.576587383,4.865584850,-4.121512238,0.521459916,-0.226094498,0.523812809,2.805591158,-0.985283265,-0.071222049,0.000000000,0.000000000,0.000000000,0.000000000,0.000000000,0.000000000
1.450695155,1789526641.805291891,-0.094567124,-1.744616810,-1.620133702,-4.576599542,4.865644932,-4.121512238,0.521449044,-0.226092258,0.523806313,2.805535948,-0.985235903,-0.071247921,0.000000000,0.000000000,0.000000000,0.000000000,0.000000000,0.000000000
1.458741574,1789526641.813337564,-0.094567124,-1.744629208,-1.620121781,-4.576647464,4.865608692,-4.121488396,0.521452794,-0.226089320,0.523810194,2.805544939,-0.985273162,-0.071328715,0.000000000,0.000000000,0.000000000,0.000000000,0.000000000,0.000000000
1.466785015,1789526641.821380854,-0.094555203,-1.744653050,-1.620133702,-4.576659385,4.865633011,-4.121452395,0.521461284,-0.226085894,0.523793939,2.805499995,-0.985287916,-0.071381700,0.000000000,0.000000000,0.000000000,0.000000000,0.000000000,0.000000000
1.474789484,1789526641.829385519,-0.094531361,-1.744641129,-1.620133702,-4.576623384,4.865596771,-4.121476475,0.521465130,-0.226069976,0.523795448,2.805566316,-0.985244048,-0.071327107,0.000000000,0.000000000,0.000000000,0.000000000,0.000000000,0.000000000
1.482755327,1789526641.837351084,-0.094567124,-1.744604890,-1.620133702,-4.576647464,4.865633011,-4.121512238,0.521440583,-0.226090391,0.523818497,2.805538407,-0.985233090,-0.071304303,0.000000000,0.000000000,0.000000000,0.000000000,0.000000000,0.000000000
1.490746492,1789526641.845342398,-0.094555203,-1.744653050,-1.620121781,-4.576647464,4.865584850,-4.121476475,0.521465046,-0.226081830,0.523796982,2.805560215,-0.985277333,-0.071369382,0.000000000,0.000000000,0.000000000,0.000000000,0.000000000,0.000000000
1.498811738,1789526641.853408337,-0.094567124,-1.744592969,-1.620145623,-4.576635305,4.865584850,-4.121512238,0.521434744,-0.226085426,0.523817607,2.805583622,-0.985253775,-0.071305735,0.000000000,0.000000000,0.000000000,0.000000000,0.000000000,0.000000000
1.506715293,1789526641.861311197,-0.094531361,-1.744604890,-1.620109860,-4.576587383,4.865633011,-4.121500317,0.521458423,-0.226072622,0.523821439,2.805568018,-0.985216187,-0.071177772,0.000000000,0.000000000,0.000000000,0.000000000,0.000000000,0.000000000
1.514729228,1789526641.869325399,-0.094555203,-1.744641129,-1.620121781,-4.576611463,4.865621090,-4.121500317,0.521462989,-0.226084930,0.523799485,2.805551138,-0.985239941,-0.071289270,0.000000000,0.000000000,0.000000000,0.000000000,0.000000000,0.000000000
1.522791835,1789526641.877387762,-0.094543282,-1.744629208,-1.620073620,-4.576611463,4.865608692,-4.121500317,0.521471029,-0.226078062,0.523826657,2.805581223,-0.985239754,-0.071206314,0.000000000,0.000000000,0.000000000,0.000000000,0.000000000,0.000000000
1.530721790,1789526641.885317564,-0.094567124,-1.744629208,-1.620121781,-4.576659385,4.865621090,-4.121512238,0.521451748,-0.226090363,0.523811833,2.805543542,-0.985232777,-0.071343954,0.000000000,0.000000000,0.000000000,0.000000000,0.000000000,0.000000000
1.538705600,1789526641.893301487,-0.094543282,-1.744629208,-1.620145623,-4.576611463,4.865621090,-4.121488396,0.521456063,-0.226077812,0.523795582,2.805547948,-0.985237386,-0.071303397,0.000000000,0.000000000,0.000000000,0.000000000,0.000000000,0.000000000
1.546724814,1789526641.901320696,-0.094531361,-1.744616810,-1.620097939,-4.576623384,4.865644932,-4.121488396,0.521462602,-0.226074126,0.523824770,2.805543363,-0.985221060,-0.071223332,0.000000000,0.000000000,0.000000000,0.000000000,0.000000000,0.000000000
1.554682341,1789526641.909278154,-0.094555203,-1.744664971,-1.620121781,-4.576647464,4.865644932,-4.121488396,0.521469314,-0.226087735,0.523791364,2.805510618,-0.985235576,-0.071364415,0.000000000,0.000000000,0.000000000,0.000000000,0.000000000,0.000000000
1.562756247,1789526641.917352200,-0.094543282,-1.744629208,-1.620121781,-4.576623384,4.865668774,-4.121488396,0.521459694,-0.226082516,0.523808051,2.805508545,-0.985221649,-0.071267540,0.000000000,0.000000000,0.000000000,0.000000000,0.000000000,0.000000000
1.570753013,1789526641.925348759,-0.094507519,-1.744616810,-1.620133702,-4.576587383,4.865656853,-4.121488396,0.521463412,-0.226062346,0.523804978,2.805544108,-0.985183096,-0.071215328,0.000000000,0.000000000,0.000000000,0.000000000,0.000000000,0.000000000
1.578705380,1789526641.933301210,-0.094543282,-1.744604890,-1.620121781,-4.576587383,4.865608692,-4.121488396,0.521453437,-0.226076401,0.523815933,2.805575063,-0.985256477,-0.071204451,0.000000000,0.000000000,0.000000000,0.000000000,0.000000000,0.000000000
1.586697231,1789526641.941293240,-0.094531361,-1.744629208,-1.620121781,-4.576659385,4.865596771,-4.121488396,0.521460006,-0.226069504,0.523811500,2.805569708,-0.985224856,-0.071346047,0.000000000,0.000000000,0.000000000,0.000000000,0.000000000,0.000000000
1.594724522,1789526641.949320555,-0.094519440,-1.744629208,-1.620086018,-4.576623384,4.865644932,-4.121512238,0.521472642,-0.226068601,0.523823243,2.805561143,-0.985170902,-0.071225525,0.000000000,0.000000000,0.000000000,0.000000000,0.000000000,0.000000000
1.602706648,1789526641.957302570,-0.094519440,-1.744629208,-1.620145623,-4.576599542,4.865621090,-4.121488396,0.521462411,-0.226065463,0.523794113,2.805561888,-0.985206183,-0.071283289,0.000000000,0.000000000,0.000000000,0.000000000,0.000000000,0.000000000
1.610697982,1789526641.965293884,-0.094543282,-1.744629208,-1.620133702,-4.576635305,4.865621090,-4.121524398,0.521456611,-0.226077872,0.523803693,2.805563747,-0.985184688,-0.071325026,0.000000000,0.000000000,0.000000000,0.000000000,0.000000000,0.000000000
1.618716101,1789526641.973312616,-0.094543282,-1.744653050,-1.620086018,-4.576599542,4.865644932,-4.121476475,0.521478557,-0.226082094,0.523807420,2.805531575,-0.985254548,-0.071224068,0.000000000,0.000000000,0.000000000,0.000000000,0.000000000,0.000000000
1.626697468,1789526641.981293201,-0.094555203,-1.744629208,-1.620097939,-4.576635305,4.865644932,-4.121488396,0.521461136,-0.226086938,0.523819539,2.805526665,-0.985249819,-0.071261268,0.000000000,0.000000000,0.000000000,0.000000000,0.000000000,0.000000000
1.634715865,1789526641.989311695,-0.094531361,-1.744604890,-1.620109860,-4.576599542,4.865644932,-4.121500317,0.521457361,-0.226073619,0.523823101,2.805554771,-0.985209215,-0.071190558,0.000000000,0.000000000,0.000000000,0.000000000,0.000000000,0.000000000
1.642673219,1789526641.997268915,-0.094543282,-1.744629208,-1.620109860,-4.576611463,4.865608692,-4.121464316,0.521463541,-0.226077369,0.523810930,2.805554613,-0.985282803,-0.071253874,0.000000000,0.000000000,0.000000000,0.000000000,0.000000000,0.000000000
1.650643476,1789526642.005239964,-0.094555203,-1.744604890,-1.620109860,-4.576635305,4.865692616,-4.121512238,0.521448759,-0.226090133,0.523828163,2.805499499,-0.985200895,-0.071227681,0.000000000,0.000000000,0.000000000,0.000000000,0.000000000,0.000000000
1.658710127,1789526642.013306141,-0.094531361,-1.744629208,-1.620121781,-4.576623384,4.865584850,-4.121488396,0.521462984,-0.226068675,0.523806900,2.805588290,-0.985236643,-0.071299013,0.000000000,0.000000000,0.000000000,0.000000000,0.000000000,0.000000000
1.666765175,1789526642.021360874,-0.094531361,-1.744604890,-1.620133702,-4.576623384,4.865633011,-4.121536318,0.521450603,-0.226071912,0.523815530,2.805573041,-0.985153926,-0.071268248,0.000000000,0.000000000,0.000000000,0.000000000,0.000000000,0.000000000
1.674768010,1789526642.029363871,-0.094555203,-1.744616810,-1.620133702,-4.576599542,4.865621090,-4.121476475,0.521451908,-0.226083876,0.523805986,2.805544313,-0.985278050,-0.071251318,0.000000000,0.000000000,0.000000000,0.000000000,0.000000000,0.000000000
1.682749852,1789526642.037345886,-0.094555203,-1.744641129,-1.620086018,-4.576611463,4.865644932,-4.121512238,0.521470209,-0.226087781,0.523815331,2.805544248,-0.985221376,-0.071230018,0.000000000,0.000000000,0.000000000,0.000000000,0.000000000,0.000000000
1.690752487,1789526642.045348406,-0.094579522,-1.744629208,-1.620121781,-4.576635305,4.865621090,-4.121464316,0.521450881,-0.226096997,0.523808866,2.805518510,-0.985322008,-0.071304916,0.000000000,0.000000000,0.000000000,0.000000000,0.000000000,0.000000000
1.698692207,1789526642.053287983,-0.094543282,-1.744629208,-1.620121781,-4.576623384,4.865644932,-4.121500317,0.521459863,-0.226080350,0.523807724,2.805535707,-0.985214043,-0.071278396,0.000000000,0.000000000,0.000000000,0.000000000,0.000000000,0.000000000
1.706691699,1789526642.061287403,-0.094555203,-1.744629208,-1.620121781,-4.576611463,4.865596771,-4.121512238,0.521458467,-0.226082274,0.523805594,2.805581374,-0.985234865,-0.071283171,0.000000000,0.000000000,0.000000000,0.000000000,0.000000000,0.000000000
1.714681296,1789526642.069277287,-0.094543282,-1.744653050,-1.620121781,-4.576635305,4.865596771,-4.121476475,0.521468634,-0.226076782,0.523795647,2.805558046,-0.985258466,-0.071345740,0.000000000,0.000000000,0.000000000,0.000000000,0.000000000,0.000000000
1.722764581,1789526642.077360392,-0.094579522,-1.744604890,-1.620109860,-4.576635305,4.865608692,-4.121464316,0.521443856,-0.226095188,0.523827011,2.805537553,-0.985333868,-0.071257688,0.000000000,0.000000000,0.000000000,0.000000000,0.000000000,0.000000000
1.730680422,1789526642.085276127,-0.094543282,-1.744653050,-1.620109860,-4.576623384,4.865621090,-4.121488396,0.521471883,-0.226079304,0.523799685,2.805548033,-0.985237388,-0.071303427,0.000000000,0.000000000,0.000000000,0.000000000,0.000000000,0.000000000
1.738698358,1789526642.093294382,-0.094567124,-1.744592969,-1.620109860,-4.576623384,4.865621090,-4.121500317,0.521442835,-0.226089487,0.523832155,2.805556234,-0.985266198,-0.071221505,0.000000000,0.000000000,0.000000000,0.000000000,0.000000000,0.000000000
1.746681656,1789526642.101277351,-0.094543282,-1.744641129,-1.620121781,-4.576623384,4.865680695,-4.121488396,0.521464303,-0.226084046,0.523801772,2.805495366,-0.985214782,-0.071279999,0.000000000,0.000000000,0.000000000,0.000000000,0.000000000,0.000000000
1.754688108,1789526642.109283924,-0.094519440,-1.744616810,-1.620109860,-4.576611463,4.865633011,-4.121488396,0.521463877,-0.226066682,0.523817964,2.805559508,-0.985208809,-0.071226524,0.000000000,0.000000000,0.000000000,0.000000000,0.000000000,0.000000000
1.762712508,1789526642.117308378,-0.094579522,-1.744616810,-1.620145623,-4.576587383,4.865608692,-4.121476475,0.521445012,-0.226095288,0.523799144,2.805543797,-0.985317117,-0.071258889,0.000000000,0.000000000,0.000000000,0.000000000,0.000000000,0.000000000
1.770746394,1789526642.125342131,-0.094543282,-1.744641129,-1.620145623,-4.576635305,4.865621090,-4.121488396,0.521458841,-0.226078090,0.523792077,2.805539962,-0.985230221,-0.071354789,0.000000000,0.000000000,0.000000000,0.000000000,0.000000000,0.000000000
1.778673306,1789526642.133269310,-0.094543282,-1.744616810,-1.620097939,-4.576635305,4.865596771,-4.121512238,0.521459291,-0.226075882,0.523825578,2.805589805,-0.985220426,-0.071263848,0.000000000,0.000000000,0.000000000,0.000000000,0.000000000,0.000000000
1.786729723,1789526642.141325712,-0.094531361,-1.744641129,-1.620086018,-4.576611463,4.865608692,-4.121548001,0.521475856,-0.226072055,0.523814834,2.805605847,-0.985151576,-0.071245743,0.000000000,0.000000000,0.000000000,0.000000000,0.000000000,0.000000000
1.794671692,1789526642.149267673,-0.094555203,-1.744616810,-1.620097939,-4.576611463,4.865656853,-4.121476475,0.521458086,-0.226087725,0.523823465,2.805518121,-0.985269200,-0.071203017,0.000000000,0.000000000,0.000000000,0.000000000,0.000000000,0.000000000
1.802696478,1789526642.157292604,-0.094555203,-1.744616810,-1.620109860,-4.576659385,4.865621090,-4.121512238,0.521452025,-0.226083910,0.523823706,2.805554622,-0.985220784,-0.071307507,0.000000000,0.000000000,0.000000000,0.000000000,0.000000000,0.000000000
1.810667184,1789526642.165263176,-0.094507519,-1.744641129,-1.620097939,-4.576647464,4.865621090,-4.121500317,0.521475802,-0.226060267,0.523814268,2.805571000,-0.985170188,-0.071300767,0.000000000,0.000000000,0.000000000,0.000000000,0.000000000,0.000000000
1.818768390,1789526642.173364162,-0.094555203,-1.744592969,-1.620109860,-4.576611463,4.865656853,-4.121476475,0.521446234,-0.226086605,0.523831176,2.805520739,-0.985271529,-0.071185858,0.000000000,0.000000000,0.000000000,0.000000000,0.000000000,0.000000000
1.826667418,1789526642.181263447,-0.094543282,-1.744629208,-1.620145623,-4.576635305,4.865572929,-4.121512238,0.521454489,-0.226073268,0.523797859,2.805597358,-0.985217541,-0.071359548,0.000000000,0.000000000,0.000000000,0.000000000,0.000000000,0.000000000
1.834690333,1789526642.189286232,-0.094555203,-1.744653050,-1.620109860,-4.576623384,4.865644932,-4.121512238,0.521469019,-0.226087687,0.523800012,2.805533560,-0.985211880,-0.071298538,0.000000000,0.000000000,0.000000000,0.000000000,0.000000000,0.000000000
1.842727761,1789526642.197324276,-0.094555203,-1.744604890,-1.620109860,-4.576575462,4.865633011,-4.121488396,0.521453991,-0.226085138,0.523819970,2.805553302,-0.985268845,-0.071162139,0.000000000,0.000000000,0.000000000,0.000000000,0.000000000,0.000000000
1.850684472,1789526642.205280304,-0.094507519,-1.744604890,-1.620097939,-4.576563541,4.865608692,-4.121488396,0.521468365,-0.226058375,0.523823341,2.805602677,-0.985215613,-0.071131472,0.000000000,0.000000000,0.000000000,0.000000000,0.000000000,0.000000000
1.858647464,1789526642.213243484,-0.094567124,-1.744641129,-1.620109860,-4.576659385,4.865621090,-4.121488396,0.521458906,-0.226091037,0.523810564,2.805531358,-0.985266076,-0.071340986,0.000000000,0.000000000,0.000000000,0.000000000,0.000000000,0.000000000
1.866741949,1789526642.221337795,-0.094567124,-1.744629208,-1.620086018,-4.576623384,4.865621090,-4.121512238,0.521462031,-0.226091300,0.523822916,2.805559650,-0.985247156,-0.071240856,0.000000000,0.000000000,0.000000000,0.000000000,0.000000000,0.000000000
1.874721380,1789526642.229317427,-0.094531361,-1.744641129,-1.620109860,-4.576587383,4.865633011,-4.121464316,0.521472693,-0.226073978,0.523801854,2.805541510,-0.985259298,-0.071225380,0.000000000,0.000000000,0.000000000,0.000000000,0.000000000,0.000000000
1.882700479,1789526642.237296343,-0.094507519,-1.744629208,-1.620109860,-4.576611463,4.865633011,-4.121476475,0.521471454,-0.226060930,0.523811264,2.805556279,-0.985206201,-0.071241368,0.000000000,0.000000000,0.000000000,0.000000000,0.000000000,0.000000000
1.890692360,1789526642.245288134,-0.094531361,-1.744616810,-1.620073620,-4.576647464,4.865621090,-4.121512238,0.521465860,-0.226072255,0.523837963,2.805576724,-0.985196784,-0.071235334,0.000000000,0.000000000,0.000000000,0.000000000,0.000000000,0.000000000
1.898675410,1789526642.253271341,-0.094555203,-1.744629208,-1.620086018,-4.576611463,4.865633011,-4.121476475,0.521465600,-0.226086251,0.523821610,2.805539102,-0.985278160,-0.071213083,0.000000000,0.000000000,0.000000000,0.000000000,0.000000000,0.000000000
1.906672235,1789526642.261268377,-0.094531361,-1.744629208,-1.620145623,-4.576611463,4.865656853,-4.121476475,0.521458505,-0.226074845,0.523796072,2.805515896,-0.985223668,-0.071286366,0.000000000,0.000000000,0.000000000,0.000000000,0.000000000,0.000000000
1.914637189,1789526642.269233465,-0.094579522,-1.744616810,-1.620121781,-4.576611463,4.865633011,-4.121512238,0.521447830,-0.226097784,0.523812791,2.805540631,-0.985257859,-0.071254152,0.000000000,0.000000000,0.000000000,0.000000000,0.000000000,0.000000000
1.922726221,1789526642.277322292,-0.094555203,-1.744616810,-1.620097939,-4.576587383,4.865633011,-4.121524398,0.521460190,-0.226085729,0.523820170,2.805569115,-0.985216205,-0.071183785,0.000000000,0.000000000,0.000000000,0.000000000,0.000000000,0.000000000
1.930668145,1789526642.285264015,-0.094555203,-1.744629208,-1.620097939,-4.576635305,4.865621090,-4.121524398,0.521461305,-0.226084772,0.523819212,2.805566166,-0.985208601,-0.071275138,0.000000000,0.000000000,0.000000000,0.000000000,0.000000000,0.000000000
1.938660080,1789526642.293256044,-0.094567124,-1.744604890,-1.620133702,-4.576635305,4.865608692,-4.121512238,0.521441733,-0.226088267,0.523816665,2.805562602,-0.985244761,-0.071296387,0.000000000,0.000000000,0.000000000,0.000000000,0.000000000,0.000000000
1.946640066,1789526642.301236153,-0.094531361,-1.744629208,-1.620086018,-4.576623384,4.865644932,-4.121488396,0.521469947,-0.226074818,0.523823243,2.805543290,-0.985220986,-0.071224033,0.000000000,0.000000000,0.000000000,0.000000000,0.000000000,0.000000000
1.954661565,1789526642.309257507,-0.094543282,-1.744629208,-1.620086018,-4.576623384,4.865608692,-4.121512238,0.521467509,-0.226077741,0.523822746,2.805581872,-0.985218243,-0.071242742,0.000000000,0.000000000,0.000000000,0.000000000,0.000000000,0.000000000
1.962688973,1789526642.317285299,-0.094543282,-1.744629208,-1.620109860,-4.576647464,4.865633011,-4.121476475,0.521460475,-0.226079325,0.523815701,2.805531315,-0.985249345,-0.071297561,0.000000000,0.000000000,0.000000000,0.000000000,0.000000000,0.000000000
1.970720936,1789526642.325316906,-0.094555203,-1.744629208,-1.620121781,-4.576659385,4.865608692,-4.121476475,0.521454532,-0.226083020,0.523811663,2.805541800,-0.985270588,-0.071342856,0.000000000,0.000000000,0.000000000,0.000000000,0.000000000,0.000000000
1.978644870,1789526642.333240747,-0.094567124,-1.744629208,-1.620073620,-4.576599542,4.865644932,-4.121524398,0.521466340,-0.226093872,0.523825685,2.805552951,-0.985228429,-0.071180953,0.000000000,0.000000000,0.000000000,0.000000000,0.000000000,0.000000000
1.986665972,1789526642.341261864,-0.094555203,-1.744604890,-1.620097939,-4.576623384,4.865633011,-4.121500317,0.521452602,-0.226085029,0.523831049,2.805551377,-0.985244896,-0.071215347,0.000000000,0.000000000,0.000000000,0.000000000,0.000000000,0.000000000
1.994661013,1789526642.349256992,-0.094579522,-1.744641129,-1.620121781,-4.576635305,4.865644932,-4.121476475,0.521455405,-0.226099610,0.523802750,2.805501036,-0.985293652,-0.071314215,0.000000000,0.000000000,0.000000000,0.000000000,0.000000000,0.000000000
2.002689583,1789526642.357285976,-0.094555203,-1.744616810,-1.620121781,-4.576599542,4.865656853,-4.121512238,0.521454118,-0.226087353,0.523811649,2.805533742,-0.985216950,-0.071224620,0.000000000,0.000000000,0.000000000,0.000000000,0.000000000,0.000000000
2.010659118,1789526642.365255117,-0.094519440,-1.744629208,-1.620145623,-4.576623384,4.865621090,-4.121476475,0.521460495,-0.226065295,0.523797051,2.805550446,-0.985218007,-0.071316047,0.000000000,0.000000000,0.000000000,0.000000000,0.000000000,0.000000000
2.018743733,1789526642.373339653,-0.094555203,-1.744629208,-1.620086018,-4.576635305,4.865633011,-4.121488396,0.521463684,-0.226086083,0.523824548,2.805539877,-0.985256705,-0.071248824,0.000000000,0.000000000,0.000000000,0.000000000,0.000000000,0.000000000
2.026659703,1789526642.381255627,-0.094507519,-1.744641129,-1.620109860,-4.576611463,4.865608692,-4.121464316,0.521476320,-0.226059166,0.523804488,2.805568871,-0.985230038,-0.071266542,0.000000000,0.000000000,0.000000000,0.000000000,0.000000000,0.000000000
2.034658381,1789526642.389254332,-0.094567124,-1.744604890,-1.620109860,-4.576611463,4.865596771,-4.121476475,0.521448659,-0.226087808,0.523823910,2.805565506,-0.985308750,-0.071228090,0.000000000,0.000000000,0.000000000,0.000000000,0.000000000,0.000000000
2.042649234,1789526642.397245169,-0.094531361,-1.744641129,-1.620145623,-4.576575462,4.865633011,-4.121512238,0.521466261,-0.226073378,0.523784866,2.805560676,-0.985187706,-0.071265632,0.000000000,0.000000000,0.000000000,0.000000000,0.000000000,0.000000000
2.050653471,1789526642.405249357,-0.094579522,-1.744653050,-1.620121781,-4.576599542,4.865656853,-4.121476475,0.521462889,-0.226101391,0.523792064,2.805495857,-0.985294009,-0.071275300,0.000000000,0.000000000,0.000000000,0.000000000,0.000000000,0.000000000
2.058646355,1789526642.413242102,-0.094531361,-1.744653050,-1.620109860,-4.576611463,4.865633011,-4.121512238,0.521475452,-0.226074255,0.523798379,2.805558026,-0.985185194,-0.071283112,0.000000000,0.000000000,0.000000000,0.000000000,0.000000000,0.000000000
2.066693810,1789526642.421290398,-0.094567124,-1.744604890,-1.620121781,-4.576635305,4.865572929,-4.121512238,0.521444449,-0.226085246,0.523821348,2.805596867,-0.985260681,-0.071293306,0.000000000,0.000000000,0.000000000,0.000000000,0.000000000,0.000000000
2.074723659,1789526642.429319620,-0.094543282,-1.744616810,-1.620133702,-4.576611463,4.865621090,-4.121476475,0.521453645,-0.226077576,0.523807455,2.805547283,-0.985258838,-0.071266951,0.000000000,0.000000000,0.000000000,0.000000000,0.000000000,0.000000000
2.082685639,1789526642.437281609,-0.094543282,-1.744616810,-1.620109860,-4.576599542,4.865596771,-4.121488396,0.521459702,-0.226075906,0.523815998,2.805582904,-0.985258558,-0.071226616,0.000000000,0.000000000,0.000000000,0.000000000,0.000000000,0.000000000
2.090675761,1789526642.445271492,-0.094543282,-1.744629208,-1.620086018,-4.576611463,4.865608692,-4.121488396,0.521468467,-0.226077825,0.523821277,2.805572322,-0.985253930,-0.071222634,0.000000000,0.000000000,0.000000000,0.000000000,0.000000000,0.000000000
2.098628216,1789526642.453224659,-0.094567124,-1.744641129,-1.620109860,-4.576599542,4.865644932,-4.121524398,0.521463546,-0.226093625,0.523803516,2.805542138,-0.985218877,-0.071250160,0.000000000,0.000000000,0.000000000,0.000000000,0.000000000,0.000000000
2.106650620,1789526642.461246490,-0.094531361,-1.744604890,-1.620133702,-4.576587383,4.865656853,-4.121488396,0.521453328,-0.226074332,0.523811420,2.805535486,-0.985219055,-0.071201169,0.000000000,0.000000000,0.000000000,0.000000000,0.000000000,0.000000000
2.114641864,1789526642.469238281,-0.094519440,-1.744616810,-1.620121781,-4.576623384,4.865656853,-4.121488396,0.521460287,-0.226068537,0.523814587,2.805533103,-0.985194999,-0.071251410,0.000000000,0.000000000,0.000000000,0.000000000,0.000000000,0.000000000
2.122703238,1789526642.477299213,-0.094531361,-1.744629208,-1.620121781,-4.576635305,4.865621090,-4.121476475,0.521461769,-0.226071883,0.523808866,2.805547513,-0.985237143,-0.071300411,0.000000000,0.000000000,0.000000000,0.000000000,0.000000000,0.000000000
2.130633214,1789526642.485229492,-0.094543282,-1.744616810,-1.620086018,-4.576611463,4.865668774,-4.121488396,0.521463159,-0.226082820,0.523828801,2.805522024,-0.985233608,-0.071181208,0.000000000,0.000000000,0.000000000,0.000000000,0.000000000,0.000000000
2.138680531,1789526642.493276358,-0.094543282,-1.744616810,-1.620121781,-4.576599542,4.865596771,-4.121524398,0.521457239,-0.226075678,0.523810825,2.805598665,-0.985205937,-0.071248247,0.000000000,0.000000000,0.000000000,0.000000000,0.000000000,0.000000000
2.146616852,1789526642.501213074,-0.094543282,-1.744604890,-1.620097939,-4.576623384,4.865621090,-4.121488396,0.521455382,-0.226077729,0.523830885,2.805561432,-0.985249247,-0.071217046,0.000000000,0.000000000,0.000000000,0.000000000,0.000000000,0.000000000
2.154662985,1789526642.509258747,-0.094519440,-1.744653050,-1.620109860,-4.576623384,4.865621090,-4.121488396,0.521477273,-0.226066871,0.523799685,2.805559306,-0.985203777,-0.071300444,0.000000000,0.000000000,0.000000000,0.000000000,0.000000000,0.000000000
2.162670026,1789526642.517266512,-0.094543282,-1.744653050,-1.620145623,-4.576599542,4.865668774,-4.121488396,0.521466071,-0.226083121,0.523781882,2.805503204,-0.985217026,-0.071301827,0.000000000,0.000000000,0.000000000,0.000000000,0.000000000,0.000000000
2.170706007,1789526642.525301933,-0.094567124,-1.744616810,-1.620086018,-4.576611463,4.865596771,-4.121512238,0.521458280,-0.226088711,0.523827813,2.805586550,-0.985261220,-0.071215454,0.000000000,0.000000000,0.000000000,0.000000000,0.000000000,0.000000000
2.178622030,1789526642.533218145,-0.094555203,-1.744616810,-1.620121781,-4.576623384,4.865596771,-4.121512238,0.521452628,-0.226081726,0.523813763,2.805581465,-0.985234900,-0.071282468,0.000000000,0.000000000,0.000000000,0.000000000,0.000000000,0.000000000
2.186615266,1789526642.541211367,-0.094543282,-1.744641129,-1.620086018,-4.576599542,4.865621090,-4.121476475,0.521474032,-0.226079482,0.523813535,2.805555280,-0.985265930,-0.071216290,0.000000000,0.000000000,0.000000000,0.000000000,0.000000000,0.000000000
2.194623187,1789526642.549219131,-0.094543282,-1.744629208,-1.620133702,-4.576635305,4.865621090,-4.121476475,0.521456611,-0.226077872,0.523803693,2.805539191,-0.985251579,-0.071319029,0.000000000,0.000000000,0.000000000,0.000000000,0.000000000,0.000000000
2.202606096,1789526642.557201862,-0.094531361,-1.744664971,-1.620097939,-4.576611463,4.865572929,-4.121512238,0.521483035,-0.226069470,0.523796285,2.805611114,-0.985207980,-0.071306727,0.000000000,0.000000000,0.000000000,0.000000000,0.000000000,0.000000000
2.210629536,1789526642.565225363,-0.094555203,-1.744629208,-1.620121781,-4.576635305,4.865633011,-4.121500317,0.521456294,-0.226085399,0.523809029,2.805537930,-0.985232958,-0.071301695,0.000000000,0.000000000,0.000000000,0.000000000,0.000000000,0.000000000
2.218712435,1789526642.573308468,-0.094555203,-1.744616810,-1.620109860,-4.576647464,4.865608692,-4.121488396,0.521453071,-0.226082868,0.523822067,2.805556020,-0.985261169,-0.071292269,0.000000000,0.000000000,0.000000000,0.000000000,0.000000000,0.000000000
2.226627249,1789526642.581223249,-0.094531361,-1.744653050,-1.620121781,-4.576635305,4.865644932,-4.121476475,0.521470988,-0.226074942,0.523796308,2.805521155,-0.985223411,-0.071325329,0.000000000,0.000000000,0.000000000,0.000000000,0.000000000,0.000000000
2.234664422,1789526642.589260340,-0.094555203,-1.744592969,-1.620097939,-4.576599542,4.865656853,-4.121500317,0.521449655,-0.226086917,0.523834880,2.805538306,-0.985243027,-0.071154591,0.000000000,0.000000000,0.000000000,0.000000000,0.000000000,0.000000000
2.242622787,1789526642.597218752,-0.094531361,-1.744616810,-1.620109860,-4.576623384,4.865644932,-4.121488396,0.521460139,-0.226073898,0.523819597,2.805540678,-0.985218690,-0.071240458,0.000000000,0.000000000,0.000000000,0.000000000,0.000000000,0.000000000
2.250639663,1789526642.605235815,-0.094543282,-1.744592969,-1.620109860,-4.576575462,4.865584850,-4.121500317,0.521452334,-0.226074100,0.523825752,2.805610229,-0.985255994,-0.071163911,0.000000000,0.000000000,0.000000000,0.000000000,0.000000000,0.000000000
2.258621153,1789526642.613217115,-0.094543282,-1.744616810,-1.620121781,-4.576659385,4.865584850,-4.121488396,0.521452514,-0.226074173,0.523818036,2.805577357,-0.985248621,-0.071334394,0.000000000,0.000000000,0.000000000,0.000000000,0.000000000,0.000000000
2.266680706,1789526642.621276617,-0.094531361,-1.744641129,-1.620133702,-4.576611463,4.865656853,-4.121488396,0.521465662,-0.226075519,0.523794803,2.805522038,-0.985207049,-0.071287874,0.000000000,0.000000000,0.000000000,0.000000000,0.000000000,0.000000000
2.274740588,1789526642.629336357,-0.094543282,-1.744616810,-1.620086018,-4.576611463,4.865596771,-4.121524398,0.521463670,-0.226076278,0.523827813,2.805604054,-0.985210636,-0.071213992,0.000000000,0.000000000,0.000000000,0.000000000,0.000000000,0.000000000
2.282675370,1789526642.637271404,-0.094555203,-1.744653050,-1.620086018,-4.576611463,4.865596771,-4.121476475,0.521475245,-0.226083851,0.523808228,2.805565800,-0.985287194,-0.071261602,0.000000000,0.000000000,0.000000000,0.000000000,0.000000000,0.000000000
2.290658305,1789526642.645254374,-0.094555203,-1.744629208,-1.620121781,-4.576623384,4.865644932,-4.121488396,0.521457168,-0.226086566,0.523807724,2.805523962,-0.985247488,-0.071278396,0.000000000,0.000000000,0.000000000,0.000000000,0.000000000,0.000000000
2.298673322,1789526642.653269291,-0.094543282,-1.744629208,-1.620121781,-4.576611463,4.865621090,-4.121500317,0.521460990,-0.226078268,0.523805928,2.805559427,-0.985225485,-0.071270636,0.000000000,0.000000000,0.000000000,0.000000000,0.000000000,0.000000000
2.306620292,1789526642.661216259,-0.094543282,-1.744616810,-1.620121781,-4.576623384,4.865608692,-4.121488396,0.521455238,-0.226076593,0.523813927,2.805564358,-0.985246857,-0.071273311,0.000000000,0.000000000,0.000000000,0.000000000,0.000000000,0.000000000
2.314621601,1789526642.669217587,-0.094555203,-1.744629208,-1.620109860,-4.576635305,4.865621090,-4.121476475,0.521458842,-0.226084544,0.523814039,2.805538925,-0.985273123,-0.071286268,0.000000000,0.000000000,0.000000000,0.000000000,0.000000000,0.000000000
2.322672303,1789526642.677268267,-0.094579522,-1.744629208,-1.620097939,-4.576635305,4.865656853,-4.121488396,0.521455553,-0.226100703,0.523819702,2.805504639,-0.985279584,-0.071259630,0.000000000,0.000000000,0.000000000,0.000000000,0.000000000,0.000000000
2.330611847,1789526642.685207605,-0.094519440,-1.744629208,-1.620061700,-4.576611463,4.865644932,-4.121488396,0.521478625,-0.226069150,0.523832327,2.805557071,-0.985211422,-0.071170479,0.000000000,0.000000000,0.000000000,0.000000000,0.000000000,0.000000000
2.338621520,1789526642.693217278,-0.094531361,-1.744604890,-1.620121781,-4.576623384,4.865644932,-4.121488396,0.521452982,-0.226073224,0.523820866,2.805540645,-0.985218670,-0.071240442,0.000000000,0.000000000,0.000000000,0.000000000,0.000000000,0.000000000
2.346611797,1789526642.701207638,-0.094543282,-1.744604890,-1.620133702,-4.576599542,4.865596771,-4.121488396,0.521450082,-0.226075004,0.523812094,2.805580185,-0.985256169,-0.071243727,0.000000000,0.000000000,0.000000000,0.000000000,0.000000000,0.000000000
2.354621557,1789526642.709217548,-0.094531361,-1.744592969,-1.620097939,-4.576635305,4.865633011,-4.121488396,0.521452340,-0.226072066,0.523838960,2.805556527,-0.985227867,-0.071210854,0.000000000,0.000000000,0.000000000,0.000000000,0.000000000,0.000000000
2.362686462,1789526642.717282295,-0.094519440,-1.744616810,-1.620121781,-4.576647464,4.865656853,-4.121476475,0.521458351,-0.226068367,0.523817555,2.805521608,-0.985206774,-0.071284510,0.000000000,0.000000000,0.000000000,0.000000000,0.000000000,0.000000000
2.370675195,1789526642.725270987,-0.094531361,-1.744616810,-1.620121781,-4.576623384,4.865608692,-4.121500317,0.521457933,-0.226070377,0.523813927,2.805576103,-0.985213412,-0.071273311,0.000000000,0.000000000,0.000000000,0.000000000,0.000000000,0.000000000
2.378647296,1789526642.733243704,-0.094543282,-1.744629208,-1.620097939,-4.576659385,4.865633011,-4.121512238,0.521461980,-0.226079469,0.523822343,2.805549658,-0.985199388,-0.071302035,0.000000000,0.000000000,0.000000000,0.000000000,0.000000000,0.000000000
2.386575734,1789526642.741171598,-0.094543282,-1.744604890,-1.620133702,-4.576659385,4.865621090,-4.121452395,0.521445100,-0.226076792,0.523819803,2.805526875,-0.985285120,-0.071315637,0.000000000,0.000000000,0.000000000,0.000000000,0.000000000,0.000000000
2.394610996,1789526642.749206781,-0.094567124,-1.744641129,-1.620121781,-4.576575462,4.865644932,-4.121476475,0.521463018,-0.226093566,0.523795376,2.805520284,-0.985288262,-0.071226696,0.000000000,0.000000000,0.000000000,0.000000000,0.000000000,0.000000000
2.402565085,1789526642.757160902,-0.094579522,-1.744604890,-1.620109860,-4.576623384,4.865584850,-4.121488396,0.521444983,-0.226093106,0.523825215,2.805573613,-0.985311697,-0.071252940,0.000000000,0.000000000,0.000000000,0.000000000,0.000000000,0.000000000
2.410617902,1789526642.765213728,-0.094555203,-1.744616810,-1.620097939,-4.576611463,4.865621090,-4.121488396,0.521458339,-0.226084476,0.523822974,2.805555810,-0.985266111,-0.071218555,0.000000000,0.000000000,0.000000000,0.000000000,0.000000000,0.000000000
2.418641499,1789526642.773237228,-0.094519440,-1.744616810,-1.620097939,-4.576623384,4.865608692,-4.121500317,0.521465554,-0.226064617,0.523824273,2.805587110,-0.985201345,-0.071237566,0.000000000,0.000000000,0.000000000,0.000000000,0.000000000,0.000000000
2.426648978,1789526642.781244755,-0.094555203,-1.744641129,-1.620109860,-4.576611463,4.865596771,-4.121524398,0.521465625,-0.226082949,0.523804324,2.805587637,-0.985217913,-0.071284708,0.000000000,0.000000000,0.000000000,0.000000000,0.000000000,0.000000000
2.434629540,1789526642.789225578,-0.094531361,-1.744616810,-1.620097939,-4.576635305,4.865608692,-4.121488396,0.521461901,-0.226070749,0.523825742,2.805572698,-0.985232383,-0.071254691,0.000000000,0.000000000,0.000000000,0.000000000,0.000000000,0.000000000
2.442613535,1789526642.797209501,-0.094531361,-1.744616810,-1.620086018,-4.576623384,4.865656853,-4.121488396,0.521464981,-0.226075437,0.523830107,2.805535521,-0.985218912,-0.071201523,0.000000000,0.000000000,0.000000000,0.000000000,0.000000000,0.000000000
2.450603501,1789526642.805199385,-0.094555203,-1.744604890,-1.620097939,-4.576599542,4.865621090,-4.121488396,0.521454603,-0.226084114,0.523827947,2.805561128,-0.985270867,-0.071184287,0.000000000,0.000000000,0.000000000,0.000000000,0.000000000,0.000000000
2.458609926,1789526642.813205719,-0.094543282,-1.744604890,-1.620121781,-4.576623384,4.865633011,-4.121500317,0.521450371,-0.226078357,0.523820703,2.805551644,-0.985223352,-0.071248108,0.000000000,0.000000000,0.000000000,0.000000000,0.000000000,0.000000000
2.466651736,1789526642.821247816,-0.094567124,-1.744616810,-1.620133702,-4.576635305,4.865608692,-4.121452395,0.521446427,-0.226088713,0.523810223,2.805529284,-0.985325942,-0.071306041,0.000000000,0.000000000,0.000000000,0.000000000,0.000000000,0.000000000
2.474690030,1789526642.829285860,-0.094531361,-1.744653050,-1.620145623,-4.576623384,4.865656853,-4.121524398,0.521466934,-0.226075653,0.523784657,2.805532480,-0.985149672,-0.071343773,0.000000000,0.000000000,0.000000000,0.000000000,0.000000000,0.000000000
2.482635927,1789526642.837231874,-0.094543282,-1.744616810,-1.620109860,-4.576599542,4.865656853,-4.121476475,0.521459276,-0.226081365,0.523816822,2.805523739,-0.985252433,-0.071201526,0.000000000,0.000000000,0.000000000,0.000000000,0.000000000,0.000000000
2.490607837,1789526642.845203876,-0.094531361,-1.744592969,-1.620145623,-4.576635305,4.865621090,-4.121500317,0.521442573,-0.226070071,0.523818104,2.805562422,-0.985206267,-0.071285534,0.000000000,0.000000000,0.000000000,0.000000000,0.000000000,0.000000000
2.498600740,1789526642.853196859,-0.094567124,-1.744604890,-1.620121781,-4.576611463,4.865608692,-4.121488396,0.521446112,-0.226088663,0.523818900,2.805558403,-0.985285224,-0.071242026,0.000000000,0.000000000,0.000000000,0.000000000,0.000000000,0.000000000
2.506616907,1789526642.861212730,-0.094543282,-1.744616810,-1.620133702,-4.576599542,4.865621090,-4.121524398,0.521454603,-0.226077660,0.523805986,2.805574505,-0.985194354,-0.071255823,0.000000000,0.000000000,0.000000000,0.000000000,0.000000000,0.000000000
2.514607682,1789526642.869203806,-0.094519440,-1.744664971,-1.620121781,-4.576611463,4.865596771,-4.121488396,0.521480634,-0.226064963,0.523786266,2.805578109,-0.985210682,-0.071327140,0.000000000,0.000000000,0.000000000,0.000000000,0.000000000,0.000000000
2.522627236,1789526642.877222538,-0.094543282,-1.744616810,-1.620145623,-4.576635305,4.865644932,-4.121500317,0.521449097,-0.226079346,0.523805547,2.805530428,-0.985209340,-0.071311946,0.000000000,0.000000000,0.000000000,0.000000000,0.000000000,0.000000000
2.530560380,1789526642.885155916,-0.094531361,-1.744641129,-1.620133702,-4.576623384,4.865596771,-4.121536318,0.521465130,-0.226069976,0.523795448,2.805596980,-0.985160516,-0.071334595,0.000000000,0.000000000,0.000000000,0.000000000,0.000000000,0.000000000
2.538595164,1789526642.893190622,-0.094555203,-1.744629208,-1.620121781,-4.576599542,4.865596771,-4.121488396,0.521459425,-0.226082358,0.523804125,2.805571823,-0.985270552,-0.071263063,0.000000000,0.000000000,0.000000000,0.000000000,0.000000000,0.000000000
2.546629731,1789526642.901225328,-0.094555203,-1.744581048,-1.620109860,-4.576599542,4.865668774,-4.121500317,0.521442414,-0.226087326,0.523836313,2.805527746,-0.985238490,-0.071149893,0.000000000,0.000000000,0.000000000,0.000000000,0.000000000,0.000000000
2.554579493,1789526642.909174681,-0.094555203,-1.744604890,-1.620133702,-4.576623384,4.865644932,-4.121524398,0.521445129,-0.226085428,0.523815693,2.805545134,-0.985199659,-0.071265058,0.000000000,0.000000000,0.000000000,0.000000000,0.000000000,0.000000000
2.562609069,1789526642.917204380,-0.094531361,-1.744616810,-1.620121781,-4.576623384,4.865621090,-4.121488396,0.521457845,-0.226071503,0.523814097,2.805559047,-0.985225354,-0.071266949,0.000000000,0.000000000,0.000000000,0.000000000,0.000000000,0.000000000
2.570680150,1789526642.925276041,-0.094531361,-1.744629208,-1.620073620,-4.576611463,4.865621090,-4.121500317,0.521473636,-0.226072972,0.523826827,2.805575911,-0.985218251,-0.071199953,0.000000000,0.000000000,0.000000000,0.000000000,0.000000000,0.000000000
2.578585432,1789526642.933181286,-0.094567124,-1.744616810,-1.620121781,-4.576611463,4.865596771,-4.121512238,0.521450890,-0.226088026,0.523812294,2.805578495,-0.985254113,-0.071266834,0.000000000,0.000000000,0.000000000,0.000000000,0.000000000,0.000000000
2.586589901,1789526642.941185713,-0.094531361,-1.744653050,-1.620121781,-4.576599542,4.865644932,-4.121488396,0.521473862,-0.226075194,0.523791901,2.805535264,-0.985213995,-0.071275447,0.000000000,0.000000000,0.000000000,0.000000000,0.000000000,0.000000000
2.594586465,1789526642.949182272,-0.094555203,-1.744592969,-1.620086018,-4.576611463,4.865656853,-4.121464316,0.521451160,-0.226087061,0.523841522,2.805519878,-0.985293240,-0.071150084,0.000000000,0.000000000,0.000000000,0.000000000,0.000000000,0.000000000
2.602541115,1789526642.957136869,-0.094555203,-1.744616810,-1.620109860,-4.576599542,4.865584850,-4.121488396,0.521457091,-0.226081039,0.523815835,2.805587794,-0.985279880,-0.071232790,0.000000000,0.000000000,0.000000000,0.000000000,0.000000000,0.000000000
2.610620469,1789526642.965216160,-0.094555203,-1.744629208,-1.620086018,-4.576599542,4.865621090,-4.121500317,0.521466642,-0.226085252,0.523819978,2.805564512,-0.985251805,-0.071203623,0.000000000,0.000000000,0.000000000,0.000000000,0.000000000,0.000000000
2.618654923,1789526642.973250866,-0.094519440,-1.744604890,-1.620121781,-4.576611463,4.865633011,-4.121500317,0.521456720,-0.226066008,0.523819234,2.805565583,-0.985192149,-0.071228000,0.000000000,0.000000000,0.000000000,0.000000000,0.000000000,0.000000000
2.626623724,1789526642.981219530,-0.094555203,-1.744629208,-1.620086018,-4.576599542,4.865621090,-4.121488396,0.521466642,-0.226085252,0.523819978,2.805558404,-0.985268445,-0.071202131,0.000000000,0.000000000,0.000000000,0.000000000,0.000000000,0.000000000
2.634597161,1789526642.989193678,-0.094543282,-1.744629208,-1.620121781,-4.576587383,4.865644932,-4.121488396,0.521462756,-0.226080604,0.523803287,2.805537652,-0.985237954,-0.071225187,0.000000000,0.000000000,0.000000000,0.000000000,0.000000000,0.000000000
2.642586120,1789526642.997181892,-0.094531361,-1.744616810,-1.620109860,-4.576659385,4.865608692,-4.121512238,0.521457503,-0.226070351,0.523823536,2.805576842,-0.985191871,-0.071309394,0.000000000,0.000000000,0.000000000,0.000000000,0.000000000,0.000000000
2.650575964,1789526643.005172014,-0.094531361,-1.744653050,-1.620109860,-4.576659385,4.865644932,-4.121476475,0.521471516,-0.226075000,0.523804448,2.805518453,-0.985220916,-0.071342795,0.000000000,0.000000000,0.000000000,0.000000000,0.000000000,0.000000000
2.658574063,1789526643.013170004,-0.094555203,-1.744592969,-1.620145623,-4.576635305,4.865633011,-4.121524398,0.521437098,-0.226083586,0.523818268,2.805552961,-0.985201748,-0.071286849,0.000000000,0.000000000,0.000000000,0.000000000,0.000000000,0.000000000
2.666609080,1789526643.021204948,-0.094555203,-1.744629208,-1.620121781,-4.576599542,4.865596771,-4.121488396,0.521459425,-0.226082358,0.523804125,2.805571823,-0.985270552,-0.071263063,0.000000000,0.000000000,0.000000000,0.000000000,0.000000000,0.000000000
2.674661767,1789526643.029257774,-0.094531361,-1.744629208,-1.620097939,-4.576623384,4.865656853,-4.121524398,0.521467400,-0.226075673,0.523818233,2.805548524,-0.985163848,-0.071240983,0.000000000,0.000000000,0.000000000,0.000000000,0.000000000,0.000000000
2.682653032,1789526643.037248850,-0.094555203,-1.744604890,-1.620109860,-4.576575462,4.865621090,-4.121536318,0.521454076,-0.226084055,0.523819807,2.805588383,-0.985206469,-0.071172817,0.000000000,0.000000000,-0.000000000,0.001431630,0.002022973,0.014107515
2.690611893,1789526643.045207739,-0.094543282,-1.744604890,-1.620097939,-4.576623384,4.865621090,-4.121631686,0.521455382,-0.226077729,0.523830885,2.805634846,-0.985049236,-0.071234975,-0.000000000,0.000000000,-0.000000000,0.000442862,0.000625569,0.004362551
2.698565423,1789526643.053161144,-0.094555203,-1.744629208,-1.620109860,-4.576599542,4.865644932,-4.121691767,0.521461547,-0.226086962,0.523809959,2.805636174,-0.984970797,-0.071252471,0.000000000,0.000000000,-0.000000000,0.001882937,0.002659743,0.018545476
2.706610033,1789526643.061206102,-0.094555203,-1.744616810,-1.620061700,-4.576623384,4.865608692,-4.121775214,0.521464957,-0.226083959,0.523839999,2.805719192,-0.984875240,-0.071224369,-0.000000000,-0.000000000,0.000000000,0.001096357,0.001548904,0.010802551
2.714547945,1789526643.069143772,-0.094543282,-1.744653050,-1.620086018,-4.576611463,4.865621090,-4.121895138,0.521477768,-0.226079844,0.523808561,2.805764431,-0.984676770,-0.071302945,-0.000000000,-0.000000000,0.000000000,0.001900349,0.002683674,0.018715494
2.722671255,1789526643.077267170,-0.094555203,-1.744616810,-1.620121781,-4.576611463,4.865644932,-4.122038428,0.521453244,-0.226086186,0.523812955,2.805811125,-0.984484555,-0.071312277,0.000000000,0.000000000,-0.000000000,0.001603169,0.002264287,0.015788190
2.730549869,1789526643.085145950,-0.094531361,-1.744629208,-1.620109860,-4.576647464,4.865633011,-4.122229878,0.521463170,-0.226073109,0.523815701,2.805922814,-0.984180855,-0.071390351,-0.000000000,-0.000000000,0.000000000,0.002041039,0.002881561,0.020094032
2.738597134,1789526643.093193054,-0.094555203,-1.744616810,-1.620121781,-4.576611463,4.865680695,-4.122385327,0.521452990,-0.226089436,0.523813446,2.805957121,-0.983986745,-0.071341662,-0.000000000,-0.000000000,0.000000000,0.002059630,0.002909630,0.020282803
2.746581731,1789526643.101177692,-0.094507519,-1.744604890,-1.620145623,-4.576551382,4.865656853,-4.122576777,0.521459148,-0.226061925,0.523801811,2.806109369,-0.983670992,-0.071299794,-0.000000000,0.000000000,-0.000000000,0.002491645,0.003521541,0.024551072
2.754571765,1789526643.109167576,-0.094543282,-1.744641129,-1.620121781,-4.576611463,4.865656853,-4.122792069,0.521465430,-0.226081963,0.523799976,2.806186525,-0.983406327,-0.071435396,-0.000008159,-0.000104536,0.000015788,0.001534411,0.003882845,0.026445368
2.762647538,1789526643.117243290,-0.094531361,-1.744629208,-1.620086018,-4.576587383,4.865680695,-4.123019282,0.521472587,-0.226078321,0.523819297,2.806303354,-0.983077565,-0.071349863,-0.000008158,-0.000104536,0.000015791,0.001927377,0.004441778,0.030335742
2.770666319,1789526643.125262260,-0.094555203,-1.744616810,-1.620121781,-4.576575462,4.865716934,-4.123282258,0.521455627,-0.226092982,0.523809507,2.806391915,-0.982728050,-0.071387997,-0.000041346,-0.000529643,0.000080025,-0.002238161,0.005538798,0.035426888
2.778628497,1789526643.133224487,-0.094531361,-1.744629208,-1.620109860,-4.576563541,4.865740776,-4.123581473,0.521469151,-0.226083492,0.523806838,2.806537594,-0.982269951,-0.071396705,-0.000004615,-0.000655651,0.000027581,-0.003431236,0.005359427,0.037430591
2.786566721,1789526643.141162634,-0.094555203,-1.744629208,-1.620145623,-4.576515619,4.865788460,-4.123916213,0.521459884,-0.226099911,0.523786068,2.806657876,-0.981820698,-0.071405473,0.000585141,-0.000316167,-0.000888839,0.000412352,-0.001618360,0.039398545
2.794609033,1789526643.149204969,-0.094555203,-1.744581048,-1.620133702,-4.576467935,4.865836143,-4.124263112,0.521446879,-0.226103004,0.523812048,2.806816820,-0.981339688,-0.071275335,0.000308185,-0.000644470,-0.000453049,-0.002609823,0.002564137,0.044879318
2.802549516,1789526643.157145262,-0.094555203,-1.744604890,-1.620097939,-4.576479618,4.865859985,-4.124621932,0.521462548,-0.226106665,0.523816450,2.806979002,-0.980829633,-0.071310636,0.000826729,-0.000661856,-0.001248754,-0.002063015,-0.002681728,0.053030324
2.810576511,1789526643.165172577,-0.094543282,-1.744592969,-1.620109860,-4.576396171,4.865872383,-4.125100438,0.521464707,-0.226101489,0.523807608,2.807236238,-0.980156610,-0.071244276,0.000437315,-0.000362842,-0.000660020,0.001695317,0.002735608,0.056966446
2.818631193,1789526643.173227072,-0.094531361,-1.744592969,-1.620109860,-4.576348249,4.865908146,-4.125614945,0.521471001,-0.226098859,0.523802195,2.807483100,-0.979417292,-0.071224380,0.000908891,-0.000963723,-0.001364977,-0.004476652,-0.002396014,0.062276365
2.826608142,1789526643.181204081,-0.094531361,-1.744616810,-1.620121781,-4.576300089,4.865980148,-4.126152817,0.521481287,-0.226106405,0.523779192,2.807696115,-0.978641447,-0.071245899,0.000008818,-0.000567386,-0.000070302,0.000075816,0.002816718,0.069302177
2.834594840,1789526643.189190626,-0.094567124,-1.744569127,-1.620121781,-4.576180641,4.866075993,-4.126762931,0.521463351,-0.226132820,0.523791565,2.807942018,-0.977836797,-0.071049196,0.000912172,-0.000844748,-0.001373144,-0.001964473,-0.000687134,0.074247554
2.842594238,1789526643.197190046,-0.094543282,-1.744581048,-1.620097939,-4.576084797,4.866124153,-4.127432648,0.521485730,-0.226126340,0.523784326,2.808274983,-0.976870926,-0.070956486,-0.000094728,-0.000715125,-0.000003636,-0.000972525,-0.002952083,0.083919920
2.850567219,1789526643.205163002,-0.094555203,-1.744533364,-1.620086018,-4.575977031,4.866172314,-4.128114525,0.521475050,-0.226136136,0.523802659,2.808610065,-0.975950099,-0.070784010,-0.000340286,-0.000918112,0.000379899,-0.002673716,0.000797823,0.088974018
2.858578174,1789526643.213174343,-0.094519440,-1.744581048,-1.620121781,-4.575881426,4.866231918,-4.128880088,0.521501789,-0.226124676,0.523750411,2.808965132,-0.974810107,-0.070834925,0.000929929,-0.000996049,-0.001491456,-0.001897731,-0.006261768,0.100562049
2.866610159,1789526643.221205950,-0.094531361,-1.744545285,-1.620121781,-4.575845424,4.866352081,-4.129753415,0.521487057,-0.226140725,0.523766962,2.809311486,-0.973575347,-0.070796116,-0.000046491,-0.001262651,0.000044178,-0.003646202,0.009660026,0.108126448
2.874635643,1789526643.229231596,-0.094519440,-1.744509045,-1.620109860,-4.575749580,4.866519451,-4.130674187,0.521484473,-0.226149262,0.523782227,2.809666430,-0.972237200,-0.070638270,0.000333482,-0.000066400,0.000118032,-0.004811936,-0.001998963,0.113364432
2.882608258,1789526643.237204313,-0.094495598,-1.744485203,-1.620121781,-4.575618211,4.866531372,-4.131619040,0.521488502,-0.226137719,0.523773925,2.810175963,-0.970906572,-0.070543052,0.000301860,0.000302233,0.000058901,-0.000264897,-0.008718653,0.127148861
2.890611049,1789526643.245207071,-0.094495598,-1.744485203,-1.620145623,-4.575510446,4.866639137,-4.132647578,0.521491485,-0.226147813,0.523751795,2.810617870,-0.969444775,-0.070509846,0.000464260,-0.000782779,-0.000270005,-0.004735150,0.006360862,0.135662938
2.898527637,1789526643.253123522,-0.094483678,-1.744461362,-1.620121781,-4.575342838,4.866747379,-4.133808200,0.521502449,-0.226152176,0.523755888,2.811159346,-0.967806910,-0.070302604,-0.000425036,-0.000537568,0.000678634,-0.000637202,-0.005214781,0.142764414
2.906577815,1789526643.261174202,-0.094471280,-1.744413201,-1.620121781,-4.575163309,4.866843224,-4.134980265,0.521500071,-0.226153883,0.523761141,2.811719258,-0.966159058,-0.070083680,0.000058814,-0.001027573,-0.000083943,-0.003330695,-0.005998271,0.153435872
2.914531506,1789526643.269127369,-0.094459359,-1.744401280,-1.620121781,-4.574995701,4.866974831,-4.136283938,0.521510643,-0.226160359,0.523748775,2.812301558,-0.964304636,-0.069937080,0.001619264,0.000192416,-0.001427163,-0.001559264,0.000570058,0.167642827
2.922609827,1789526643.277205706,-0.094447438,-1.744341199,-1.620086018,-4.574851934,4.867058754,-4.137647692,0.521508067,-0.226161218,0.523780241,2.812967926,-0.962394997,-0.069729756,-0.001124759,0.000374431,0.002230664,-0.000462890,-0.005502043,0.174182078
2.930537662,1789526643.285133600,-0.094411675,-1.744329278,-1.620145623,-4.574660484,4.867250443,-4.139118973,0.521513213,-0.226159747,0.523739904,2.813580747,-0.960242219,-0.069630103,0.000840865,-0.000125352,-0.000470820,-0.002325246,-0.000108591,0.187097582
2.938568586,1789526643.293164253,-0.094399754,-1.744257275,-1.620157544,-4.574493114,4.867346287,-4.140614096,0.521497912,-0.226160499,0.523754379,2.814296006,-0.958140892,-0.069452422,-0.000525754,-0.001719170,0.000518346,-0.003492177,0.000232899,0.187863276
2.946531921,1789526643.301127672,-0.094399754,-1.744209115,-1.620133702,-4.574265901,4.867514610,-4.142157141,0.521501012,-0.226176049,0.523765145,2.814978758,-0.955976130,-0.069151630,0.000358510,0.001394943,0.000972335,-0.000870972,-0.002083259,0.197099905
2.954559791,1789526643.309155703,-0.094363515,-1.744221036,-1.620121781,-4.574098055,4.867645741,-4.143723551,0.521528979,-0.226170919,0.523745056,2.815692615,-0.953714941,-0.069052705,0.001056156,-0.000198284,-0.000824180,-0.001131257,0.000547827,0.198778453
2.962596285,1789526643.317192078,-0.094339673,-1.744149033,-1.620086018,-4.573859159,4.867753506,-4.145374362,0.521531934,-0.226167954,0.523771622,2.816499551,-0.951395694,-0.068717113,-0.000645921,-0.000409222,0.001082834,0.002706951,-0.003204131,0.203261645
2.970633456,1789526643.325229406,-0.094363515,-1.744077508,-1.620097939,-4.573703472,4.867921352,-4.146989409,0.521507295,-0.226193834,0.523788296,2.817183031,-0.949145624,-0.068549898,0.000807895,0.001301631,0.000246386,0.001428512,0.000864974,0.202661223
2.978594280,1789526643.333190203,-0.094303910,-1.744041745,-1.620181863,-4.573523704,4.868041515,-4.148591820,0.521503013,-0.226171996,0.523750750,2.817920837,-0.946796071,-0.068509273,-0.000108519,0.000082232,0.000815562,0.000658461,0.001272255,0.200317547
2.986572075,1789526643.341169357,-0.094303910,-1.744005982,-1.620157544,-4.573356096,4.868077278,-4.150182788,0.521507248,-0.226175558,0.523760534,2.818719825,-0.944595610,-0.068367669,0.000016778,0.000485900,0.000596341,0.004846285,-0.001850835,0.199837919
2.994554638,1789526643.349150658,-0.094327752,-1.743981663,-1.620145623,-4.573164884,4.868209362,-4.151809518,0.521509260,-0.226200659,0.523757196,2.819437426,-0.942342963,-0.068198178,-0.000117303,-0.000444898,0.000398039,0.001843861,-0.000943099,0.193157312
3.002586985,1789526643.357183695,-0.094255749,-1.743897740,-1.620145623,-4.572913591,4.868364811,-4.153364484,0.521511717,-0.226175872,0.523773843,2.820162729,-0.940066970,-0.067843637,0.000587322,0.001415932,0.000571743,0.001041950,-0.002198129,0.200749282
3.010484432,1789526643.365081072,-0.094255749,-1.743850056,-1.620157544,-4.572709743,4.868448734,-4.154967372,0.521506369,-0.226182928,0.523770562,2.820920692,-0.937832583,-0.067668562,0.000994142,0.001675402,0.000035930,0.003124697,-0.003118900,0.198230067
3.018611061,1789526643.373207092,-0.094243828,-1.743838135,-1.620133702,-4.572566454,4.868556976,-4.156534259,0.521520126,-0.226187565,0.523771273,2.821630074,-0.935610694,-0.067565984,-0.000110324,-0.000144804,0.000578912,0.001039299,-0.003166815,0.196487942
3.026584872,1789526643.381180763,-0.094231908,-1.743789975,-1.620169942,-4.572303001,4.868628502,-4.158112828,0.521517182,-0.226187219,0.523750199,2.822396013,-0.933403755,-0.067339355,0.000484915,-0.000702552,-0.000501859,0.000428975,-0.002554419,0.195905163
3.034567008,1789526643.389163494,-0.094171826,-1.743730370,-1.620193783,-4.572147552,4.868796349,-4.159691874,0.521513766,-0.226169552,0.523755313,2.823077758,-0.931076102,-0.067193086,0.000321807,0.001275314,0.000628218,0.000399222,-0.001520451,0.201375887
3.042569224,1789526643.397165060,-0.094183747,-1.743658368,-1.620157544,-4.571919862,4.868940353,-4.161318604,0.521507631,-0.226188463,0.523784033,2.823799703,-0.928819264,-0.066861822,0.000441773,-0.000061963,-0.000153677,-0.001839801,-0.000280113,0.204162182
3.050520712,1789526643.405116558,-0.094147984,-1.743610207,-1.620157544,-4.571704570,4.869024277,-4.162885253,0.521513605,-0.226177162,0.523784808,2.824550571,-0.926586409,-0.066643531,-0.000206945,-0.000085444,-0.000966107,0.002216700,-0.002861173,0.201635498
3.058554092,1789526643.413149834,-0.094087903,-1.743598286,-1.620241467,-4.571441833,4.869155407,-4.164488618,0.521525509,-0.226157552,0.523724373,2.825270327,-0.924236305,-0.066514867,0.000340054,0.001011435,-0.000873794,-0.001366900,-0.002697038,0.199511408
3.066628826,1789526643.421225548,-0.094052140,-1.743538682,-1.620241467,-4.571237985,4.869335651,-4.166055028,0.521525379,-0.226154491,0.523734101,2.825930214,-0.921968060,-0.066262012,0.000216968,0.000398890,-0.001157360,-0.002639898,-0.002094882,0.200696324
3.074630327,1789526643.429226160,-0.094075982,-1.743479077,-1.620265309,-4.570974771,4.869395733,-4.167646472,0.521512512,-0.226171570,0.523724498,2.826688897,-0.919798314,-0.066011753,-0.000333125,-0.000142313,-0.001071433,0.003944362,-0.000728061,0.202935778
3.082602497,1789526643.437198400,-0.094075982,-1.743418996,-1.620241467,-4.570747320,4.869539261,-4.169224803,0.521511226,-0.226184430,0.523741446,2.827377232,-0.917585055,-0.065709075,0.000602514,0.002225333,-0.000286736,-0.000483112,0.001561817,0.207332080
3.090614902,1789526643.445210934,-0.094027821,-1.743407075,-1.620265309,-4.570604030,4.869718552,-4.170816247,0.521522851,-0.226175711,0.523722477,2.828022041,-0.915237670,-0.065649619,0.000076725,0.001286900,0.000149736,-0.003179001,0.001496263,0.201662650
3.098517018,1789526643.453112841,-0.094040219,-1.743323151,-1.620289628,-4.570376341,4.869802952,-4.172394339,0.521499864,-0.226187865,0.523730524,2.828748829,-0.913057582,-0.065404559,-0.000346455,-0.000081538,-0.000433720,0.002605210,-0.000883925,0.200364067
3.106562241,1789526643.461158037,-0.094027821,-1.743286912,-1.620349709,-4.570184890,4.869922638,-4.174021308,0.521490671,-0.226191131,0.523702203,2.829451613,-0.910737863,-0.065323174,0.000327430,0.001536806,-0.000110311,-0.001052419,0.000227861,0.206793492
3.114479654,1789526643.469075680,-0.093968217,-1.743251149,-1.620325867,-4.570005123,4.870066643,-4.175659959,0.521508588,-0.226173519,0.523711887,2.830170984,-0.908338852,-0.065125118,0.000099825,0.000676731,-0.000101285,-0.003476909,0.000015394,0.207748852
3.122587689,1789526643.477183819,-0.093956296,-1.743191067,-1.620325867,-4.569802229,4.870210648,-4.177262847,0.521503097,-0.226179579,0.523721518,2.830855063,-0.906061844,-0.064894568,-0.000371130,-0.000295101,-0.000324544,0.000921100,-0.001991950,0.201426365
3.130544760,1789526643.485140562,-0.093944375,-1.743095223,-1.620289628,-4.569550459,4.870342255,-4.178901498,0.521495091,-0.226184220,0.523760072,2.831589056,-0.903760789,-0.064498103,0.000287562,0.001576054,-0.000065918,0.000043766,-0.001910110,0.206897851
3.138545352,1789526643.493141174,-0.093908135,-1.743047539,-1.620313470,-4.569347088,4.870461941,-4.180516307,0.521495274,-0.226175403,0.523752247,2.832299583,-0.901433048,-0.064326495,0.000454481,0.001401587,0.000018389,-0.001828530,-0.000213122,0.203824096
3.146541279,1789526643.501137257,-0.093884293,-1.743023698,-1.620325867,-4.569107715,4.870582104,-4.182214562,0.521507339,-0.226174453,0.523732116,2.833045855,-0.899008972,-0.064132794,-0.000298593,-0.000201041,0.000099326,0.000827994,-0.002395812,0.199629319
3.154525614,1789526643.509121418,-0.093908135,-1.742951695,-1.620337788,-4.568916504,4.870677948,-4.183817927,0.521486016,-0.226194041,0.523743777,2.833746981,-0.896794261,-0.063940908,-0.000248013,-0.000552466,-0.000042854,0.000337635,-0.003294501,0.197417374
3.162579550,1789526643.517175436,-0.093812291,-1.742891614,-1.620325867,-4.568689052,4.870869160,-4.185432021,0.521503667,-0.226161025,0.523756285,2.834425547,-0.894369485,-0.063632771,0.000443188,0.001503370,0.000503520,-0.002612723,-0.001541417,0.203096658
3.170568674,1789526643.525165081,-0.093860451,-1.742832009,-1.620349709,-4.568461363,4.870905399,-4.186987464,0.521482665,-0.226188378,0.523750758,2.835146093,-0.892278830,-0.063440990,-0.000103529,0.000163407,0.000229588,0.002182266,-0.001901597,0.194136720
3.178544670,1789526643.533140421,-0.093812291,-1.742796246,-1.620313470,-4.568246071,4.871085167,-4.188577954,0.521503242,-0.226180469,0.523762044,2.835796748,-0.889955792,-0.063157776,0.000348491,0.001310130,0.000425104,0.001079548,0.000535944,0.200355879
3.186567887,1789526643.541163921,-0.093740288,-1.742724244,-1.620374028,-4.568078701,4.871193409,-4.190192763,0.521491523,-0.226150111,0.523755662,2.836510087,-0.887568375,-0.063056334,0.000333418,0.001037625,0.000537473,-0.002591737,0.003151469,0.203095401
3.194530919,1789526643.549126863,-0.093788449,-1.742724244,-1.620349709,-4.567851249,4.871312618,-4.191759650,0.521503363,-0.226188123,0.523740101,2.837152485,-0.885429133,-0.062854790,-0.000280327,-0.000215913,0.000382049,0.001239503,0.000680163,0.200911401
3.202524812,1789526643.557120800,-0.093727891,-1.742616479,-1.620385949,-4.567647640,4.871420383,-4.193374697,0.521482975,-0.226163081,0.523759186,2.837875810,-0.883074384,-0.062615604,0.000221201,0.000584324,-0.000417567,-0.000050767,0.000510951,0.197570245
3.210528695,1789526643.565124512,-0.093704049,-1.742580239,-1.620409791,-4.567444507,4.871564388,-4.194893901,0.521484718,-0.226163364,0.523745596,2.838493099,-0.880883632,-0.062443272,0.000210681,0.001055913,0.000028523,-0.002409990,0.001339406,0.203695139
3.218533777,1789526643.573128462,-0.093692128,-1.742532078,-1.620385949,-4.567300741,4.871696472,-4.196520392,0.521484182,-0.226168824,0.523766290,2.839163339,-0.878561571,-0.062289811,-0.000236349,-0.000095518,-0.000208797,0.000140554,0.000079994,0.199575377
3.226570817,1789526643.581166506,-0.093668286,-1.742520157,-1.620457951,-4.567037527,4.871792316,-4.198063437,0.521490792,-0.226165150,0.523710579,2.839828878,-0.876350468,-0.062154990,-0.000336012,-0.000301343,-0.000331284,0.001288587,-0.000656917,0.197443806
3.234504505,1789526643.589101076,-0.093632046,-1.742471997,-1.620397870,-4.566809837,4.871995926,-4.199678008,0.521509612,-0.226165702,0.523737812,2.840457434,-0.874007394,-0.061799133,0.000516421,0.001202499,-0.000465413,-0.001634130,-0.002433946,0.199390063
3.242639188,1789526643.597235203,-0.093620125,-1.742412392,-1.620457951,-4.566642706,4.872043610,-4.201233212,0.521489726,-0.226161651,0.523724121,2.841156252,-0.871804275,-0.061736457,0.000227987,0.000271441,-0.000837782,0.001630803,-0.004582250,0.195976347
3.250517861,1789526643.605113745,-0.093620125,-1.742364232,-1.620457951,-4.566415016,4.872103691,-4.202800099,0.521488950,-0.226166936,0.523723167,2.841862947,-0.869616853,-0.061514266,-0.000183007,-0.000380916,-0.000582411,0.001397377,-0.003992130,0.197299464
3.258617648,1789526643.613213539,-0.093560521,-1.742292229,-1.620445553,-4.566151802,4.872283936,-4.204343144,0.521496890,-0.226151649,0.523737878,2.842485552,-0.867350137,-0.061137682,0.001021973,0.001759555,-0.000383368,-0.004645013,-0.002568547,0.188227481
3.266590459,1789526643.621186733,-0.093572442,-1.742256467,-1.620421712,-4.565972034,4.872403622,-4.205658738,0.521498903,-0.226169132,0.523747327,2.843008855,-0.865507665,-0.060918624,0.000344068,0.000823382,-0.000189861,0.000693250,-0.001764451,0.175640986
3.274617119,1789526643.629212856,-0.093572442,-1.742208783,-1.620421712,-4.565756981,4.872510910,-4.207010333,0.521496965,-0.226178631,0.523748355,2.843567423,-0.863605294,-0.060672870,-0.000869540,-0.001151081,0.000520330,-0.001572263,0.000019705,0.161459490
3.282575877,1789526643.637171745,-0.093560521,-1.742196862,-1.620469395,-4.565589372,4.872619152,-4.208231036,0.521498048,-0.226182084,0.523715120,2.844045414,-0.861846949,-0.060598845,0.000491357,0.000985294,0.000010653,-0.001576701,0.002563314,0.152828778
3.290621905,1789526643.645218372,-0.093512360,-1.742161099,-1.620433633,-4.565505449,4.872703075,-4.209330861,0.521508537,-0.226164535,0.523740965,2.844509817,-0.860219953,-0.060478709,0.000469914,0.001284040,0.000281706,-0.002151798,0.004081040,0.139997790
3.298549222,1789526643.653145075,-0.093524281,-1.742137257,-1.620469395,-4.565386001,4.872798920,-4.210347716,0.521498151,-0.226178739,0.523725068,2.844891468,-0.858783597,-0.060421450,0.000102051,0.000464281,-0.000036590,0.003537690,0.003037445,0.124985345
3.306533607,1789526643.661129475,-0.093500439,-1.742089097,-1.620457951,-4.565290157,4.872847080,-4.211220566,0.521494458,-0.226169791,0.523745059,2.845275368,-0.857524501,-0.060287433,0.000365670,0.000893158,0.000204398,-0.004093194,0.000814975,0.108022606
3.314501355,1789526643.669097185,-0.093488518,-1.742089097,-1.620457951,-4.565170232,4.872930527,-4.212022130,0.521506385,-0.226171999,0.523731615,2.845583173,-0.856365347,-0.060186112,0.000011970,0.000983839,0.000529234,-0.000460536,0.002724318,0.100167750
3.322521478,1789526643.677117348,-0.093464200,-1.742053334,-1.620481793,-4.565086309,4.872942448,-4.212715928,0.521499661,-0.226159220,0.523730482,2.845908528,-0.855360422,-0.060127728,0.000407875,0.000555443,-0.000544237,0.003329536,-0.000294509,0.085055841
3.330489651,1789526643.685085535,-0.093464200,-1.742040936,-1.620493714,-4.565027181,4.872942448,-4.213350121,0.521497158,-0.226158956,0.523724771,2.846201316,-0.854472032,-0.060121369,0.000284650,0.000472051,-0.000421554,0.002800153,0.000802914,0.071758728
3.338524612,1789526643.693120480,-0.093428437,-1.742029015,-1.620505635,-4.564931337,4.872954369,-4.213816229,0.521505855,-0.226141402,0.523714491,2.846429640,-0.853773487,-0.060032745,-0.000576674,0.000462291,0.000432081,0.000897817,-0.000163480,0.060750247
3.346480177,1789526643.701076031,-0.093416516,-1.742017094,-1.620493714,-4.564859335,4.872954369,-4.214270894,0.521512228,-0.226135481,0.523717331,2.846653865,-0.853129030,-0.059949522,-0.001008217,0.000472835,0.000994398,0.000667874,-0.000650295,0.051190603
3.354520614,1789526643.709116459,-0.093428437,-1.742017094,-1.620481793,-4.564859335,4.872942448,-4.214534346,0.521512085,-0.226140842,0.523722349,2.846778912,-0.852778485,-0.059970863,-0.000370186,0.000336761,0.000025630,0.000770772,0.000556695,0.035084580
3.362486976,1789526643.717082977,-0.093452279,-1.741993252,-1.620469395,-4.564883415,4.872966290,-4.214773242,0.521497728,-0.226154621,0.523743912,2.846855414,-0.852467870,-0.059978700,0.000294624,0.000307667,-0.000895496,-0.000029584,-0.000192081,0.018099960
3.370604067,1789526643.725200176,-0.093440358,-1.742005173,-1.620481793,-4.564859335,4.872930527,-4.214857165,0.521504781,-0.226145536,0.523728619,2.846930186,-0.852343698,-0.059999688,0.000144171,0.000346992,-0.000672571,-0.000473079,0.000082796,0.007886138
3.378540548,1789526643.733136415,-0.093440358,-1.742005173,-1.620505635,-4.564859335,4.872930527,-4.214857165,0.521499845,-0.226145085,0.523718238,2.846925771,-0.852339434,-0.060034318,-0.000774667,0.000450519,0.000694845,-0.000827586,-0.002345527,0.003568298
3.386520319,1789526643.741117001,-0.093428437,-1.741957490,-1.620493714,-4.564895336,4.872907162,-4.214869086,0.521483449,-0.226134954,0.523753249,2.846961613,-0.852317256,-0.060007504,-0.000724031,0.000520291,0.000721485,0.000228133,-0.000578002,0.002323925
3.394504043,1789526643.749099970,-0.093428437,-1.741981332,-1.620505635,-4.564907257,4.872930527,-4.214773242,0.521489225,-0.226137646,0.523736970,2.846889002,-0.852436938,-0.060057145,-0.000454175,0.000439499,0.000393083,-0.000619534,-0.001552161,-0.008033239
3.402550464,1789526643.757146358,-0.093368355,-1.741945092,-1.620493714,-4.564883415,4.872918606,-4.214773242,0.521493049,-0.226104287,0.523758657,2.846937709,-0.852367956,-0.059948776,0.000388093,0.002247479,0.000371206,-0.000104463,-0.000642077,0.001260414
3.410523186,1789526643.765119076,-0.093380753,-1.741933171,-1.620493714,-4.564883415,4.872894764,-4.214761321,0.521485722,-0.226108148,0.523764754,2.846951360,-0.852412579,-0.059939193,-0.000687841,0.001987739,0.001678011,-0.000227881,-0.002882183,0.001766855
3.418517370,1789526643.773113012,-0.093404595,-1.741909329,-1.620457951,-4.564847414,4.872894764,-4.214773242,0.521481296,-0.226120632,0.523788811,2.846964468,-0.852446906,-0.059804824,-0.001540327,-0.000068051,0.001611048,0.000724819,-0.002823896,-0.002051141
3.426398485,1789526643.780992746,-0.093356434,-1.741873566,-1.620529477,-4.564907257,4.872894764,-4.214821164,0.521458393,-0.226092417,0.523784295,2.846987688,-0.852292782,-0.059943612,-0.001230346,-0.000097179,0.001213296,0.000792906,-0.002098395,-0.002051349
3.434460971,1789526643.789055824,-0.093368355,-1.741849248,-1.620517556,-4.564859335,4.872870922,-4.214797084,0.521452688,-0.226096137,0.523796429,2.847009424,-0.852367026,-0.059827494,-0.000733093,0.000390340,0.000863978,0.000852760,-0.001462023,-0.001067069
3.442431246,1789526643.797025681,-0.093380753,-1.741837327,-1.620493714,-4.564931337,4.872882843,-4.214749161,0.521444135,-0.226103182,0.523822211,2.846965555,-0.852442032,-0.059871778,-0.000455987,0.000364345,0.000502194,0.000926413,-0.000780126,-0.000935001
3.450373136,1789526643.804967880,-0.093344514,-1.741861169,-1.620505635,-4.564859335,4.872882843,-4.214797084,0.521465155,-0.226085452,0.523795351,2.847008301,-0.852329041,-0.059820654,-0.000418278,0.000126545,0.000342627,0.000845563,-0.000432278,-0.001050978
3.458434655,1789526643.813029289,-0.093368355,-1.741861169,-1.620505635,-4.564907257,4.872907162,-4.214737717,0.521455662,-0.226099751,0.523801551,2.846941161,-0.852430533,-0.059877927,-0.000343740,0.000103794,0.000259560,0.000705085,-0.000235418,-0.000849569
3.466500679,1789526643.821095705,-0.093380753,-1.741861169,-1.620541875,-4.564907257,4.872907162,-4.214737717,0.521445358,-0.226105531,0.523785773,2.846929373,-0.852441762,-0.059932131,-0.000296602,0.000088861,0.000204630,0.000608665,-0.000108942,-0.000746766
3.474517603,1789526643.829112530,-0.093344514,-1.741873566,-1.620541875,-4.564859335,4.872894764,-4.214713637,0.521462451,-0.226086307,0.523773046,2.846951441,-0.852434782,-0.059876928,-0.000259404,0.000076601,0.000163240,0.000520661,-0.000023968,-0.000739748
3.482547770,1789526643.837143183,-0.093332593,-1.741873566,-1.620505635,-4.564883415,4.872918606,-4.214749161,0.521470503,-0.226082769,0.523792108,2.846952512,-0.852361570,-0.059854560,-0.000229358,0.000068533,0.000140670,0.000467190,0.000019346,-0.000735551
3.490518659,1789526643.845114708,-0.093368355,-1.741873566,-1.620541875,-4.564907257,4.872907162,-4.214701716,0.521453043,-0.226099524,0.523779075,2.846916235,-0.852472918,-0.059944036,-0.000210442,0.000061524,0.000124006,0.000342586,-0.000086903,-0.001505740
3.498499585,1789526643.853095531,-0.093356434,-1.741861169,-1.620529477,-4.564895336,4.872882843,-4.214701716,0.521454573,-0.226090962,0.523789365,2.846950134,-0.852470524,-0.059897027,-0.000194182,0.000054748,0.000101775,0.000287349,-0.000062631,-0.001501583
3.506559121,1789526643.861155033,-0.093332593,-1.741861169,-1.620505635,-4.564895336,4.872907162,-4.214749161,0.521464725,-0.226081187,0.523800096,2.846963061,-0.852365383,-0.059857541,-0.000175002,0.000051209,0.000084558,0.000269030,-0.000054591,-0.001500232
3.514468036,1789526643.869063854,-0.093344514,-1.741849248,-1.620505635,-4.564919416,4.872882843,-4.214725558,0.521455534,-0.226084585,0.523809125,2.846967742,-0.852421668,-0.059881547,-0.000160989,0.000046408,0.000074522,0.000242045,-0.000037394,-0.001365300
3.522477907,1789526643.877073765,-0.093356434,-1.741885487,-1.620517556,-4.564895336,4.872918606,-4.214677636,0.521466362,-0.226095332,0.523781933,2.846904488,-0.852490665,-0.059900490,-0.000151871,0.000043819,0.000071122,0.000249505,-0.000005995,-0.001042903
3.530489341,1789526643.885085344,-0.093392674,-1.741849248,-1.620529477,-4.564883415,4.872894764,-4.214701716,0.521442578,-0.226110585,0.523794521,2.846928747,-0.852522632,-0.059863122,-0.000142077,0.000039399,0.000057858,0.000225460,0.000043010,-0.000907896
3.538508401,1789526643.893104315,-0.093332593,-1.741861169,-1.620517556,-4.564919416,4.872942448,-4.214677636,0.521460032,-0.226083993,0.523798353,2.846892422,-0.852448640,-0.059889414,-0.000132963,0.000036800,0.000054454,0.000204683,0.000025601,-0.000906556
3.546456335,1789526643.901052237,-0.093356434,-1.741873566,-1.620541875,-4.564907257,4.872942448,-4.214593712,0.521455487,-0.226096511,0.523779583,2.846840942,-0.852597400,-0.059917503,-0.000125418,0.000034349,0.000053392,0.000011212,-0.000274321,-0.002888133
3.554483317,1789526643.909079313,-0.093344514,-1.741861169,-1.620541875,-4.564919416,4.872894764,-4.214593712,0.521452643,-0.226085422,0.523787079,2.846889513,-0.852596139,-0.059931009,-0.000118813,0.000033739,0.000044145,-0.000128863,-0.000521786,-0.004474597
3.562507693,1789526643.917103529,-0.093404595,-1.741849248,-1.620493714,-4.564943258,4.872894764,-4.214569871,0.521442376,-0.226117052,0.523817398,2.846861058,-0.852722167,-0.059882935,-0.000111269,0.000031291,0.000043080,0.000039930,-0.000195567,-0.002339131
3.570562207,1789526643.925158262,-0.093368355,-1.741873566,-1.620505635,-4.564859335,4.872894764,-4.214581792,0.521464561,-0.226099425,0.523788825,2.846889968,-0.852662334,-0.059810643,-0.000109835,0.000029411,0.000041017,0.000090638,-0.000089462,-0.001525696
3.578521780,1789526643.933117628,-0.093380753,-1.741885487,-1.620541875,-4.564931337,4.872894764,-4.214593712,0.521453048,-0.226105134,0.523775397,2.846868047,-0.852641424,-0.059988250,-0.000104799,0.000028940,0.000034114,0.000126551,-0.000016414,-0.001129114
3.586510984,1789526643.941106796,-0.093344514,-1.741885487,-1.620541875,-4.564871256,4.872918606,-4.214605872,0.521465998,-0.226088827,0.523768405,2.846877489,-0.852575461,-0.059890264,-0.000095686,0.000026345,0.000030707,0.000125809,0.000000643,-0.000901135
3.594494298,1789526643.949090004,-0.093356434,-1.741885487,-1.620529477,-4.564895336,4.872870922,-4.214581792,0.521464234,-0.226090779,0.523776056,2.846903471,-0.852640262,-0.059921067,-0.000095685,0.000026347,0.000030708,0.000139091,0.000023656,-0.000750058
3.602476200,1789526643.957072020,-0.093392674,-1.741861169,-1.620505635,-4.564895336,4.872918606,-4.214617793,0.521451059,-0.226113556,0.523800261,2.846869774,-0.852633757,-0.059844843,-0.000090788,0.000024137,0.000024075,0.000131233,0.000055291,-0.000635331
3.610488124,1789526643.965083838,-0.093368355,-1.741909329,-1.620565716,-4.564907257,4.872918606,-4.214581792,0.521462109,-0.226101434,0.523749540,2.846841668,-0.852628623,-0.060011802,-0.000089643,0.000004751,0.000032683,-0.000072850,0.000072951,-0.000544356
3.618499652,1789526643.973095655,-0.093344514,-1.741873566,-1.620505635,-4.564883415,4.872918606,-4.214569871,0.521467808,-0.226088985,0.523792108,2.846868187,-0.852632906,-0.059833409,-0.000083039,0.000004140,0.000023433,-0.000068348,0.000075192,-0.000487764
3.626524453,1789526643.981120586,-0.093392674,-1.741885487,-1.620505635,-4.564943258,4.872942448,-4.214581792,0.521456536,-0.226116278,0.523793317,2.846818741,-0.852663886,-0.059937552,-0.000083038,0.000004144,0.000023434,-0.000063395,0.000083804,-0.000431101
3.634463621,1789526643.989059925,-0.093344514,-1.741849248,-1.620505635,-4.564919416,4.872966290,-4.214593712,0.521454939,-0.226092158,0.523810327,2.846832903,-0.852581059,-0.059837984,-0.000080394,0.000003899,0.000028997,-0.000061203,0.000076804,-0.000393339
3.642475274,1789526643.997071028,-0.093368355,-1.741849248,-1.620529477,-4.564907257,4.872954369,-4.214581792,0.521445697,-0.226103144,0.523798290,2.846826593,-0.852633920,-0.059860304,-0.000075360,0.000003428,0.000022091,-0.000056691,0.000095283,-0.000355569
3.650444166,1789526644.005040169,-0.093356434,-1.741837327,-1.620529477,-4.564907257,4.872954369,-4.214593712,0.521443698,-0.226096488,0.523804730,2.846838931,-0.852602097,-0.059842977,-0.000073788,0.000003291,0.000019750,-0.000055102,0.000081932,-0.000317854
3.658485030,1789526644.013080835,-0.093356434,-1.741849248,-1.620541875,-4.564931337,4.872966290,-4.214593712,0.521443767,-0.226097605,0.523796004,2.846819117,-0.852589432,-0.059909439,-0.000073787,0.000003291,0.000019751,-0.000053456,0.000084803,-0.000298965
3.666527481,1789526644.021123409,-0.093368355,-1.741873566,-1.620505635,-4.564859335,4.872942448,-4.214605872,0.521464222,-0.226103752,0.523789512,2.846856973,-0.852612395,-0.059798314,-0.000070479,-0.000053109,0.000027248,-0.000661204,0.000142637,-0.000235221
3.674576860,1789526644.029172659,-0.093392674,-1.741849248,-1.620553319,-4.564895336,4.872954369,-4.214593712,0.521436241,-0.226115459,0.523786454,2.846819694,-0.852649657,-0.059882201,-0.000070480,-0.000053107,0.000027248,-0.000659553,0.000145524,-0.000216296
3.682542221,1789526644.037138224,-0.093368355,-1.741861169,-1.620565716,-4.564895336,4.872954369,-4.214569871,0.521443868,-0.226102984,0.523774617,2.846814614,-0.852644403,-0.059911448,-0.000070478,-0.000053109,0.000027249,-0.000657901,0.000148381,-0.000197394
3.690532880,1789526644.045128822,-0.093392674,-1.741885487,-1.620517556,-4.564931337,4.872966290,-4.214581792,0.521454877,-0.226118301,0.523787015,2.846796892,-0.852656032,-0.059929867,-0.000068906,-0.000053243,0.000024911,-0.000657973,0.000132172,-0.000178554
3.698440980,1789526644.053036690,-0.093332593,-1.741837327,-1.620505635,-4.564883415,4.872954369,-4.214605872,0.521455977,-0.226084675,0.523812200,2.846862881,-0.852559402,-0.059772246,-0.000068906,-0.000053247,0.000024906,-0.000657961,0.000132133,-0.000178627
3.706476371,1789526644.061072350,-0.093380753,-1.741861169,-1.620517556,-4.564871256,4.873002529,-4.214605872,0.521452664,-0.226114902,0.523793340,2.846794738,-0.852608112,-0.059797119,-0.000062594,-0.000071360,0.000026333,-0.000846719,0.000152202,-0.000145707
3.714433198,1789526644.069029093,-0.093356434,-1.741885487,-1.620517556,-4.564919416,4.873014450,-4.214581792,0.521463705,-0.226103859,0.523786253,2.846769820,-0.852590494,-0.059892445,-0.000062590,-0.000071361,0.000026336,-0.000846733,0.000152179,-0.000145645
3.722532453,1789526644.077128410,-0.093344514,-1.741849248,-1.620505635,-4.564895336,4.873026371,-4.214569871,0.521456486,-0.226097782,0.523808253,2.846771745,-0.852599376,-0.059780628,-0.000062591,-0.000071362,0.000026334,-0.000845065,0.000155040,-0.000126821
3.730448836,1789526644.085044622,-0.093332593,-1.741861169,-1.620529477,-4.564931337,4.873026371,-4.214569871,0.521455990,-0.226091300,0.523795827,2.846763417,-0.852569406,-0.059883358,-0.000069823,-0.000163592,0.000040979,-0.001854518,0.000246021,-0.000052356
3.738484471,1789526644.093080521,-0.093344514,-1.741861169,-1.620517556,-4.564907257,4.872978687,-4.214581792,0.521458076,-0.226093585,0.523797391,2.846814121,-0.852591832,-0.059849463,-0.000069827,-0.000163593,0.000040971,-0.001852852,0.000248926,-0.000033540
3.746505584,1789526644.101101398,-0.093380753,-1.741849248,-1.620517556,-4.564907257,4.873002529,-4.214581792,0.521445017,-0.226114205,0.523804174,2.846779623,-0.852637821,-0.059829031,-0.000068057,-0.000140967,0.000037383,-0.001605244,0.000226658,-0.000051799
3.754500095,1789526644.109096050,-0.093356434,-1.741849248,-1.620553319,-4.564883415,4.873062134,-4.214569871,0.521444645,-0.226106427,0.523786552,2.846727474,-0.852598205,-0.059822550,-0.000058306,-0.000101552,0.000021789,-0.001166071,0.000183619,-0.000065221
3.762494357,1789526644.117089987,-0.093344514,-1.741873566,-1.620493714,-4.564907257,4.873050213,-4.214593712,0.521467383,-0.226100985,0.523802105,2.846756060,-0.852553317,-0.059811302,-0.000053885,-0.000079172,0.000023762,-0.000919623,0.000148554,-0.000083479
3.770572450,1789526644.125168324,-0.093380753,-1.741873566,-1.620553319,-4.564907257,4.873074532,-4.214617793,0.521446679,-0.226120962,0.523776504,2.846718584,-0.852552210,-0.059897660,-0.000052794,-0.000065249,0.000021554,-0.000767255,0.000134842,-0.000094656
3.778472884,1789526644.133068800,-0.093344514,-1.741873566,-1.620565716,-4.564895336,4.873050213,-4.214605872,0.521453458,-0.226099708,0.523769300,2.846750302,-0.852525356,-0.059900104,-0.000051973,-0.000054810,0.000019894,-0.000652984,0.000124516,-0.000103080
3.786535038,1789526644.141130924,-0.093344514,-1.741873566,-1.620529477,-4.564883415,4.873014450,-4.214641635,0.521462191,-0.226097233,0.523783108,2.846807803,-0.852495128,-0.059846209,-0.000051291,-0.000046109,0.000018510,-0.000556087,0.000118810,-0.000091244
3.794485312,1789526644.149081707,-0.093332593,-1.741849248,-1.620517556,-4.564859335,4.873038292,-4.214581792,0.521459581,-0.226092678,0.523798840,2.846775402,-0.852565921,-0.059741817,-0.000050882,-0.000040889,0.000017681,-0.000498944,0.000113649,-0.000095483
3.802458971,1789526644.157054901,-0.093380753,-1.741861169,-1.620529477,-4.564895336,4.873062134,-4.214581792,0.521447798,-0.226119914,0.523791948,2.846722851,-0.852616014,-0.059827144,-0.000050473,-0.000035666,0.000016854,-0.000441807,0.000108518,-0.000099662
3.810478693,1789526644.165074587,-0.093332593,-1.741849248,-1.620505635,-4.564931337,4.873062134,-4.214593712,0.521455975,-0.226094556,0.523813163,2.846747824,-0.852530134,-0.059822888,-0.000050198,-0.000032188,0.000016300,-0.000403720,0.000105063,-0.000102468
3.818497775,1789526644.173093557,-0.093356434,-1.741849248,-1.620505635,-4.564871256,4.873014450,-4.214569871,0.521455850,-0.226103087,0.523805142,2.846782207,-0.852624738,-0.059751009,-0.000044893,-0.000029179,0.000008840,-0.000362766,0.000117245,-0.000086414
3.826469648,1789526644.181065559,-0.093332593,-1.741897408,-1.620517556,-4.564883415,4.873014450,-4.214617793,0.521476742,-0.226092122,0.523775418,2.846799980,-0.852509821,-0.059859028,-0.000044755,-0.000027440,0.000008566,-0.000343729,0.000115520,-0.000087791
3.834496586,1789526644.189092398,-0.093368355,-1.741849248,-1.620541875,-4.564895336,4.873074532,-4.214569871,0.521443252,-0.226113900,0.523793168,2.846711169,-0.852611004,-0.059820751,-0.000041973,-0.000025940,0.000013856,-0.000325829,0.000101077,-0.000089203
3.842432122,1789526644.197026491,-0.093404595,-1.741861169,-1.620517556,-4.564907257,4.873038292,-4.214534346,0.521444066,-0.226130324,0.523798250,2.846713910,-0.852725216,-0.059831844,-0.000040402,-0.000026074,0.000011514,-0.000327560,0.000081997,-0.000089258
3.850421641,1789526644.205016136,-0.093332593,-1.741837327,-1.620565716,-4.564895336,4.873038292,-4.214510266,0.521441968,-0.226091071,0.523788705,2.846730340,-0.852654303,-0.059837675,-0.000040401,-0.000026077,0.000011513,-0.000895632,-0.000901135,-0.006547978
3.858342532,1789526644.212936878,-0.093356434,-1.741849248,-1.620517556,-4.564895336,4.873074532,-4.214510266,0.521450981,-0.226108143,0.523803757,2.846694140,-0.852682867,-0.059776384,-0.000040401,-0.000026076,0.000011515,-0.000596555,-0.000383821,-0.003148652
3.866554515,1789526644.221150398,-0.093320672,-1.741873566,-1.620529477,-4.564931337,4.873026371,-4.214522187,0.521463567,-0.226085542,0.523789130,2.846744905,-0.852617810,-0.059893840,-0.000040400,-0.000026078,0.000011514,-0.000493734,-0.000205461,-0.001977757
3.874578778,1789526644.229174614,-0.093344514,-1.741861169,-1.620541875,-4.564907257,4.873038292,-4.214438502,0.521452618,-0.226098535,0.523787662,2.846691529,-0.852770979,-0.059847445,-0.000020265,-0.000027967,-0.000016108,-0.001259753,-0.001488356,-0.010740477
3.882473208,1789526644.237069130,-0.093356434,-1.741849248,-1.620517556,-4.564883415,4.873038292,-4.214414422,0.521452216,-0.226104939,0.523801779,2.846687037,-0.852832974,-0.059758637,-0.000020266,-0.000027966,-0.000016109,-0.000634904,-0.000407540,-0.003639699
3.890530458,1789526644.245126486,-0.093356434,-1.741849248,-1.620505635,-4.564919416,4.873038292,-4.214354817,0.521451731,-0.226104909,0.523811364,2.846656205,-0.852913082,-0.059786067,-0.000020265,-0.000027966,-0.000016109,-0.001855550,-0.002520354,-0.017520302
3.898470153,1789526644.253066063,-0.093368355,-1.741825406,-1.620541875,-4.564883415,4.873050213,-4.214247052,0.521435014,-0.226110896,0.523804242,2.846596885,-0.853083308,-0.059735800,-0.000020266,-0.000027966,-0.000016109,-0.000824180,-0.000735307,-0.005792603
3.906583292,1789526644.261179209,-0.093368355,-1.741861169,-1.620553319,-4.564907257,4.873098373,-4.214199130,0.521444431,-0.226116203,0.523783545,2.846518509,-0.853122580,-0.059817421,-0.000020266,-0.000027966,-0.000016106,-0.002044256,-0.002846255,-0.019654056
3.914460831,1789526644.269057274,-0.093356434,-1.741849248,-1.620541875,-4.564883415,4.873074532,-4.214079682,0.521446925,-0.226107768,0.523791713,2.846500939,-0.853291365,-0.059739929,-0.000020266,-0.000027966,-0.000016108,-0.001802463,-0.002428980,-0.016915877
3.922516266,1789526644.277112007,-0.093368355,-1.741861169,-1.620505635,-4.564895336,4.873038292,-4.213912312,0.521455705,-0.226111737,0.523801985,2.846457349,-0.853559960,-0.059713972,-0.000020266,-0.000027966,-0.000016109,-0.001732496,-0.002307630,-0.016122815
3.930434553,1789526644.285030365,-0.093320672,-1.741885487,-1.620541875,-4.564919416,4.873050213,-4.213792388,0.521466503,-0.226087996,0.523776180,2.846397188,-0.853642778,-0.059811865,-0.000122444,-0.000019124,0.000136052,-0.001822173,-0.001414375,-0.018404217
3.938480073,1789526644.293076038,-0.093320672,-1.741873566,-1.620541875,-4.564955179,4.873074532,-4.213636939,0.521458704,-0.226089509,0.523787337,2.846301542,-0.853850756,-0.059818949,-0.000122303,-0.000017384,0.000135779,-0.002089529,-0.001911030,-0.021653722
3.946393712,1789526644.300988197,-0.093356434,-1.741873566,-1.620517556,-4.564979259,4.873038292,-4.213457648,0.521453935,-0.226105158,0.523800342,2.846240548,-0.854168059,-0.059812154,-0.000241634,-0.000005297,0.000313414,-0.002016821,-0.000595681,-0.022538720
3.954389614,1789526644.308984041,-0.093356434,-1.741873566,-1.620493714,-4.564967338,4.873050213,-4.213278119,0.521459761,-0.226106775,0.523809439,2.846156552,-0.854425136,-0.059733659,-0.000236044,0.000025755,0.000303750,-0.001691635,-0.000690998,-0.022734096
3.962302397,1789526644.316896677,-0.093380753,-1.741873566,-1.620505635,-4.565015260,4.873038292,-4.213122670,0.521447952,-0.226117808,0.523809928,2.846077401,-0.854673362,-0.059807821,-0.000207730,0.000023309,0.000261626,-0.001942056,-0.001410830,-0.025208957
3.970465150,1789526644.325059891,-0.093344514,-1.741873566,-1.620529477,-4.565027181,4.873026371,-4.212835614,0.521450320,-0.226097294,0.523800831,2.845969034,-0.855026144,-0.059822712,-0.000261163,0.000027927,0.000341229,-0.002338061,-0.001545885,-0.030362702
3.978373049,1789526644.332967758,-0.093356434,-1.741873566,-1.620517556,-4.565075103,4.873026371,-4.212596480,0.521446163,-0.226103396,0.523811872,2.845851229,-0.855375619,-0.059846238,-0.000379323,0.000038013,0.000519632,-0.002398138,-0.000188016,-0.032812892
3.986368965,1789526644.340963840,-0.093332593,-1.741861169,-1.620529477,-4.565134231,4.872990608,-4.212333266,0.521439612,-0.226086615,0.523820083,2.845765855,-0.855715905,-0.059906651,-0.000431508,0.000138881,0.000593429,-0.001474725,0.000119822,-0.035022303
3.994447354,1789526644.349042416,-0.093320672,-1.741897408,-1.620553319,-4.565122310,4.872978687,-4.212034051,0.521452707,-0.226080290,0.523788499,2.845639685,-0.856118517,-0.059941129,-0.000577631,0.000151521,0.000811191,-0.001701681,0.001229782,-0.039398555
4.002460320,1789526644.357055664,-0.093356434,-1.741909329,-1.620529477,-4.565194074,4.872990608,-4.211663310,0.521448284,-0.226100402,0.523801374,2.845438045,-0.856680252,-0.059981773,-0.000397836,0.000244601,0.000538890,-0.001257427,-0.001897848,-0.045667042
4.010425279,1789526644.365021229,-0.093356434,-1.741861169,-1.620517556,-4.565302078,4.872907162,-4.211256568,0.521423527,-0.226090508,0.523844566,2.845324301,-0.857275565,-0.060026924,-0.000759410,0.000374020,0.001073708,-0.000183894,0.001811293,-0.050247344
4.018461832,1789526644.373058319,-0.093392674,-1.741909329,-1.620517556,-4.565325920,4.872894764,-4.210885827,0.521432435,-0.226109891,0.523821283,2.845142213,-0.857844024,-0.060093231,-0.000298374,0.000521543,0.000408206,0.001318641,-0.000843773,-0.054807096
4.026526736,1789526644.381122589,-0.093392674,-1.741921250,-1.620541875,-4.565433923,4.872894764,-4.210407559,0.521423249,-0.226109105,0.523817446,2.844902130,-0.858495651,-0.060242131,-0.000454769,0.000260016,0.000653034,-0.002051858,0.000173230,-0.060472539
4.034451192,1789526644.389047146,-0.093356434,-1.741945092,-1.620517556,-4.565481369,4.872847080,-4.209857051,0.521442317,-0.226086886,0.523820262,2.844706284,-0.859231471,-0.060251640,-0.000435085,0.000599645,0.000643174,0.001600848,0.003271209,-0.065971566
4.042486791,1789526644.397082567,-0.093368355,-1.741909329,-1.620541875,-4.565577213,4.872823238,-4.209318940,0.521412825,-0.226088476,0.523840357,2.844466966,-0.860003468,-0.060315313,-0.000315718,0.000627862,0.000463934,0.001316771,0.000846822,-0.072427955
4.050405643,1789526644.405001640,-0.093344514,-1.741933171,-1.620529477,-4.565637294,4.872798920,-4.208673302,0.521425422,-0.226074527,0.523839863,2.844197055,-0.860879403,-0.060342401,-0.000746716,0.000387243,0.001107614,-0.002242200,0.003303587,-0.081841799
4.058440637,1789526644.413036823,-0.093332593,-1.741933171,-1.620517556,-4.565709058,4.872727394,-4.207955662,0.521425215,-0.226061536,0.523852790,2.843934934,-0.861892088,-0.060360364,-0.000087538,0.001070080,0.000085556,0.004605672,-0.006494198,-0.087261740
4.066458935,1789526644.421054602,-0.093356434,-1.741957490,-1.620553319,-4.565864507,4.872654915,-4.207189862,0.521409792,-0.226066511,0.523842033,2.843607731,-0.862995936,-0.060603074,0.000110704,0.000629585,-0.000087460,0.000183592,0.002577206,-0.095722251
4.074521114,1789526644.429116964,-0.093368355,-1.742005173,-1.620529477,-4.565936510,4.872619152,-4.206364695,0.521425170,-0.226071184,0.523834936,2.843247238,-0.864176339,-0.060651093,0.000659189,0.000722370,-0.000884292,0.000737759,-0.001940425,-0.103591861
4.082482246,1789526644.437077999,-0.093392674,-1.742005173,-1.620505635,-4.566019956,4.872535229,-4.205467526,0.521418371,-0.226076107,0.523854303,2.842899357,-0.865498847,-0.060654803,-0.000355563,0.001089269,0.000525068,0.002960924,-0.002487876,-0.113230370
4.090486963,1789526644.445082903,-0.093380753,-1.742029015,-1.620541875,-4.566091959,4.872498989,-4.204510514,0.521417323,-0.226066288,0.523833928,2.842481761,-0.866825188,-0.060735894,-0.000600923,0.001297418,0.000864657,0.004140907,-0.003388403,-0.123407345
4.098436534,1789526644.453032494,-0.093404595,-1.742040936,-1.620529477,-4.566211645,4.872367859,-4.203446213,0.521410332,-0.226066645,0.523845628,2.842089165,-0.868388323,-0.060820629,0.001528284,0.000256661,-0.002369252,-0.000014959,-0.002466646,-0.133463887
4.106441561,1789526644.461037636,-0.093428437,-1.742040936,-1.620517556,-4.566367094,4.872272015,-4.202321593,0.521395373,-0.226069501,0.523868438,2.841631537,-0.870020215,-0.060921444,-0.000546890,0.001219564,0.000496336,0.007227506,-0.003811444,-0.147960908
4.114405334,1789526644.469001532,-0.093416516,-1.742112939,-1.620541875,-4.566487018,4.872151852,-4.201077525,0.521412440,-0.226053732,0.523831895,2.841142140,-0.871765154,-0.061116378,0.000707974,0.000445871,-0.001112856,0.000309651,0.003187792,-0.152311369
4.122478178,1789526644.477074146,-0.093392674,-1.742173020,-1.620529477,-4.566654865,4.872007847,-4.199773852,0.521431355,-0.226029497,0.523823291,2.840651256,-0.873585160,-0.061309291,0.000213087,0.001058048,-0.000450658,0.005200045,0.000517964,-0.166318457
4.130404610,1789526644.485000372,-0.093416516,-1.742208783,-1.620541875,-4.566845838,4.871912003,-4.198398177,0.521422556,-0.226032965,0.523820554,2.840057708,-0.875553934,-0.061517374,0.000189130,0.000709665,-0.000330042,-0.000316341,0.001029196,-0.175005144
4.138449336,1789526644.493045330,-0.093452279,-1.742256467,-1.620505635,-4.567037527,4.871720314,-4.196891133,0.521426446,-0.226035305,0.523831263,2.839491765,-0.877764237,-0.061690448,0.000096755,-0.000190907,-0.000937009,0.003215303,0.002707537,-0.187802419
4.146388770,1789526644.500984669,-0.093428437,-1.742292229,-1.620517556,-4.567240898,4.871624470,-4.195360247,0.521427521,-0.226013831,0.523830260,2.838841644,-0.879881453,-0.061890434,-0.000081323,0.000345523,-0.000263600,0.000087656,0.000679932,-0.194203029
4.154453196,1789526644.509049177,-0.093452279,-1.742340390,-1.620505635,-4.567408744,4.871564388,-4.193853203,0.521430285,-0.226021629,0.523829103,2.838156955,-0.882028859,-0.062019362,0.000204488,0.000144912,-0.000642814,-0.001458862,0.002420769,-0.191037942
4.162420306,1789526644.517016411,-0.093464200,-1.742424313,-1.620553319,-4.567659561,4.871456623,-4.192274396,0.521431066,-0.226018491,0.523792168,2.837451283,-0.884243536,-0.062412325,0.000305615,0.001206450,-0.000359225,0.001640766,0.002465099,-0.196629021
4.170481880,1789526644.525077820,-0.093512360,-1.742436234,-1.620517556,-4.567851249,4.871324539,-4.190671508,0.521417570,-0.226031375,0.523822859,2.836780577,-0.886591029,-0.062504205,-0.000859119,-0.001969008,-0.000498444,-0.001622605,0.000944875,-0.207995372
4.178427346,1789526644.533023119,-0.093548123,-1.742496316,-1.620553319,-4.567994777,4.871205330,-4.189104382,0.521414886,-0.226039732,0.523790712,2.836103888,-0.888852458,-0.062698472,-0.000207300,-0.000297957,-0.000483887,-0.000053306,0.000951967,-0.202624804
4.186431815,1789526644.541027784,-0.093512360,-1.742532078,-1.620517556,-4.568246071,4.871121407,-4.187453572,0.521424556,-0.226013691,0.523816512,2.835382670,-0.891114929,-0.062878390,0.000165636,0.000448483,-0.000504773,-0.001042691,0.000614191,-0.202543551
4.194433306,1789526644.549029350,-0.093524281,-1.742628400,-1.620541875,-4.568413440,4.870965004,-4.185803239,0.521442226,-0.226007631,0.523772165,2.834697557,-0.893462584,-0.063142603,-0.000517855,-0.001040172,-0.000588306,0.001501857,0.000225645,-0.200460155
4.202385385,1789526644.556982040,-0.093572442,-1.742652241,-1.620517556,-4.568605129,4.870857239,-4.184164826,0.521430905,-0.226022948,0.523791801,2.833975025,-0.895845230,-0.063256056,-0.000530030,-0.001157953,-0.000650170,0.000920803,-0.001740474,-0.205064259
4.210412485,1789526644.565008402,-0.093572442,-1.742688481,-1.620541875,-4.568832580,4.870725632,-4.182514016,0.521422551,-0.226010274,0.523787632,2.833267635,-0.898166488,-0.063510358,-0.000036975,0.000289228,-0.000335104,-0.000795689,0.000646485,-0.200037335
4.218493327,1789526644.573089361,-0.093596284,-1.742748086,-1.620529477,-4.569060270,4.870570183,-4.180934970,0.521425760,-0.226009427,0.523786507,2.832605466,-0.900430571,-0.063766180,-0.000880981,-0.001287465,-0.000217859,0.001183069,0.000553829,-0.198053747
4.226432277,1789526644.581027985,-0.093584363,-1.742784325,-1.620517556,-4.569263164,4.870486259,-4.179296080,0.521429271,-0.225995728,0.523795779,2.831873315,-0.902711587,-0.063916144,-0.000750051,-0.001443750,-0.000492802,0.001417467,0.001522414,-0.201119057
4.234421733,1789526644.589017630,-0.093620125,-1.742843930,-1.620541875,-4.569442932,4.870390415,-4.177777115,0.521425681,-0.226006152,0.523773672,2.831178202,-0.904888130,-0.064144239,-0.000269655,0.000267253,0.000021963,-0.000499513,0.001917995,-0.195681367
4.242432289,1789526644.597028017,-0.093632046,-1.742855851,-1.620505635,-4.569670383,4.870222569,-4.176162306,0.521417866,-0.225996651,0.523808486,2.830523443,-0.907201635,-0.064294963,0.000593078,0.001256256,-0.000544915,-0.000756342,0.002339900,-0.195231263
4.250412886,1789526644.605009317,-0.093704049,-1.742927376,-1.620505635,-4.569862072,4.870114803,-4.174619261,0.521414935,-0.226025708,0.523791816,2.829807932,-0.909466704,-0.064528299,-0.001055557,-0.001754571,-0.000235048,0.001305164,0.000927180,-0.205552405
4.258441640,1789526644.613037586,-0.093692128,-1.742987458,-1.620529477,-4.570077125,4.869970798,-4.173004452,0.521419897,-0.226006674,0.523773320,2.829118404,-0.911719017,-0.064806605,-0.000208533,0.000287544,-0.000071105,0.000058396,0.003463542,-0.199073528
4.266266192,1789526644.620860577,-0.093704049,-1.743035618,-1.620505635,-4.570316259,4.869886875,-4.171425883,0.521422263,-0.226005821,0.523785802,2.828386507,-0.913938886,-0.065019906,-0.000741391,-0.001192973,-0.000158110,-0.001305137,0.003180977,-0.205699837
4.274405686,1789526644.629000187,-0.093704049,-1.743059460,-1.620529477,-4.570508186,4.869718552,-4.169786994,0.521412324,-0.225989614,0.523783719,2.827709800,-0.916260603,-0.065219728,-0.000504086,-0.000540105,-0.000354306,0.002798597,0.000587266,-0.201033589
4.282348598,1789526644.636943102,-0.093704049,-1.743167226,-1.620505635,-4.570735399,4.869599342,-4.168172423,0.521442086,-0.225981637,0.523762050,2.826983838,-0.918516638,-0.065508715,-0.000187896,-0.000018979,-0.000367045,0.001034619,0.001788297,-0.201841586
4.290371902,1789526644.644966602,-0.093752209,-1.743143384,-1.620505635,-4.570938770,4.869491577,-4.166581694,0.521406072,-0.225994644,0.523798361,2.826262189,-0.920827449,-0.065612450,0.000291321,0.001244010,-0.000285978,0.001110538,0.001305094,-0.198954897
4.298378698,1789526644.652973413,-0.093800370,-1.743227307,-1.620505635,-4.571130220,4.869371414,-4.165014807,0.521413552,-0.226010609,0.523774820,2.825541497,-0.923090622,-0.065862324,-0.000593062,-0.001703152,-0.000555906,0.001541720,0.000657494,-0.200772426
4.306325131,1789526644.660920143,-0.093764130,-1.743239228,-1.620457951,-4.571309988,4.869227886,-4.163435761,0.521422733,-0.225978759,0.523809144,2.824898290,-0.925283716,-0.065918782,0.000074639,0.000131065,-0.000353610,0.000460450,-0.000786149,-0.199425130
4.314410690,1789526644.669005632,-0.093788449,-1.743311230,-1.620517556,-4.571549122,4.869107723,-4.161868874,0.521414725,-0.225980383,0.523772003,2.824164187,-0.927493615,-0.066303563,0.000195405,0.000562572,-0.000143675,-0.001390441,0.000967791,-0.200492690
4.322452662,1789526644.677047968,-0.093860451,-1.743358914,-1.620493714,-4.571752493,4.868976116,-4.160277907,0.521406609,-0.226006765,0.523779720,2.823435022,-0.929835769,-0.066488298,-0.000804441,-0.001758927,-0.000266213,0.000904878,0.001653388,-0.203453168
4.330374991,1789526644.684970856,-0.093860451,-1.743442837,-1.620505635,-4.571943943,4.868808270,-4.158747021,0.521422866,-0.225993063,0.523750351,2.822784944,-0.931992508,-0.066771653,-0.000222879,-0.000274916,-0.000237931,0.001849915,0.002652899,-0.205471138
4.338433381,1789526644.693029165,-0.093836133,-1.743442837,-1.620505635,-4.572171632,4.868724346,-4.157132451,0.521410516,-0.225971157,0.523777134,2.822040192,-0.934212664,-0.066924776,0.000524644,0.001418422,-0.000145881,0.000022463,0.002768759,-0.199733243
4.346378522,1789526644.700974226,-0.093920056,-1.743526761,-1.620493714,-4.572386924,4.868545055,-4.155481640,0.521410900,-0.226000461,0.523760905,2.821300154,-0.936659699,-0.067208106,-0.001031267,-0.002049114,-0.000439929,0.002212169,0.000407511,-0.209278692
4.354426605,1789526644.709022522,-0.093920056,-1.743574444,-1.620505635,-4.572554294,4.868401051,-4.153855149,0.521414684,-0.225987749,0.523748510,2.820588277,-0.938951917,-0.067384115,-0.000047336,0.000068073,-0.000554716,0.002870885,0.001319394,-0.205750531
4.362400404,1789526644.716996193,-0.093920056,-1.743634526,-1.620469395,-4.572769825,4.868329048,-4.152180258,0.521428907,-0.225982614,0.523757265,2.819783610,-0.941282794,-0.067545470,-0.000121654,0.000092878,-0.000111591,-0.002158134,0.003364079,-0.199559297
4.370495977,1789526644.725091934,-0.093944375,-1.743682210,-1.620445553,-4.572973434,4.868161201,-4.150589530,0.521431838,-0.225980842,0.523764534,2.819095150,-0.943566468,-0.067738807,-0.000763543,-0.001339963,-0.000346223,0.002209882,0.002196547,-0.202626302
4.378420694,1789526644.733016491,-0.093980138,-1.743730370,-1.620481793,-4.573200885,4.868017673,-4.148998801,0.521417853,-0.225985954,0.523748724,2.818359597,-0.945840580,-0.068046416,-0.000532375,-0.000979703,-0.000292044,-0.000257405,0.003392621,-0.201541915
4.386427955,1789526644.741024017,-0.093968217,-1.743801896,-1.620481793,-4.573392097,4.867885590,-4.147395674,0.521434190,-0.225969055,0.523731743,2.817637672,-0.948069388,-0.068271567,-0.000105824,0.000326446,-0.000034076,-0.001337054,0.003504716,-0.195795123
4.394419704,1789526644.749015570,-0.093980138,-1.743838135,-1.620469395,-4.573667471,4.867765903,-4.145829026,0.521426931,-0.225964046,0.523749737,2.816901890,-0.950268236,-0.068552272,0.000083991,0.000712435,0.000300335,-0.000568400,0.002421662,-0.199839465
4.402356717,1789526644.756952524,-0.094040219,-1.743897740,-1.620445553,-4.573823158,4.867645741,-4.144225899,0.521430030,-0.225986036,0.523745358,2.816147461,-0.952607161,-0.068679477,0.000076872,-0.002082473,0.001372590,-0.002038535,-0.003315956,-0.199804741
4.410422499,1789526644.765018463,-0.094027821,-1.743945901,-1.620361630,-4.574014131,4.867561817,-4.142647568,0.521454323,-0.225973994,0.523778099,2.815411962,-0.954801754,-0.068734936,0.001576712,0.001130103,0.002134716,-0.002969747,-0.004206925,-0.197257017
4.418369083,1789526644.772965670,-0.094087903,-1.743969742,-1.620349709,-4.574193899,4.867418766,-4.141032759,0.521439101,-0.225992179,0.523790516,2.814667777,-0.957164039,-0.068869843,-0.000064072,-0.001195718,0.001464557,0.000391946,-0.001201471,-0.202169861
4.426460212,1789526644.781055927,-0.094087903,-1.744041745,-1.620374028,-4.574385349,4.867286205,-4.139453952,0.521447916,-0.225981009,0.523762763,2.813936888,-0.959367809,-0.069136330,0.000135492,-0.000468711,0.000513627,-0.001991532,-0.001762010,-0.200578560
4.434387988,1789526644.788983822,-0.094111745,-1.744089905,-1.620337788,-4.574613039,4.867178440,-4.137874905,0.521451382,-0.225984534,0.523778994,2.813181207,-0.961605020,-0.069327074,0.000315114,0.000700532,0.000341142,0.000568006,0.000142373,-0.201783257
4.442391354,1789526644.796987057,-0.094147984,-1.744113747,-1.620349709,-4.574804489,4.867022514,-4.136319939,0.521435784,-0.225988581,0.523782334,2.812475160,-0.963845773,-0.069522980,-0.000459151,-0.001046672,0.000176140,0.003483919,-0.002309979,-0.200923730
4.450355617,1789526644.804951191,-0.094195668,-1.744185273,-1.620337788,-4.574995701,4.866831303,-4.134693209,0.521441576,-0.225997622,0.523769748,2.811751929,-0.966211134,-0.069759045,0.000370834,0.000450707,-0.000075068,0.003113731,-0.003742417,-0.199316362
4.458376835,1789526644.812972784,-0.094183747,-1.744185273,-1.620349709,-4.575187151,4.866675377,-4.133114640,0.521427484,-0.225975667,0.523785983,2.811057242,-0.968420380,-0.069912024,0.000601829,0.001265757,0.000186782,0.002020671,-0.001046122,-0.199195724
4.466370887,1789526644.820967436,-0.094255749,-1.744232957,-1.620337788,-4.575402919,4.866555214,-4.131511275,0.521415924,-0.226002782,0.523790296,2.810266730,-0.970759416,-0.070128167,-0.000864333,-0.001974502,0.000086814,0.002392397,-0.000694674,-0.201838433
4.474471093,1789526644.829066992,-0.094255749,-1.744293038,-1.620337788,-4.575570289,4.866340160,-4.129968230,0.521427627,-0.225984308,0.523775474,2.809627480,-0.972952249,-0.070345005,0.000159567,0.000015154,-0.000289587,0.001991705,-0.000298437,-0.200487846
4.482410968,1789526644.837006807,-0.094267670,-1.744341199,-1.620313470,-4.575773660,4.866280079,-4.128377740,0.521432978,-0.225985896,0.523784222,2.808819356,-0.975169492,-0.070497261,-0.000150442,0.000311225,0.000348513,-0.000334314,0.001477211,-0.198306751
4.490498967,1789526644.845094919,-0.094303910,-1.744401280,-1.620313470,-4.575977031,4.866124153,-4.126786772,0.521433185,-0.225991439,0.523774658,2.808074339,-0.977449892,-0.070741851,-0.000330428,-0.000158526,0.000132151,0.001151316,0.000334663,-0.201503273
4.498449406,1789526644.853045464,-0.094339673,-1.744461362,-1.620289628,-4.576192800,4.865980148,-4.125220362,0.521437351,-0.225998184,0.523777139,2.807331870,-0.979692413,-0.070968519,-0.000029420,-0.000421852,-0.000360751,-0.000282893,-0.000219913,-0.203071766
4.506450880,1789526644.861047029,-0.094327752,-1.744485203,-1.620313470,-4.576348249,4.865859985,-4.123569552,0.521432856,-0.225980392,0.523771410,2.806556331,-0.981985734,-0.071099180,-0.000121401,-0.000139812,-0.000018935,-0.001202699,-0.000893584,-0.198021486
4.514369056,1789526644.868964911,-0.094363515,-1.744509045,-1.620253865,-4.576575462,4.865752697,-4.121990506,0.521428975,-0.225989723,0.523810916,2.805784236,-0.984242650,-0.071223065,0.000133453,0.000411980,-0.000070132,-0.000494904,0.000690192,-0.201724947
4.522495875,1789526644.877091885,-0.094423596,-1.744557206,-1.620241467,-4.576730911,4.865608692,-4.120327775,0.521425450,-0.226008910,0.523807453,2.804988060,-0.986664221,-0.071353760,-0.000439324,-0.001448640,0.000294471,-0.001612223,0.001162621,-0.202206406
4.530351196,1789526644.884947300,-0.094435517,-1.744664971,-1.620241467,-4.576946680,4.865512848,-4.118761126,0.521448534,-0.226008928,0.523774500,2.804189633,-0.988838399,-0.071661707,0.000330047,0.000118663,0.000147340,-0.001011269,0.000924740,-0.195213823
4.538436104,1789526644.893031836,-0.094459359,-1.744700734,-1.620253865,-4.577161972,4.865333080,-4.117182318,0.521438649,-0.226004613,0.523773874,2.803464558,-0.991089441,-0.071916488,-0.000477930,-0.000970108,0.000571364,-0.000756703,0.000196666,-0.197558117
4.546344090,1789526644.900939941,-0.094507519,-1.744736973,-1.620229546,-4.577353422,4.865213394,-4.115603272,0.521432539,-0.226019324,0.523786809,2.802686301,-0.993363639,-0.072064382,-0.000272928,-0.001505089,-0.000267122,-0.000595151,-0.001005590,-0.197247591
4.554417106,1789526644.909013033,-0.094531361,-1.744760815,-1.620277707,-4.577556554,4.865093708,-4.114036385,0.521411133,-0.226019423,0.523776447,2.801907450,-0.995571530,-0.072313837,0.000037770,-0.000516917,-0.000335800,-0.000115587,-0.001524938,-0.198964864
4.562397343,1789526644.916993380,-0.094543282,-1.744820420,-1.620205704,-4.577736322,4.864973545,-4.112505500,0.521433216,-0.226017063,0.523796002,2.801176047,-0.997733757,-0.072411979,0.000385818,0.000592939,-0.000175717,0.000068303,-0.000682479,-0.197706453
4.570504951,1789526644.925100803,-0.094591443,-1.744856183,-1.620169942,-4.577880327,4.864793777,-4.110926453,0.521433526,-0.226026851,0.523807499,2.800457979,-1.000041168,-0.072499095,0.001139323,-0.001779374,0.001871741,0.001630011,-0.008582549,-0.202870996
4.578409568,1789526644.933005571,-0.094579522,-1.744916264,-1.620133702,-4.578095619,4.864650249,-4.109311644,0.521451120,-0.226009021,0.523815353,2.799694505,-1.002279999,-0.072696414,0.001011436,0.000277918,0.000988196,0.002464296,-0.003764094,-0.203787071
4.586387697,1789526644.940983534,-0.094603364,-1.744988267,-1.620157544,-4.578322593,4.864506245,-4.107732598,0.521451986,-0.226009012,0.523792145,2.798911480,-1.004501962,-0.073023026,0.000757227,0.000775128,0.000333826,0.001410430,0.001053208,-0.195952565
4.594394680,1789526644.948990345,-0.094675366,-1.745000188,-1.620121781,-4.578526203,4.864326477,-4.106130187,0.521432755,-0.226029920,0.523823895,2.798155037,-1.006866208,-0.073162115,-0.000767491,-0.002218976,0.000026418,0.002703965,0.001152371,-0.206659465
4.602407690,1789526644.957003593,-0.094663445,-1.745119874,-1.620145623,-4.578705732,4.864158630,-4.104515378,0.521464460,-0.226011217,0.523768751,2.797386987,-1.009095703,-0.073490140,0.000356768,0.000397409,-0.000179117,0.001947848,0.001357048,-0.201253999
4.610379726,1789526644.964975595,-0.094663445,-1.745119874,-1.620133702,-4.578957025,4.864015102,-4.103020255,0.521447822,-0.225996635,0.523802996,2.796671827,-1.011181921,-0.073704754,-0.000285098,-0.001061212,-0.000161514,-0.000544706,0.002315962,-0.197816585
4.618374076,1789526644.972970009,-0.094747368,-1.745168034,-1.620145623,-4.579100315,4.863883018,-4.101417843,0.521434823,-0.226028962,0.523787699,2.795855782,-1.013538005,-0.073860412,-0.000031872,-0.001216175,-0.000870725,0.002109169,0.000464647,-0.202405378
4.626449623,1789526644.981045485,-0.094771687,-1.745251958,-1.620133702,-4.579292242,4.863691330,-4.099826399,0.521450835,-0.226026249,0.523768617,2.795110457,-1.015805175,-0.074121306,0.000164343,-0.000126495,-0.000421474,0.000754697,0.001368451,-0.203465727
4.634412909,1789526644.989009142,-0.094795529,-1.745299641,-1.620086018,-4.579531852,4.863583565,-4.098235909,0.521455673,-0.226029906,0.523791657,2.794295965,-1.018041727,-0.074313175,0.000189743,0.000038132,-0.000237117,-0.000347039,0.004301350,-0.199193935
4.642371294,1789526644.996967077,-0.094807450,-1.745323483,-1.620086018,-4.579674904,4.863379955,-4.096657101,0.521452371,-0.226017506,0.523793689,2.793592050,-1.020297213,-0.074440356,-0.000410575,-0.001577961,-0.000495132,0.000881056,0.002073127,-0.207251186
4.650371813,1789526645.004967690,-0.094855134,-1.745419804,-1.620133702,-4.579890196,4.863296032,-4.095054213,0.521453055,-0.226035931,0.523746424,2.792706069,-1.022549401,-0.074795461,-0.000047720,-0.000777272,-0.000439581,-0.000506951,0.001480261,-0.201930223
4.658370498,1789526645.012966633,-0.094867531,-1.745467011,-1.620133702,-4.580117885,4.863140106,-4.093499247,0.521451754,-0.226028396,0.523746942,2.791943371,-1.024730123,-0.075060989,0.000415907,0.000309667,-0.000330049,-0.002519928,0.001648637,-0.203552045
4.666376813,1789526645.020972729,-0.094915215,-1.745515172,-1.620109860,-4.580285732,4.863008499,-4.091836754,0.521452391,-0.226042386,0.523750218,2.791102121,-1.027116595,-0.075189176,-0.000371872,-0.001507802,-0.000486828,-0.000482745,0.001343464,-0.207222588
4.674475611,1789526645.029071569,-0.094939057,-1.745574776,-1.620049779,-4.580512706,4.862852573,-4.090221945,0.521465865,-0.226042444,0.523770001,2.790309010,-1.029405062,-0.075379721,0.000195358,-0.000193112,-0.000424998,-0.000990670,0.003880266,-0.199953574
4.682413219,1789526645.037009239,-0.094950978,-1.745611016,-1.620025937,-4.580775921,4.862756729,-4.088594977,0.521462038,-0.226039919,0.523791999,2.789449039,-1.031658964,-0.075612560,0.000507424,0.000189206,0.001004000,-0.002527065,0.002266383,-0.198732614
4.690389768,1789526645.044985533,-0.094999139,-1.745671097,-1.620014016,-4.580919687,4.862577438,-4.087004010,0.521467071,-0.226050213,0.523780058,2.788680773,-1.033963722,-0.075769722,-0.000115718,-0.001851222,0.000515927,-0.000551661,0.000459620,-0.201150854
4.698352822,1789526645.052948713,-0.095022980,-1.745694939,-1.620002095,-4.581134979,4.862469673,-4.085413996,0.521457125,-0.226052463,0.523797515,2.787852308,-1.036196482,-0.075944569,0.000567489,-0.000361526,0.000125262,-0.000699304,0.000610181,-0.196192246
4.706380944,1789526645.060976982,-0.095011059,-1.745755021,-1.620037858,-4.581338350,4.862337112,-4.083870713,0.521460816,-0.226034341,0.523772918,2.787069081,-1.038308637,-0.076234244,0.000035113,0.000353752,0.000614353,-0.001130260,-0.003619210,-0.198470176
4.714325340,1789526645.068921089,-0.095106904,-1.745815102,-1.620037858,-4.581517879,4.862205505,-4.082292143,0.521449431,-0.226073355,0.523760888,2.786224475,-1.040632063,-0.076447441,0.000054192,-0.001365474,-0.000687155,-0.000763203,-0.002683379,-0.196967271
4.722419430,1789526645.077015400,-0.095071141,-1.745875184,-1.620025937,-4.581649725,4.862061977,-4.080725257,0.521474146,-0.226043223,0.523747968,2.785474502,-1.042771559,-0.076565687,-0.000177534,-0.000397302,-0.000102344,0.001675922,-0.002352152,-0.201764425
4.730377147,1789526645.084973574,-0.095118825,-1.745922867,-1.620002095,-4.581853334,4.861894131,-4.079122368,0.521472038,-0.226053653,0.523755473,2.784670864,-1.045076716,-0.076768079,0.000077906,0.000890050,0.000302550,0.002040636,-0.001706640,-0.197294805
4.738347025,1789526645.092943192,-0.095130746,-1.745959107,-1.619942013,-4.582032386,4.861738205,-4.077567403,0.521482869,-0.226046957,0.523781991,2.783916278,-1.047275205,-0.076863923,0.000098197,-0.001147505,0.000368891,0.000731885,-0.000087183,-0.206201307
4.746290597,1789526645.100886106,-0.095155064,-1.746006791,-1.619978253,-4.582260076,4.861534119,-4.075952355,0.521471986,-0.226040584,0.523765974,2.783124284,-1.049559997,-0.077197916,-0.000092359,-0.000236550,0.001110859,0.001275317,-0.001037294,-0.204242797
4.754298259,1789526645.108893394,-0.095166985,-1.746042554,-1.619953934,-4.582499448,4.861378670,-4.074338023,0.521470452,-0.226032803,0.523784740,2.782309393,-1.051818924,-0.077423055,0.000489989,0.000398024,0.000410367,-0.001855626,0.000773070,-0.197496409
4.762230846,1789526645.116825581,-0.095250909,-1.746090714,-1.619978253,-4.582643215,4.861198902,-4.072806899,0.521455262,-0.226060558,0.523763580,2.781530907,-1.054080208,-0.077628781,-0.000823998,-0.001127594,0.000689101,0.001885391,0.002223354,-0.202423954
4.770368027,1789526645.124962807,-0.095262829,-1.746126477,-1.619989697,-4.582822267,4.861066818,-4.071240012,0.521450985,-0.226054636,0.523759708,2.780723501,-1.056268120,-0.077815061,0.000064854,0.000029873,-0.000003880,0.000484099,0.001008881,-0.200014155
4.778326148,1789526645.132920742,-0.095262829,-1.746162240,-1.619953934,-4.583002035,4.860935688,-4.069660966,0.521459091,-0.226043489,0.523776389,2.779924084,-1.058464908,-0.077931721,0.000234271,0.000417158,-0.000100807,-0.000460373,0.000899809,-0.197374863
4.786355310,1789526645.140951872,-0.095298592,-1.746258084,-1.619953934,-4.583241407,4.860767841,-4.068142001,0.521470912,-0.226048811,0.523752003,2.779131091,-1.060609939,-0.078298097,-0.000750330,-0.001632454,-0.000110290,0.000286054,0.000132244,-0.206014689
4.794384313,1789526645.148980141,-0.095370595,-1.746293847,-1.619905774,-4.583385173,4.860659599,-4.066527192,0.521468008,-0.226077785,0.523769905,2.778263397,-1.062956479,-0.078340579,-0.000253700,-0.001071780,-0.000377791,-0.000873034,-0.000010699,-0.200829751
4.802350970,1789526645.156946659,-0.095334832,-1.746342007,-1.619918172,-4.583635990,4.860515594,-4.064984147,0.521473601,-0.226045860,0.523767672,2.777474630,-1.065028663,-0.078650863,0.000194071,0.000427618,-0.000073602,-0.001747137,-0.000312321,-0.200593674
4.810394302,1789526645.164990187,-0.095382516,-1.746377770,-1.619905774,-4.583791916,4.860324383,-4.063393418,0.521468442,-0.226053833,0.523770501,2.776688033,-1.067330104,-0.078798011,-0.000291991,-0.001204364,-0.000435562,-0.000791292,-0.000707846,-0.204448633
4.818339202,1789526645.172935009,-0.095430676,-1.746402089,-1.619858090,-4.583983127,4.860168457,-4.061778371,0.521462908,-0.226065264,0.523799643,2.775858048,-1.069653051,-0.078910703,-0.000085572,-0.000740005,-0.000085405,-0.000519490,-0.003004819,-0.203472729
4.826424707,1789526645.181020498,-0.095442597,-1.746461693,-1.619881932,-4.584114973,4.860024452,-4.060164038,0.521469321,-0.226059252,0.523771539,2.775022793,-1.071908988,-0.079081597,0.000627176,0.000632379,-0.000233180,-0.001123209,-0.003671889,-0.203115985
4.834376184,1789526645.188971996,-0.095490281,-1.746545617,-1.619894330,-4.584318821,4.859940529,-4.058537547,0.521473451,-0.226077987,0.523744968,2.774087469,-1.074187937,-0.079350042,-0.000408225,-0.001379902,0.000008547,-0.000710417,-0.002069189,-0.202069538
4.842327138,1789526645.196922779,-0.095478360,-1.746557538,-1.619858090,-4.584521715,4.859748840,-4.056946580,0.521473598,-0.226054065,0.523776846,2.773323410,-1.076403994,-0.079489725,-0.000023686,-0.000128364,0.000086265,0.000945572,0.000109814,-0.199354279
4.850370652,1789526645.204966545,-0.095514599,-1.746605698,-1.619858090,-4.584725086,4.859617233,-4.055355612,0.521469184,-0.226061388,0.523774299,2.772462573,-1.078646348,-0.079712998,0.000160838,0.000638424,0.000448901,-0.001783932,0.001064839,-0.198452644
4.858329731,1789526645.212925434,-0.095538441,-1.746665780,-1.619846169,-4.584928934,4.859449387,-4.053741042,0.521474953,-0.226059628,0.523770056,2.771623672,-1.080917989,-0.079948647,-0.000909139,-0.001802708,0.000341804,0.000736077,0.000918525,-0.197880959
4.866349125,1789526645.220944881,-0.095550362,-1.746701543,-1.619870011,-4.585084621,4.859293461,-4.052186314,0.521470194,-0.226051464,0.523757667,2.770821436,-1.083092996,-0.080132836,0.000055941,0.000071884,0.000123856,0.000427583,0.000336631,-0.199014741
4.874410879,1789526645.229006767,-0.095574204,-1.746701543,-1.619881932,-4.585299675,4.859161854,-4.050583426,0.521446253,-0.226050188,0.523777462,2.769960029,-1.085337424,-0.080318407,0.000033670,0.000570408,0.000575140,-0.001883948,0.001714496,-0.196046433
4.882375943,1789526645.236971855,-0.095634762,-1.746785466,-1.619846169,-4.585491363,4.859042168,-4.049052302,0.521458665,-0.226073404,0.523769790,2.769104666,-1.087526012,-0.080530641,-0.000656387,-0.001570945,0.000069711,-0.002113298,0.001475570,-0.203329370
4.890359286,1789526645.244955063,-0.095634762,-1.746833150,-1.619846169,-4.585682813,4.858910561,-4.047401492,0.521463227,-0.226061897,0.523766048,2.768221321,-1.089799155,-0.080724842,0.000020625,0.000016602,-0.000017884,-0.002774805,0.000563658,-0.202439247
4.898357510,1789526645.252953291,-0.095646683,-1.746856991,-1.619786088,-4.585898344,4.858778477,-4.045894448,0.521466212,-0.226056653,0.523804187,2.767426943,-1.091903504,-0.080853553,-0.000011225,0.000484461,0.000359261,-0.003573063,0.002073758,-0.196610884
4.906330226,1789526645.260926008,-0.095706765,-1.746880833,-1.619810406,-4.586053554,4.858622551,-4.044267956,0.521445835,-0.226073145,0.523798003,2.766551495,-1.094243319,-0.081018512,-0.000639392,-0.001748893,-0.000277429,-0.001620835,-0.000904741,-0.204925726
4.914345021,1789526645.268940687,-0.095742528,-1.746928994,-1.619810406,-4.586269085,4.858490467,-4.042700593,0.521440615,-0.226080092,0.523797002,2.765684626,-1.096444051,-0.081262919,0.000092523,0.000278987,-0.000135143,-0.000795514,-0.001782212,-0.199328887
4.922431147,1789526645.277027130,-0.095790688,-1.746976678,-1.619774167,-4.586472456,4.858346939,-4.041098181,0.521440931,-0.226093233,0.523810287,2.764811419,-1.098724888,-0.081440342,0.000012446,-0.000237050,0.000107033,0.000099625,-0.001140180,-0.196652045
4.930390576,1789526645.284987211,-0.095814530,-1.747024838,-1.619810406,-4.586616460,4.858214855,-4.039555136,0.521436589,-0.226093765,0.523784733,2.763969538,-1.100882050,-0.081636347,-0.000551035,-0.000988874,0.000200974,0.003129682,-0.003176334,-0.204215453
4.938396041,1789526645.292992115,-0.095814530,-1.747048680,-1.619774167,-4.586783830,4.857963562,-4.038024251,0.521442026,-0.226071339,0.523805042,2.763265585,-1.103054576,-0.081780937,0.000172027,0.000426687,0.000025710,0.003804155,-0.003308886,-0.198077183
4.946335057,1789526645.300930738,-0.095862214,-1.747120682,-1.619762246,-4.586987201,4.857831478,-4.036481206,0.521446939,-0.226085725,0.523794821,2.762398138,-1.105235735,-0.082030015,0.000719211,0.001026224,-0.000260703,0.002601118,-0.001036714,-0.198118770
4.954333752,1789526645.308929443,-0.095862214,-1.747180287,-1.619750325,-4.587154810,4.857627869,-4.034878318,0.521461088,-0.226068520,0.523785934,2.761592608,-1.107472700,-0.082230192,-0.001307243,-0.001431507,0.000806326,0.002548802,-0.001989417,-0.207604126
4.962327592,1789526645.316923380,-0.095898453,-1.747180287,-1.619786088,-4.587418262,4.857460022,-4.033299510,0.521425929,-0.226069608,0.523801026,2.760727278,-1.109692386,-0.082540673,0.000421731,0.000457130,-0.000393873,0.001338600,0.001166930,-0.201242830
4.970435758,1789526645.325031519,-0.095898453,-1.747264210,-1.619750325,-4.587537948,4.857292175,-4.031684939,0.521458106,-0.226057379,0.523783826,2.759892781,-1.111939587,-0.082656172,0.000148337,0.001113177,0.000350749,0.001174153,0.000899828,-0.203218625
4.978325652,1789526645.332921505,-0.095922295,-1.747276608,-1.619713608,-4.587776844,4.857089043,-4.030057971,0.521447786,-0.226050840,0.523820074,2.759053875,-1.114240283,-0.082855714,-0.001147914,-0.001672414,0.000363219,0.002935581,-0.000417751,-0.204722789
4.986304000,1789526645.340899944,-0.095982377,-1.747312371,-1.619713608,-4.587968294,4.856896877,-4.028467242,0.521434565,-0.226064702,0.523822059,2.758201735,-1.116533698,-0.083077370,0.000419255,0.000375971,-0.000436620,0.001151563,0.001041497,-0.202113967
4.994315378,1789526645.348911285,-0.096006219,-1.747396294,-1.619701687,-4.588172142,4.856776714,-4.026840750,0.521449473,-0.226068194,0.523805637,2.757272442,-1.118783787,-0.083326007,0.000200291,0.000534646,0.000229926,0.001073864,-0.000445185,-0.201276977
5.002347588,1789526645.356944084,-0.096041981,-1.747420136,-1.619713608,-4.588315908,4.856597424,-4.025225703,0.521438271,-0.226070197,0.523803159,2.756416352,-1.121080503,-0.083468441,-0.000406378,-0.001331447,-0.000067062,0.002324607,0.000723545,-0.198544605
5.010309588,1789526645.364905834,-0.096053902,-1.747492139,-1.619701687,-4.588530962,4.856381416,-4.023706738,0.521450991,-0.226058222,0.523793353,2.755632936,-1.123206137,-0.083772642,-0.000016798,-0.000148028,0.000229817,0.000042087,0.001500696,-0.198180808
5.018341041,1789526645.372937202,-0.096041981,-1.747504059,-1.619677846,-4.588686649,4.856297493,-4.022127930,0.521451643,-0.226044195,0.523815507,2.754748633,-1.125353051,-0.083818937,0.000373747,0.000667069,0.000122645,-0.000987631,0.001976158,-0.193768578
5.026391095,1789526645.380987167,-0.096113984,-1.747564141,-1.619701687,-4.588937942,4.856118202,-4.020525281,0.521435609,-0.226065488,0.523801674,2.753832690,-1.127645854,-0.084188475,-0.000592839,-0.001849902,-0.000334860,0.000403813,0.001039380,-0.202513552
5.034349883,1789526645.388945818,-0.096113984,-1.747599904,-1.619689290,-4.589105789,4.855890274,-4.018958871,0.521440671,-0.226045175,0.523805662,2.753053868,-1.129841756,-0.084372643,0.000179911,0.000342456,-0.000143868,-0.000666056,-0.000080181,-0.200816003
5.042340493,1789526645.396937132,-0.096185986,-1.747707669,-1.619653527,-4.589344684,4.855782509,-4.017379586,0.521456185,-0.226076037,0.523791209,2.752093508,-1.132075990,-0.084677423,0.000649827,0.000908816,-0.000476994,0.000549789,0.001400960,-0.197086978
5.050328956,1789526645.404924870,-0.096209828,-1.747707669,-1.619653527,-4.589452449,4.855614662,-4.015812699,0.521443523,-0.226072442,0.523802475,2.751268957,-1.134297340,-0.084718501,-0.000652241,-0.001608045,-0.000339214,0.001829063,-0.001596942,-0.207188616
5.058325868,1789526645.412921667,-0.096233670,-1.747755829,-1.619653527,-4.589619819,4.855459213,-4.014221970,0.521445051,-0.226071390,0.523795282,2.750389188,-1.136520916,-0.084903542,0.000668164,0.000346675,-0.000331848,0.000513340,-0.001714746,-0.199602474
5.066350171,1789526645.420945883,-0.096233670,-1.747803513,-1.619605843,-4.589883272,4.855291367,-4.012619082,0.521454164,-0.226057015,0.523820773,2.749510766,-1.138721550,-0.085157925,0.000225568,0.000165920,0.000176344,0.001261097,0.001338944,-0.200359442
5.074427507,1789526645.429023266,-0.096293751,-1.747875516,-1.619617764,-4.590038721,4.855111599,-4.011040274,0.521455547,-0.226073408,0.523793751,2.748627986,-1.140982670,-0.085394490,-0.000378699,-0.001042755,0.000276252,0.000737667,-0.000242224,-0.203932939
5.082368513,1789526645.436964273,-0.096305672,-1.747875516,-1.619593922,-4.590242330,4.854895592,-4.009449784,0.521443330,-0.226059005,0.523826666,2.747808845,-1.143221211,-0.085556742,0.000077073,0.000177008,0.000294446,0.000629621,-0.000376468,-0.196160918
5.090374867,1789526645.444970846,-0.096305672,-1.747983281,-1.619617764,-4.590421621,4.854740143,-4.007930342,0.521467880,-0.226047247,0.523778444,2.746950428,-1.145290039,-0.085883168,0.000872908,0.000779917,-0.000380170,0.000317806,0.001413637,-0.195185478
5.098333367,1789526645.452929258,-0.096365754,-1.747995679,-1.619581525,-4.590625469,4.854584217,-4.006351296,0.521451778,-0.226064137,0.523810820,2.746057185,-1.147552171,-0.086024870,-0.000533812,-0.000881786,0.000414293,0.001132387,-0.002541110,-0.201637572
5.106362029,1789526645.460958004,-0.096365754,-1.748054806,-1.619569604,-4.590733234,4.854452133,-4.004808489,0.521470007,-0.226053849,0.523795750,2.745203519,-1.149676846,-0.086117090,0.000678412,0.000255299,-0.000508130,0.000489866,-0.000741412,-0.199118180
5.114300127,1789526645.468895912,-0.096425835,-1.748079125,-1.619605843,-4.590924207,4.854260445,-4.003229920,0.521444922,-0.226066618,0.523788306,2.744316778,-1.151936142,-0.086377377,0.000389454,0.001003800,0.000041503,0.001040432,-0.000216526,-0.199070379
5.122402475,1789526645.476998329,-0.096437756,-1.748150651,-1.619569604,-4.591128055,4.854081154,-4.001663033,0.521463165,-0.226058525,0.523788427,2.743454675,-1.154109704,-0.086609967,-0.000416224,-0.001384213,-0.000475724,0.002764437,0.001128014,-0.202799370
5.130285149,1789526645.484880924,-0.096461598,-1.748198811,-1.619581525,-4.591307346,4.853900909,-4.000072066,0.521461519,-0.226054903,0.523777302,2.742570015,-1.156332183,-0.086841999,0.000333964,0.000419070,-0.000206659,-0.002051871,0.000411634,-0.204070318
5.138304435,1789526645.492900610,-0.096497838,-1.748234574,-1.619557683,-4.591499273,4.853757381,-3.998457257,0.521458318,-0.226061224,0.523790381,2.741641137,-1.158595516,-0.087004874,-0.000506225,-0.000631248,0.000274169,-0.000937245,0.000902934,-0.203115254
5.146350590,1789526645.500946522,-0.096534077,-1.748258893,-1.619557683,-4.591690246,4.853577614,-3.996842686,0.521446033,-0.226063350,0.523798775,2.740737208,-1.160870916,-0.087201615,0.000012094,-0.001177507,-0.000797588,-0.000372594,-0.000611670,-0.200926497
5.154327154,1789526645.508923531,-0.096581761,-1.748294655,-1.619533841,-4.591834013,4.853446007,-3.995251719,0.521443938,-0.226077061,0.523806008,2.739815379,-1.163122024,-0.087295389,0.000205860,-0.000150050,-0.000187789,-0.000938845,-0.000678186,-0.200061548
5.162343826,1789526645.516939402,-0.096557919,-1.748378579,-1.619521920,-4.592061226,4.853265762,-3.993648831,0.521468337,-0.226050072,0.523791844,2.738925123,-1.165277931,-0.087605183,0.000656802,0.000974323,-0.000201031,0.000943062,0.000668915,-0.194232194
5.170435438,1789526645.525032043,-0.096605603,-1.748414342,-1.619533841,-4.592229072,4.853097916,-3.992093865,0.521457251,-0.226059618,0.523786182,2.738034510,-1.167480567,-0.087805704,-0.000552955,-0.002209623,-0.000484528,0.001248411,-0.000906898,-0.201213151
5.178384521,1789526645.532980442,-0.096653763,-1.748486344,-1.619461838,-4.592396442,4.852882862,-3.990503375,0.521478008,-0.226068145,0.523796531,2.737172568,-1.169763378,-0.087957405,0.000627279,0.000547296,-0.000361720,0.001637658,-0.001293787,-0.200648545
5.186286466,1789526645.540882349,-0.096665684,-1.748522584,-1.619485680,-4.592575971,4.852726460,-3.988948170,0.521471750,-0.226059787,0.523787073,2.736281526,-1.171904900,-0.088182199,0.000639125,0.001323128,0.000265967,-0.000726578,0.000904888,-0.194437190
5.194345214,1789526645.548941135,-0.096701447,-1.748558346,-1.619509999,-4.592743580,4.852546692,-3.987381522,0.521460919,-0.226061792,0.523775893,2.735390699,-1.174107174,-0.088403347,-0.000793663,-0.001823053,0.000204928,0.000302379,-0.003093731,-0.204944089
5.202175577,1789526645.556770086,-0.096725766,-1.748618428,-1.619461838,-4.592875187,4.852403641,-3.985814635,0.521479747,-0.226063771,0.523778840,2.734497303,-1.176296768,-0.088486654,0.000279335,0.000538942,0.000215143,-0.001049639,-0.002965243,-0.199808167
5.210263290,1789526645.564857960,-0.096749608,-1.748630349,-1.619473759,-4.593078558,4.852223873,-3.984199587,0.521461997,-0.226058638,0.523790384,2.733579534,-1.178546734,-0.088700029,-0.000433336,-0.001808596,-0.000350181,-0.002191568,-0.002145123,-0.207280829
5.218251580,1789526645.572846174,-0.096821610,-1.748714272,-1.619485680,-4.593222324,4.852031708,-3.982620780,0.521466451,-0.226080665,0.523755399,2.732661386,-1.180815989,-0.088947662,-0.000453386,-0.000820011,0.000000181,-0.001740703,-0.005056520,-0.206119725
5.226302347,1789526645.580897093,-0.096833531,-1.748714272,-1.619437997,-4.593389694,4.851912022,-3.981042210,0.521461382,-0.226075746,0.523795399,2.731749106,-1.182997081,-0.088983255,0.000433228,0.000509176,-0.000200569,-0.003453379,0.000423455,-0.196611606
5.234262538,1789526645.588857412,-0.096857373,-1.748773877,-1.619461838,-4.593569461,4.851768494,-3.979475323,0.521461543,-0.226075671,0.523773528,2.730814627,-1.185155001,-0.089235726,-0.000655010,-0.000643537,0.000303001,0.001331133,-0.000838386,-0.201215885
5.242242642,1789526645.596837282,-0.096893613,-1.748810116,-1.619413678,-4.593712989,4.851624489,-3.977919881,0.521467381,-0.226082785,0.523790861,2.729915635,-1.187344865,-0.089306320,-0.000106211,-0.000002625,0.000396014,0.001222193,-0.002856684,-0.200950977
5.250268319,1789526645.604863405,-0.096905533,-1.748857323,-1.619402234,-4.593952123,4.851408958,-3.976353470,0.521468527,-0.226069738,0.523797464,2.729040177,-1.189513319,-0.089609996,0.000449930,0.000498023,0.000055738,0.000880052,0.001517435,-0.196442787
5.258285757,1789526645.612881184,-0.096929375,-1.748893563,-1.619365994,-4.594131653,4.851253033,-3.974870030,0.521471998,-0.226068817,0.523814006,2.728185189,-1.191581135,-0.089761581,-0.000897693,-0.001081928,0.000861693,0.001895523,0.000403286,-0.203047356
5.266260710,1789526645.620856524,-0.096953217,-1.748953644,-1.619354073,-4.594323341,4.851073265,-3.973291461,0.521479069,-0.226066079,0.523808381,2.727271772,-1.193773412,-0.089998439,-0.000255858,-0.001238144,-0.000153225,0.002275783,-0.000702419,-0.200755235
5.274408513,1789526645.629004478,-0.096977536,-1.749013249,-1.619342152,-4.594467107,4.850869656,-3.971724574,0.521489754,-0.226061737,0.523796736,2.726396537,-1.195972058,-0.090180977,0.000354646,0.000517982,-0.000033429,-0.000282141,-0.000460225,-0.199534718
5.282312023,1789526645.636907816,-0.097037141,-1.749025170,-1.619354073,-4.594670240,4.850701809,-3.970121686,0.521463900,-0.226076338,0.523808455,2.725436991,-1.198242373,-0.090395429,-0.000157169,0.000091207,0.000356543,0.000121347,-0.001457172,-0.202806144
5.290377002,1789526645.644973040,-0.097073380,-1.749085251,-1.619354073,-4.594778005,4.850545883,-3.968494479,0.521472088,-0.226082591,0.523787504,2.724480640,-1.200521698,-0.090515227,0.000209384,-0.000292826,-0.000376782,0.000247376,-0.001493805,-0.203967360
5.298291519,1789526645.652887344,-0.097073380,-1.749097172,-1.619354073,-4.594969455,4.850401878,-3.966927354,0.521462914,-0.226068596,0.523803214,2.723560708,-1.202655111,-0.090681837,-0.000009879,0.000360099,0.000468068,-0.002324177,-0.000141230,-0.202898633
5.306341785,1789526645.660937786,-0.097097222,-1.749133412,-1.619365994,-4.595209066,4.850162506,-3.965384547,0.521452410,-0.226058713,0.523805479,2.722694111,-1.204810398,-0.091021406,-0.000960070,-0.001736935,0.000366545,-0.000418305,0.002389535,-0.202598868
5.314295548,1789526645.668891430,-0.097169224,-1.749169652,-1.619365994,-4.595376436,4.850018501,-3.963733975,0.521438415,-0.226083366,0.523805038,2.721676016,-1.207153755,-0.091187285,-0.000254600,-0.001597845,-0.000592388,-0.001612327,0.002232141,-0.200428913
5.322301179,1789526645.676897049,-0.097181145,-1.749193494,-1.619318310,-4.595591728,4.849898815,-3.962190930,0.521439053,-0.226079028,0.523838180,2.720741861,-1.209260422,-0.091329579,-0.000359995,0.000712497,0.000837111,-0.002027774,-0.000601289,-0.199948081
5.330327859,1789526645.684923649,-0.097181145,-1.749277417,-1.619282071,-4.595747177,4.849731445,-3.960612122,0.521468680,-0.226066638,0.523825819,2.719825769,-1.211417297,-0.091506992,0.000107819,-0.001569633,-0.001035909,-0.002377705,0.002235768,-0.197481522
5.338309465,1789526645.692905426,-0.097228829,-1.749289338,-1.619270150,-4.595890943,4.849563122,-3.959021155,0.521455087,-0.226075861,0.523840439,2.718890051,-1.213669754,-0.091606063,-0.000533005,-0.000802666,0.000780389,-0.001353620,-0.001553698,-0.201162311
5.346328131,1789526645.700923920,-0.097253148,-1.749349419,-1.619318310,-4.596082870,4.849371433,-3.957478348,0.521449787,-0.226071108,0.523808824,2.717970063,-1.215797401,-0.091939630,0.000811898,0.000510188,-0.000286065,-0.000007239,0.001542623,-0.199730805
5.354306108,1789526645.708901882,-0.097289387,-1.749385182,-1.619270150,-4.596273843,4.849204063,-3.955851857,0.521451970,-0.226075749,0.523832115,2.717003572,-1.218071550,-0.092081649,-0.000333234,-0.000961027,0.000404676,0.000104049,0.002001731,-0.202574634
5.362309709,1789526645.716905355,-0.097313229,-1.749444787,-1.619282071,-4.596441452,4.849011898,-3.954296891,0.521455959,-0.226071568,0.523813362,2.716090058,-1.220228330,-0.092328732,-0.000357570,0.000013249,0.000599415,0.002817085,-0.000233828,-0.203304925
5.370341663,1789526645.724937677,-0.097337071,-1.749528710,-1.619258229,-4.596644823,4.848808289,-3.952729766,0.521474202,-0.226067735,0.523801229,2.715169021,-1.222399976,-0.092614528,0.000585861,0.000482472,-0.000561997,0.002008162,0.001586728,-0.197947553
5.378337132,1789526645.732932806,-0.097373311,-1.749564473,-1.619282071,-4.596860592,4.848580837,-3.951150958,0.521460074,-0.226065316,0.523795843,2.714246841,-1.224611396,-0.092929573,-0.000196506,-0.000506456,-0.000160299,-0.000277048,-0.001643999,-0.204155381
5.386268043,1789526645.740864038,-0.097444836,-1.749612633,-1.619246308,-4.596944038,4.848424911,-3.949548070,0.521464883,-0.226090389,0.523793776,2.713280914,-1.226914004,-0.092957838,0.000797298,0.000133570,-0.001130405,0.000092115,-0.001170730,-0.199805861
5.394294159,1789526645.748890162,-0.097444836,-1.749636475,-1.619246308,-4.597135488,4.848280907,-3.947969023,0.521460462,-0.226076851,0.523803105,2.712325602,-1.229051012,-0.093141340,-0.000024408,0.000351523,0.000074627,-0.000068367,-0.003536991,-0.198381407
5.402305790,1789526645.756902218,-0.097492997,-1.749708478,-1.619246308,-4.597291414,4.848077297,-3.946450059,0.521467298,-0.226085106,0.523781216,2.711422906,-1.231196745,-0.093387022,0.000313452,-0.000573842,-0.000865886,-0.000163705,-0.000128725,-0.203189119
5.410283339,1789526645.764878988,-0.097516839,-1.749732320,-1.619270150,-4.597434704,4.847933769,-3.944907252,0.521456312,-0.226083912,0.523774244,2.710479471,-1.233321892,-0.093543848,0.000126620,-0.000524837,-0.000558792,-0.000339543,-0.000272653,-0.198308257
5.418308456,1789526645.772904634,-0.097564999,-1.749744240,-1.619221989,-4.597602550,4.847729683,-3.943352524,0.521448509,-0.226090669,0.523807131,2.709578560,-1.235537804,-0.093651042,-0.000303492,0.000147094,0.000299131,0.000000823,-0.001902821,-0.199816548
5.426354304,1789526645.780950308,-0.097564999,-1.749804322,-1.619198147,-4.597781841,4.847562313,-3.941821162,0.521464394,-0.226076958,0.523805356,2.708664857,-1.237618401,-0.093853569,0.000705462,0.000554567,-0.000692305,-0.001425243,0.001800376,-0.202543705
5.434321281,1789526645.788917303,-0.097576920,-1.749864403,-1.619174306,-4.597937290,4.847394466,-3.940206830,0.521479438,-0.226069587,0.523800592,2.707696067,-1.239832040,-0.094014524,-0.000400903,-0.001008633,-0.000104416,-0.001974268,0.000250814,-0.202892400
5.442298274,1789526645.796894312,-0.097637002,-1.749924008,-1.619161908,-4.598105137,4.847214222,-3.938627783,0.521480181,-0.226085871,0.523792558,2.706722336,-1.242063175,-0.094224983,0.000521997,0.000484814,0.000171936,-0.002501454,0.000618498,-0.201763655
5.450275366,1789526645.804872036,-0.097660844,-1.749960248,-1.619149987,-4.598332349,4.847070694,-3.937012974,0.521474968,-0.226085273,0.523804844,2.705704522,-1.244265754,-0.094458307,-0.000485850,-0.001617271,0.000428515,-0.003160291,0.003769381,-0.199778399
5.458300890,1789526645.812896729,-0.097672764,-1.750019852,-1.619198147,-4.598488275,4.846879005,-3.935433928,0.521475138,-0.226074290,0.523769072,2.704749883,-1.246422773,-0.094737140,0.000057837,0.000089579,0.000545192,-0.002531482,-0.000537942,-0.201993132
5.466280673,1789526645.820877314,-0.097708527,-1.750032250,-1.619161908,-4.598691169,4.846687317,-3.933843438,0.521465096,-0.226075250,0.523801132,2.703796761,-1.248647529,-0.094899447,0.000439548,0.000123573,-0.000219563,-0.001903891,0.001134746,-0.200428223
5.474379181,1789526645.828975201,-0.097744767,-1.750103776,-1.619174306,-4.598859016,4.846615314,-3.932252471,0.521470050,-0.226088935,0.523777272,2.702723121,-1.250799297,-0.095099802,-0.001680885,-0.002728407,0.000660476,0.000086882,0.001075134,-0.202324969
5.482338484,1789526645.836934328,-0.097804372,-1.750139538,-1.619149987,-4.599038307,4.846375942,-3.930697505,0.521463538,-0.226098819,0.523788032,2.701809388,-1.253026682,-0.095311394,0.000173266,-0.000727475,-0.000887783,0.001057198,0.000981821,-0.198981962
5.490347687,1789526645.844943762,-0.097792451,-1.750187222,-1.619149987,-4.599182312,4.846231937,-3.929118697,0.521474920,-0.226080320,0.523778576,2.700844280,-1.255143230,-0.095462058,0.000527438,0.000816807,-0.000485736,0.000701120,0.003077798,-0.194736404
5.498325432,1789526645.852921247,-0.097840611,-1.750247304,-1.619138066,-4.599373285,4.846040249,-3.927539889,0.521476776,-0.226089195,0.523772878,2.699864943,-1.257351082,-0.095711836,-0.001013880,-0.001413199,0.000087351,0.001194653,-0.003229435,-0.202700689
5.506302097,1789526645.860898018,-0.097864453,-1.750247304,-1.619101826,-4.599517051,4.845848560,-3.925937239,0.521469139,-0.226083873,0.523804256,2.698922132,-1.259589786,-0.095772442,0.000528348,-0.000538891,-0.001477975,0.001577521,-0.001062430,-0.203605572
5.514283398,1789526645.868879795,-0.097876374,-1.750307385,-1.619077984,-4.599732820,4.845656872,-3.924382273,0.521479739,-0.226073912,0.523806820,2.697972246,-1.261711477,-0.096039042,0.000431309,0.000826818,0.000841285,-0.000718044,-0.003300293,-0.199151724
5.522346840,1789526645.876942873,-0.097936455,-1.750366990,-1.619114224,-4.599876110,4.845429420,-3.922815386,0.521472745,-0.226085110,0.523774230,2.697015582,-1.263934022,-0.096311565,-0.000221736,-0.001221222,0.000501282,-0.000226005,-0.002421642,-0.205921068
5.530333030,1789526645.884928703,-0.097924534,-1.750415150,-1.619089905,-4.599996034,4.845261097,-3.921188418,0.521491375,-0.226065064,0.523771712,2.696042693,-1.266134342,-0.096403548,0.000860189,0.000491072,-0.000538288,0.001211506,-0.001246620,-0.197446627
5.538276960,1789526645.892873049,-0.097972218,-1.750427071,-1.619042222,-4.600162927,4.845093250,-3.919645611,0.521483455,-0.226074874,0.523804776,2.695090547,-1.268305252,-0.096495280,-0.000348011,-0.000572548,0.000290581,-0.001111041,0.000720188,-0.202224945
5.546297076,1789526645.900892973,-0.097996537,-1.750462834,-1.619066064,-4.600354854,4.844925880,-3.918078725,0.521473541,-0.226071876,0.523797261,2.694097694,-1.270445155,-0.096748757,-0.000018776,-0.000694629,-0.000446056,-0.000531682,0.001813413,-0.202660580
5.554276388,1789526645.908872128,-0.098044221,-1.750546757,-1.619077984,-4.600546543,4.844758034,-3.916511361,0.521479783,-0.226083126,0.523768799,2.693077658,-1.272607776,-0.097055537,-0.000049347,0.000567333,0.000363922,-0.001542443,-0.000194172,-0.196194046
5.562294293,1789526645.916890144,-0.098068062,-1.750546757,-1.619042222,-4.600713913,4.844602108,-3.914932791,0.521469996,-0.226080887,0.523803389,2.692100756,-1.274785791,-0.097134666,-0.000854005,-0.001223744,0.000351478,-0.000535316,0.000092917,-0.200333366
5.570356246,1789526645.924952030,-0.098080460,-1.750618760,-1.619042222,-4.600833837,4.844410896,-3.913401667,0.521487685,-0.226071883,0.523777239,2.691169984,-1.276885861,-0.097321592,0.000007803,-0.000384901,-0.000352604,-0.000061331,0.000721597,-0.202047708
5.578344838,1789526645.932940483,-0.098128144,-1.750642602,-1.619054143,-4.601048652,4.844243050,-3.911834542,0.521468513,-0.226080639,0.523784205,2.690155131,-1.279054711,-0.097577265,-0.000104731,0.000707958,0.000536324,-0.001501651,0.000981543,-0.197272626
5.586283346,1789526645.940879583,-0.098163907,-1.750690762,-1.619054143,-4.601216499,4.844002724,-3.910291497,0.521468211,-0.226078083,0.523776409,2.689229591,-1.281217729,-0.097826269,-0.000461792,-0.000847465,0.000041588,-0.000994378,0.001388446,-0.203922585
5.594292132,1789526645.948888063,-0.098200623,-1.750738446,-1.619005982,-4.601396028,4.843835354,-3.908689086,0.521475998,-0.226083528,0.523791953,2.688215439,-1.283435116,-0.097977070,-0.000368400,-0.000124889,0.000180206,0.000019488,-0.000260972,-0.201057563
5.602268519,1789526645.956864834,-0.098212544,-1.750762288,-1.619042222,-4.601551716,4.843703747,-3.907121960,0.521464205,-0.226076869,0.523781456,2.687198340,-1.285544685,-0.098160549,-0.000212935,0.000838286,0.000595698,-0.001126570,0.000189380,-0.201565265
5.610279146,1789526645.964874983,-0.098260228,-1.750822369,-1.618982140,-4.601731006,4.843499660,-3.905531232,0.521477141,-0.226085407,0.523794978,2.686210087,-1.287777059,-0.098334967,0.000238058,-0.001153677,0.000133339,-0.001436259,-0.000107991,-0.202449298
5.618271062,1789526645.972867012,-0.098248307,-1.750834290,-1.618958298,-4.601922456,4.843320370,-3.903952185,0.521476023,-0.226062447,0.523820766,2.685244682,-1.289900284,-0.098490352,0.000380672,0.000248477,0.000840055,-0.003683961,-0.002126972,-0.199489085
5.626318788,1789526645.980914593,-0.098284547,-1.750858132,-1.618994061,-4.602090303,4.843200207,-3.902361218,0.521457827,-0.226069436,0.523812151,2.684177909,-1.292063382,-0.098684059,0.000115553,-0.000422506,0.000256086,-0.003262876,-0.000361308,-0.200113770
5.634257885,1789526645.988853693,-0.098367993,-1.750906293,-1.619005982,-4.602174226,4.843032360,-3.900806252,0.521450236,-0.226098702,0.523789551,2.683167525,-1.294286147,-0.098798650,0.000147758,-0.001029027,-0.000642005,-0.000712499,-0.000174367,-0.198197404
5.642287298,1789526645.996883154,-0.098344151,-1.750954453,-1.618970219,-4.602401439,4.842852592,-3.899203841,0.521465802,-0.226070879,0.523805371,2.682169576,-1.296406447,-0.099033853,-0.000308485,0.000534742,0.000653921,-0.001359225,-0.002825052,-0.195917781
5.650270118,1789526646.004866123,-0.098392312,-1.751026456,-1.618994061,-4.602508966,4.842672825,-3.897624795,0.521471398,-0.226081186,0.523767571,2.681151699,-1.298602063,-0.099230563,-0.000336483,-0.001065351,-0.000496807,0.002027864,0.000690569,-0.201528688
5.658281753,1789526646.012877464,-0.098428075,-1.751014535,-1.618946377,-4.602700416,4.842481136,-3.896057908,0.521455137,-0.226081506,0.523816413,2.680179442,-1.300787701,-0.099334801,0.000119287,0.000020244,-0.000682584,0.004017045,0.000331646,-0.199030989
5.666253676,1789526646.020850182,-0.098464314,-1.751062218,-1.618933980,-4.602868025,4.842253685,-3.894479100,0.521457060,-0.226080602,0.523814397,2.679202639,-1.302987940,-0.099556437,0.000142863,0.001004482,0.000010699,0.001353346,0.001550013,-0.199904054
5.674393003,1789526646.028988838,-0.098511998,-1.751158063,-1.618910138,-4.603047554,4.842085838,-3.892936055,0.521476363,-0.226093121,0.523793443,2.678178918,-1.305114174,-0.099818070,-0.000283439,-0.001328647,-0.000792655,0.002867802,0.004335472,-0.201597092
5.682310175,1789526646.036906004,-0.098500077,-1.751158063,-1.618910138,-4.603203003,4.841846466,-3.891345088,0.521468881,-0.226063997,0.523810235,2.677243962,-1.307281786,-0.099973789,0.000005510,0.000553799,0.000990555,0.001500802,-0.002959550,-0.205600058
5.690312237,1789526646.044908047,-0.098535840,-1.751218144,-1.618922059,-4.603370611,4.841666222,-3.889778678,0.521470454,-0.226067148,0.523791598,2.676221063,-1.309430188,-0.100221874,0.000807480,0.001070530,0.000375825,0.000126246,0.000553180,-0.199468417
5.698284395,1789526646.052880287,-0.098595921,-1.751253907,-1.618898217,-4.603550140,4.841438770,-3.888199393,0.521463755,-0.226078358,0.523802487,2.675224091,-1.311662857,-0.100431426,-0.000810728,-0.001847591,0.000290083,0.000997486,-0.000451029,-0.204002563
5.706270737,1789526646.060866594,-0.098607842,-1.751290147,-1.618910138,-4.603693906,4.841259003,-3.886632268,0.521463166,-0.226068357,0.523793770,2.674226161,-1.313790512,-0.100610611,0.000212434,0.000415966,-0.000122154,0.001908614,0.000160187,-0.201459956
5.714266662,1789526646.068862438,-0.098656003,-1.751337830,-1.618862454,-4.603897278,4.841079235,-3.885101382,0.521466596,-0.226078470,0.523812033,2.673224687,-1.315915115,-0.100814560,0.000295748,0.000817256,-0.000019075,0.000563561,0.003422336,-0.194800053
5.722338032,1789526646.076933861,-0.098679845,-1.751385991,-1.618898217,-4.604040567,4.840851784,-3.883546893,0.521463490,-0.226070332,0.523786004,2.672249857,-1.318054288,-0.101072892,-0.000781272,-0.001612890,-0.000182645,0.000899498,0.000540497,-0.201058703
5.730305743,1789526646.084901571,-0.098703686,-1.751433198,-1.618886296,-4.604184572,4.840683937,-3.882039372,0.521469336,-0.226068536,0.523781801,2.671274092,-1.320114239,-0.101237024,0.000516858,0.000621058,-0.000572253,0.000366390,0.002704147,-0.200574610
5.738260634,1789526646.092856646,-0.098715607,-1.751481358,-1.618838612,-4.604423706,4.840467930,-3.880496565,0.521478689,-0.226056217,0.523803911,2.670298126,-1.322211149,-0.101506365,-0.000475411,-0.000617120,0.000173227,-0.001191145,0.003919624,-0.198981545
5.746273944,1789526646.100869894,-0.098787610,-1.751529519,-1.618850056,-4.604567711,4.840312481,-3.878917042,0.521469131,-0.226080238,0.523789282,2.669220958,-1.324417096,-0.101694450,-0.000176508,-0.001096698,-0.000215387,0.001204343,0.001218531,-0.204671030
5.754263729,1789526646.108859539,-0.098775689,-1.751541440,-1.618838612,-4.604711477,4.840156555,-3.877374236,0.521469018,-0.226059493,0.523804088,2.668239744,-1.326476371,-0.101795188,-0.000055363,0.000664292,0.000638997,0.000698497,-0.000982938,-0.200305869
5.762247775,1789526646.116843700,-0.098799531,-1.751612965,-1.618838612,-4.604938451,4.839916706,-3.875759665,0.521476181,-0.226051266,0.523791242,2.667200152,-1.328677627,-0.102152824,0.000162999,0.001171089,0.000715768,-0.001057132,-0.000920492,-0.203029954
5.770283517,1789526646.124879599,-0.098859612,-1.751637284,-1.618778531,-4.605058138,4.839701176,-3.874204461,0.521476965,-0.226064258,0.523816579,2.666226106,-1.330893744,-0.102212105,0.000083651,-0.001050423,-0.000634758,0.001409124,-0.001438548,-0.206392380
5.778320263,1789526646.132916212,-0.098907296,-1.751637284,-1.618790452,-4.605177585,4.839533329,-3.872601811,0.521455833,-0.226072745,0.523824595,2.665172846,-1.333119052,-0.102302465,-0.000350029,-0.000138939,0.000567757,-0.000980870,-0.001231763,-0.199975474
5.786272352,1789526646.140869141,-0.098919694,-1.751745049,-1.618802373,-4.605393354,4.839354038,-3.871010844,0.521477822,-0.226065332,0.523786298,2.664091656,-1.335231700,-0.102678362,0.000657196,0.001023669,-0.000065033,0.000157711,0.003689195,-0.197387871
5.794234435,1789526646.148830414,-0.098967377,-1.751792733,-1.618778531,-4.605512563,4.839161873,-3.869407956,0.521483021,-0.226074185,0.523783606,2.663049184,-1.337464346,-0.102799235,-0.001160108,-0.002209336,0.000399093,0.000608951,0.000121237,-0.202587953
5.802256807,1789526646.156852722,-0.098991219,-1.751805131,-1.618778531,-4.605692331,4.838934422,-3.867817227,0.521470454,-0.226065105,0.523796988,2.662039745,-1.339651940,-0.103006958,0.000524816,-0.000338852,-0.000760716,0.000332071,0.000226080,-0.197704068
5.810212659,1789526646.164808512,-0.099015538,-1.751828972,-1.618766133,-4.605871622,4.838790894,-3.866274182,0.521464259,-0.226064625,0.523810403,2.660996988,-1.341735757,-0.103170135,0.000232989,0.001208557,0.000546484,0.000031491,0.000138483,-0.198513635
5.818264406,1789526646.172860146,-0.099051301,-1.751864735,-1.618790452,-4.606003467,4.838598728,-3.864719216,0.521456596,-0.226065743,0.523795042,2.659973616,-1.343873486,-0.103363253,-0.001300575,-0.002573577,0.000234752,0.001715264,-0.003283893,-0.205503238
5.826217576,1789526646.180812120,-0.099075143,-1.751936738,-1.618754689,-4.606171314,4.838358879,-3.863104645,0.521475861,-0.226058667,0.523789934,2.658947048,-1.346092900,-0.103592517,0.001061104,-0.000052755,-0.001329392,-0.000056727,0.000424841,-0.201217206
5.834175832,1789526646.188770294,-0.099111382,-1.751996819,-1.618754689,-4.606314365,4.838227749,-3.861501757,0.521481368,-0.226066961,0.523773983,2.657835166,-1.348259480,-0.103760222,0.000309989,0.000834070,0.000002081,-0.001218370,-0.001321048,-0.199038040
5.842196533,1789526646.196790934,-0.099159543,-1.752044503,-1.618718449,-4.606410209,4.837987423,-3.859970872,0.521491163,-0.226072085,0.523773168,2.656879099,-1.350426240,-0.103869983,-0.000439704,-0.002284105,-0.001002847,-0.000017456,-0.001308136,-0.208816410
5.850114183,1789526646.204708576,-0.099159543,-1.752080266,-1.618718449,-4.606601898,4.837820053,-3.858415906,0.521491857,-0.226056882,0.523776116,2.655840267,-1.352490469,-0.104093947,0.000207276,-0.000047754,-0.000542648,0.001189936,0.002459556,-0.205071564
5.858181443,1789526646.212775946,-0.099195306,-1.752092187,-1.618682210,-4.606769268,4.837616444,-3.856788937,0.521484664,-0.226056985,0.523804097,2.654780831,-1.354737136,-0.104218830,0.000330902,0.001086114,0.000000527,0.000927406,0.002485674,-0.196596738
5.866123767,1789526646.220718622,-0.099231545,-1.752164189,-1.618670289,-4.606985037,4.837376118,-3.855210368,0.521492594,-0.226055520,0.523794797,2.653737821,-1.356902091,-0.104554048,-0.000667506,-0.002272695,-0.000133408,0.002304585,0.000925783,-0.204427393
5.874244572,1789526646.228839397,-0.099315468,-1.752211873,-1.618694607,-4.607092563,4.837208748,-3.853691165,0.521480429,-0.226084653,0.523770230,2.652679129,-1.359042457,-0.104726991,-0.000304337,-0.000017020,0.000740106,0.000737479,-0.000856913,-0.200742659
5.882252203,1789526646.236847639,-0.099279229,-1.752236191,-1.618658368,-4.607271854,4.837017059,-3.852123801,0.521493410,-0.226048698,0.523793154,2.651685479,-1.361099187,-0.104877463,0.001269452,0.000728561,-0.000767995,-0.001553527,0.001451889,-0.193818784
5.890235380,1789526646.244831324,-0.099351231,-1.752332036,-1.618670289,-4.607439701,4.836836815,-3.850592915,0.521500954,-0.226072160,0.523755329,2.650600736,-1.363217220,-0.105187504,-0.000913715,-0.002604665,-0.000266214,-0.001017931,-0.001920418,-0.208144978
5.898246270,1789526646.252841949,-0.099387471,-1.752343957,-1.618658368,-4.607571069,4.836669445,-3.849061791,0.521491144,-0.226075581,0.523768733,2.649574756,-1.365319675,-0.105287524,0.000097253,-0.000685339,-0.000547353,-0.002235838,0.001341477,-0.199421816
5.906199121,1789526646.260794878,-0.099411313,-1.752379719,-1.618658368,-4.607774917,4.836502075,-3.847542826,0.521485557,-0.226072727,0.523773255,2.648528060,-1.367358952,-0.105536266,0.000675329,0.000848770,-0.000526569,-0.003049886,0.001567764,-0.198968880
5.914226540,1789526646.268822432,-0.099423234,-1.752415959,-1.618610207,-4.607918207,4.836286545,-3.845951859,0.521497727,-0.226060674,0.523790067,2.647508381,-1.369529525,-0.105655166,-0.000886860,-0.002588311,-0.000701916,0.000752041,-0.000365674,-0.207999962
5.922253594,1789526646.276849508,-0.099495236,-1.752439801,-1.618634049,-4.608013813,4.836082458,-3.844337050,0.521480166,-0.226079397,0.523776731,2.646417363,-1.371801974,-0.105788207,0.000783897,0.000146149,0.000664827,0.002155884,-0.002206567,-0.203577160
5.930250834,1789526646.284846544,-0.099530999,-1.752523724,-1.618598286,-4.608217661,4.835854530,-3.842770163,0.521498656,-0.226079851,0.523769917,2.645364571,-1.373944087,-0.106086273,0.000777851,0.001104674,0.000793409,0.001328662,-0.001170189,-0.201834641
5.938203246,1789526646.292798996,-0.099567238,-1.752571408,-1.618586365,-4.608349268,4.835687160,-3.841203276,0.521502918,-0.226084679,0.523764014,2.644291393,-1.376079133,-0.106232348,0.000014364,-0.002108642,-0.000974806,0.001998746,-0.002152654,-0.203353268
5.946203690,1789526646.300799370,-0.099591080,-1.752619569,-1.618598286,-4.608504717,4.835471153,-3.839636628,0.521503818,-0.226077977,0.523750083,2.643245412,-1.378207340,-0.106472209,0.000215579,0.000220169,-0.000194248,0.000729412,-0.002426292,-0.199077162
5.954228135,1789526646.308824062,-0.099614922,-1.752655808,-1.618634049,-4.608636324,4.835255623,-3.838021342,0.521496932,-0.226070537,0.523729353,2.642165984,-1.380401300,-0.106689822,0.000782182,0.001231965,-0.000538164,-0.000048619,-0.001230221,-0.201174305
5.962211991,1789526646.316807985,-0.099698846,-1.752691571,-1.618610207,-4.608779613,4.835040092,-3.836430852,0.521487654,-0.226095526,0.523735995,2.641078605,-1.382655542,-0.106851551,-0.000483249,-0.002115583,-0.000987859,0.001821501,-0.001317599,-0.199609091
5.970222148,1789526646.324817896,-0.099710766,-1.752763096,-1.618574444,-4.608923618,4.834872246,-3.834911887,0.521510775,-0.226088963,0.523729016,2.640044267,-1.384688682,-0.107018451,-0.000187253,-0.000151268,-0.000177314,-0.000453622,-0.002222026,-0.200954653
5.978267693,1789526646.332863569,-0.099722687,-1.752787415,-1.618574444,-4.609079305,4.834680557,-3.833320920,0.521507257,-0.226077561,0.523733437,2.638973966,-1.386826700,-0.107191483,-0.000344060,-0.000642714,-0.000132068,-0.001290582,0.000116121,-0.196602399
5.986228480,1789526646.340824604,-0.099770848,-1.752811257,-1.618550603,-4.609199230,4.834488869,-3.831789557,0.521502980,-0.226085770,0.523743854,2.637940708,-1.388951261,-0.107293984,-0.000288664,-0.000880881,-0.000359735,-0.000854541,0.001510605,-0.201633322
5.994224031,1789526646.348819971,-0.099806611,-1.752883259,-1.618574444,-4.609378044,4.834320545,-3.830186669,0.521506010,-0.226090173,0.523715394,2.636792569,-1.391096616,-0.107584201,-0.000719297,0.000163739,0.000817451,-0.000605645,0.001165865,-0.200832790
6.002224055,1789526646.356819868,-0.099854771,-1.752883259,-1.618538205,-4.609557811,4.834129333,-3.828607861,0.521490367,-0.226097313,0.523751627,2.635712738,-1.393274144,-0.107713332,0.000316498,-0.000330407,-0.000507228,-0.001755754,0.002149445,-0.200589460
6.010195802,1789526646.364791870,-0.099902455,-1.752942864,-1.618502442,-4.609725420,4.833913803,-3.827016894,0.521499294,-0.226104417,0.523753590,2.634624545,-1.395464954,-0.107921540,-0.000265272,-0.000570333,0.000090751,-0.001914393,0.000377734,-0.205022113
6.018193317,1789526646.372789145,-0.099914376,-1.752967183,-1.618514363,-4.609905187,4.833757401,-3.825450007,0.521491258,-0.226095824,0.523756337,2.633522984,-1.397538947,-0.108126054,-0.000685394,-0.000444938,0.000732013,-0.001237957,0.000594389,-0.199431122
6.026262872,1789526646.380858660,-0.099974457,-1.753002946,-1.618466679,-4.610072557,4.833590031,-3.823847119,0.521490120,-0.226113088,0.523776832,2.632389679,-1.399745578,-0.108256118,-0.000005920,0.000256378,0.000141770,0.002146349,0.001460213,-0.199911004
6.034173924,1789526646.388770342,-0.099986378,-1.753026787,-1.618502442,-4.610228006,4.833326340,-3.822340075,0.521479643,-0.226094377,0.523765372,2.631408363,-1.401794464,-0.108532196,-0.000406308,0.000533152,0.000765019,0.002505201,-0.000997980,-0.201090639
6.042226871,1789526646.396822691,-0.100046937,-1.753063027,-1.618490521,-4.610395614,4.833158493,-3.820785109,0.521471224,-0.226111141,0.523770271,2.630293581,-1.403927475,-0.108718476,-0.000373134,-0.000872112,-0.000000657,0.001814836,0.000921912,-0.197164727
6.050169569,1789526646.404765844,-0.100046937,-1.753074948,-1.618490521,-4.610551063,4.832859039,-3.819230143,0.521466380,-0.226083199,0.523780272,2.629324207,-1.406052725,-0.108944786,0.000096661,0.000070522,-0.000017186,0.000601133,0.002199931,-0.200823445
6.058216754,1789526646.412812471,-0.100142781,-1.753158871,-1.618502442,-4.610659067,4.832679272,-3.817723099,0.521468450,-0.226119101,0.523741452,2.628221457,-1.408171500,-0.109165040,-0.000578962,0.000055718,0.000777674,0.000441728,0.001712139,-0.196760069
6.066886473,1789526646.421483040,-0.100154702,-1.753182713,-1.618454281,-4.610861961,4.832523823,-3.816203658,0.521470853,-0.226111627,0.523773250,2.627154962,-1.410188294,-0.109324403,-0.000113270,-0.000342412,-0.000134259,0.000288886,0.000613785,-0.201944184
6.074285429,1789526646.428881407,-0.100190465,-1.753230874,-1.618478600,-4.611005727,4.832283974,-3.814624850,0.521467636,-0.226108799,0.523752358,2.626076764,-1.412345389,-0.109583030,-0.000102920,-0.000137277,0.001270476,0.000503770,-0.003944863,-0.201789498
6.082245964,1789526646.436842442,-0.100190465,-1.753266637,-1.618370358,-4.611149494,4.832079887,-3.813021962,0.521494620,-0.226092773,0.523795535,2.625026057,-1.414508351,-0.109615210,0.000069043,0.000147876,0.000936361,-0.000146895,-0.002268148,-0.199309257
6.090257002,1789526646.444852829,-0.100226704,-1.753278557,-1.618406598,-4.611329023,4.831888676,-3.811478440,0.521471525,-0.226092703,0.523794194,2.623929290,-1.416590241,-0.109864048,0.000617645,0.000313591,-0.000294115,-0.001229040,0.000355825,-0.202147951
6.098216812,1789526646.452813387,-0.100286309,-1.753338162,-1.618418519,-4.611484710,4.831696510,-3.809851948,0.521468726,-0.226107279,0.523774467,2.622754317,-1.418810476,-0.110105960,-0.001139910,-0.000834224,0.001095997,-0.001449458,-0.000689437,-0.200677776
6.106214582,1789526646.460810184,-0.100310628,-1.753338162,-1.618382756,-4.611628238,4.831505299,-3.808309142,0.521461167,-0.226102227,0.523805979,2.621703292,-1.420908082,-0.110190504,0.000176004,0.000738409,0.000114885,-0.000840841,0.003195682,-0.195221875
6.114186668,1789526646.468782902,-0.100310628,-1.753410165,-1.618382756,-4.611807529,4.831349373,-3.806706254,0.521477129,-0.226089597,0.523788042,2.620547159,-1.422991164,-0.110438696,-0.000718756,0.000137741,0.000865138,-0.001487263,0.001727240,-0.197949478
6.122252315,1789526646.476848125,-0.100394074,-1.753434006,-1.618370358,-4.611963455,4.831145287,-3.805175130,0.521459948,-0.226114590,0.523798048,2.619449579,-1.425139693,-0.110621164,-0.001027235,-0.000544164,0.000743055,0.000911243,0.000363616,-0.195464852
6.130235966,1789526646.484831810,-0.100406472,-1.753482167,-1.618334595,-4.612166826,4.830882072,-3.803596322,0.521470071,-0.226098244,0.523810318,2.618390311,-1.427271136,-0.110892462,0.001043720,0.000844183,-0.001285884,0.001790832,0.002367596,-0.198113453
6.138205073,1789526646.492800951,-0.100430314,-1.753506009,-1.618334595,-4.612310592,4.830702305,-3.802017275,0.521464563,-0.226094209,0.523813726,2.617275828,-1.429388312,-0.111047723,-0.000674024,-0.000304349,0.001040810,0.000932489,0.000343474,-0.197548270
6.146192033,1789526646.500787973,-0.100466077,-1.753529851,-1.618346516,-4.612430040,4.830486298,-3.800474469,0.521456018,-0.226093011,0.523808558,2.616209132,-1.431495763,-0.111214720,-0.000350364,-0.000260670,0.000513077,0.000688771,-0.004113827,-0.200245417
6.154224796,1789526646.508820772,-0.100502316,-1.753589932,-1.618334595,-4.612597410,4.830258846,-3.798883502,0.521463002,-0.226092605,0.523799966,2.615091873,-1.433653520,-0.111465468,0.001098679,0.000494454,-0.000915318,0.000733705,0.000650900,-0.200768166
6.162179749,1789526646.516775846,-0.100550000,-1.753637616,-1.618334595,-4.612705175,4.830067158,-3.797280614,0.521464299,-0.226101116,0.523785795,2.613950146,-1.435839982,-0.111612313,-0.000035669,-0.000125215,0.000004334,-0.000456216,-0.003223939,-0.199855309
6.170213344,1789526646.524809122,-0.100586239,-1.753637616,-1.618274991,-4.612849180,4.829851151,-3.795761172,0.521459123,-0.226100496,0.523827391,2.612919243,-1.437935619,-0.111686691,-0.000958632,-0.000448125,0.000868885,-0.000286072,-0.005601833,-0.203405283
6.178227733,1789526646.532823563,-0.100598160,-1.753685776,-1.618262593,-4.612968628,4.829599857,-3.794229809,0.521470815,-0.226085106,0.523819157,2.611895613,-1.440011455,-0.111875491,0.000356798,0.000182612,-0.000369442,0.000029417,0.001502665,-0.196466560
6.186233310,1789526646.540829182,-0.100645844,-1.753745858,-1.618298833,-4.613124315,4.829420090,-3.792639319,0.521465851,-0.226094126,0.523788917,2.610714772,-1.442144701,-0.112147952,-0.000735012,-0.000419350,0.000697321,-0.000746653,-0.002722659,-0.197989230
6.194187425,1789526646.548783302,-0.100694005,-1.753781621,-1.618274991,-4.613231842,4.829192162,-3.791132037,0.521467550,-0.226099589,0.523791055,2.609675499,-1.444233979,-0.112281125,0.000755930,-0.000512160,-0.001350110,0.001331304,0.003826935,-0.200297073
6.202814689,1789526646.557410955,-0.100705926,-1.753853623,-1.618274991,-4.613363210,4.829012394,-3.789564912,0.521484648,-0.226091343,0.523766854,2.608549958,-1.446302185,-0.112486492,0.000486623,0.000889522,-0.000215196,-0.000237879,0.003709756,-0.193014438
6.210196242,1789526646.564792156,-0.100729767,-1.753865544,-1.618310753,-4.613555137,4.828796864,-3.788034026,0.521463772,-0.226082502,0.523767139,2.607454862,-1.448346082,-0.112769359,-0.001088799,-0.001201097,0.000490499,-0.000037497,-0.000464665,-0.200680260
6.218176864,1789526646.572772980,-0.100813691,-1.753913228,-1.618238751,-4.613698904,4.828593254,-3.786503140,0.521469074,-0.226110034,0.523788366,2.606349499,-1.450497623,-0.112889266,0.000092301,-0.000340237,-0.000549590,0.000827277,0.004330675,-0.201158416
6.226238778,1789526646.580834627,-0.100837533,-1.753961388,-1.618238751,-4.613866274,4.828413486,-3.784996096,0.521471398,-0.226106802,0.523781653,2.605250892,-1.452497623,-0.113120010,0.000444748,0.000870940,0.000608661,-0.001794193,-0.000984812,-0.198323565
6.234163521,1789526646.588760614,-0.100861851,-1.753961388,-1.618226830,-4.614045564,4.828221798,-3.783380810,0.521456310,-0.226100966,0.523807536,2.604093786,-1.454656737,-0.113280430,-0.000193710,-0.000030194,0.000882903,-0.001298261,-0.001775829,-0.203861544
6.242095025,1789526646.596689463,-0.100885693,-1.754033391,-1.618214909,-4.614225094,4.827993870,-3.781777922,0.521469923,-0.226094447,0.523794091,2.602945347,-1.456795929,-0.113563489,0.000514975,-0.000657968,-0.000374267,-0.001316024,0.000934130,-0.201513021
6.250080188,1789526646.604674578,-0.100909535,-1.754081074,-1.618238751,-4.614320938,4.827814579,-3.780246798,0.521472545,-0.226091257,0.523768351,2.601839192,-1.458838146,-0.113726334,-0.000088358,0.000623997,0.000892536,-0.005077609,0.000885213,-0.199852924
6.258111229,1789526646.612705708,-0.100957696,-1.754104916,-1.618202511,-4.614464704,4.827658653,-3.778691594,0.521468859,-0.226102817,0.523787640,2.600691677,-1.460940677,-0.113825649,0.000023978,-0.000498935,-0.000190276,-0.004755535,-0.000741730,-0.199331034
6.266361549,1789526646.620956182,-0.101005856,-1.754116837,-1.618166749,-4.614643995,4.827466965,-3.777077023,0.521457987,-0.226110375,0.523817326,2.599514530,-1.463129796,-0.113973570,-0.000002683,-0.000536307,-0.000308257,-0.000020011,0.003505333,-0.198862563
6.274130861,1789526646.628725529,-0.101005856,-1.754152600,-1.618154828,-4.614775602,4.827287197,-3.775474135,0.521465983,-0.226094710,0.523817940,2.598369386,-1.465233487,-0.114109742,0.000056039,0.000859851,0.000353132,-0.001218529,-0.001785897,-0.198841510
6.282128999,1789526646.636723757,-0.101077859,-1.754248444,-1.618178670,-4.614907447,4.827059269,-3.773943249,0.521474341,-0.226113868,0.523770208,2.597227318,-1.467335238,-0.114424026,0.000924174,-0.000094028,-0.001256218,0.002503721,0.000159789,-0.194604421
6.290198558,1789526646.644793510,-0.101077859,-1.754260365,-1.618166749,-4.615074817,4.826831818,-3.772352282,0.521470639,-0.226092645,0.523787799,2.596117516,-1.469442893,-0.114608775,0.000050366,0.000445463,0.000140325,0.003792855,-0.001043295,-0.198068010
6.298160533,1789526646.652756214,-0.101077859,-1.754272763,-1.618142907,-4.615170662,4.826603889,-3.770845000,0.521474947,-0.226072144,0.523801175,2.595099539,-1.471467697,-0.114692014,0.000602524,0.000857287,-0.000275902,0.002602759,0.000071657,-0.195840625
6.306169074,1789526646.660764933,-0.101125542,-1.754368607,-1.618191067,-4.615338508,4.826316357,-3.769265954,0.521481567,-0.226072430,0.523746990,2.593953125,-1.473609317,-0.115118358,0.000761549,-0.000135393,-0.001124752,0.002770472,0.000083554,-0.200387695
6.314216982,1789526646.668813229,-0.101197545,-1.754381005,-1.618142907,-4.615445558,4.826124668,-3.767663066,0.521473486,-0.226093202,0.523772604,2.592785630,-1.475834228,-0.115158217,-0.000019289,0.000706170,0.000194073,0.000673481,-0.002909072,-0.201402415
6.322266635,1789526646.676862717,-0.101209466,-1.754428689,-1.618130986,-4.615541402,4.825921059,-3.766119782,0.521486358,-0.226082307,0.523762013,2.591691549,-1.477891295,-0.115287417,0.001183312,0.000898395,-0.001285723,0.001428410,0.000585992,-0.196651902
6.330251279,1789526646.684847116,-0.101257626,-1.754464451,-1.618094746,-4.615732853,4.825669765,-3.764528815,0.521484539,-0.226085303,0.523779980,2.590546284,-1.480062863,-0.115526528,-0.000645320,-0.000727616,0.000160349,0.002835571,0.000712516,-0.204306520
6.338228037,1789526646.692824125,-0.101269547,-1.754512612,-1.618094746,-4.615852539,4.825465679,-3.762973849,0.521493372,-0.226073972,0.523767045,2.589426706,-1.482122265,-0.115703963,0.000562102,0.000647995,0.000047994,0.001397963,0.000243004,-0.197826011
6.346193764,1789526646.700789690,-0.101293389,-1.754536454,-1.618082349,-4.616020385,4.825214386,-3.761418883,0.521489240,-0.226063488,0.523778253,2.588326467,-1.484217563,-0.115929207,0.001318437,0.001090745,-0.000534295,-0.000680528,0.003250873,-0.194958598
6.354210595,1789526646.708806515,-0.101365391,-1.754596535,-1.618070428,-4.616188232,4.825034142,-3.759947602,0.521487847,-0.226086049,0.523770343,2.587190535,-1.486219742,-0.116173251,-0.000978482,-0.001377603,0.000866487,0.000403658,-0.001665826,-0.203926281
6.362192795,1789526646.716788769,-0.101389233,-1.754644219,-1.618082349,-4.616319362,4.824806690,-3.758380953,0.521490678,-0.226078459,0.523753788,2.586056087,-1.488312166,-0.116397406,0.000837726,-0.000000462,-0.001045375,0.000714720,0.003870651,-0.194876119
6.370206439,1789526646.724802256,-0.101425473,-1.754656617,-1.618046586,-4.616499130,4.824626923,-3.756837670,0.521482619,-0.226080905,0.523783467,2.584907236,-1.490375087,-0.116548422,-0.000004216,0.001025684,0.000488968,0.000733483,0.004206389,-0.196021220
6.378272061,1789526646.732867956,-0.101449315,-1.754679982,-1.618034665,-4.616642419,4.824351311,-3.755342547,0.521480244,-0.226068343,0.523791395,2.583871660,-1.492410706,-0.116764622,-0.001339068,-0.000637059,0.001074377,0.001759172,-0.003086079,-0.202432378
6.386184587,1789526646.740780592,-0.101496998,-1.754751984,-1.618070428,-4.616798345,4.824159622,-3.753751341,0.521480240,-0.226076766,0.523754961,2.582643278,-1.494521573,-0.117063937,0.000829373,0.000023120,-0.001301781,0.001040947,0.003535509,-0.201840269
6.394173992,1789526646.748769760,-0.101509396,-1.754775826,-1.618034665,-4.616930191,4.823944092,-3.752220217,0.521485944,-0.226064310,0.523772015,2.581553827,-1.496565120,-0.117188709,-0.000165383,0.000804206,0.000907357,0.000399269,0.001066377,-0.200776227
6.402744227,1789526646.757340908,-0.101557080,-1.754763905,-1.617998425,-4.617085163,4.823740005,-3.750629489,0.521467882,-0.226069711,0.523811702,2.580387307,-1.498727606,-0.117285630,0.000083865,-0.000748016,-0.000353040,0.000821484,0.001457429,-0.200978396
6.410165348,1789526646.764760971,-0.101593320,-1.754835908,-1.617986981,-4.617240850,4.823476315,-3.749110285,0.521480742,-0.226066560,0.523794802,2.579285540,-1.500781410,-0.117576434,0.000267298,0.000502489,0.000096796,-0.000373879,-0.001642384,-0.202594413
6.418125379,1789526646.772722006,-0.101593320,-1.754859749,-1.617986981,-4.617384855,4.823320866,-3.747507159,0.521480545,-0.226052307,0.523798663,2.578083060,-1.502850960,-0.117716547,-0.000973679,-0.000492696,0.001131988,0.000173019,-0.000836354,-0.200415658
6.426237293,1789526646.780833006,-0.101641003,-1.754907910,-1.617962662,-4.617516224,4.823057175,-3.745976035,0.521485906,-0.226054601,0.523797124,2.576981858,-1.504951708,-0.117925806,0.000563649,-0.000343966,-0.001181787,0.003328903,0.001120693,-0.199737242
6.434142505,1789526646.788739443,-0.101689164,-1.754931752,-1.617962662,-4.617671672,4.822865486,-3.744421307,0.521474251,-0.226062074,0.523802095,2.575800076,-1.507036323,-0.118117007,-0.000300924,0.000291484,0.000436556,0.000163675,-0.002411542,-0.200350598
6.442165430,1789526646.796761274,-0.101724927,-1.754955594,-1.617974583,-4.617803518,4.822661877,-3.742854182,0.521464808,-0.226061913,0.523798841,2.574628220,-1.509129484,-0.118297732,-0.000453173,-0.000270294,0.000437727,-0.000972980,-0.001000794,-0.194593816
6.450148639,1789526646.804744959,-0.101785008,-1.755015675,-1.617962662,-4.617958967,4.822433949,-3.741298978,0.521467450,-0.226073995,0.523788955,2.573450216,-1.511240059,-0.118547452,-0.000079492,-0.000587017,-0.000301145,-0.000503754,-0.000315902,-0.201564496
6.458164847,1789526646.812760592,-0.101785008,-1.755099599,-1.617962662,-4.618054811,4.822206497,-3.739708010,0.521495055,-0.226055926,0.523753470,2.572293967,-1.513323956,-0.118753932,0.000053094,0.000426044,0.000140247,-0.000504578,-0.000795990,-0.198213005
6.466337037,1789526646.820932865,-0.101808850,-1.755087678,-1.617926900,-4.618246023,4.822038651,-3.738164965,0.521479336,-0.226051935,0.523797957,2.571127473,-1.515356134,-0.118880396,-0.000400222,0.000321157,0.000612694,0.000817451,-0.000992370,-0.201216700
6.474212938,1789526646.828808784,-0.101880852,-1.755159203,-1.617902581,-4.618390028,4.821786880,-3.736574237,0.521487380,-0.226068854,0.523785519,2.569928006,-1.517540813,-0.119127354,0.000410251,-0.000265334,-0.000351005,0.000834602,0.001832619,-0.203096380
6.482197229,1789526646.836793184,-0.101880852,-1.755171601,-1.617854420,-4.618509475,4.821559429,-3.735042874,0.521494981,-0.226048726,0.523812456,2.568848094,-1.519575886,-0.119212747,-0.000310536,-0.000047323,0.000805931,-0.000150268,0.000734700,-0.198672708
6.490284465,1789526646.844880581,-0.101977173,-1.755195443,-1.617878262,-4.618653242,4.821380138,-3.733451907,0.521468346,-0.226082038,0.523805875,2.567575450,-1.521751546,-0.119414518,-0.000939268,-0.000137414,0.001573918,-0.001132440,-0.001918625,-0.202517424
6.498346870,1789526646.852943182,-0.101977173,-1.755231206,-1.617890660,-4.618832533,4.821115971,-3.731860940,0.521468533,-0.226057832,0.523801453,2.566417396,-1.523834826,-0.119710492,0.000914231,-0.000544900,-0.001302812,-0.002015375,0.002245682,-0.199445176
6.506245062,1789526646.860841274,-0.102036778,-1.755291287,-1.617842499,-4.618952457,4.820936680,-3.730293576,0.521481026,-0.226075107,0.523803096,2.565208182,-1.525949400,-0.119831430,-0.000495788,0.000498017,0.000944309,-0.001178063,-0.000111597,-0.195554660
6.514189024,1789526646.868784904,-0.102073018,-1.755327050,-1.617830578,-4.619095747,4.820708752,-3.728798691,0.521480426,-0.226073864,0.523804884,2.564092668,-1.527955867,-0.120038251,-0.001099970,-0.000741588,0.000953421,-0.000310125,-0.000588391,-0.202969410
6.522280473,1789526646.876876831,-0.102096860,-1.755338971,-1.617854420,-4.619287197,4.820516586,-3.727267329,0.521462049,-0.226067383,0.523810729,2.562908204,-1.529953121,-0.120295556,0.000299460,0.000346326,-0.000301628,0.000651452,0.000654291,-0.194329073
6.530216493,1789526646.884812355,-0.102156941,-1.755327050,-1.617806737,-4.619371120,4.820325375,-3.725724284,0.521448785,-0.226081154,0.523846492,2.561760205,-1.532074730,-0.120284254,-0.000262253,0.000373436,0.000757836,0.000564035,-0.000779658,-0.199312355
6.538220942,1789526646.892816782,-0.102180783,-1.755374734,-1.617806737,-4.619502489,4.820085526,-3.724169318,0.521454223,-0.226072677,0.523835096,2.560604192,-1.534140816,-0.120507292,-0.000578571,-0.000347721,0.000764277,0.000530727,-0.000383899,-0.202520460
6.546179603,1789526646.900775433,-0.102204625,-1.755422894,-1.617854420,-4.619670335,4.819858074,-3.722638432,0.521447252,-0.226064112,0.523807764,2.559425392,-1.536142043,-0.120837865,0.000706627,0.000017425,-0.000696551,-0.000417048,0.001101609,-0.202001890
6.554083073,1789526646.908677578,-0.102288548,-1.755434815,-1.617806737,-4.619838182,4.819666386,-3.721107070,0.521431745,-0.226090642,0.523841303,2.558223943,-1.538243038,-0.120975577,-0.001043082,-0.000509624,0.001269201,-0.000443047,-0.000891914,-0.204919367
6.562136626,1789526646.916731119,-0.102300469,-1.755518738,-1.617794339,-4.619934026,4.819414139,-3.719467703,0.521459432,-0.226076790,0.523810969,2.557016158,-1.540407540,-0.121180993,-0.000003633,-0.000553568,-0.000215760,-0.000054052,-0.001973537,-0.202087307
6.570110626,1789526646.924705029,-0.102348630,-1.755530659,-1.617770497,-4.620113079,4.819162846,-3.717912738,0.521446751,-0.226078657,0.523835160,2.555846514,-1.542510839,-0.121399644,0.000830332,0.000075710,-0.000867244,-0.001099627,0.001033426,-0.203322965
6.578157442,1789526646.932751894,-0.102348630,-1.755578343,-1.617782895,-4.620208923,4.818983078,-3.716369931,0.521457230,-0.226063232,0.523814524,2.554674896,-1.544500657,-0.121550556,-0.000730150,0.000007346,0.001031248,-0.001283023,-0.001159448,-0.201086011
6.586036216,1789526646.940630674,-0.102396313,-1.755614583,-1.617794339,-4.620376293,4.818755627,-3.714790885,0.521447675,-0.226067367,0.523809163,2.553447889,-1.546603568,-0.121814342,0.000412786,-0.000886783,-0.001212408,-0.001820202,0.000390181,-0.199581177
6.594127500,1789526646.948722124,-0.102420155,-1.755674187,-1.617746655,-4.620508138,4.818563938,-3.713235680,0.521467208,-0.226064756,0.523812306,2.552257717,-1.548648055,-0.121958918,0.000170981,0.000315726,-0.000318576,-0.001261403,-0.000530714,-0.199898809
6.602074571,1789526646.956670046,-0.102504079,-1.755698506,-1.617746655,-4.620628063,4.818371773,-3.711680953,0.521450380,-0.226091100,0.523812608,2.551021374,-1.550768764,-0.122111607,0.000380658,0.000038291,-0.000754384,-0.000102299,0.001031882,-0.193829380
6.610130953,1789526646.964726210,-0.102540318,-1.755698506,-1.617734734,-4.620758955,4.818096161,-3.710137669,0.521437044,-0.226084137,0.523831819,2.549894752,-1.552865555,-0.122284068,0.000703183,-0.000220468,-0.001424008,0.000214930,-0.000228051,-0.198974338
6.618071439,1789526646.972666979,-0.102552239,-1.755770032,-1.617722813,-4.620866958,4.817916393,-3.708558385,0.521458309,-0.226076315,0.523810261,2.548671084,-1.554907822,-0.122448574,-0.000479692,-0.000037910,0.000531562,0.001050836,-0.000527865,-0.198506436
6.626220611,1789526646.980816364,-0.102588002,-1.755794350,-1.617686574,-4.620962803,4.817653179,-3.707003419,0.521462154,-0.226071973,0.523822383,2.547536092,-1.557021426,-0.122565162,0.000246972,-0.000020213,-0.000427280,0.001342195,0.001454882,-0.200542423
6.634169218,1789526646.988765001,-0.102648083,-1.755890195,-1.617734734,-4.621154491,4.817401409,-3.705412451,0.521464118,-0.226081840,0.523771901,2.546249303,-1.559123355,-0.123007465,0.000572550,0.000320857,-0.000675447,0.000853164,0.000948612,-0.202330637
6.642175084,1789526646.996771097,-0.102648083,-1.755853955,-1.617710416,-4.621250097,4.817197800,-3.703893248,0.521449338,-0.226061591,0.523812260,2.545143549,-1.561127177,-0.123018328,-0.000309853,0.000456999,0.000574975,0.000490310,-0.002308011,-0.196549909
6.650201664,1789526647.004797459,-0.102708165,-1.755878274,-1.617722813,-4.621393863,4.816957951,-3.702290360,0.521433975,-0.226070719,0.523809879,2.543893068,-1.563285343,-0.123245096,0.000689201,-0.000704750,-0.001482218,0.000393172,0.001828769,-0.203571634
6.657995152,1789526647.012589455,-0.102756325,-1.755937878,-1.617686574,-4.621561233,4.816754341,-3.700771157,0.521443143,-0.226079217,0.523812573,2.542688967,-1.565299165,-0.123468924,-0.000267768,0.000120164,0.000250448,0.000704658,-0.000702551,-0.199216572
6.666191976,1789526647.020787716,-0.102780167,-1.755986039,-1.617686574,-4.621656839,4.816562653,-3.699216429,0.521451102,-0.226075416,0.523796903,2.541481805,-1.567333930,-0.123615320,-0.000627332,-0.000255468,0.000573312,-0.001645784,-0.003476894,-0.197535704
6.674213428,1789526647.028809309,-0.102828328,-1.756033723,-1.617662732,-4.621776525,4.816323280,-3.697696511,0.521456857,-0.226080244,0.523794345,2.540315502,-1.569381491,-0.123801693,0.000655339,-0.000254035,-0.001104752,-0.000281528,0.002772271,-0.201050032
6.682259887,1789526647.036855698,-0.102852170,-1.756045643,-1.617626969,-4.621932451,4.816119194,-3.696189467,0.521453527,-0.226074150,0.523821223,2.539156469,-1.571364926,-0.123947109,-0.000280148,0.000416438,0.000691898,-0.002721705,-0.001201905,-0.196616992
6.690227499,1789526647.044823408,-0.102887932,-1.756069485,-1.617615048,-4.622027818,4.815891743,-3.694634501,0.521451973,-0.226072557,0.523823495,2.537972674,-1.573443686,-0.124072074,-0.000404665,-0.001051756,-0.000010664,-0.002868972,-0.001398431,-0.199685454
6.698217265,1789526647.052813053,-0.102948014,-1.756165330,-1.617638890,-4.622147743,4.815700054,-3.693139140,0.521463814,-0.226088930,0.523774889,2.536742910,-1.575415721,-0.124357392,0.000446631,0.000257079,-0.000391632,-0.000889540,0.002887552,-0.198517087
6.706204191,1789526647.060800076,-0.102971856,-1.756177251,-1.617590729,-4.622303192,4.815532207,-3.691560332,0.521462793,-0.226086409,0.523807363,2.535499901,-1.577470186,-0.124452600,-0.000263450,0.000315791,0.000955740,-0.002645528,-0.000405397,-0.200482565
6.714133695,1789526647.068729639,-0.102996174,-1.756201569,-1.617590729,-4.622458641,4.815256596,-3.690076892,0.521457503,-0.226073795,0.523811510,2.534382908,-1.579444415,-0.124714940,0.000863970,-0.000141982,-0.000933876,-0.000570050,0.000968731,-0.202148412
6.722177850,1789526647.076773882,-0.103043858,-1.756225411,-1.617602650,-4.622566406,4.815100670,-3.688485686,0.521446896,-0.226084371,0.523805818,2.533090448,-1.581528610,-0.124835645,-0.000158194,-0.000124555,0.000308296,0.000797048,0.000864737,-0.199294455
6.730215363,1789526647.084811211,-0.103080098,-1.756261651,-1.617590729,-4.622722332,4.814885139,-3.686882798,0.521445551,-0.226084193,0.523809230,2.531821515,-1.583632012,-0.125044343,-0.000939830,-0.000042755,0.001119526,-0.000243546,0.000017624,-0.203547822
6.738190341,1789526647.092786551,-0.103115861,-1.756321255,-1.617566888,-4.622853700,4.814621449,-3.685339753,0.521458149,-0.226080740,0.523801527,2.530637734,-1.585689970,-0.125276814,0.001027746,-0.000425996,-0.001960908,0.000494753,0.002347652,-0.201925590
6.746167704,1789526647.100763559,-0.103139702,-1.756345574,-1.617566888,-4.623009149,4.814393520,-3.683784310,0.521452611,-0.226072233,0.523806133,2.529421834,-1.587723099,-0.125498093,0.000212808,0.000224993,-0.000473815,-0.000278870,0.000280732,-0.198711839
6.754107595,1789526647.108703375,-0.103223626,-1.756357495,-1.617578808,-4.623104993,4.814202309,-3.682229344,0.521430290,-0.226098079,0.523805080,2.528156709,-1.589831515,-0.125621219,-0.000968474,0.000210041,0.001156385,-0.000586508,0.000986215,-0.201629963
6.762186711,1789526647.116782665,-0.103271786,-1.756393258,-1.617518727,-4.623248283,4.813950539,-3.680650536,0.521437176,-0.226101877,0.523827469,2.526938379,-1.591956044,-0.125779686,0.000819805,-0.000659198,-0.001880460,0.000907090,0.000076608,-0.196995646
6.770095656,1789526647.124691725,-0.103259865,-1.756417576,-1.617543046,-4.623368208,4.813723087,-3.679095093,0.521437369,-0.226074511,0.523817147,2.525747874,-1.593943662,-0.125982363,0.000706255,0.000351226,-0.000804544,-0.000589628,0.001233588,-0.199282807
6.778253377,1789526647.132849216,-0.103319470,-1.756465260,-1.617530648,-4.623464052,4.813555241,-3.677539889,0.521439430,-0.226091778,0.523807353,2.524475329,-1.596001391,-0.126101848,-0.000846666,0.000374956,0.001260275,-0.000779834,-0.001847362,-0.200236503
6.786143883,1789526647.140739918,-0.103355710,-1.756501023,-1.617506329,-4.623607580,4.813315868,-3.675901477,0.521441569,-0.226089748,0.523814580,2.523188509,-1.598162718,-0.126291489,0.000514634,-0.000020842,-0.000834079,-0.001057136,-0.001849290,-0.201509463
6.794192834,1789526647.148788691,-0.103403393,-1.756549184,-1.617530648,-4.623679344,4.813099861,-3.674357955,0.521441142,-0.226095824,0.523785308,2.521958055,-1.600210709,-0.126462891,0.000484735,-0.000113584,-0.000382590,-0.001123253,0.001404977,-0.204464060
6.802131799,1789526647.156727791,-0.103439633,-1.756537263,-1.617458645,-4.623822872,4.812824249,-3.672767226,0.521434595,-0.226089524,0.523838491,2.520767745,-1.602362335,-0.126558676,-0.000699640,-0.000030898,0.001174351,-0.000533812,-0.003120985,-0.197775927
6.810180107,1789526647.164776087,-0.103487317,-1.756573025,-1.617458645,-4.623942796,4.812608242,-3.671200101,0.521430728,-0.226095258,0.523832514,2.519509371,-1.604433538,-0.126742926,0.000863748,-0.000042414,-0.000943529,-0.000147121,-0.000194178,-0.202477814
6.818163427,1789526647.172759295,-0.103523080,-1.756645028,-1.617422406,-4.624110166,4.812405109,-3.669680897,0.521447647,-0.226097856,0.523828594,2.518271448,-1.606405965,-0.126984842,-0.000412002,0.000164492,0.000739122,-0.002235897,-0.000801217,-0.200175309
6.826200974,1789526647.180796862,-0.103547398,-1.756668870,-1.617506329,-4.624170009,4.812213421,-3.668101613,0.521431406,-0.226091816,0.523785688,2.516996101,-1.608442844,-0.127163556,0.000433219,0.000321750,-0.000284238,-0.003305992,-0.001959172,-0.195281401
6.834165900,1789526647.188761950,-0.103583161,-1.756740395,-1.617446725,-4.624361698,4.811973572,-3.666558568,0.521451432,-0.226091356,0.523794826,2.515758720,-1.610462667,-0.127429975,0.000249743,-0.001150771,-0.000852156,-0.003462726,0.000477516,-0.201062586
6.842146465,1789526647.196742296,-0.103655163,-1.756752316,-1.617410962,-4.624409858,4.811805725,-3.665027205,0.521444949,-0.226114452,0.523808361,2.514522573,-1.612533948,-0.127414458,-0.000539651,-0.000269980,0.000595213,-0.001777977,-0.003152066,-0.195453425
6.850115818,1789526647.204712152,-0.103619401,-1.756752316,-1.617434804,-4.624528829,4.811578274,-3.663496319,0.521441164,-0.226073670,0.523811362,2.513362157,-1.614458926,-0.127585447,0.000934516,0.000675315,-0.001063669,-0.000476804,0.000380519,-0.197476406
6.858138889,1789526647.212734938,-0.103691403,-1.756812398,-1.617434804,-4.624708597,4.811410427,-3.662000720,0.521436590,-0.226097060,0.523800301,2.512068965,-1.616411073,-0.127857744,-0.000138114,-0.000713321,-0.000538525,0.001339403,0.002204460,-0.201009438
6.866020999,1789526647.220615387,-0.103727643,-1.756860558,-1.617386643,-4.624768440,4.811098576,-3.660469357,0.521455275,-0.226090008,0.523799752,2.510936763,-1.618501657,-0.127989483,-0.000176728,0.000956019,0.000320053,0.002082042,-0.003179146,-0.198581268
6.874136313,1789526647.228730679,-0.103751485,-1.756896321,-1.617386643,-4.624971811,4.810835361,-3.658914153,0.521451045,-0.226078403,0.523804071,2.509690334,-1.620516835,-0.128317644,-0.001204043,-0.000633132,0.001999307,0.000413197,-0.001727329,-0.205001427
6.882065498,1789526647.236660004,-0.103811089,-1.756872479,-1.617374722,-4.625031892,4.810607433,-3.657335583,0.521428011,-0.226087490,0.523827804,2.508454572,-1.622658814,-0.128339887,0.001086431,0.000237300,-0.000525115,0.000579728,0.001318358,-0.198167255
6.890080559,1789526647.244675159,-0.103847329,-1.756896321,-1.617386643,-4.625211183,4.810415745,-3.655720297,0.521415061,-0.226088319,0.523831036,2.507105958,-1.624730109,-0.128579531,-0.000001666,-0.000022059,0.000183416,-0.000430502,-0.000808321,-0.202554201
6.898027483,1789526647.252622366,-0.103919331,-1.756968323,-1.617338959,-4.625354711,4.810200214,-3.654200856,0.521428024,-0.226109097,0.523828913,2.505842566,-1.626757128,-0.128789945,-0.000662150,0.000586898,0.001078130,0.000688065,-0.000038286,-0.201010644
6.906075351,1789526647.260670185,-0.103907410,-1.757016007,-1.617374722,-4.625438396,4.809912205,-3.652669970,0.521438266,-0.226077168,0.523795979,2.504680913,-1.628731020,-0.129041333,0.001078303,0.000813347,-0.001316598,0.001147878,0.002285095,-0.196715780
6.914022022,1789526647.268616915,-0.103955094,-1.757004086,-1.617362801,-4.625582401,4.809672832,-3.651126687,0.521416539,-0.226078884,0.523823903,2.503446721,-1.630783692,-0.129201362,-0.000545711,-0.000958663,-0.000320391,0.000994084,0.000302349,-0.201513208
6.922106508,1789526647.276701927,-0.103967015,-1.757064168,-1.617338959,-4.625666324,4.809481144,-3.649559800,0.521437714,-0.226069950,0.523810634,2.502187409,-1.632792593,-0.129320218,0.000481396,-0.000029574,-0.001105614,0.000292358,0.001698959,-0.196014748
6.930175393,1789526647.284771442,-0.104039017,-1.757099930,-1.617314641,-4.625845615,4.809277534,-3.647992436,0.521428916,-0.226089586,0.523822847,2.500858873,-1.634859562,-0.129547109,0.000682396,-0.000701617,0.000167203,-0.000979817,-0.000794349,-0.201411406
6.938141768,1789526647.292737722,-0.104099099,-1.757111851,-1.617327038,-4.625976984,4.809049606,-3.646413390,0.521409628,-0.226099372,0.523825937,2.499557291,-1.636950215,-0.129743313,-0.000705122,-0.000692190,0.001706246,-0.000179364,-0.004232847,-0.201311638
6.946128503,1789526647.300724268,-0.104099099,-1.757171933,-1.617290799,-4.626060907,4.808810234,-3.644858424,0.521436427,-0.226080125,0.523817582,2.498347851,-1.638956920,-0.129881449,0.001800404,0.000638018,-0.001763371,0.000712948,0.001779773,-0.200483285
6.954122924,1789526647.308719158,-0.104146783,-1.757195775,-1.617314641,-4.626228277,4.808582306,-3.643338744,0.521419645,-0.226083441,0.523813930,2.497079356,-1.640936216,-0.130161126,-0.000224037,-0.000858576,-0.000274117,0.000629655,0.001873170,-0.204429540
6.962115889,1789526647.316711664,-0.104206864,-1.757243935,-1.617302720,-4.626288358,4.808319092,-3.641723935,0.521425132,-0.226092511,0.523798388,2.495787632,-1.643107851,-0.130302350,-0.000787116,0.000487997,0.001002435,0.000656915,-0.001399586,-0.197729377
6.970146216,1789526647.324742079,-0.104230706,-1.757232014,-1.617290799,-4.626455967,4.808079243,-3.640168969,0.521407090,-0.226081579,0.523829372,2.494539747,-1.645129128,-0.130491247,0.001377017,0.000125154,-0.002180814,0.000016521,0.003583742,-0.203717410
6.978206074,1789526647.332802057,-0.104254548,-1.757327859,-1.617278878,-4.626575414,4.807911396,-3.638637606,0.521434410,-0.226082017,0.523796390,2.493239931,-1.647059803,-0.130708070,0.000116344,-0.000023655,-0.000604481,0.000366205,0.001783280,-0.200204318
6.986104027,1789526647.340699911,-0.104278866,-1.757315938,-1.617230717,-4.626719419,4.807611942,-3.637082640,0.521425908,-0.226066812,0.523839378,2.492050198,-1.649133728,-0.130863345,0.000244981,0.000978589,0.001194401,0.000249390,-0.002905442,-0.196595158
6.994150273,1789526647.348746538,-0.104374711,-1.757387463,-1.617218796,-4.626826708,4.807432175,-3.635527198,0.521428378,-0.226102791,0.523817931,2.490691057,-1.651202206,-0.131047098,0.000644481,-0.001080905,-0.000560186,0.002117401,0.001774731,-0.203789827
7.002093937,1789526647.356690407,-0.104374711,-1.757423226,-1.617194955,-4.626886789,4.807156563,-3.634031598,0.521445127,-0.226079140,0.523814136,2.489556935,-1.653161753,-0.131173998,-0.000038012,-0.000042998,0.000439632,0.001076826,-0.002508672,-0.196702806
7.010117757,1789526647.364713669,-0.104446236,-1.757423226,-1.617266957,-4.627018158,4.806940556,-3.632464472,0.521406277,-0.226094233,0.523798340,2.488212032,-1.655218897,-0.131428209,-0.000441826,-0.000152162,0.000564357,-0.000350033,0.000630259,-0.199695348
7.018138576,1789526647.372734547,-0.104434315,-1.757423226,-1.617206875,-4.627150003,4.806725025,-3.630933110,0.521413337,-0.226068634,0.523839135,2.487014436,-1.657171186,-0.131505322,0.000274537,-0.000716141,-0.001021799,0.000855027,0.001746853,-0.202592997
7.026161950,1789526647.380758047,-0.104482476,-1.757519070,-1.617171113,-4.627281849,4.806485653,-3.629426066,0.521439727,-0.226075633,0.523817374,2.485755843,-1.659140424,-0.131766768,0.000453958,0.000819793,-0.000405465,0.001297659,0.000906047,-0.200736734
7.034165717,1789526647.388761520,-0.104530160,-1.757591073,-1.617146794,-4.627436821,4.806233883,-3.627859179,0.521452905,-0.226079860,0.523806503,2.484447768,-1.661184103,-0.132044653,0.000377018,-0.000593636,0.000136161,0.002436262,0.000898744,-0.204948465
7.042130946,1789526647.396727085,-0.104542557,-1.757614915,-1.617171113,-4.627520744,4.806005955,-3.626291577,0.521450168,-0.226065358,0.523792040,2.483177861,-1.663194302,-0.132208927,0.001281731,0.000415010,-0.000462860,0.001157379,-0.000849389,-0.197075233
7.050105854,1789526647.404701710,-0.104590241,-1.757639233,-1.617146794,-4.627640669,4.805802822,-3.624724690,0.521446776,-0.226072311,0.523802946,2.481867517,-1.665237300,-0.132343223,0.000171857,0.000253622,0.000318878,-0.002184489,0.001155200,-0.200235643
7.058067204,1789526647.412662983,-0.104614083,-1.757674996,-1.617159192,-4.627808038,4.805586815,-3.623157803,0.521442377,-0.226065016,0.523797913,2.480544459,-1.667222584,-0.132608915,0.000709104,-0.000810202,-0.001370085,-0.002271223,0.002857116,-0.199605306
7.066111977,1789526647.420708656,-0.104650799,-1.757722680,-1.617159192,-4.627903883,4.805323601,-3.621578280,0.521447924,-0.226061382,0.523782184,2.479257058,-1.669290524,-0.132816578,0.000010991,0.000556574,0.000026647,-0.001992723,-0.002603660,-0.195289168
7.074070909,1789526647.428665400,-0.104698483,-1.757758919,-1.617135350,-4.627975885,4.805131435,-3.620071475,0.521452556,-0.226070164,0.523780390,2.478000281,-1.671263475,-0.132903986,-0.000670407,-0.001181157,-0.000087388,-0.001116675,0.001059986,-0.200209252
7.082032401,1789526647.436626911,-0.104746644,-1.757782761,-1.617159192,-4.628083650,4.804903507,-3.618551556,0.521440097,-0.226074149,0.523769213,2.476724307,-1.673246910,-0.133109208,0.001482970,0.000430036,-0.002330874,0.002573229,-0.001661447,-0.195051119
7.090072180,1789526647.444666624,-0.104770486,-1.757843320,-1.617087189,-4.628178779,4.804652214,-3.616960351,0.521468344,-0.226066951,0.523777327,2.475447762,-1.675323997,-0.133228289,-0.000155483,0.000359210,0.000859612,0.002026376,0.001611659,-0.197832083
7.098057705,1789526647.452652216,-0.104854409,-1.757867161,-1.617051427,-4.628322546,4.804424763,-3.615417306,0.521457384,-0.226090631,0.523796273,2.474128313,-1.677386379,-0.133404449,0.000296607,-0.000929066,-0.000626657,0.002166464,-0.001051778,-0.202801499
7.106081841,1789526647.460676670,-0.104854409,-1.757914845,-1.617051427,-4.628406469,4.804161072,-3.613790576,0.521472122,-0.226067894,0.523779043,2.472824613,-1.679464395,-0.133588836,0.000968667,0.000186192,-0.000959015,-0.000232437,-0.004455218,-0.201462588
7.114001318,1789526647.468595982,-0.104902093,-1.757939164,-1.617051427,-4.628514234,4.803969383,-3.612235610,0.521464566,-0.226075469,0.523778120,2.471497222,-1.681473112,-0.133733318,-0.000000870,-0.000578835,0.000014212,-0.000438775,-0.001082729,-0.204377223
7.122059500,1789526647.476654291,-0.104997937,-1.757951085,-1.617015187,-4.628586237,4.803693771,-3.610632006,0.521451971,-0.226100988,0.523794172,2.470173557,-1.683677936,-0.133831993,0.000609312,-0.000549163,-0.000986834,0.001413145,-0.004984360,-0.200793428
7.130145585,1789526647.484740973,-0.104962174,-1.758010689,-1.616991345,-4.628717605,4.803537846,-3.609064881,0.521480034,-0.226070120,0.523787633,2.468862625,-1.685561433,-0.133984447,0.000557571,0.001224540,0.000271650,0.000869619,-0.000326533,-0.200463178
7.138093593,1789526647.492689610,-0.105022256,-1.758034531,-1.617003266,-4.628849451,4.803262711,-3.607533518,0.521465965,-0.226076083,0.523784304,2.467578607,-1.687588251,-0.134242787,-0.000114764,-0.000964189,0.000216584,-0.002020774,0.005328350,-0.199354653
7.146121841,1789526647.500717640,-0.105058495,-1.758106534,-1.617015187,-4.628945057,4.802974701,-3.605990712,0.521478987,-0.226070696,0.523750123,2.466305196,-1.689601097,-0.134522715,-0.000110551,-0.000480441,0.000084708,0.000420452,-0.000159734,-0.198196794
7.154063406,1789526647.508659124,-0.105094258,-1.758118455,-1.617027108,-4.629076425,4.802794933,-3.604483191,0.521464997,-0.226072208,0.523753970,2.465002874,-1.691516554,-0.134693014,0.000283744,0.001166063,0.000249464,-0.000182491,0.002743340,-0.197389542
7.162141372,1789526647.516736984,-0.105118100,-1.758166138,-1.616991345,-4.629208271,4.802615166,-3.602975432,0.521477509,-0.226069997,0.523758883,2.463713030,-1.693420414,-0.134847334,-0.000264529,-0.001577551,-0.000588374,0.001099610,0.006409355,-0.197096934
7.170064803,1789526647.524660826,-0.105202023,-1.758202378,-1.616955105,-4.629328195,4.802363873,-3.601396624,0.521473490,-0.226092195,0.523768116,2.462364485,-1.695533646,-0.135024207,-0.000314255,0.000385255,0.000378934,0.001352933,-0.001527373,-0.199410416
7.178202341,1789526647.532798290,-0.105214421,-1.758238141,-1.616942708,-4.629447881,4.802088261,-3.599853341,0.521480786,-0.226074347,0.523767196,2.461109381,-1.697518632,-0.135245704,-0.000264487,0.000100471,0.000248258,0.000693142,0.001039447,-0.199117745
7.186051785,1789526647.540647984,-0.105274026,-1.758286301,-1.616931264,-4.629591409,4.801860332,-3.598334138,0.521479963,-0.226085803,0.523762584,2.459790174,-1.699491998,-0.135487185,0.000202521,-0.001264866,-0.000962328,0.000208346,0.001997913,-0.202153410
7.194134295,1789526647.548730135,-0.105262105,-1.758322064,-1.616906945,-4.629687254,4.801632404,-3.596826855,0.521496560,-0.226060058,0.523764093,2.458567675,-1.701386757,-0.135627924,-0.000013902,0.000436591,0.001674667,-0.001459083,-0.003058540,-0.202585756
7.202102562,1789526647.556698322,-0.105357949,-1.758310143,-1.616931264,-4.629782859,4.801417351,-3.595271174,0.521459988,-0.226088671,0.523770738,2.457204038,-1.703466065,-0.135766570,0.000835842,0.000896781,0.000866229,0.000508198,0.002573585,-0.198155343
7.210089911,1789526647.564685822,-0.105357949,-1.758357827,-1.616895024,-4.629914228,4.801153183,-3.593704287,0.521478728,-0.226066325,0.523775163,2.455923661,-1.705453185,-0.135976028,0.000891508,-0.000412865,-0.001219111,0.001792438,-0.000357246,-0.203228886
7.218100434,1789526647.572696209,-0.105429951,-1.758405987,-1.616858784,-4.630046074,4.800949574,-3.592137162,0.521480853,-0.226087082,0.523779867,2.454544010,-1.707494616,-0.136148595,0.000215147,0.000759512,0.000152278,-0.000623389,0.001611948,-0.199140205
7.226169464,1789526647.580765486,-0.105429951,-1.758441750,-1.616871182,-4.630165998,4.800686359,-3.590629880,0.521485772,-0.226063375,0.523768513,2.453301737,-1.709397986,-0.136397083,-0.001505277,-0.001309866,0.001067759,-0.000266134,0.002190089,-0.199132847
7.234070518,1789526647.588666677,-0.105537717,-1.758441750,-1.616883103,-4.630249921,4.800494194,-3.589086596,0.521454410,-0.226101139,0.523772697,2.451922360,-1.711464013,-0.136506118,0.001041546,-0.000193559,-0.001905269,-0.001013841,-0.000505791,-0.201307534
7.242105363,1789526647.596701145,-0.105537717,-1.758489911,-1.616871182,-4.630392973,4.800290585,-3.587483231,0.521467022,-0.226083754,0.523768455,2.450549481,-1.713442504,-0.136712688,0.000389638,0.000745943,-0.000300447,-0.000784336,0.003958190,-0.193922266
7.250038030,1789526647.604634285,-0.105585877,-1.758513753,-1.616858784,-4.630464737,4.800014973,-3.585915867,0.521465070,-0.226084401,0.523767914,2.449250801,-1.715513085,-0.136860869,-0.000915342,-0.000889613,0.000251005,-0.000701655,-0.004113919,-0.202914757
7.258109554,1789526647.612705469,-0.105622117,-1.758585755,-1.616823022,-4.630584661,4.799787521,-3.584360902,0.521485637,-0.226085402,0.523757794,2.447911552,-1.717498484,-0.137066139,0.001453056,0.000669056,-0.001599844,0.002388237,0.001074402,-0.198085663
7.266084959,1789526647.620681524,-0.105669800,-1.758609120,-1.616811101,-4.630680029,4.799559593,-3.582770173,0.521481402,-0.226089965,0.523760713,2.446549431,-1.719558240,-0.137205684,0.000500760,0.000283808,-0.000427794,0.000455834,0.001326235,-0.199956032
7.274200402,1789526647.628796339,-0.105706040,-1.758609120,-1.616799180,-4.630763952,4.799295902,-3.581250254,0.521471694,-0.226084392,0.523774569,2.445294407,-1.721550901,-0.137335143,-0.000717985,-0.000494141,0.000554061,0.000327127,-0.006665103,-0.202807746
7.282146188,1789526647.636742592,-0.105729882,-1.758633439,-1.616763417,-4.630847875,4.799020290,-3.579647128,0.521479339,-0.226072788,0.523785343,2.443980534,-1.723633534,-0.137464114,0.000546552,0.000243325,-0.000725463,0.000639092,0.000676582,-0.200164132
7.290135400,1789526647.644731283,-0.105778042,-1.758681122,-1.616787259,-4.630955640,4.798756599,-3.578128163,0.521476630,-0.226074494,0.523761122,2.442668687,-1.725598262,-0.137733545,0.000114093,-0.000033686,-0.000359939,0.000573907,-0.001038556,-0.203667413
7.298092693,1789526647.652688980,-0.105825726,-1.758681122,-1.616775338,-4.631063644,4.798529148,-3.576584641,0.521462291,-0.226078031,0.523778362,2.441345284,-1.727600493,-0.137865328,-0.000120739,0.000458259,0.000826047,0.000296241,-0.003451553,-0.198195889
7.306112333,1789526647.660708427,-0.105861966,-1.758729283,-1.616763417,-4.631182615,4.798242092,-3.574945990,0.521469174,-0.226072084,0.523770446,2.439956304,-1.729713572,-0.138107769,0.000050004,-0.000636085,0.000075277,0.000331322,0.001465834,-0.200473397
7.314098961,1789526647.668694735,-0.105933491,-1.758776967,-1.616727177,-4.631254617,4.798049927,-3.573486153,0.521475518,-0.226094056,0.523767873,2.438668116,-1.731627691,-0.138208572,0.000304427,-0.000275821,-0.000145000,0.000324398,-0.001082611,-0.201748092
7.322075797,1789526647.676671743,-0.105969731,-1.758801285,-1.616751019,-4.631398384,4.797798634,-3.571966712,0.521463605,-0.226089442,0.523761067,2.437345375,-1.733561597,-0.138483999,-0.000245400,0.000086965,0.000400972,0.000088026,0.000202681,-0.195568368
7.330143767,1789526647.684739590,-0.105993573,-1.758813206,-1.616751019,-4.631494228,4.797558784,-3.570447270,0.521457901,-0.226079742,0.523765116,2.436058822,-1.735503757,-0.138641481,-0.001294693,-0.000329402,0.001309008,0.000632813,0.001262430,-0.200904296
7.338085331,1789526647.692681313,-0.106053654,-1.758872811,-1.616727177,-4.631625835,4.797355175,-3.568892304,0.521464743,-0.226094509,0.523758358,2.434661583,-1.737489182,-0.138847312,0.001680796,0.000670077,-0.002219782,0.000890405,0.002439111,-0.195725349
7.346121459,1789526647.700717211,-0.106053654,-1.758897130,-1.616691415,-4.631745521,4.797067642,-3.567348544,0.521475297,-0.226069127,0.523773686,2.433398249,-1.739455757,-0.139037902,-0.000752418,-0.000907913,0.001485030,-0.001144026,-0.002453066,-0.202377963
7.354084487,1789526647.708680391,-0.106137578,-1.758920972,-1.616679494,-4.631853525,4.796864033,-3.565829341,0.521461965,-0.226094741,0.523778212,2.432029185,-1.741443424,-0.139190033,-0.000103407,-0.000184343,0.001207238,-0.002251569,0.002117074,-0.200786526
7.362092696,1789526647.716688633,-0.106149499,-1.758944813,-1.616667096,-4.631972973,4.796636105,-3.564310376,0.521464381,-0.226080512,0.523784236,2.430729054,-1.743350253,-0.139367428,0.001153330,0.000244902,-0.000632824,-0.004191039,-0.000254345,-0.199075291
7.370068862,1789526647.724664927,-0.106197182,-1.758956734,-1.616667096,-4.632092420,4.796408653,-3.562754933,0.521451484,-0.226084208,0.523791437,2.429363601,-1.745343239,-0.139545158,-0.000924309,-0.001068617,0.000771847,-0.003182472,-0.000958828,-0.203834610
7.378158305,1789526647.732754230,-0.106233422,-1.758981053,-1.616655175,-4.632164184,4.796228886,-3.561163727,0.521451566,-0.226087419,0.523791239,2.427964170,-1.747353796,-0.139619955,-0.001252844,-0.000235443,0.001493067,-0.001216378,0.001569672,-0.197227093
7.386120552,1789526647.740716457,-0.106293027,-1.759052579,-1.616679494,-4.632296030,4.796000957,-3.559692208,0.521453540,-0.226099184,0.523757316,2.426621482,-1.749223485,-0.139932285,0.001212846,-0.000104452,-0.001964582,0.002546648,0.002974470,-0.197528191
7.394085933,1789526647.748682022,-0.106317345,-1.759100739,-1.616643254,-4.632427637,4.795785427,-3.558124844,0.521466626,-0.226094000,0.523762010,2.425247117,-1.751186713,-0.140112790,-0.000862716,0.000428521,0.001078842,0.003345310,0.000420349,-0.200366111
7.402092575,1789526647.756688356,-0.106376950,-1.759088818,-1.616595570,-4.632523481,4.795461655,-3.556569640,0.521453951,-0.226095286,0.523798811,2.423961928,-1.753280878,-0.140247531,0.000441724,0.000769927,-0.000099883,0.002120353,-0.000355032,-0.196569842
7.410055709,1789526647.764651537,-0.106413190,-1.759124581,-1.616619412,-4.632618848,4.795222282,-3.555050198,0.521449998,-0.226092589,0.523779741,2.422626828,-1.755209141,-0.140468702,-0.000341059,-0.000580760,0.000222973,0.001885947,0.002106309,-0.204421212
7.418097247,1789526647.772692919,-0.106460873,-1.759160821,-1.616583172,-4.632750694,4.794958591,-3.553434912,0.521453505,-0.226094680,0.523790602,2.421217127,-1.757286772,-0.140670479,-0.000298282,0.000639833,0.001200005,0.001402605,-0.002513560,-0.198686786
7.426119693,1789526647.780715466,-0.106497113,-1.759148423,-1.616583172,-4.632870142,4.794671059,-3.551843945,0.521434153,-0.226085885,0.523810607,2.419861782,-1.759343292,-0.140861234,0.000839743,-0.000408528,-0.000936723,0.002180327,0.001038172,-0.202313479
7.434152519,1789526647.788748503,-0.106532876,-1.759220425,-1.616547410,-4.632942144,4.794431686,-3.550300662,0.521458473,-0.226085912,0.523794363,2.418519176,-1.761313539,-0.141021039,-0.000599929,-0.000313631,0.000821529,0.002438245,-0.000666770,-0.203782885
7.442066866,1789526647.796662807,-0.106557194,-1.759244744,-1.616571728,-4.633026067,4.794239521,-3.548685853,0.521453066,-0.226080908,0.523780191,2.417080509,-1.763316494,-0.141165021,-0.000273481,0.000657855,0.000601811,-0.001600219,-0.003820445,-0.202819826
7.450069412,1789526647.804665327,-0.106569115,-1.759256665,-1.616535489,-4.633193914,4.793976307,-3.547178094,0.521452492,-0.226063111,0.523808901,2.415786513,-1.765212935,-0.141390321,0.000608867,-0.000574331,-0.001455579,-0.000378789,0.002644100,-0.204866137
7.458079779,1789526647.812675953,-0.106653039,-1.759316270,-1.616559331,-4.633229677,4.793760300,-3.545586888,0.521451283,-0.226088850,0.523769441,2.414334880,-1.767278039,-0.141546102,0.000173596,-0.000262599,-0.000842509,0.000812135,-0.000144263,-0.198746710
7.466043871,1789526647.820640326,-0.106664960,-1.759292428,-1.616511647,-4.633337204,4.793484688,-3.544031445,0.521443476,-0.226069089,0.523814614,2.413045777,-1.769276897,-0.141639814,0.000310182,0.001172055,0.001251868,0.000764453,-0.006944405,-0.197537015
7.474167798,1789526647.828763723,-0.106725041,-1.759352509,-1.616487805,-4.633456651,4.793220997,-3.542500559,0.521451941,-0.226078476,0.523805696,2.411679163,-1.771252410,-0.141884677,0.001328096,-0.000492272,-0.000894648,0.002162511,0.003771898,-0.200267636
7.482101550,1789526647.836697817,-0.106736962,-1.759363953,-1.616463010,-4.633528654,4.792981625,-3.540981118,0.521455603,-0.226063283,0.523817651,2.410388470,-1.773177078,-0.141982921,0.000148984,-0.000599155,-0.000215134,0.000930165,-0.004278948,-0.198117877
7.490077044,1789526647.844673395,-0.106760804,-1.759387795,-1.616451089,-4.633624498,4.792729855,-3.539437358,0.521457185,-0.226053248,0.523820364,2.409050200,-1.775132351,-0.142152382,-0.000266722,0.001360760,0.001157455,0.000295281,0.001036337,-0.198019203
7.498137928,1789526647.852734089,-0.106832806,-1.759435956,-1.616439168,-4.633707945,4.792502403,-3.537917916,0.521458143,-0.226071669,0.523808464,2.407671999,-1.777098386,-0.142325821,0.001130351,-0.001593632,-0.002639768,0.000855369,0.005904409,-0.199255907
7.506108606,1789526647.860704422,-0.106844727,-1.759447877,-1.616415326,-4.633779947,4.792262554,-3.536327187,0.521461807,-0.226056433,0.523819766,2.406309906,-1.779103522,-0.142419202,-0.000047389,0.000562472,0.000026189,0.000006470,-0.002747794,-0.200344817
7.514085930,1789526647.868682146,-0.106892888,-1.759459798,-1.616415326,-4.633911792,4.791975021,-3.534879748,0.521448462,-0.226054786,0.523828253,2.405040276,-1.780978581,-0.142677297,-0.000827911,-0.000170380,0.001919804,0.000823999,-0.001654294,-0.201238264
7.522055967,1789526647.876652002,-0.106964890,-1.759543721,-1.616379086,-4.634019558,4.791687012,-3.533299987,0.521467217,-0.226069527,0.523810063,2.403621373,-1.783033504,-0.142938994,0.001341873,-0.000536009,-0.001189113,-0.000061850,0.000728319,-0.203494383
7.530143858,1789526647.884739637,-0.107000653,-1.759531800,-1.616415326,-4.634103481,4.791471958,-3.531732623,0.521442751,-0.226066603,0.523810361,2.402219882,-1.785003791,-0.143079399,-0.000722198,-0.000192720,0.001270612,-0.002397643,0.001696821,-0.202869691
7.538056073,1789526647.892651796,-0.107048337,-1.759555642,-1.616379086,-4.634270612,4.791244030,-3.530249182,0.521438575,-0.226071193,0.523832831,2.400872279,-1.786878186,-0.143299975,0.000273412,-0.000917351,-0.000904759,0.000216474,0.005551842,-0.197643399
7.546106248,1789526647.900702000,-0.107084576,-1.759555642,-1.616379086,-4.634366457,4.791040421,-3.528694216,0.521425154,-0.226070763,0.523843762,2.399476883,-1.788830234,-0.143417293,0.000216063,0.000151277,-0.000643460,0.002168924,0.001351777,-0.197911013
7.554050269,1789526647.908646107,-0.107144181,-1.759603802,-1.616367165,-4.634450380,4.790764809,-3.527186219,0.521429304,-0.226078310,0.523831634,2.398135075,-1.790787200,-0.143631851,-0.000894699,0.000388082,0.000935627,0.001496780,0.000172867,-0.197923037
7.562049755,1789526647.916645527,-0.107192341,-1.759627644,-1.616343323,-4.634557668,4.790501595,-3.525655095,0.521427123,-0.226080082,0.523840888,2.396777984,-1.792753808,-0.143816489,0.001348468,-0.000450784,-0.002493657,0.001421178,0.005260254,-0.197536669
7.570094946,1789526647.924690962,-0.107204262,-1.759687726,-1.616355244,-4.634689514,4.790297508,-3.524111811,0.521437795,-0.226068958,0.523818774,2.395363605,-1.794617050,-0.144069986,-0.000280049,-0.000299409,0.000981987,-0.001261830,-0.000882918,-0.200867649
7.578087871,1789526647.932683706,-0.107264344,-1.759711568,-1.616295163,-4.634785358,4.790034294,-3.522544448,0.521441172,-0.226077812,0.523842045,2.393978992,-1.796656953,-0.144192240,0.000379802,-0.000321810,0.000158528,-0.001825365,0.000983271,-0.197575028
7.586095716,1789526647.940691710,-0.107300107,-1.759735409,-1.616271321,-4.634845440,4.789830208,-3.521025006,0.521444720,-0.226078874,0.523845642,2.392623593,-1.798575272,-0.144269881,0.000556322,-0.000855668,-0.000918582,-0.002689785,0.000931238,-0.199957663
7.594076543,1789526647.948672533,-0.107360188,-1.759771649,-1.616307561,-4.634928409,4.789614677,-3.519421879,0.521433790,-0.226090632,0.523819728,2.391133327,-1.800589357,-0.144470766,-0.000369809,0.000059962,0.000375736,0.001096978,0.000547459,-0.199983395
7.602037820,1789526647.956633806,-0.107395951,-1.759783570,-1.616307561,-4.635036413,4.789339066,-3.517914359,0.521424913,-0.226083779,0.523825309,2.389801572,-1.802509524,-0.144683945,-0.000684032,0.000049773,0.000661316,0.000593889,-0.004051994,-0.204674182
7.610036424,1789526647.964632273,-0.107467953,-1.759831731,-1.616283242,-4.635180179,4.789099216,-3.516287152,0.521424186,-0.226100903,0.523826459,2.388283569,-1.804572940,-0.144919093,0.001166385,0.000121831,-0.001570095,0.001567718,0.006339065,-0.202021032
7.618059550,1789526647.972655296,-0.107491795,-1.759819810,-1.616271321,-4.635240022,4.788823605,-3.514779393,0.521414557,-0.226087426,0.523843884,2.386993863,-1.806509559,-0.145025768,-0.000767349,-0.000140888,0.000832134,-0.000505506,-0.000901209,-0.200189772
7.626108663,1789526647.980704546,-0.107491795,-1.759891812,-1.616258923,-4.635348026,4.788572311,-3.513224188,0.521439734,-0.226066973,0.523822341,2.385608611,-1.808405385,-0.145270832,0.001418774,-0.000534404,-0.002294646,0.001038743,0.004352368,-0.200814433
7.634086010,1789526647.988682032,-0.107540433,-1.759927575,-1.616235081,-4.635467474,4.788308620,-3.511717145,0.521441287,-0.226069372,0.523826746,2.384247025,-1.810324533,-0.145491303,-0.000099057,0.000460086,0.000363895,0.000893399,0.003155561,-0.198794093
7.642102030,1789526647.996697903,-0.107576195,-1.759951417,-1.616235081,-4.635551397,4.788093090,-3.510149781,0.521438344,-0.226068699,0.523823191,2.382820435,-1.812278340,-0.145634667,-0.000515495,-0.000603153,0.000719193,-0.000556749,-0.002144293,-0.200259632
7.650027833,1789526648.004623652,-0.107660119,-1.759999100,-1.616247002,-4.635658924,4.787793159,-3.508642022,0.521430464,-0.226085999,0.523804099,2.381429185,-1.814245985,-0.145934221,0.000850750,-0.000084510,-0.000707365,-0.000438598,0.003314376,-0.200601630
7.658069660,1789526648.012665510,-0.107695882,-1.760011021,-1.616199319,-4.635778371,4.787601948,-3.507122580,0.521429824,-0.226087821,0.523832115,2.380040516,-1.816136722,-0.146033019,0.000378134,0.000090731,-0.000273157,-0.001029457,-0.000038699,-0.197113432
7.666031362,1789526648.020627975,-0.107732121,-1.760022942,-1.616211239,-4.635850135,4.787362099,-3.505650822,0.521420739,-0.226084492,0.523828231,2.378717335,-1.817995313,-0.146192376,-0.000619249,0.000018635,0.000708644,-0.001219844,-0.000219812,-0.200474183
7.674089069,1789526648.028685093,-0.107791726,-1.760059182,-1.616187398,-4.635958139,4.787098408,-3.504143778,0.521420843,-0.226092713,0.523830936,2.377341798,-1.819926285,-0.146401532,0.001069793,0.000288348,-0.001472101,0.000085723,0.001109586,-0.198554300
7.682123165,1789526648.036719561,-0.107816044,-1.760106866,-1.616163079,-4.636041824,4.786846638,-3.502540175,0.521435179,-0.226084302,0.523824586,2.375902959,-1.821923790,-0.146569862,-0.000187332,-0.000477937,0.000593606,-0.000632554,-0.002745719,-0.205705540
7.690079826,1789526648.044676065,-0.107827965,-1.760131184,-1.616115395,-4.636101905,4.786607265,-3.501032893,0.521449510,-0.226070243,0.523837936,2.374587348,-1.823813987,-0.146649243,0.000595124,0.000357674,0.000005807,0.000796767,-0.001718969,-0.199647981
7.698030975,1789526648.052627087,-0.107888047,-1.760190789,-1.616103474,-4.636209671,4.786331654,-3.499453608,0.521456382,-0.226078364,0.523822783,2.373129213,-1.825818836,-0.146905182,0.000471643,-0.000503440,-0.000645916,-0.000004048,-0.002346591,-0.201027396
7.706116770,1789526648.060713053,-0.107935731,-1.760214631,-1.616127316,-4.636257354,4.786104202,-3.497910086,0.521448602,-0.226082561,0.523804349,2.371712240,-1.827761729,-0.147048663,-0.000752310,-0.000251065,0.000928065,0.000718970,0.001091857,-0.200639351
7.714038868,1789526648.068635225,-0.107959572,-1.760227029,-1.616127316,-4.636352722,4.785816669,-3.496402327,0.521443667,-0.226068510,0.523808068,2.370377188,-1.829663238,-0.147259085,0.000987417,0.000168067,-0.001330224,0.000981141,-0.002651938,-0.197132126
7.722032100,1789526648.076627970,-0.108007733,-1.760262791,-1.616127316,-4.636484567,4.785541058,-3.494835202,0.521439691,-0.226068964,0.523803889,2.368930036,-1.831630719,-0.147530988,-0.000093161,-0.000585361,-0.000146606,0.001532719,0.003486845,-0.200950828
7.730069202,1789526648.084665060,-0.108031575,-1.760286633,-1.616091077,-4.636520569,4.785313129,-3.493292157,0.521450449,-0.226062076,0.523809611,2.367560309,-1.833569712,-0.147583338,0.000177007,-0.000029974,-0.000439899,-0.001838295,-0.003963933,-0.199835563
7.738027294,1789526648.092623472,-0.108067815,-1.760334794,-1.616103474,-4.636640016,4.785085201,-3.491748873,0.521451998,-0.226061029,0.523792128,2.366110329,-1.835459691,-0.147832836,0.000238027,-0.000366060,-0.000568000,-0.002381038,0.002484104,-0.199113923
7.746058869,1789526648.100654840,-0.108151261,-1.760334794,-1.616055314,-4.636735861,4.784858227,-3.490205113,0.521438025,-0.226084116,0.523823604,2.364672908,-1.837458791,-0.147921415,0.000063349,-0.001059532,0.000396769,-0.001645047,0.004799867,-0.201290376
7.754031204,1789526648.108627081,-0.108175580,-1.760382477,-1.616091077,-4.636807863,4.784605980,-3.488601748,0.521440937,-0.226074443,0.523790153,2.363196656,-1.839425503,-0.148153007,0.001015007,0.000442961,-0.000282989,-0.002417522,-0.005126767,-0.198570510
7.762020994,1789526648.116616964,-0.108223263,-1.760418717,-1.616043393,-4.636891786,4.784390926,-3.487046544,0.521449963,-0.226081600,0.523800304,2.361758867,-1.841375157,-0.148258000,-0.000957860,-0.000783600,0.001518070,-0.001372366,0.003853586,-0.205546450
7.769996425,1789526648.124592304,-0.108283822,-1.760490719,-1.616019551,-4.636975471,4.784126759,-3.485455100,0.521465704,-0.226091989,0.523780535,2.360275042,-1.843385834,-0.148475929,0.001324462,0.000188439,-0.001814069,0.000828768,-0.000415852,-0.200608949
7.778078283,1789526648.132674217,-0.108307664,-1.760502640,-1.616007153,-4.637071077,4.783899307,-3.483911816,0.521462608,-0.226083685,0.523790264,2.358863257,-1.845288487,-0.148618653,0.000374878,0.000447583,-0.000440977,0.000525038,-0.000637378,-0.200653016
7.786097963,1789526648.140693903,-0.108403508,-1.760490719,-1.615995709,-4.637106601,4.783635616,-3.482380454,0.521438306,-0.226109002,0.523804566,2.357453226,-1.847318247,-0.148697804,-0.000821700,-0.000852099,0.000339254,-0.000513941,-0.005175708,-0.203701002
7.794029835,1789526648.148625851,-0.108391587,-1.760550324,-1.615959469,-4.637166683,4.783371925,-3.480849091,0.521469799,-0.226081554,0.523793796,2.356106419,-1.849187996,-0.148854511,0.001675433,0.000800718,-0.001740382,0.000318009,-0.001736189,-0.196159353
7.802069105,1789526648.156664848,-0.108463589,-1.760574166,-1.615959469,-4.637274448,4.783132553,-3.479293410,0.521457200,-0.226097425,0.523793274,2.354625372,-1.851151516,-0.149057425,-0.000114956,0.000300797,0.000624977,0.000722757,0.005632118,-0.198656457
7.810015763,1789526648.164611578,-0.108511273,-1.760598485,-1.615923707,-4.637382213,4.782821178,-3.477797572,0.521458228,-0.226094823,0.523807321,2.353276994,-1.853072532,-0.149281208,-0.000407833,-0.000842634,0.000680328,-0.001332632,-0.007231477,-0.203837947
7.818023099,1789526648.172619104,-0.108511273,-1.760633771,-1.615947549,-4.637442295,4.782605171,-3.476230685,0.521464767,-0.226075603,0.523784422,2.351838004,-1.854951141,-0.149440430,0.000955616,0.000116104,-0.000141016,-0.000828143,0.008768910,-0.197196949
7.826100236,1789526648.180696249,-0.108547513,-1.760658089,-1.615923707,-4.637501661,4.782401562,-3.474747006,0.521468502,-0.226076992,0.523787811,2.350464046,-1.856793580,-0.149528613,-0.000135485,-0.000664621,0.000018893,-0.002207699,-0.006266324,-0.201858409
7.834053915,1789526648.188650846,-0.108631436,-1.760658089,-1.615923707,-4.637573663,4.782101631,-3.473239247,0.521446943,-0.226092770,0.523795279,2.349070564,-1.858771637,-0.149716063,0.000009953,0.000330696,0.000133925,0.000358898,0.003267454,-0.198865402
7.842091417,1789526648.196687222,-0.108643357,-1.760753934,-1.615886990,-4.637633506,4.781850338,-3.471707884,0.521487314,-0.226080464,0.523765118,2.347669664,-1.860641263,-0.149910871,0.001019453,-0.000746364,-0.002275912,-0.001904889,-0.003252746,-0.205274545
7.850026635,1789526648.204622746,-0.108727280,-1.760777775,-1.615899388,-4.637741510,4.781598568,-3.470164363,0.521469590,-0.226101144,0.523759299,2.346179944,-1.862599675,-0.150144008,-0.000135162,0.000127462,-0.000227611,0.000233192,0.001821076,-0.199027691
7.858048035,1789526648.212644100,-0.108739201,-1.760765855,-1.615899388,-4.637837354,4.781406879,-3.468621079,0.521456978,-0.226088599,0.523776982,2.344746365,-1.864459363,-0.150243653,-0.001305581,0.000375409,0.001800533,-0.002542317,0.008467994,-0.200556840
7.866004790,1789526648.220600605,-0.108739201,-1.760813538,-1.615863148,-4.637920562,4.781155109,-3.467065398,0.521479341,-0.226067785,0.523775787,2.343338221,-1.866348968,-0.150405317,0.001398472,-0.000899497,-0.002720796,-0.004280935,0.004813055,-0.201427644
7.874016666,1789526648.228612661,-0.108835045,-1.760861699,-1.615827386,-4.638016407,4.780928135,-3.465534035,0.521479004,-0.226099141,0.523775912,2.341846202,-1.868304166,-0.150576097,-0.000989970,-0.000448093,0.001764893,-0.002790237,0.006621223,-0.195221827
7.882028614,1789526648.236624479,-0.108858887,-1.760873620,-1.615863148,-4.638136093,4.780675888,-3.464026753,0.521464573,-0.226087335,0.523768124,2.340428425,-1.870134587,-0.150836479,0.000827371,0.000272911,-0.000618784,-0.002772591,-0.002958834,-0.196148553
7.890053794,1789526648.244649649,-0.108918969,-1.760909382,-1.615839307,-4.638256017,4.780520439,-3.462506835,0.521462660,-0.226105622,0.523773431,2.338926701,-1.871979086,-0.150973217,0.000178394,-0.000761612,-0.000229369,0.001634287,0.007486734,-0.199337691
7.898077473,1789526648.252673626,-0.108942811,-1.760921780,-1.615839307,-4.638315860,4.780232906,-3.460927550,0.521460349,-0.226091825,0.523772729,2.337496317,-1.873949655,-0.151138489,-0.000542926,0.000146201,0.000555400,0.002310392,-0.002068639,-0.199972974
7.906009346,1789526648.260605097,-0.109002892,-1.760957543,-1.615851227,-4.638411466,4.779933453,-3.459396187,0.521454128,-0.226096318,0.523758807,2.336053377,-1.875885167,-0.151411372,0.000241807,0.000103347,-0.000493381,0.001480908,-0.000896773,-0.201782058
7.914010841,1789526648.268606663,-0.109026734,-1.761005227,-1.615755383,-4.638495390,4.779681683,-3.457816903,0.521483258,-0.226089245,0.523783167,2.334615886,-1.877847258,-0.151501806,-0.000422187,-0.000649061,0.000864081,0.001815180,0.005334651,-0.201568207
7.922004098,1789526648.276600122,-0.109098736,-1.760993306,-1.615767304,-4.638590757,4.779429913,-3.456237380,0.521455202,-0.226102267,0.523795395,2.333106506,-1.879840928,-0.151671231,-0.000036609,0.000419242,0.000745895,-0.001530698,-0.005967688,-0.204389013
7.930074552,1789526648.284670115,-0.109110657,-1.761053387,-1.615743462,-4.638626758,4.779166222,-3.454693858,0.521480725,-0.226087192,0.523776066,2.331701357,-1.881737583,-0.151820181,0.000019634,-0.000207715,0.000876651,0.002092168,0.009567120,-0.198366959
7.938009295,1789526648.292605162,-0.109170262,-1.761065308,-1.615719144,-4.638746206,4.778890610,-3.453162495,0.521470743,-0.226093214,0.523793792,2.330254347,-1.883668323,-0.152028993,0.000483837,-0.000323907,-0.000274288,0.000660313,-0.006121527,-0.202898004
7.946026275,1789526648.300621986,-0.109218423,-1.761053387,-1.615707699,-4.638818208,4.778663158,-3.451630894,0.521454330,-0.226096711,0.523813133,2.328815197,-1.885580415,-0.152123359,-0.000518249,0.000999349,0.001569696,0.000389238,0.001630522,-0.199785841
7.954039055,1789526648.308635235,-0.109230820,-1.761113469,-1.615731541,-4.638902132,4.778411865,-3.450087611,0.521466450,-0.226081624,0.523779735,2.327355834,-1.887426150,-0.152380474,0.000473489,-0.001082805,-0.001540165,-0.000591201,-0.003340011,-0.197717852
7.962011390,1789526648.316607237,-0.109290902,-1.761149232,-1.615671460,-4.638961975,4.778136253,-3.448603694,0.521477336,-0.226090147,0.523792101,2.325980852,-1.889330116,-0.152507255,0.000335620,0.000342541,-0.000691957,0.000880565,0.001040809,-0.200675207
7.970053061,1789526648.324648857,-0.109314744,-1.761161153,-1.615731541,-4.639009897,4.777872562,-3.447060649,0.521463220,-0.226077277,0.523764691,2.324535404,-1.891214207,-0.152717639,-0.000316744,0.000364557,0.000031556,0.000513313,-0.005556533,-0.198300231
7.978043781,1789526648.332639694,-0.109386746,-1.761173073,-1.615707699,-4.639117424,4.777608871,-3.445493046,0.521451105,-0.226090931,0.523780778,2.323031046,-1.893192271,-0.152900923,0.000093845,-0.000463164,-0.000787473,0.001116301,0.003499890,-0.200649505
7.986045027,1789526648.340640783,-0.109410588,-1.761197392,-1.615647618,-4.639213268,4.777369022,-3.443997208,0.521462795,-0.226083075,0.523804224,2.321642161,-1.895031366,-0.153022794,-0.000064960,0.000091613,0.000715099,0.000512010,0.005278041,-0.202562519
7.993986910,1789526648.348582983,-0.109458272,-1.761184994,-1.615659539,-4.639273111,4.777105808,-3.442453925,0.521442726,-0.226082599,0.523812123,2.320195855,-1.896965541,-0.153161614,-0.000141812,-0.000330451,0.000337532,-0.001301473,-0.005264951,-0.201474654
8.002006562,1789526648.356602669,-0.109518353,-1.761221234,-1.615671460,-4.639356796,4.776841640,-3.440946643,0.521437276,-0.226090432,0.523796691,2.318740427,-1.898842431,-0.153396002,0.000433201,0.000415141,-0.000069851,-0.000448198,0.007937080,-0.202146984
8.010014154,1789526648.364609957,-0.109542195,-1.761268918,-1.615623776,-4.639452640,4.776626587,-3.439378802,0.521455406,-0.226085587,0.523802316,2.317246496,-1.900729487,-0.153533424,0.000751492,-0.000617592,-0.001800727,0.000104836,-0.003435883,-0.198522737
8.017999506,1789526648.372595549,-0.109578435,-1.761280839,-1.615635697,-4.639524166,4.776350498,-3.437859360,0.521446768,-0.226078932,0.523798467,2.315819772,-1.902611788,-0.153729882,-0.000249539,0.000337770,0.000147335,0.000780250,-0.000192131,-0.201258826
8.026053408,1789526648.380649805,-0.109626118,-1.761316601,-1.615611378,-4.639584009,4.776087284,-3.436327998,0.521453054,-0.226081341,0.523795698,2.314372858,-1.904522558,-0.153885941,-0.001177191,-0.000080817,0.001126402,-0.000633774,-0.004081925,-0.201079873
8.033990036,1789526648.388586044,-0.109686200,-1.761364762,-1.615599457,-4.639643852,4.775847435,-3.434783999,0.521458672,-0.226092620,0.523781042,2.312876918,-1.906436604,-0.154052394,0.001836799,-0.000270720,-0.002543266,0.000456030,0.003475188,-0.197445745
8.042043956,1789526648.396639824,-0.109721963,-1.761364762,-1.615611378,-4.639739696,4.775619984,-3.433276717,0.521443290,-0.226089474,0.523787091,2.311426111,-1.908266605,-0.154223803,-0.000428350,0.000332706,0.000955987,0.000793080,0.004850504,-0.199301775
8.049966149,1789526648.404561996,-0.109793965,-1.761400525,-1.615587536,-4.639775697,4.775368214,-3.431697432,0.521445595,-0.226105778,0.523781119,2.309908334,-1.910259607,-0.154339563,-0.000183585,-0.000333351,0.000495087,0.002079025,-0.006059292,-0.197849267
8.058018852,1789526648.412614584,-0.109854046,-1.761424367,-1.615563695,-4.639895622,4.775044441,-3.430165593,0.521440534,-0.226108140,0.523792074,2.308452820,-1.912195603,-0.154610411,0.001423941,0.000084549,-0.001051673,0.002363107,0.008678462,-0.199304084
8.066034998,1789526648.420630693,-0.109877888,-1.761424367,-1.615551774,-4.639919464,4.774852753,-3.428621833,0.521437573,-0.226103107,0.523799205,2.306995187,-1.914068681,-0.154628838,0.000513973,0.000323912,-0.000155978,-0.002277443,-0.003801023,-0.200362193
8.074008071,1789526648.428603888,-0.109914128,-1.761460606,-1.615515534,-4.639979068,4.774577618,-3.427043025,0.521449208,-0.226098746,0.523801201,2.305512466,-1.916023814,-0.154776479,-0.000915390,-0.000109707,0.001386209,-0.001908566,0.007474320,-0.200347983
8.082072652,1789526648.436668396,-0.109961812,-1.761460606,-1.615515534,-4.640074674,4.774385452,-3.425475184,0.521433285,-0.226105311,0.523812521,2.303968684,-1.917913808,-0.154898127,0.001360757,-0.000534335,-0.002335896,-0.004627733,0.002042182,-0.203722876
8.090051139,1789526648.444646835,-0.109997574,-1.761496369,-1.615539853,-4.640158598,4.774122238,-3.423883979,0.521430615,-0.226100255,0.523792167,2.302426588,-1.919836168,-0.155137618,0.000862403,0.000337006,-0.001209483,-0.000520234,0.009471685,-0.197097355
8.098020350,1789526648.452616215,-0.110033814,-1.761520211,-1.615551774,-4.640242521,4.773870468,-3.422316376,0.521425587,-0.226096251,0.523783641,2.300910502,-1.921734851,-0.155340152,-0.001538628,-0.000546206,0.001124591,-0.001415486,-0.005159387,-0.204320006
8.106039913,1789526648.460635900,-0.110057656,-1.761544530,-1.615491692,-4.640290443,4.773666859,-3.420760934,0.521440423,-0.226092074,0.523801170,2.299438977,-1.923621756,-0.155369396,0.002368642,0.000231997,-0.003608283,0.003392250,0.007808115,-0.201052818
8.113985104,1789526648.468580961,-0.110129658,-1.761556451,-1.615479771,-4.640397731,4.773355484,-3.419217173,0.521426360,-0.226101097,0.523812002,2.297946587,-1.925574078,-0.155616079,-0.000679040,-0.000686601,0.001041638,0.002786179,0.003393433,-0.199783861
8.121995219,1789526648.476589680,-0.110165421,-1.761604134,-1.615479771,-4.640481655,4.773127556,-3.417721812,0.521433046,-0.226100332,0.523795754,2.296479988,-1.927368080,-0.155820681,-0.000190476,0.000347762,0.000844446,0.000639680,-0.003805847,-0.199842595
8.129995571,1789526648.484590054,-0.110237900,-1.761640374,-1.615467850,-4.640577499,4.772864342,-3.416190211,0.521428832,-0.226115158,0.523792167,2.294964819,-1.929270497,-0.156042623,0.000318158,0.000301813,-0.000084898,0.004096200,0.011972506,-0.196524922
8.137952099,1789526648.492546558,-0.110225979,-1.761652295,-1.615467850,-4.640685503,4.772564411,-3.414670769,0.521431165,-0.226081199,0.523798092,2.293557585,-1.931080588,-0.156289102,-0.000337756,-0.000608250,-0.000030734,0.000070949,-0.002149670,-0.201014611
8.145880902,1789526648.500475407,-0.110285584,-1.761652295,-1.615455929,-4.640732948,4.772348881,-3.413186852,0.521418659,-0.226092455,0.523808193,2.292111613,-1.932920416,-0.156370077,-0.000541548,0.000907049,0.001368009,-0.000555740,0.003603574,-0.197246665
8.153923984,1789526648.508518696,-0.110345666,-1.761688534,-1.615432088,-4.640840475,4.772132874,-3.411583726,0.521418436,-0.226105320,0.523811460,2.290506664,-1.934856015,-0.156541766,0.001560731,-0.000006010,-0.002110174,-0.001730338,0.001435256,-0.200362722
8.161902257,1789526648.516497135,-0.110381428,-1.761736695,-1.615383450,-4.640924398,4.771893501,-3.410111968,0.521435366,-0.226104610,0.523815659,2.289082775,-1.936645128,-0.156701448,-0.000671653,-0.000878497,0.000442089,-0.002424672,0.000886135,-0.204112123
8.169966280,1789526648.524561405,-0.110393826,-1.761760537,-1.615383450,-4.640996401,4.771629810,-3.408520285,0.521439150,-0.226087435,0.523810671,2.287565467,-1.938548262,-0.156882577,-0.000325638,0.000308642,0.001768296,-0.001559143,0.002061692,-0.199484083
8.177986582,1789526648.532581806,-0.110465352,-1.761808221,-1.615371529,-4.641116087,4.771366596,-3.407012765,0.521437964,-0.226102092,0.523803987,2.286048880,-1.940399329,-0.157151320,0.000991807,-0.000970859,-0.000917942,0.000592803,0.002476992,-0.204720323
8.185964676,1789526648.540560961,-0.110489670,-1.761832539,-1.615395371,-4.641152088,4.771102905,-3.405469004,0.521436946,-0.226090889,0.523783936,2.284570172,-1.942265652,-0.157325180,-0.000485558,0.000077294,0.001030884,0.001474937,0.003334241,-0.201450172
8.193982400,1789526648.548578262,-0.110549275,-1.761844460,-1.615395371,-4.641235534,4.770874977,-3.403961245,0.521424240,-0.226101000,0.523787101,2.283069716,-1.944105612,-0.157488709,0.000104782,-0.000095524,-0.000483453,-0.000021076,-0.003913989,-0.197779040
8.202000571,1789526648.556596518,-0.110573594,-1.761880223,-1.615407292,-4.641319458,4.770599365,-3.402429883,0.521426844,-0.226089118,0.523772064,2.281584924,-1.945941777,-0.157732580,0.000009552,-0.000629641,-0.000634255,0.001088012,0.007503757,-0.201658726
8.210001665,1789526648.564597607,-0.110633198,-1.761880223,-1.615347687,-4.641319458,4.770347595,-3.400886361,0.521427817,-0.226098465,0.523796221,2.280126604,-1.947901463,-0.157726190,0.000419245,0.000296540,-0.001098394,0.001865919,-0.003256837,-0.197000035
8.217991411,1789526648.572587252,-0.110693280,-1.761951749,-1.615359608,-4.641475383,4.770060539,-3.399354998,0.521431357,-0.226105218,0.523771022,2.278562240,-1.949736146,-0.158115263,-0.001445374,-0.000310544,0.001482573,0.001935037,0.009431563,-0.201487147
8.226022632,1789526648.580618382,-0.110740964,-1.761987988,-1.615311448,-4.641510908,4.769796371,-3.397811238,0.521444510,-0.226108285,0.523775159,2.277080306,-1.951650347,-0.158220181,0.001975763,-0.000186818,-0.002070768,-0.000671155,-0.001848777,-0.199460189
8.234018511,1789526648.588614464,-0.110765282,-1.761999909,-1.615287606,-4.641570751,4.769581318,-3.396219794,0.521446236,-0.226101881,0.523785528,2.275534469,-1.953548550,-0.158303336,0.000665397,-0.000063032,0.000029559,-0.001422136,0.004319330,-0.200534986
8.241994434,1789526648.596590281,-0.110801045,-1.761999909,-1.615287606,-4.641630356,4.769340992,-3.394700591,0.521436064,-0.226098078,0.523792060,2.274056840,-1.955388792,-0.158432347,-0.000202926,-0.000468806,0.000063599,-0.002990494,-0.006004516,-0.201405198
8.249978565,1789526648.604574680,-0.110824887,-1.762059514,-1.615299527,-4.641678278,4.769077778,-3.393156354,0.521450622,-0.226088395,0.523759517,2.272548004,-1.957228872,-0.158650661,0.001604626,0.000731287,-0.001806786,-0.000187577,0.006804293,-0.197995172
8.257967544,1789526648.612563372,-0.110884968,-1.762095753,-1.615275685,-4.641786043,4.768886089,-3.391553227,0.521450195,-0.226103493,0.523762998,2.270907132,-1.959131602,-0.158803467,-0.000229677,-0.000985095,-0.000287606,0.000263690,0.008838191,-0.206290420
8.265976692,1789526648.620572567,-0.110920731,-1.762071435,-1.615251843,-4.641833965,4.768586636,-3.390045468,0.521436713,-0.226093825,0.523791125,2.269492755,-1.961017287,-0.158915208,-0.000538666,0.000479527,0.000702184,0.002328323,0.000562465,-0.198811746
8.273981533,1789526648.628577471,-0.110980813,-1.762119595,-1.615228001,-4.641917888,4.768311024,-3.388441865,0.521443438,-0.226101936,0.523784656,2.267895337,-1.962973355,-0.159129422,0.002263742,0.000373813,-0.002565218,0.000995692,-0.001513674,-0.198911246
8.282021658,1789526648.636617899,-0.111028973,-1.762131516,-1.615203683,-4.641965810,4.768011093,-3.386970345,0.521441505,-0.226100290,0.523793314,2.266486691,-1.964815499,-0.159290796,0.001043263,-0.000793283,-0.000454815,0.001139120,-0.002846016,-0.202130642
8.290034409,1789526648.644631147,-0.111040894,-1.762131516,-1.615155522,-4.642049734,4.767747879,-3.385414902,0.521445050,-0.226082853,0.523823446,2.265006740,-1.966684538,-0.159407019,-0.000136308,0.000376227,0.001297514,0.002373393,0.004248445,-0.197009437
8.297998373,1789526648.652595043,-0.111088578,-1.762191598,-1.615179841,-4.642169182,4.767520428,-3.383906905,0.521446460,-0.226088098,0.523794815,2.263445732,-1.968445155,-0.159702718,0.001082246,-0.000231712,-0.001572953,-0.001105547,-0.001046093,-0.202650053
8.306004472,1789526648.660600662,-0.111136738,-1.762203519,-1.615144078,-4.642229263,4.767196655,-3.382399146,0.521446222,-0.226084435,0.523809833,2.262006592,-1.970337442,-0.159883642,-0.000124800,-0.000502906,-0.000125298,0.001418410,0.010669362,-0.200061234
8.314000642,1789526648.668597221,-0.111196820,-1.762191598,-1.615155522,-4.642264787,4.766932964,-3.380879704,0.521425480,-0.226090567,0.523814796,2.260512912,-1.972219748,-0.160009256,-0.000144347,0.000366559,0.000071421,-0.001119175,-0.003777545,-0.199979560
8.322001120,1789526648.676597357,-0.111244980,-1.762275521,-1.615144078,-4.642336551,4.766717434,-3.379395548,0.521446761,-0.226099355,0.523782361,2.258991689,-1.973970422,-0.160225671,0.000404103,-0.000089537,-0.000565250,0.000153960,0.010790274,-0.201219726
8.330007615,1789526648.684603453,-0.111280743,-1.762287442,-1.615131680,-4.642384473,4.766453743,-3.377816264,0.521444881,-0.226094298,0.523786149,2.257450923,-1.975882067,-0.160357908,0.001462172,-0.000385179,-0.002269146,-0.000564292,-0.000793441,-0.201899722
8.338026723,1789526648.692623138,-0.111280743,-1.762335126,-1.615119759,-4.642420475,4.766178608,-3.376272980,0.521466001,-0.226071196,0.523768715,2.255973970,-1.977707444,-0.160530177,0.000089832,0.000972374,0.002280319,0.000107674,0.002279081,-0.202162060
8.345984331,1789526648.700580120,-0.111340825,-1.762311284,-1.615083996,-4.642492000,4.765926361,-3.374729220,0.521447557,-0.226078642,0.523805008,2.254453388,-1.979614731,-0.160616292,0.000612231,-0.000977299,-0.002617162,-0.000897462,0.000523592,-0.199671841
8.353984209,1789526648.708580017,-0.111376588,-1.762359444,-1.615047757,-4.642587845,4.765663147,-3.373221461,0.521461378,-0.226075405,0.523805487,2.252953240,-1.981416540,-0.160829110,0.000573212,0.000271202,-0.001591802,-0.000423456,0.008290475,-0.196949898
8.361963878,1789526648.716559649,-0.111448590,-1.762359444,-1.615072076,-4.642659847,4.765471458,-3.371678178,0.521436750,-0.226094314,0.523803569,2.251350105,-1.983260086,-0.160963360,0.000318676,-0.000029798,0.000751891,-0.004824722,-0.005971423,-0.198794692
8.369978052,1789526648.724573851,-0.111460511,-1.762419049,-1.615023915,-4.642731849,4.765243530,-3.370134417,0.521464277,-0.226082827,0.523799996,2.249826025,-1.985060938,-0.161109076,0.001151197,-0.001121342,-0.001215274,-0.003775443,0.001142608,-0.198249491
8.378003489,1789526648.732599258,-0.111508671,-1.762443368,-1.615011994,-4.642779771,4.765039921,-3.368578259,0.521463832,-0.226090275,0.523797149,2.248251329,-1.986911799,-0.161207573,0.000619601,0.000400670,-0.000254594,0.000446589,0.010954378,-0.201675463
8.385984821,1789526648.740581751,-0.111592595,-1.762467209,-1.615011994,-4.642887537,4.764764309,-3.367034976,0.521449075,-0.226109045,0.523796906,2.246656880,-1.988799227,-0.161462351,-0.000695193,-0.000702239,0.000067690,0.001809218,-0.002968683,-0.200420727
8.393991972,1789526648.748588085,-0.111604516,-1.762491051,-1.615035836,-4.642958585,4.764524460,-3.365443770,0.521448018,-0.226093281,0.523781918,2.245068489,-1.990638806,-0.161656663,-0.001345819,0.000323402,0.001750978,0.003315930,0.007320787,-0.201929782
8.401950582,1789526648.756546736,-0.111640278,-1.762502972,-1.615000073,-4.643018667,4.764249325,-3.363864009,0.521450171,-0.226087611,0.523797239,2.243522054,-1.992550753,-0.161788513,0.001886981,0.000317631,-0.002856370,0.001964822,0.001150276,-0.201215669
8.409981410,1789526648.764577389,-0.111712281,-1.762527291,-1.615000073,-4.643090431,4.763973713,-3.362284247,0.521440871,-0.226100452,0.523792100,2.241911939,-1.994476118,-0.161996495,-0.000583149,-0.000008685,0.000410118,0.000251970,0.000975191,-0.205097139
8.417957897,1789526648.772553921,-0.111736123,-1.762551133,-1.614963833,-4.643138353,4.763662338,-3.360717122,0.521451706,-0.226085875,0.523799429,2.240404293,-1.996379966,-0.162161480,-0.000361928,0.000244052,0.000239651,0.001002181,-0.005111063,-0.203796881
8.426013949,1789526648.780609846,-0.111796204,-1.762598817,-1.614928071,-4.643222276,4.763374329,-3.359173361,0.521460845,-0.226093112,0.523798367,2.238845337,-1.998257170,-0.162383789,0.001132129,0.000068468,-0.001609086,0.003522900,0.007562870,-0.198737748
8.433983866,1789526648.788579941,-0.111856286,-1.762622658,-1.614928071,-4.643305961,4.763074875,-3.357653443,0.521453433,-0.226097444,0.523794950,2.237309407,-2.000108544,-0.162633262,-0.000508087,0.000002804,0.000555921,0.000705523,0.001842202,-0.199353475
8.441950053,1789526648.796545982,-0.111868207,-1.762646500,-1.614951913,-4.643329803,4.762823105,-3.356145684,0.521455862,-0.226080939,0.523773842,2.235824014,-2.001877977,-0.162792547,0.000689329,0.000183156,-0.001092377,0.000776527,0.000347860,-0.197718549
8.449960483,1789526648.804557085,-0.111927811,-1.762622658,-1.614928071,-4.643401806,4.762596130,-3.354662005,0.521434856,-0.226090175,0.523805306,2.234325670,-2.003681435,-0.162880481,0.000662683,-0.000274226,-0.001228543,0.001576683,0.005329633,-0.195858307
8.457950308,1789526648.812546253,-0.111940209,-1.762682263,-1.614879910,-4.643437807,4.762356281,-3.353130166,0.521464971,-0.226078125,0.523797079,2.232816979,-2.005478996,-0.162998307,0.000498825,0.000111346,0.000912298,0.001480547,-0.004831042,-0.203088537
8.465945783,1789526648.820541859,-0.112023656,-1.762682263,-1.614892308,-4.643485729,4.762056828,-3.351586882,0.521442930,-0.226093572,0.523796735,2.231248717,-2.007398986,-0.163192714,-0.000586562,0.000201442,0.001470017,0.000699527,-0.008476728,-0.197943839
8.473968606,1789526648.828564405,-0.112071816,-1.762742345,-1.614916150,-4.643509571,4.761756897,-3.350102727,0.521451863,-0.226093157,0.523755756,2.229752792,-2.009191681,-0.163447008,0.000790493,-0.000496950,-0.001274191,0.000966068,0.003686146,-0.201373436
8.482004754,1789526648.836601019,-0.112107579,-1.762766186,-1.614879910,-4.643545572,4.761529446,-3.348559443,0.521460095,-0.226092577,0.523761951,2.228209455,-2.011028020,-0.163527090,0.000164644,0.000142783,-0.000497433,0.001021539,-0.004395295,-0.201238317
8.490045746,1789526648.844642639,-0.112131898,-1.762718503,-1.614868466,-4.643605415,4.761253834,-3.347039525,0.521436491,-0.226077710,0.523799343,2.226733411,-2.012864025,-0.163625818,-0.001369969,-0.000435904,0.001455562,-0.000195763,0.000329947,-0.205778437
8.498006040,1789526648.852601767,-0.112227742,-1.762802426,-1.614843671,-4.643653337,4.760978222,-3.345471684,0.521452018,-0.226106366,0.523769368,2.225087582,-2.014783532,-0.163854021,0.001959440,-0.000117565,-0.003015152,0.000887010,-0.000128010,-0.204245561
8.506029210,1789526648.860625267,-0.112227742,-1.762790505,-1.614843671,-4.643760626,4.760726929,-3.343892399,0.521442034,-0.226082019,0.523788705,2.223514849,-2.016594602,-0.164034605,-0.000694396,0.000081389,0.000869281,0.000674577,0.002586304,-0.199405338
8.513996364,1789526648.868592501,-0.112287823,-1.762814347,-1.614807908,-4.643772546,4.760391235,-3.342420403,0.521447398,-0.226084374,0.523791162,2.222077845,-2.018452708,-0.164198191,-0.000879272,-0.000770489,0.000433958,-0.001077807,-0.005634395,-0.200207802
8.521977772,1789526648.876573801,-0.112335984,-1.762886349,-1.614831750,-4.643796388,4.760211468,-3.340888802,0.521459912,-0.226095501,0.523744232,2.220459475,-2.020210856,-0.164352082,0.001536400,0.000049268,-0.002043521,-0.000236776,0.007149584,-0.197217313
8.529978367,1789526648.884574175,-0.112383668,-1.762910191,-1.614795987,-4.643892233,4.759959698,-3.339345042,0.521461334,-0.226098457,0.523757905,2.218877889,-2.022039793,-0.164529112,-0.000158567,-0.000704982,-0.000099745,0.000461484,-0.004607538,-0.198800306
8.538000925,1789526648.892596960,-0.112407509,-1.762910191,-1.614772145,-4.643892233,4.759648323,-3.337861125,0.521463716,-0.226082905,0.523766816,2.217458040,-2.023862061,-0.164637942,-0.000506166,0.000514907,0.001918174,0.002443073,0.001187123,-0.201483716
8.545944619,1789526648.900540352,-0.112431828,-1.762922112,-1.614795987,-4.644000236,4.759432316,-3.336245600,0.521452367,-0.226074984,0.523763305,2.215776164,-2.025689285,-0.164843129,0.002003055,-0.000490502,-0.002088132,-0.000174805,-0.000959375,-0.198678402
8.553971549,1789526648.908567667,-0.112503831,-1.762945954,-1.614735905,-4.644060079,4.759169102,-3.334725920,0.521455932,-0.226090392,0.523782649,2.214224018,-2.027551155,-0.164965353,-0.000094236,-0.000178957,0.000328325,-0.000247575,0.002890288,-0.201450461
8.561942174,1789526648.916538000,-0.112539593,-1.762945954,-1.614747826,-4.644108001,4.758905411,-3.333134476,0.521444468,-0.226084257,0.523782739,2.212613636,-2.029430696,-0.165119851,-0.001537076,-0.000096903,0.002010193,-0.002161076,0.002384671,-0.199152450
8.569963154,1789526648.924559116,-0.112611596,-1.762982194,-1.614712063,-4.644179527,4.758677959,-3.331590478,0.521446777,-0.226102856,0.523786650,2.210993395,-2.031271718,-0.165264003,0.001064154,-0.000736429,-0.002078555,-0.002049234,0.007714006,-0.204723621
8.577993353,1789526648.932589293,-0.112647359,-1.762970273,-1.614735905,-4.644263450,4.758426666,-3.330047194,0.521425524,-0.226096786,0.523792863,2.209407826,-2.033072303,-0.165454931,0.000074607,-0.000068723,-0.000689074,-0.000719221,-0.002583977,-0.200665173
8.586036054,1789526648.940632105,-0.112695519,-1.763017956,-1.614688222,-4.644311372,4.758162498,-3.328467433,0.521442182,-0.226100547,0.523792445,2.207798075,-2.034955146,-0.165599297,-0.001541421,0.000251175,0.001655116,0.003655288,0.000755740,-0.201456628
8.593980649,1789526648.948577166,-0.112743203,-1.763041798,-1.614688222,-4.644430820,4.757899284,-3.326923672,0.521434751,-0.226101469,0.523793945,2.206180630,-2.036751770,-0.165859097,0.001060953,0.000305979,-0.000629640,0.003828109,0.012601139,-0.199735459
8.601955609,1789526648.956551790,-0.112815205,-1.763041798,-1.614640061,-4.644454900,4.757658958,-3.325403992,0.521428849,-0.226117911,0.523816661,2.204629350,-2.038614196,-0.165905453,-0.000194777,0.000056452,0.000615184,0.002900096,-0.000334994,-0.196224588
8.609957324,1789526648.964553118,-0.112850968,-1.763054196,-1.614675824,-4.644502823,4.757348061,-3.323932234,0.521417848,-0.226107461,0.523799716,2.203139985,-2.040368689,-0.166161063,-0.001268255,0.000122620,0.001936640,0.003188837,0.007198086,-0.198757349
8.617973372,1789526648.972569227,-0.112850968,-1.763113801,-1.614640061,-4.644598190,4.757072449,-3.322387997,0.521444392,-0.226084972,0.523793867,2.201580663,-2.042126460,-0.166399995,0.001517952,0.000552051,-0.001987519,0.001471996,0.002279095,-0.199519514
8.625936993,1789526648.980532646,-0.112911050,-1.763125722,-1.614628140,-4.644646112,4.756856441,-3.320844714,0.521436555,-0.226096957,0.523797864,2.199966696,-2.043947865,-0.166505504,-0.000020822,-0.000633047,0.001770236,-0.000165018,0.007318977,-0.199072284
8.634007641,1789526648.988603592,-0.112934891,-1.763113801,-1.614591901,-4.644706194,4.756533146,-3.319361035,0.521432656,-0.226079614,0.523826360,2.198516119,-2.045744894,-0.166672236,0.000176142,0.000408585,0.001309080,-0.002492825,-0.005959489,-0.200364284
8.641946396,1789526648.996542215,-0.112983052,-1.763185803,-1.614532296,-4.644730035,4.756293297,-3.317852799,0.521462801,-0.226087148,0.523814813,2.196964177,-2.047532899,-0.166789627,0.001829939,0.000357194,-0.001846398,-0.000063042,0.006966392,-0.198070892
8.649975015,1789526649.004570961,-0.113055054,-1.763150040,-1.614568059,-4.644825880,4.756006241,-3.316309039,0.521421067,-0.226095267,0.523830382,2.195343477,-2.049384020,-0.167020213,-0.000118959,-0.000579882,-0.000203068,-0.001092564,-0.002303001,-0.204617060
8.657954920,1789526649.012550831,-0.113090817,-1.763197724,-1.614544217,-4.644874040,4.755790234,-3.314717833,0.521435208,-0.226096441,0.523820069,2.193684876,-2.051211988,-0.167147671,-0.001044725,0.000813925,0.001895070,0.002159130,0.000218343,-0.196644496
8.665965048,1789526649.020561457,-0.113138978,-1.763233964,-1.614556138,-4.644933883,4.755514622,-3.313209597,0.521434483,-0.226097206,0.523802046,2.192111084,-2.052983037,-0.167383646,0.002404466,0.000030700,-0.003310786,0.002870322,0.002956190,-0.200879277
8.673951771,1789526649.028547764,-0.113186661,-1.763221566,-1.614532296,-4.644957725,4.755227089,-3.311653916,0.521424724,-0.226095539,0.523820994,2.190546745,-2.054867178,-0.167484992,-0.000739786,-0.000185570,0.000958250,0.001117131,0.007810106,-0.200736119
8.681984722,1789526649.036581278,-0.113234822,-1.763233964,-1.614496533,-4.645041410,4.754903316,-3.310194079,0.521423132,-0.226091733,0.523839173,2.189065188,-2.056635852,-0.167716235,0.000602946,0.000361413,0.000690006,0.000452778,-0.005165800,-0.195394709
8.690025616,1789526649.044621468,-0.113222901,-1.763269726,-1.614484135,-4.645101253,4.754735947,-3.308602397,0.521439752,-0.226071619,0.523832172,2.187419274,-2.058370143,-0.167806745,0.001097981,-0.000506046,-0.000163542,0.002498165,0.009180663,-0.199671726
8.697971522,1789526649.052567720,-0.113318745,-1.763269726,-1.614447896,-4.645148937,4.754424572,-3.307118718,0.521425047,-0.226093539,0.523852688,2.185878601,-2.060231253,-0.167972131,0.001538724,0.000172607,-0.001800873,0.001362039,-0.000471836,-0.196622296
8.705990100,1789526649.060585976,-0.113306824,-1.763281647,-1.614520375,-4.645184700,4.754148960,-3.305538718,0.521417708,-0.226060688,0.523819007,2.184273749,-2.061997816,-0.168210048,-0.000741689,-0.000053837,0.000952018,0.000073001,0.005010662,-0.199184212
8.713946313,1789526649.068542242,-0.113366906,-1.763305489,-1.614508454,-4.645208780,4.753932953,-3.304031197,0.521416271,-0.226073387,0.523813492,2.182685127,-2.063772037,-0.168308201,0.001307770,-0.000763339,-0.002480019,-0.003753035,0.001292655,-0.199825520
8.721986652,1789526649.076582670,-0.113414590,-1.763353173,-1.614459817,-4.645268623,4.753669739,-3.302439515,0.521432414,-0.226076936,0.523815130,2.181028067,-2.065637208,-0.168468337,0.001147172,0.000667700,-0.001386420,-0.001899132,0.004078095,-0.197060403
8.729979441,1789526649.084575176,-0.113450829,-1.763389413,-1.614447896,-4.645316545,4.753429890,-3.300847594,0.521439777,-0.226075398,0.523805893,2.179363580,-2.067467764,-0.168620854,0.000018115,-0.001150084,-0.000100996,-0.002363439,-0.002379648,-0.202905087
8.737968880,1789526649.092565060,-0.113510434,-1.763401333,-1.614447896,-4.645352546,4.753154755,-3.299304310,0.521431051,-0.226081538,0.523803139,2.177753250,-2.069304779,-0.168786210,-0.000513491,0.000695201,0.001627259,0.001263696,-0.002202292,-0.195310266
8.745946147,1789526649.100542068,-0.113522832,-1.763425175,-1.614387814,-4.645448152,4.752902508,-3.297712628,0.521445504,-0.226066618,0.523827301,2.176121023,-2.071118911,-0.168933613,0.002092966,0.000492419,-0.002424499,0.001340053,0.001331635,-0.199940054
8.753927477,1789526649.108523846,-0.113594357,-1.763437096,-1.614387814,-4.645483915,4.752615452,-3.296168391,0.521434218,-0.226077884,0.523824490,2.174499721,-2.072974756,-0.169111827,-0.000483945,-0.000740249,0.000161533,0.001684189,0.000667918,-0.200169429
8.761955777,1789526649.116551638,-0.113666360,-1.763425175,-1.614363972,-4.645531837,4.752351761,-3.294636790,0.521417238,-0.226090920,0.523846456,2.172895852,-2.074819490,-0.169227997,-0.000570925,0.000766282,0.001052219,0.000589048,-0.005304277,-0.195568306
8.769938769,1789526649.124534845,-0.113666360,-1.763485257,-1.614376370,-4.645639841,4.752064228,-3.293140952,0.521433408,-0.226066184,0.523821558,2.171333198,-2.076477193,-0.169559560,0.001240605,-0.000692923,-0.001996578,0.001714720,0.006972970,-0.199380019
8.777997700,1789526649.132593632,-0.113702599,-1.763509576,-1.614352051,-4.645663683,4.751764774,-3.291620795,0.521440907,-0.226059118,0.523820799,2.169784565,-2.078283082,-0.169721774,0.000014516,0.000021903,-0.000089847,0.000939281,-0.002894921,-0.194389863
8.785984994,1789526649.140581131,-0.113762204,-1.763509576,-1.614328210,-4.645699684,4.751500607,-3.290149514,0.521432273,-0.226066272,0.523834758,2.168253209,-2.080046889,-0.169844324,0.000712159,-0.000043026,-0.000772260,0.000032916,0.006633308,-0.196905351
8.793937532,1789526649.148533583,-0.113810364,-1.763557259,-1.614292447,-4.645747606,4.751297474,-3.288605754,0.521445971,-0.226075380,0.523829616,2.166604451,-2.081812667,-0.169955566,0.000954371,-0.000816525,-0.001504836,-0.000887571,-0.000603756,-0.201101764
8.801968080,1789526649.156564474,-0.113858048,-1.763557259,-1.614267651,-4.645771686,4.751045704,-3.287097518,0.521440956,-0.226077566,0.523842487,2.165042564,-2.083598101,-0.170046878,0.000026101,0.000156600,0.000388459,-0.001651833,-0.000712142,-0.199735358
8.809936289,1789526649.164532185,-0.113906209,-1.763557259,-1.614292447,-4.645819608,4.750758171,-3.285577838,0.521424368,-0.226075408,0.523837222,2.163447771,-2.085380328,-0.170256912,-0.000609690,0.000024474,0.000853456,-0.002375226,-0.003985633,-0.203243607
8.817942318,1789526649.172538042,-0.113966290,-1.763593499,-1.614255730,-4.645914737,4.750494480,-3.284154002,0.521428309,-0.226084337,0.523844650,2.161922216,-2.087049109,-0.170480868,0.001561569,0.000307211,-0.001874356,0.002623220,0.006270114,-0.182873496
8.825929103,1789526649.180525064,-0.113978211,-1.763593499,-1.614280049,-4.645914737,4.750302792,-3.282825057,0.521422492,-0.226072435,0.523833691,2.160547198,-2.088554991,-0.170558920,-0.000911944,0.000120448,0.001303869,-0.001609217,-0.005128929,-0.174292339
8.834016275,1789526649.188612461,-0.113990132,-1.763617341,-1.614267651,-4.645914737,4.750075340,-3.281556670,0.521433882,-0.226059173,0.523825296,2.159258286,-2.090024554,-0.170662985,-0.000291378,0.000141599,0.000752863,-0.002032786,0.000102100,-0.156788574
8.841942841,1789526649.196538687,-0.114038293,-1.763629262,-1.614243809,-4.645962660,4.749847889,-3.280360047,0.521431336,-0.226064172,0.523834472,2.157997988,-2.091446522,-0.170806705,0.002042652,-0.000242550,-0.002736214,-0.002485535,0.004627202,-0.148059093
8.849856204,1789526649.204452276,-0.114038293,-1.763629262,-1.614255730,-4.645974580,4.749691486,-3.279354636,0.521429563,-0.226049480,0.523830458,2.156966833,-2.092577818,-0.170882564,-0.000847675,0.000032056,0.001145089,-0.004305481,-0.003803212,-0.130517689
8.857937281,1789526649.212533236,-0.114062134,-1.763665024,-1.614219968,-4.645974580,4.749596119,-3.278409068,0.521446444,-0.226055609,0.523825948,2.155960277,-2.093647797,-0.170880706,0.003418679,-0.000132516,-0.004703822,-0.001864987,0.006465192,-0.120997539
8.865884006,1789526649.220479965,-0.114098374,-1.763689343,-1.614219968,-4.646034424,4.749452114,-3.277583663,0.521444955,-0.226061960,0.523820042,2.155052846,-2.094593550,-0.171036628,0.000280680,0.000387264,-0.000136704,-0.000341248,0.002840258,-0.105298617
8.873953399,1789526649.228549480,-0.114134137,-1.763676945,-1.614255730,-4.646034424,4.749320507,-3.276817624,0.521425967,-0.226067170,0.523811152,2.154232637,-2.095499047,-0.171116262,0.000126667,-0.000213975,-0.000249279,-0.000060632,0.002247886,-0.096391429
8.881969873,1789526649.236565828,-0.114134137,-1.763725106,-1.614171807,-4.646022503,4.749176502,-3.276135747,0.521464252,-0.226058169,0.523818717,2.153578225,-2.096319438,-0.171131042,0.000090884,-0.000145223,-0.000182772,0.001096853,0.000730124,-0.085489534
8.889953504,1789526649.244549274,-0.114134137,-1.763713185,-1.614196126,-4.645986501,4.749092579,-3.275573317,0.521457963,-0.226049656,0.523809922,2.153015517,-2.096967152,-0.171127602,-0.000047489,0.000375229,0.000361457,0.000330594,-0.001205590,-0.073544287
8.897949676,1789526649.252545595,-0.114157979,-1.763725106,-1.614231888,-4.646046583,4.748960972,-3.275070254,0.521446972,-0.226049295,0.523795604,2.152452374,-2.097543149,-0.171330545,0.001606217,0.000391132,-0.001800482,0.002347712,0.002393877,-0.060379251
8.905933811,1789526649.260529757,-0.114146058,-1.763701264,-1.614196126,-4.646058504,4.748877048,-3.274675194,0.521447561,-0.226035045,0.523825089,2.152094443,-2.098014909,-0.171315201,-0.000207213,0.000281117,0.000653444,-0.000181376,-0.002655166,-0.048635870
8.913936188,1789526649.268532038,-0.114206139,-1.763725106,-1.614183728,-4.646046583,4.748828888,-3.274352376,0.521447188,-0.226063414,0.523815713,2.151704269,-2.098446816,-0.171334591,0.000216665,-0.000199677,-0.000062716,-0.002658693,-0.000625024,-0.036799626
8.921930252,1789526649.276525974,-0.114194218,-1.763737027,-1.614243809,-4.646094505,4.748840809,-3.274160449,0.521438796,-0.226057086,0.523789897,2.151446656,-2.098566680,-0.171440720,0.001726878,-0.000795136,-0.002449729,0.000072245,0.003977081,-0.023781916
8.929934704,1789526649.284530401,-0.114170376,-1.763713185,-1.614196126,-4.646058504,4.748853207,-3.274005238,0.521446979,-0.226046080,0.523818535,2.151347145,-2.098747272,-0.171286344,-0.000112656,0.000206401,0.000669759,-0.002405474,-0.001090129,-0.009448824
8.937934076,1789526649.292529821,-0.114157979,-1.763748948,-1.614231888,-4.646094505,4.748888969,-3.274005238,0.521453641,-0.226043413,0.523788636,2.151293890,-2.098658830,-0.171374637,0.002508953,-0.000094812,-0.002994366,-0.000421699,0.005717714,-0.002499350
8.945921713,1789526649.300517797,-0.114157979,-1.763748948,-1.614219968,-4.646082584,4.748877048,-3.274017159,0.521457033,-0.226042685,0.523792130,2.151323162,-2.098665419,-0.171359883,0.002335474,-0.000634714,-0.003083242,-0.000154976,0.005903734,-0.002105591
8.953839518,1789526649.308456659,-0.114170376,-1.763773266,-1.614208047,-4.646058504,4.748924732,-3.274100606,0.521467465,-0.226055072,0.523781004,2.151385954,-2.098569584,-0.171310084,0.000751566,-0.000581005,-0.000892919,-0.000241671,0.002696098,0.007667065
8.961943094,1789526649.316539049,-0.114157979,-1.763797108,-1.614196126,-4.646118347,4.748936653,-3.274100606,0.521477715,-0.226050597,0.523780909,2.151359875,-2.098513084,-0.171380166,-0.000305925,-0.000582179,0.000556939,-0.002643171,0.000130392,0.003302111
8.969940269,1789526649.324536324,-0.114170376,-1.763773266,-1.614231888,-4.646094505,4.748960972,-3.274100606,0.521459699,-0.226057572,0.523775629,2.151342247,-2.098518113,-0.171344055,0.000060734,-0.000624296,0.000049502,-0.002787982,0.001036325,0.001866640
8.977899542,1789526649.332495451,-0.114157979,-1.763832871,-1.614196126,-4.646142427,4.748936653,-3.274077002,0.521490062,-0.226052030,0.523764584,2.151306298,-2.098508086,-0.171446920,0.000073685,-0.000501349,0.000045437,-0.001575512,0.000881715,0.001054145
8.985962449,1789526649.340558290,-0.114170376,-1.763773266,-1.614183728,-4.646106426,4.748996735,-3.274041001,0.521468340,-0.226061865,0.523797789,2.151279004,-2.098576432,-0.171261555,0.000047335,-0.000422544,0.000118246,-0.000982288,0.001384416,0.000691228
8.993959670,1789526649.348555565,-0.114182297,-1.763773266,-1.614183728,-4.646166269,4.748924732,-3.274112527,0.521462102,-0.226061033,0.523805331,2.151347994,-2.098528958,-0.171408811,0.000067639,-0.000354442,0.000117319,-0.000714729,0.001348211,0.000527211
9.001946490,1789526649.356542349,-0.114170376,-1.763785187,-1.614147965,-4.646178428,4.748949051,-3.274077002,0.521475684,-0.226058313,0.523815726,2.151316448,-2.098543772,-0.171366999,-0.000165199,-0.000275536,0.000494289,-0.000485914,0.001909943,0.000429520
9.009935602,1789526649.364531755,-0.114170376,-1.763785187,-1.614208047,-4.646190349,4.748936653,-3.274065081,0.521462697,-0.226055707,0.523791652,2.151275163,-2.098528037,-0.171460853,-0.000244632,-0.000226738,0.000662953,-0.000225916,0.003189737,0.000367327
9.017949353,1789526649.372545719,-0.114182297,-1.763809029,-1.614171807,-4.646214191,4.748936653,-3.274100606,0.521475079,-0.226063653,0.523797209,2.151296399,-2.098498686,-0.171478975,-0.000292060,-0.000191882,0.000767090,-0.000055620,0.003978543,0.000316241
9.025917524,1789526649.380513430,-0.114134137,-1.763797108,-1.614159886,-4.646250192,4.748924732,-3.274112527,0.521481280,-0.226036910,0.523813399,2.151357668,-2.098433823,-0.171500817,-0.000436011,-0.000155477,0.001022008,0.000240309,0.006033747,0.000278129
9.033943706,1789526649.388539553,-0.114170376,-1.763785187,-1.614171807,-4.646309797,4.748960972,-3.274100606,0.521461402,-0.226057866,0.523822644,2.151264483,-2.098435057,-0.171536954,-0.000315293,-0.000148998,0.000781761,0.000109255,0.004350595,0.000288995
9.041903297,1789526649.396499157,-0.114146058,-1.763797108,-1.614208047,-4.646333877,4.748949051,-3.274148528,0.521462598,-0.226043617,0.523803818,2.151312529,-2.098329655,-0.171634283,-0.000147434,-0.000156312,0.000449557,-0.000119735,0.001964447,0.000288270
9.049917160,1789526649.404513121,-0.114182297,-1.763773266,-1.614208047,-4.646285717,4.748960972,-3.274160449,0.521448332,-0.226062894,0.523810573,2.151317204,-2.098385993,-0.171544506,-0.000090876,-0.000144802,0.000336607,0.000031719,0.001221192,0.001438166
9.057905251,1789526649.412501335,-0.114170376,-1.763785187,-1.614171807,-4.646321718,4.748972893,-3.274160449,0.521460443,-0.226058868,0.523824225,2.151318730,-2.098359731,-0.171545275,-0.000065687,-0.000136931,0.000275881,0.000029476,0.000861335,0.001443356
9.065939165,1789526649.420535088,-0.114182297,-1.763785187,-1.614159886,-4.646309797,4.748949051,-3.274124686,0.521461255,-0.226063264,0.523827684,2.151289329,-2.098436335,-0.171538413,-0.000048937,-0.000129950,0.000240542,0.000024052,0.000643253,0.001452231
9.073933108,1789526649.428528786,-0.114157979,-1.763773266,-1.614183728,-4.646321718,4.748949051,-3.274148528,0.521456358,-0.226049407,0.523825560,2.151328679,-2.098372682,-0.171565833,-0.000040213,-0.000122097,0.000209708,-0.000004445,0.000511335,0.001272484
9.081955784,1789526649.436551571,-0.114182297,-1.763809029,-1.614183728,-4.646333877,4.748949051,-3.274124686,0.521464054,-0.226063612,0.523807690,2.151255777,-2.098400876,-0.171621284,-0.000032956,-0.000114106,0.000191776,-0.000054385,0.000421643,0.000941818
9.089924342,1789526649.444520473,-0.114157979,-1.763797108,-1.614171807,-4.646357719,4.748960972,-3.274148528,0.521465497,-0.226051578,0.523822375,2.151301159,-2.098341792,-0.171609664,-0.000029951,-0.000112634,0.000176331,-0.000079120,0.000352978,0.000730617
9.097941846,1789526649.452537537,-0.114134137,-1.763773266,-1.614183728,-4.646321718,4.748949051,-3.274172608,0.521461748,-0.226036975,0.523825560,2.151378966,-2.098321142,-0.171565858,-0.000024057,-0.000104495,0.000160883,-0.000074116,0.000286810,0.000702161
9.105916019,1789526649.460511923,-0.114146058,-1.763785187,-1.614171807,-4.646321718,4.748949051,-3.274196450,0.521466170,-0.226044003,0.523824154,2.151392802,-2.098309624,-0.171569544,-0.000020877,-0.000096069,0.000150410,-0.000058179,0.000259320,0.000711591
9.113915470,1789526649.468511581,-0.114182297,-1.763773266,-1.614159886,-4.646297876,4.748984814,-3.274208609,0.521457069,-0.226066092,0.523832728,2.151376054,-2.098339307,-0.171484811,-0.000023494,-0.000095774,0.000144968,0.000111863,0.000286346,0.001674747
9.121907511,1789526649.476503611,-0.114146058,-1.763785187,-1.614183728,-4.646381799,4.748972893,-3.274220530,0.521459255,-0.226045460,0.523826941,2.151374992,-2.098234511,-0.171632002,-0.000020408,-0.000087353,0.000144911,0.000130848,0.000284221,0.001684271
9.129956877,1789526649.484552622,-0.114170376,-1.763773266,-1.614171807,-4.646333877,4.748960972,-3.274172608,0.521455013,-0.226057146,0.523832248,2.151337017,-2.098354095,-0.171558294,-0.000022839,-0.000085302,0.000139409,0.000150921,0.000294832,0.001681038
9.137902763,1789526649.492499828,-0.114157979,-1.763773266,-1.614124123,-4.646357719,4.748960972,-3.274172608,0.521465857,-0.226051597,0.523855643,2.151360813,-2.098352035,-0.171529529,-0.000022562,-0.000078343,0.000133967,0.000066299,0.000300272,0.001202813
9.145931721,1789526649.500527620,-0.114194218,-1.763809029,-1.614183728,-4.646357719,4.748984814,-3.274220530,0.521459326,-0.226072924,0.523810889,2.151321134,-2.098281087,-0.171625175,-0.000022367,-0.000076587,0.000133909,0.000032273,0.000293725,0.000897399
9.153918744,1789526649.508514643,-0.114182297,-1.763748948,-1.614196126,-4.646321718,4.748960972,-3.274232451,0.521438660,-0.226061798,0.523833541,2.151395565,-2.098311098,-0.171551505,-0.000024982,-0.000076290,0.000128465,0.000003830,0.000303900,0.000727439
9.161827627,1789526649.516423464,-0.114170376,-1.763797108,-1.614183728,-4.646345798,4.748996735,-3.274184529,0.521460761,-0.226061135,0.523815862,2.151312133,-2.098296625,-0.171579984,-0.000022087,-0.000069627,0.000128466,-0.000019282,0.000301962,0.000608028
9.169808203,1789526649.524404049,-0.114182297,-1.763785187,-1.614171807,-4.646333877,4.748972893,-3.274208609,0.521456888,-0.226064993,0.523825802,2.151353288,-2.098316864,-0.171565435,-0.000024514,-0.000067576,0.000122965,-0.000015648,0.000311171,0.000510359
9.177901647,1789526649.532497644,-0.114170376,-1.763773266,-1.614147965,-4.646333877,4.748960972,-3.274196450,0.521459878,-0.226057694,0.523842400,2.151374085,-2.098341079,-0.171533220,-0.000024518,-0.000067576,0.000122964,-0.000028903,0.000310048,0.000434816
9.185928621,1789526649.540524483,-0.114182297,-1.763809029,-1.614171807,-4.646357719,4.748960972,-3.274208609,0.521464684,-0.226064798,0.523815893,2.151336205,-2.098300482,-0.171632066,-0.000024229,-0.000060618,0.000117522,-0.000037366,0.000321909,0.000390957
9.193925584,1789526649.548521519,-0.114146058,-1.763773266,-1.614208047,-4.646369640,4.748984814,-3.274220530,0.521450353,-0.226045548,0.523821527,2.151369653,-2.098227217,-0.171620697,-0.000019970,-0.000059294,0.000110005,-0.000031602,0.000262107,0.000349771
9.201893021,1789526649.556488991,-0.114170376,-1.763797108,-1.614147965,-4.646369640,4.748960972,-3.274208609,0.521466716,-0.226058501,0.523834073,2.151359469,-2.098298956,-0.171603309,-0.000018618,-0.000059440,0.000107519,-0.000040362,0.000242485,0.000311943
9.209894273,1789526649.564490557,-0.114170376,-1.763797108,-1.614196126,-4.646369640,4.749008656,-3.274208609,0.521456428,-0.226061763,0.523813711,2.151316175,-2.098246445,-0.171612716,-0.000018508,-0.000059435,0.000097103,-0.000049809,0.000216534,0.000274072
9.217893273,1789526649.572489262,-0.114182297,-1.763820950,-1.614208047,-4.646345798,4.748972893,-3.274220530,0.521462701,-0.226065686,0.523792471,2.151326963,-2.098263058,-0.171663588,-0.000017148,-0.000059580,0.000094616,-0.000055245,0.000197186,0.000255133
9.225894947,1789526649.580490828,-0.114170376,-1.763785187,-1.614171807,-4.646357719,4.748960972,-3.274232451,0.521458010,-0.226057505,0.523828858,2.151385310,-2.098274167,-0.171605701,-0.000012722,-0.000051301,0.000092072,-0.000041927,0.000175765,0.000245721
9.233904204,1789526649.588500261,-0.114157979,-1.763809029,-1.614147965,-4.646381799,4.748949051,-3.274208609,0.521473457,-0.226051390,0.523829131,2.151365957,-2.098280457,-0.171641404,-0.000011364,-0.000051447,0.000089586,-0.000047363,0.000156425,0.000226782
9.241888635,1789526649.596484661,-0.114194218,-1.763820950,-1.614183728,-4.646357719,4.748984814,-3.274172608,0.521464011,-0.226073463,0.523804407,2.151263524,-2.098325054,-0.171634075,-0.000012613,-0.000051298,0.000081656,-0.000051376,0.000149805,0.000207850
9.249879008,1789526649.604474783,-0.114146058,-1.763773266,-1.614183728,-4.646357719,4.748936653,-3.274232451,0.521456624,-0.226041784,0.523830191,2.151420479,-2.098261758,-0.171626719,-0.000011257,-0.000051441,0.000079170,-0.000056838,0.000130456,0.000188907
9.257894215,1789526649.612490416,-0.114157979,-1.763797108,-1.614183728,-4.646345798,4.748924732,-3.274196450,0.521464257,-0.226048074,0.523815645,2.151368906,-2.098313816,-0.171649628,-0.000011256,-0.000051442,0.000079169,-0.000060142,0.000130175,0.000170022
9.265884084,1789526649.620480061,-0.114170376,-1.763809029,-1.614147965,-4.646357719,4.748924732,-3.274208609,0.521472593,-0.226055809,0.523825935,2.151375195,-2.098320837,-0.171638422,-0.000009531,-0.000048074,0.000076568,-0.000028019,0.000106674,0.000144583
9.273916743,1789526649.628512859,-0.114182297,-1.763785187,-1.614124123,-4.646333877,4.748984814,-3.274232451,0.521466503,-0.226067180,0.523846142,2.151396355,-2.098308446,-0.171501318,-0.000007897,-0.000041258,0.000068639,-0.000028750,0.000100337,0.000157314
9.281939758,1789526649.636535883,-0.114157979,-1.763809029,-1.614171807,-4.646345798,4.748949051,-3.274184529,0.521471140,-0.226051114,0.523814311,2.151345414,-2.098311590,-0.171624912,-0.000007891,-0.000041259,0.000068638,-0.000032043,0.000100048,0.000138432
9.289936284,1789526649.644532442,-0.114182297,-1.763797108,-1.614159886,-4.646357719,4.748936653,-3.274244372,0.521462666,-0.226062305,0.523827378,2.151396765,-2.098289693,-0.171631709,-0.000007893,-0.000041259,0.000068638,-0.000032043,0.000100047,0.000138432
9.297920259,1789526649.652516127,-0.114170376,-1.763760869,-1.614183728,-4.646357719,4.748924732,-3.274172608,0.521446370,-0.226052813,0.523836896,2.151341851,-2.098364295,-0.171620292,-0.000006536,-0.000041402,0.000066152,-0.000037488,0.000080710,0.000119491
9.305908069,1789526649.660504103,-0.114170376,-1.763773266,-1.614171807,-4.646381799,4.748984814,-3.274244372,0.521451391,-0.226058969,0.523838534,2.151382244,-2.098241320,-0.171597835,-0.000006536,-0.000041402,0.000066153,-0.000037482,0.000080719,0.000119491
9.313915353,1789526649.668511391,-0.114206139,-1.763809029,-1.614183728,-4.646357719,4.748949051,-3.274208609,0.521456976,-0.226075864,0.523810781,2.151311655,-2.098328273,-0.171659790,-0.000007786,-0.000041254,0.000058223,-0.000038193,0.000074363,0.000119444
9.321901780,1789526649.676497936,-0.114182297,-1.763809029,-1.614196126,-4.646369640,4.748924732,-3.274208609,0.521459227,-0.226060829,0.523806975,2.151334984,-2.098304379,-0.171708953,-0.000007784,-0.000041254,0.000058222,-0.000041500,0.000074079,0.000100561
9.329825777,1789526649.684421778,-0.114146058,-1.763773266,-1.614171807,-4.646369640,4.748912811,-3.274184529,0.521458443,-0.226039784,0.523836741,2.151378830,-2.098325922,-0.171644911,-0.000007786,-0.000041254,0.000058223,-0.000041513,0.000074077,0.000100558
9.337891580,1789526649.692487717,-0.114157979,-1.763785187,-1.614159886,-4.646357719,4.748924732,-3.274184529,0.521463594,-0.226047994,0.523833824,2.151367157,-2.098337935,-0.171620872,-0.000003540,-0.000034733,0.000055736,-0.000043646,0.000055023,0.000113285
9.345902631,1789526649.700498343,-0.114146058,-1.763773266,-1.614159886,-4.646333877,4.748949051,-3.274208609,0.521463057,-0.226043647,0.523837288,2.151411499,-2.098302696,-0.171557271,-0.000003540,-0.000034733,0.000055737,-0.000046959,0.000054748,0.000094397
9.353896568,1789526649.708492517,-0.114170376,-1.763760869,-1.614147965,-4.646381799,4.748936653,-3.274196450,0.521451848,-0.226054545,0.523855282,2.151368105,-2.098338036,-0.171597713,0.000000895,0.000007427,0.000054350,0.000403821,0.000004737,0.000016430
9.361872963,1789526649.716469049,-0.114157979,-1.763809029,-1.614159886,-4.646369640,4.748936653,-3.274208609,0.521472005,-0.226050072,0.523822441,2.151371421,-2.098288071,-0.171653126,-0.000001711,0.000007719,0.000048907,0.000405239,0.000017447,0.000016418
9.369906453,1789526649.724502563,-0.114146058,-1.763785187,-1.614171807,-4.646393720,4.748888969,-3.274208609,0.521461653,-0.226037956,0.523833309,2.151398532,-2.098297424,-0.171712021,-0.000001711,0.000007720,0.000048909,0.000405239,0.000017445,0.000016413
9.377878052,1789526649.732473850,-0.114157979,-1.763785187,-1.614136044,-4.646381799,4.748912811,-3.274208609,0.521466869,-0.226047267,0.523847063,2.151398436,-2.098319899,-0.171635147,-0.000000355,0.000007575,0.000046421,0.000399796,-0.000001891,-0.000002508
9.385821707,1789526649.740417719,-0.114157979,-1.763797108,-1.614147965,-4.646405641,4.748949051,-3.274184529,0.521467085,-0.226050672,0.523838705,2.151334267,-2.098299525,-0.171652666,-0.000000354,0.000007575,0.000046420,0.000399799,-0.000001887,-0.000002528
9.393867846,1789526649.748463869,-0.114170376,-1.763797108,-1.614159886,-4.646369640,4.748888969,-3.274172608,0.521464977,-0.226051631,0.523828780,2.151346062,-2.098373870,-0.171683083,-0.000000353,0.000007575,0.000046422,0.000399797,-0.000001898,-0.000002518
9.401811494,1789526649.756407261,-0.114170376,-1.763773266,-1.614159886,-4.646357719,4.748888969,-3.274232451,0.521456452,-0.226050644,0.523840199,2.151427752,-2.098329284,-0.171647849,-0.000000354,0.000007575,0.000046422,0.000399795,-0.000001898,-0.000002503
9.409866559,1789526649.764462709,-0.114157979,-1.763773266,-1.614112202,-4.646321718,4.748936653,-3.274184529,0.521471073,-0.226049914,0.523855978,2.151406695,-2.098378044,-0.171498990,-0.000000357,0.000007575,0.000046421,0.000399792,-0.000001888,-0.000002470
9.417829518,1789526649.772425413,-0.114182297,-1.763809029,-1.614171807,-4.646405641,4.748888969,-3.274196450,0.521461986,-0.226057840,0.523821890,2.151331931,-2.098332705,-0.171755814,0.000001005,0.000007430,0.000043935,0.000397668,-0.000020959,-0.000002597
9.425909237,1789526649.780505180,-0.114157979,-1.763797108,-1.614159886,-4.646369640,4.748877048,-3.274208609,0.521467895,-0.226044074,0.523828744,2.151402885,-2.098329833,-0.171697029,0.000002298,0.000019726,0.000043532,0.000525832,-0.000035813,-0.000044204
9.433900674,1789526649.788496733,-0.114194218,-1.763797108,-1.614136044,-4.646345798,4.748853207,-3.274196450,0.521466485,-0.226061515,0.523835733,2.151385644,-2.098420729,-0.171667547,0.000037129,0.000264568,0.000023263,0.003069561,-0.000414561,-0.000473465
9.441826292,1789526649.796422243,-0.114170376,-1.763809029,-1.614159886,-4.646381799,4.748805046,-3.274220530,0.521469610,-0.226044389,0.523823622,2.151423308,-2.098362684,-0.171797027,0.000037125,0.000264569,0.000023277,0.003069539,-0.000414489,-0.000473687
9.449823171,1789526649.804419041,-0.114170376,-1.763773266,-1.614112202,-4.646369640,4.748828888,-3.274184529,0.521465917,-0.226046145,0.523861868,2.151418615,-2.098432940,-0.171659863,0.000024917,0.000148633,0.000027072,0.001829940,-0.000276964,-0.000259022
9.457833437,1789526649.812429428,-0.114170376,-1.763797108,-1.614171807,-4.646357719,4.748853207,-3.274208609,0.521463733,-0.226048171,0.523822051,2.151400657,-2.098358002,-0.171721369,0.000019557,0.000097691,0.000028738,0.001285241,-0.000216533,-0.000164923
9.465835412,1789526649.820431471,-0.114182297,-1.763809029,-1.614147965,-4.646405641,4.748805046,-3.274196450,0.521467661,-0.226050699,0.523831790,2.151379562,-2.098395029,-0.171809545,0.000016599,0.000069584,0.000029665,0.000984720,-0.000183209,-0.000112968
9.473881638,1789526649.828477621,-0.114170376,-1.763797108,-1.614147965,-4.646369640,4.748865128,-3.274220530,0.521467640,-0.226049720,0.523833784,2.151414047,-2.098344285,-0.171697296,0.000014933,0.000053775,0.000030178,0.000815686,-0.000164439,-0.000083679
9.481870991,1789526649.836467743,-0.114170376,-1.763820950,-1.614171807,-4.646369640,4.748793125,-3.274208609,0.521472838,-0.226043653,0.523810452,2.151410044,-2.098376544,-0.171820863,0.000013641,0.000041479,0.000030586,0.000680900,-0.000150136,-0.000079853
9.489834519,1789526649.844430685,-0.114182297,-1.763773266,-1.614124123,-4.646405641,4.748828888,-3.274184529,0.521458241,-0.226051816,0.523861460,2.151384167,-2.098422432,-0.171716373,0.000012713,0.000032696,0.000030873,0.000586990,-0.000139722,-0.000063567
9.497820678,1789526649.852416992,-0.114182297,-1.763797108,-1.614171807,-4.646357719,4.748816967,-3.274232451,0.521461388,-0.226051067,0.523821942,2.151430219,-2.098368286,-0.171760094,0.000011976,0.000025669,0.000031103,0.000511860,-0.000131387,-0.000050584
9.505799600,1789526649.860395432,-0.114146058,-1.763773266,-1.614147965,-4.646393720,4.748828888,-3.274208609,0.521462412,-0.226032461,0.523849762,2.151441385,-2.098351250,-0.171728883,0.000011419,0.000020400,0.000031276,0.000455518,-0.000125118,-0.000040830
9.513816485,1789526649.868412971,-0.114146058,-1.763773266,-1.614196126,-4.646357719,4.748816967,-3.274232451,0.521455248,-0.226030535,0.523824552,2.151466653,-2.098327717,-0.171756872,0.000011051,0.000016887,0.000031391,0.000417954,-0.000120952,-0.000034337
9.521793819,1789526649.876389742,-0.114182297,-1.763832871,-1.614124123,-4.646405641,4.748816967,-3.274196450,0.521481780,-0.226053416,0.523829012,2.151374416,-2.098387900,-0.171798083,0.000010681,0.000013372,0.000031506,0.000380385,-0.000116799,-0.000027852
9.529809915,1789526649.884405851,-0.114170376,-1.763785187,-1.614171807,-4.646369640,4.748793125,-3.274208609,0.521458784,-0.226042038,0.523829899,2.151426769,-2.098394133,-0.171779490,0.000010311,0.000009860,0.000031622,0.000342822,-0.000112629,-0.000021339
9.537789413,1789526649.892385244,-0.114157979,-1.763820950,-1.614147965,-4.646393720,4.748816967,-3.274196450,0.521478571,-0.226039738,0.523823797,2.151398989,-2.098360872,-0.171795561,0.000010126,0.000008103,0.000031678,0.000324042,-0.000110540,-0.000018102
9.545794771,1789526649.900390625,-0.114182297,-1.763797108,-1.614124123,-4.646345798,4.748828888,-3.274208609,0.521471847,-0.226053344,0.523840735,2.151427072,-2.098415369,-0.171677358,0.000010125,0.000008103,0.000031679,0.000324037,-0.000110547,-0.000018070
9.553803842,1789526649.908399820,-0.114170376,-1.763773266,-1.614124123,-4.646381799,4.748816967,-3.274184529,0.521462739,-0.226044688,0.523858333,2.151412532,-2.098428195,-0.171699186,0.000010124,0.000008104,0.000031680,0.000324039,-0.000110544,-0.000018074
9.561835548,1789526649.916431427,-0.114170376,-1.763773266,-1.614147965,-4.646369640,4.748816967,-3.274244372,0.521458735,-0.226044232,0.523846604,2.151472006,-2.098360224,-0.171718761,0.000010125,0.000008104,0.000031679,0.000324039,-0.000110544,-0.000018078
9.569818631,1789526649.924414396,-0.114134137,-1.763760869,-1.614147965,-4.646369640,4.748828888,-3.274208609,0.521461939,-0.226025867,0.523853382,2.151470481,-2.098356049,-0.171685539,0.000010124,0.000008104,0.000031679,0.000324043,-0.000110531,-0.000018074
9.577827527,1789526649.932423353,-0.114157979,-1.763797108,-1.614196126,-4.646393720,4.748793125,-3.274208609,0.521459604,-0.226035372,0.523816185,2.151411110,-2.098350524,-0.171847857,0.000010127,0.000008104,0.000031679,0.000320733,-0.000110818,-0.000036995
9.585798056,1789526649.940393925,-0.114157979,-1.763809029,-1.614147965,-4.646381799,4.748793125,-3.274184529,0.521474960,-0.226037106,0.523828662,2.151407533,-2.098399408,-0.171789879,0.000010126,0.000008103,0.000031679,0.000320733,-0.000110818,-0.000036979
9.593808957,1789526649.948405027,-0.114194218,-1.763760869,-1.614159886,-4.646357719,4.748853207,-3.274196450,0.521446535,-0.226059240,0.523846833,2.151385851,-2.098420859,-0.171666882,0.000010125,0.000008104,0.000031678,0.000320729,-0.000110826,-0.000036959
9.601812031,1789526649.956407785,-0.114170376,-1.763773266,-1.614183728,-4.646405641,4.748853207,-3.274196450,0.521448539,-0.226046459,0.523836154,2.151370666,-2.098352696,-0.171761595,0.000013015,0.000014770,0.000031677,0.000320732,-0.000110818,-0.000024204
9.609786587,1789526649.964382410,-0.114157979,-1.763809029,-1.614171807,-4.646381799,4.748793125,-3.274196450,0.521470095,-0.226036558,0.523818511,2.151409296,-2.098375235,-0.171818599,0.000013016,0.000014769,0.000031679,0.000320733,-0.000110818,-0.000024204
9.617798774,1789526649.972394705,-0.114194218,-1.763785187,-1.614124123,-4.646369640,4.748828888,-3.274208609,0.521462780,-0.226058842,0.523850309,2.151409460,-2.098422649,-0.171692293,0.000013014,0.000014769,0.000031679,0.000320729,-0.000110827,-0.000024176
9.625828349,1789526649.980424166,-0.114170376,-1.763797108,-1.614159886,-4.646357719,4.748828888,-3.274220530,0.521466400,-0.226046217,0.523827054,2.151429756,-2.098366140,-0.171732372,0.000013016,0.000014769,0.000031678,0.000320731,-0.000110820,-0.000024188
9.633824910,1789526649.988420963,-0.114182297,-1.763797108,-1.614171807,-4.646369640,4.748816967,-3.274208609,0.521460544,-0.226050977,0.523823488,2.151398770,-2.098387161,-0.171771419,0.000013016,0.000014769,0.000031678,0.000320730,-0.000110824,-0.000024196
9.641832264,1789526649.996428013,-0.114157979,-1.763797108,-1.614147965,-4.646393720,4.748805046,-3.274232451,0.521469317,-0.226037570,0.523836726,2.151454412,-2.098342341,-0.171783190,0.000013015,0.000014769,0.000031679,0.000320733,-0.000110817,-0.000024196
9.649782629,1789526650.004378319,-0.114170376,-1.763773266,-1.614159886,-4.646393720,4.748816967,-3.274232451,0.521454598,-0.226043776,0.523844651,2.151442241,-2.098354780,-0.171759085,0.000012830,0.000013013,0.000031736,0.000301949,-0.000108737,-0.000020943
9.657819629,1789526650.012415409,-0.114157979,-1.763809029,-1.614208047,-4.646405641,4.748816967,-3.274208609,0.521460782,-0.226037730,0.523806244,2.151384029,-2.098318495,-0.171866076,0.000012647,0.000011256,0.000031793,0.000283169,-0.000106650,-0.000017721
9.665806263,1789526650.020402193,-0.114157979,-1.763809029,-1.614183728,-4.646381799,4.748828888,-3.274232451,0.521467318,-0.226039561,0.523813542,2.151427267,-2.098310371,-0.171801405,0.000018241,0.000022831,0.000031850,0.000264387,-0.000104565,0.000011109
9.673905436,1789526650.028502226,-0.114194218,-1.763820950,-1.614183728,-4.646381799,4.748793125,-3.274184529,0.521464155,-0.226055720,0.523806953,2.151348493,-2.098416160,-0.171848622,0.000018057,0.000021074,0.000031909,0.000245601,-0.000102493,0.000014357
9.681809601,1789526650.036405563,-0.114206139,-1.763797108,-1.614147965,-4.646345798,4.748805046,-3.274208609,0.521461823,-0.226063045,0.523830512,2.151402108,-2.098444453,-0.171730372,0.000017871,0.000019317,0.000031967,0.000226816,-0.000100411,0.000017630
9.689831057,1789526650.044426918,-0.114157979,-1.763773266,-1.614171807,-4.646381799,4.748793125,-3.274196450,0.521456041,-0.226034944,0.523837958,2.151426022,-2.098392824,-0.171777226,0.000017870,0.000019318,0.000031967,0.000226821,-0.000100400,0.000017621
9.697830351,1789526650.052426338,-0.114182297,-1.763773266,-1.614099805,-4.646357719,4.748853207,-3.274244372,0.521466361,-0.226054964,0.523865674,2.151472338,-2.098381353,-0.171615580,0.000017683,0.000017561,0.000032025,0.000208035,-0.000098318,0.000020891
9.705875601,1789526650.060471535,-0.114182297,-1.763809029,-1.614136044,-4.646369640,4.748840809,-3.274208609,0.521472297,-0.226054521,0.523832304,2.151399612,-2.098384604,-0.171720874,0.000017500,0.000015805,0.000032081,0.000189255,-0.000096235,0.000024122
9.713771938,1789526650.068367958,-0.114182297,-1.763773266,-1.614147965,-4.646357719,4.748805046,-3.274220530,0.521456999,-0.226049446,0.523845023,2.151444783,-2.098411364,-0.171715329,0.000017500,0.000015805,0.000032082,0.000189253,-0.000096237,0.000024130
9.721832127,1789526650.076427937,-0.114170376,-1.763797108,-1.614124123,-4.646369640,4.748805046,-3.274220530,0.521473084,-0.226044764,0.523843755,2.151451326,-2.098392247,-0.171727947,0.000017314,0.000014048,0.000032140,0.000170473,-0.000094151,0.000027376
9.729890196,1789526650.084486246,-0.114218060,-1.763809029,-1.614147965,-4.646405641,4.748805046,-3.274172608,0.521459576,-0.226069348,0.523831790,2.151317462,-2.098459571,-0.171810760,0.000017316,0.000014047,0.000032139,0.000167161,-0.000094436,0.000008478
9.737871499,1789526650.092467785,-0.114194218,-1.763785187,-1.614136044,-4.646369640,4.748769283,-3.274196450,0.521460922,-0.226053108,0.523845055,2.151416555,-2.098465303,-0.171762502,0.000017315,0.000014048,0.000032141,0.000167162,-0.000094433,0.000008491
9.745823906,1789526650.100419521,-0.114157979,-1.763797108,-1.614136044,-4.646357719,4.748793125,-3.274220530,0.521474413,-0.226037023,0.523837098,2.151469024,-2.098385675,-0.171738220,0.000017130,0.000012292,0.000032198,0.000148384,-0.000092343,0.000011739
9.753823702,1789526650.108419657,-0.114170376,-1.763785187,-1.614159886,-4.646405641,4.748781204,-3.274208609,0.521458784,-0.226040948,0.523839607,2.151420749,-2.098389331,-0.171818818,0.000017130,0.000012292,0.000032197,0.000148383,-0.000092345,0.000011730
9.761803791,1789526650.116399527,-0.114170376,-1.763809029,-1.614147965,-4.646345798,4.748828888,-3.274196450,0.521474361,-0.226047118,0.523824101,2.151409182,-2.098397123,-0.171716200,0.000017131,0.000012292,0.000032197,0.000148383,-0.000092343,0.000011737
9.769823575,1789526650.124419212,-0.114146058,-1.763797108,-1.614147965,-4.646345798,4.748805046,-3.274208609,0.521475404,-0.226031715,0.523830512,2.151462938,-2.098377670,-0.171724247,0.000016945,0.000010535,0.000032255,0.000129602,-0.000090257,0.000014988
9.777798968,1789526650.132394791,-0.114182297,-1.763809029,-1.614136044,-4.646381799,4.748793125,-3.274208609,0.521471896,-0.226050061,0.523833738,2.151414653,-2.098407287,-0.171781061,0.000016945,0.000010535,0.000032255,0.000129600,-0.000090262,0.000014983
9.785775577,1789526650.140372038,-0.114157979,-1.763760869,-1.614136044,-4.646369640,4.748816967,-3.274220530,0.521459097,-0.226037481,0.523858422,2.151470057,-2.098383222,-0.171686971,0.000016944,0.000010535,0.000032255,0.000129601,-0.000090258,0.000014991
9.793826137,1789526650.148422241,-0.114170376,-1.763797108,-1.614147965,-4.646357719,4.748828888,-3.274220530,0.521468833,-0.226046490,0.523832130,2.151435347,-2.098372029,-0.171718619,0.000016945,0.000010535,0.000032254,0.000129601,-0.000090260,0.000014986
9.801825234,1789526650.156421185,-0.114157979,-1.763785187,-1.614147965,-4.646417562,4.748793125,-3.274196450,0.521463060,-0.226035759,0.523846264,2.151414951,-2.098380986,-0.171804778,0.000016759,0.000008779,0.000032312,0.000110820,-0.000088176,0.000018229
9.809794799,1789526650.164390564,-0.114170376,-1.763785187,-1.614112202,-4.646381799,4.748853207,-3.274196450,0.521469506,-0.226048819,0.523857035,2.151409752,-2.098393999,-0.171665361,0.000016759,0.000008779,0.000032312,0.000110818,-0.000088175,0.000018238
9.817775301,1789526650.172371149,-0.114206139,-1.763785187,-1.614159886,-4.646369640,4.748805046,-3.274196450,0.521453018,-0.226062053,0.523835010,2.151377770,-2.098445238,-0.171756605,0.000016761,0.000008778,0.000032312,0.000110815,-0.000088181,0.000018234
9.825801734,1789526650.180397511,-0.114146058,-1.763809029,-1.614147965,-4.646393720,4.748828888,-3.274196450,0.521476466,-0.226034075,0.523830315,2.151411456,-2.098346305,-0.171769016,0.000016760,0.000008779,0.000032312,0.000110821,-0.000088173,0.000018229
9.833814097,1789526650.188409805,-0.114170376,-1.763809029,-1.614112202,-4.646405641,4.748805046,-3.274232451,0.521477653,-0.226045304,0.523847017,2.151447499,-2.098362007,-0.171770742,0.000016354,0.000008780,0.000035307,0.000120804,0.000000746,0.000018453
9.841787489,1789526650.196383238,-0.114182297,-1.763809029,-1.614147965,-4.646465484,4.748805046,-3.274232451,0.521463425,-0.226050248,0.523839550,2.151390749,-2.098327889,-0.171882266,-0.000311644,0.000041383,0.000762505,0.001159871,0.009267961,0.000043304
9.849788480,1789526650.204384327,-0.114182297,-1.763832871,-1.614147965,-4.646537487,4.748816967,-3.274208609,0.521467584,-0.226051874,0.523835958,2.151314952,-2.098298031,-0.171978954,-0.000226245,0.000030505,0.000605956,0.001006748,0.008069534,0.000043045
9.857873158,1789526650.212469339,-0.114170376,-1.763856713,-1.614147965,-4.646597091,4.748805046,-3.274196450,0.521475546,-0.226045192,0.523830688,2.151280040,-2.098263286,-0.172084385,0.000250008,-0.000026032,0.000044598,0.001548875,0.012871049,0.000051710
9.865817799,1789526650.220413685,-0.114206139,-1.763809029,-1.614171807,-4.646704618,4.748816967,-3.274220530,0.521436136,-0.226061422,0.523860448,2.151225781,-2.098229116,-0.172175358,0.000126454,-0.000010355,0.000136009,0.001182480,0.009612710,0.000044515
9.873831055,1789526650.228426933,-0.114146058,-1.763856713,-1.614171807,-4.646776382,4.748805046,-3.274232451,0.521463495,-0.226030612,0.523843791,2.151248936,-2.098098032,-0.172319927,-0.000986952,0.000113918,0.001872810,0.001669543,0.014015209,0.000062559
9.881910222,1789526650.236506224,-0.114194218,-1.763916318,-1.614136044,-4.646872226,4.748828888,-3.274232451,0.521476322,-0.226060701,0.523839108,2.151134028,-2.098077962,-0.172440033,0.000849840,-0.000099493,-0.000540744,0.002730935,0.023357102,0.000073494
9.889826145,1789526650.244422197,-0.114170376,-1.763880555,-1.614147965,-4.647015993,4.748840809,-3.274256531,0.521454945,-0.226046389,0.523872165,2.151123206,-2.097959564,-0.172566752,-0.000221020,0.000024861,0.000872059,0.002131797,0.018086044,0.000067532
9.897914763,1789526650.252510786,-0.114206139,-1.763880555,-1.614124123,-4.647171442,4.748877048,-3.274232451,0.521440387,-0.226067734,0.523902590,2.150983811,-2.097937103,-0.172684688,-0.000789695,0.000077966,0.001744644,0.002211198,0.019832838,0.000095067
9.905803303,1789526650.260399342,-0.114146058,-1.763928239,-1.614147965,-4.647291366,4.748877048,-3.274220530,0.521459373,-0.226037108,0.523882071,2.150942216,-2.097787903,-0.172898278,0.001731215,-0.000464761,-0.001736072,0.000423191,0.027825206,0.000561557
9.913823988,1789526650.268419743,-0.114146058,-1.763988320,-1.614099805,-4.647494737,4.748877048,-3.274220530,0.521478445,-0.226039396,0.523896289,2.150841800,-2.097681123,-0.173146774,-0.000055922,-0.000259651,0.000738364,-0.000052478,0.023685124,0.000563595
9.921812938,1789526650.276408911,-0.114157979,-1.763988320,-1.614147965,-4.647602264,4.748877048,-3.274196450,0.521458334,-0.226043698,0.523889742,2.150730803,-2.097642175,-0.173325061,-0.001306897,-0.000067078,0.002525930,0.000316320,0.022293793,0.000477205
9.929908174,1789526650.284504890,-0.114206139,-1.764036481,-1.614183728,-4.647818033,4.748900890,-3.274244372,0.521443621,-0.226070727,0.523876406,2.150583750,-2.097482948,-0.173657584,0.001357965,-0.000308608,-0.000995926,0.002440762,0.034617461,0.000366266
9.937784040,1789526650.292379856,-0.114170376,-1.764048402,-1.614136044,-4.648057167,4.748912811,-3.274232451,0.521449130,-0.226053006,0.523921295,2.150506998,-2.097347284,-0.173875684,-0.000832413,-0.000548751,0.002045779,-0.003100733,0.032119680,0.001279787
9.945890248,1789526650.300486088,-0.114170376,-1.764096085,-1.614159886,-4.648260538,4.748949051,-3.274184529,0.521448319,-0.226056405,0.523911730,2.150310810,-2.097238880,-0.174152738,0.002081615,-0.000621737,-0.001883775,0.000802879,0.041667161,0.000799967
9.953871420,1789526650.308467388,-0.114146058,-1.764180009,-1.614147965,-4.648523990,4.748924732,-3.274220530,0.521470900,-0.226043581,0.523905301,2.150228288,-2.097022718,-0.174564444,0.000481892,-0.000286402,0.000424469,0.002255768,0.040142616,0.000524964
9.961823084,1789526650.316418886,-0.114134137,-1.764252011,-1.614171807,-4.648810808,4.749008656,-3.274184529,0.521476022,-0.226045605,0.523893502,2.149986088,-2.096806388,-0.174919511,0.001251661,-0.000777691,-0.000622383,-0.001510194,0.044817362,0.001277640
9.969822788,1789526650.324418783,-0.114146058,-1.764347855,-1.614159886,-4.649122421,4.749032974,-3.274208609,0.521491261,-0.226056315,0.523887005,2.149804811,-2.096583665,-0.175355807,0.001247368,-0.000671596,-0.000501279,0.000267054,0.050311533,0.001091877
9.977803310,1789526650.332399130,-0.114157979,-1.764431779,-1.614171807,-4.649493400,4.749068737,-3.274208609,0.521492685,-0.226066546,0.523884602,2.149559060,-2.096343535,-0.175860556,0.000976212,-0.000949880,0.000045597,-0.002220575,0.057269068,0.001683317
9.985877477,1789526650.340473652,-0.114146058,-1.764479939,-1.614208047,-4.649852220,4.749176502,-3.274184529,0.521480667,-0.226068860,0.523889952,2.149291192,-2.096070030,-0.176263210,0.000847125,-0.001021238,0.000361335,-0.002750014,0.061867784,0.001907645
9.993817547,1789526650.348413706,-0.114157979,-1.764635388,-1.614171807,-4.650259439,4.749248505,-3.274208609,0.521517175,-0.226086479,0.523873985,2.149028096,-2.095753423,-0.176804061,0.001669587,-0.001020148,-0.000637554,-0.000999052,0.068154567,0.001701816
10.001824996,1789526650.356421709,-0.114194218,-1.764706914,-1.614196126,-4.650773946,4.749320507,-3.274160449,0.521495357,-0.226110804,0.523891864,2.148622701,-2.095496666,-0.177436146,0.001185092,-0.001167866,-0.000682507,-0.002211270,0.076295680,0.002100702
10.009827832,1789526650.364423752,-0.114134137,-1.764815156,-1.614231888,-4.651264612,4.749404430,-3.274184529,0.521509013,-0.226087567,0.523881870,2.148376369,-2.095038671,-0.178082074,0.001044877,-0.001261418,-0.000317447,-0.003104216,0.082154549,0.000060532
10.017784275,1789526650.372380495,-0.114122216,-1.764922921,-1.614267651,-4.651838724,4.749524117,-3.274148528,0.521505453,-0.226092085,0.523883130,2.147961960,-2.094633401,-0.178787380,0.000051336,-0.000971046,-0.002051224,-0.004427167,0.093097994,0.001306453
10.025822888,1789526650.380418777,-0.114122216,-1.765102688,-1.614303891,-4.652413074,4.749596119,-3.274124686,0.521527895,-0.226101694,0.523844947,2.147534999,-2.094221428,-0.179624988,0.000296981,-0.000939438,-0.000788317,-0.002822854,0.100952696,0.001427458
10.033810280,1789526650.388406277,-0.114134137,-1.765221898,-1.614316289,-4.653071109,4.749739647,-3.274088685,0.521522236,-0.226121272,0.523860984,2.147052581,-2.093791867,-0.180392009,0.000876520,-0.000969388,-0.000101719,-0.002627925,0.106238972,-0.003127729
10.041825923,1789526650.396421909,-0.114122216,-1.765377824,-1.614376370,-4.653813783,4.749811172,-3.274088685,0.521521547,-0.226121765,0.523847638,2.146584683,-2.093257682,-0.181424138,-0.000588660,-0.000993843,-0.002023680,-0.002646091,0.118190351,0.000790710
10.049808889,1789526650.404404640,-0.114098374,-1.765558068,-1.614376370,-4.654579345,4.749979496,-3.274065081,0.521542932,-0.226127224,0.523849930,2.146067861,-2.092682234,-0.182343581,0.000256817,-0.000906188,0.000185700,-0.000793559,0.122628825,0.001714251
10.057773306,1789526650.412369490,-0.114086453,-1.765701596,-1.614435975,-4.655417148,4.750099182,-3.273969237,0.521530596,-0.226130900,0.523856199,2.145436593,-2.092176265,-0.183412260,0.001109346,-0.000378095,0.000582610,-0.001465505,0.124734822,-0.003564316
10.065805155,1789526650.420401096,-0.114074532,-1.765881364,-1.614508454,-4.656302873,4.750218868,-3.273981158,0.521526680,-0.226135577,0.523843618,2.144876517,-2.091510030,-0.184603517,-0.000935822,-0.000089995,-0.001911170,0.002362397,0.145345670,0.000925791
10.073782843,1789526650.428379297,-0.114050213,-1.766073052,-1.614544217,-4.657236520,4.750326633,-3.273957316,0.521534670,-0.226133738,0.523846443,2.144284186,-2.090862169,-0.185827026,0.000820937,-0.000404686,0.000814290,0.000087886,0.150119285,-0.004527443
10.081777081,1789526650.436373234,-0.114038293,-1.766252820,-1.614591901,-4.658265297,4.750386715,-3.273849789,0.521526790,-0.226132505,0.523863056,2.143563825,-2.090295253,-0.187197239,-0.000999407,-0.000322923,-0.002489984,0.003687351,0.168947410,-0.001007281
10.089758368,1789526650.444354534,-0.114026372,-1.766432587,-1.614675824,-4.659342710,4.750554562,-3.273813788,0.521507330,-0.226139981,0.523871092,2.142835220,-2.089546055,-0.188567377,0.000762761,0.000203188,-0.000147459,-0.000402664,0.168732735,-0.001750555
10.097749935,1789526650.452345371,-0.113966290,-1.766671960,-1.614747826,-4.660455410,4.750686169,-3.273729865,0.521522737,-0.226121747,0.523856391,2.142078948,-2.088772720,-0.190056211,-0.000312288,0.000786454,-0.002945506,-0.000197813,0.193706134,0.000573766
10.105713418,1789526650.460309267,-0.113990132,-1.766923253,-1.614843671,-4.661664192,4.750842094,-3.273681943,0.521512405,-0.226148826,0.523837884,2.141204777,-2.087973770,-0.191684729,-0.000166810,-0.000358426,-0.000388201,0.000825913,0.190872425,-0.005519314
10.113680707,1789526650.468275547,-0.113966290,-1.767186944,-1.614939992,-4.662932579,4.750985622,-3.273598496,0.521513933,-0.226150047,0.523820356,2.140310576,-2.087128717,-0.193397616,-0.000944774,-0.001603261,-0.000719114,-0.000226770,0.198834476,-0.002585844
10.121699484,1789526650.476294518,-0.113894288,-1.767426793,-1.615047757,-4.664153520,4.751129627,-3.273538415,0.521518137,-0.226125230,0.523804879,2.139517503,-2.086234927,-0.195037318,0.000170930,0.001389992,-0.001780092,-0.000960435,0.202370937,-0.001759102
10.129792020,1789526650.484386206,-0.113894288,-1.767678563,-1.615131680,-4.665445511,4.751345158,-3.273454730,0.521510359,-0.226145119,0.523802728,2.138568655,-2.085371137,-0.196679494,-0.000522318,-0.000682748,0.000069648,0.001488907,0.205073285,-0.000275600
10.137713321,1789526650.492307663,-0.113882367,-1.767917935,-1.615179841,-4.666714136,4.751512527,-3.273383204,0.521510000,-0.226154835,0.523819392,2.137698518,-2.084545839,-0.198285301,-0.001541346,-0.000804898,-0.001141072,0.000272372,0.206899527,-0.008128768
10.145743500,1789526650.500337839,-0.113822285,-1.768169228,-1.615275685,-4.667923395,4.751668453,-3.273311202,0.521519878,-0.226138287,0.523801692,2.136880133,-2.083673689,-0.199895559,0.000139901,0.001257842,-0.000607100,0.000675932,0.204625443,0.003742926
10.153720816,1789526650.508315325,-0.113834206,-1.768432919,-1.615407292,-4.669215862,4.751812935,-3.273215357,0.521505839,-0.226157418,0.523773185,2.135906022,-2.082845690,-0.201670986,-0.000498425,-0.000677920,0.000461821,0.000612658,0.202119377,-0.006216222
10.161689281,1789526650.516283989,-0.113798443,-1.768672291,-1.615443532,-4.670484249,4.751932621,-3.273119752,0.521514564,-0.226150697,0.523795146,2.135057828,-2.082051033,-0.203299546,-0.000973610,-0.000816471,-0.000527458,0.002853165,0.200221836,-0.001224024
10.169686311,1789526650.524281025,-0.113750283,-1.768912141,-1.615563695,-4.671716634,4.752123833,-3.273107831,0.521511191,-0.226142452,0.523776998,2.134259767,-2.081087997,-0.204921034,0.000272184,0.001394504,0.000197118,-0.001630182,0.199273685,-0.006865241
10.177749651,1789526650.532344341,-0.113762204,-1.769103829,-1.615635697,-4.672985498,4.752267838,-3.273000065,0.521483385,-0.226159920,0.523810201,2.133345432,-2.080347745,-0.206514492,-0.000402638,-0.000778306,0.001119019,0.000555741,0.197427468,-0.001427615
10.185743579,1789526650.540338755,-0.113738362,-1.769355599,-1.615683381,-4.674205963,4.752447605,-3.272903983,0.521495360,-0.226165642,0.523814881,2.132470444,-2.079539721,-0.208054954,-0.000554399,0.001496080,-0.000070680,0.001305526,0.202898212,-0.002256693
10.193702726,1789526650.548297882,-0.113654439,-1.769583050,-1.615779225,-4.675462429,4.752615452,-3.272796694,0.521499556,-0.226136524,0.523817296,2.131619137,-2.078652492,-0.209664927,-0.000473236,0.000600349,0.000500375,-0.001512685,0.202218015,0.001463436
10.201792453,1789526650.556388378,-0.113690201,-1.769810502,-1.615863148,-4.676706974,4.752758980,-3.272832457,0.521480389,-0.226167979,0.523823237,2.130824577,-2.077777810,-0.211302111,-0.001313473,-0.000741663,0.000205255,0.002009548,0.200103015,0.002801951
10.209778578,1789526650.564374447,-0.113654439,-1.770026032,-1.615971390,-4.678023521,4.752950668,-3.272676770,0.521462852,-0.226164987,0.523835235,2.129833693,-2.076946125,-0.212954883,-0.000150924,0.000162648,0.001076954,-0.000475469,0.200328716,-0.001037701
10.217774401,1789526650.572370529,-0.113594357,-1.770289723,-1.616055314,-4.679256384,4.753106594,-3.272629325,0.521480788,-0.226149367,0.523820265,2.129026730,-2.076028473,-0.214583480,-0.001133739,0.000114269,-0.000673144,-0.001128002,0.206549228,0.005822437
10.225754753,1789526650.580350637,-0.113582436,-1.770541016,-1.616139237,-4.680548612,4.753297806,-3.272533242,0.521479017,-0.226161158,0.523820169,2.128082340,-2.075167278,-0.216229638,-0.000383175,-0.000747277,0.000174453,-0.002776508,0.202461123,-0.001702888
10.233699068,1789526650.588293552,-0.113534753,-1.770768944,-1.616211239,-4.681853239,4.753477573,-3.272473399,0.521478158,-0.226152420,0.523839561,2.127227876,-2.074247071,-0.217859557,-0.000124718,0.001068462,-0.001051286,-0.000621755,0.204639926,0.007604350
10.241729189,1789526650.596323490,-0.113522832,-1.770996396,-1.616307561,-4.683121864,4.753717899,-3.272413556,0.521466135,-0.226167584,0.523844542,2.126319180,-2.073334678,-0.219420157,-0.000409817,0.000393393,-0.000705077,-0.002596354,0.204512296,0.000466967
10.249689537,1789526650.604284048,-0.113510434,-1.771247689,-1.616403405,-4.684401933,4.753909111,-3.272365634,0.521463682,-0.226179034,0.523838267,2.125426566,-2.072421100,-0.221067967,-0.000521632,-0.000831530,-0.000517810,0.001170717,0.201283062,0.003449731
10.257701879,1789526650.612296343,-0.113462750,-1.771463696,-1.616523568,-4.685682956,4.754053116,-3.272258107,0.521451059,-0.226165646,0.523841055,2.124527464,-2.071562109,-0.222736593,0.000648093,0.001960961,-0.000722359,-0.000544676,0.199867710,-0.001699008
10.265673693,1789526650.620268345,-0.113462750,-1.771727387,-1.616643254,-4.686927740,4.754232883,-3.272246186,0.521448759,-0.226182827,0.523813578,2.123664824,-2.070630432,-0.224400147,-0.000491619,0.000044898,-0.000537275,0.001404437,0.185133625,0.004591208
10.273716273,1789526650.628311157,-0.113426987,-1.771919076,-1.616715256,-4.688052360,4.754340649,-3.272186104,0.521444552,-0.226173452,0.523829203,2.122928335,-2.069874146,-0.225850544,-0.000669866,-0.000731542,-0.000430148,0.002777200,0.169105488,-0.005320441
10.281724258,1789526650.636319637,-0.113390748,-1.772146527,-1.616811101,-4.689105455,4.754448414,-3.272114340,0.521454438,-0.226165394,0.523805934,2.122184885,-2.069134852,-0.227284986,0.000125716,0.001492236,-0.000871192,0.001503696,0.159621515,0.005359741
10.289816065,1789526650.644411802,-0.113354985,-1.772326295,-1.616883103,-4.690063183,4.754568577,-3.272054736,0.521456457,-0.226157781,0.523806043,2.121528954,-2.068460999,-0.228519829,-0.000423209,0.000337549,0.000113827,-0.000131838,0.147681745,-0.003144628
10.297804935,1789526650.652401209,-0.113366906,-1.772458378,-1.616918866,-4.690852825,4.754652023,-3.271994893,0.521447472,-0.226171489,0.523824836,2.120960796,-2.067991653,-0.229511762,0.000126397,-0.000281127,0.000009908,0.002374433,0.129423617,0.000665898
10.305797663,1789526650.660393715,-0.113330666,-1.772613827,-1.617003266,-4.691642706,4.754759789,-3.271958892,0.521448551,-0.226162267,0.523810652,2.120421473,-2.067392520,-0.230557814,-0.000950126,-0.000597335,-0.000360106,-0.002848576,0.120251578,-0.005512014
10.313772393,1789526650.668368578,-0.113306824,-1.772745434,-1.617039029,-4.692360584,4.754867554,-3.271910969,0.521451989,-0.226160034,0.523820313,2.119926320,-2.066893021,-0.231440689,0.000136624,0.000797542,0.001527376,-0.000530460,0.107008052,0.002674773
10.321737903,1789526650.676333904,-0.113318745,-1.772841279,-1.617087189,-4.692971174,4.754963398,-3.271898810,0.521437734,-0.226174193,0.523829874,2.119501882,-2.066471180,-0.232197142,0.000419776,-0.000122719,0.001248555,-0.000309442,0.090641343,0.002163007
10.329805518,1789526650.684401512,-0.113282983,-1.772949044,-1.617075268,-4.693533603,4.755023956,-3.271898810,0.521454569,-0.226162475,0.523851670,2.119197564,-2.066055373,-0.232874505,-0.000759088,0.000266808,0.000468607,0.003647900,0.082955211,0.000718580
10.337753323,1789526650.692349195,-0.113282983,-1.773032967,-1.617111031,-4.694047872,4.755119801,-3.271875207,0.521447023,-0.226170814,0.523860103,2.118830312,-2.065693689,-0.233491621,0.000365023,0.000733943,0.001149067,-0.006352016,0.071751909,0.002708864
10.345834019,1789526650.700429916,-0.113282983,-1.773116414,-1.617122952,-4.694443409,4.755131721,-3.271827284,0.521452412,-0.226172768,0.523862660,2.118538027,-2.065481981,-0.234025846,0.000200946,0.000719380,0.000991682,0.002858677,0.059374936,0.000645846
10.353772807,1789526650.708368540,-0.113282983,-1.773152653,-1.617159192,-4.694778148,4.755107403,-3.271851365,0.521438492,-0.226169138,0.523872420,2.118377803,-2.065262769,-0.234510575,-0.000407946,0.000793308,0.000047124,0.001985252,0.049940824,0.001385911
10.361747236,1789526650.716343403,-0.113234822,-1.773212735,-1.617159192,-4.695065443,4.755119801,-3.271839444,0.521454845,-0.226145963,0.523878230,2.118240524,-2.065034851,-0.234881089,-0.000615226,0.000569536,0.000227249,0.001982542,0.037346991,0.000733600
10.369786243,1789526650.724382162,-0.113259141,-1.773248974,-1.617194955,-4.695233051,4.755131721,-3.271851365,0.521445705,-0.226159448,0.523865975,2.118109630,-2.064918934,-0.235143812,-0.000030253,0.000365232,-0.000444812,0.000467241,0.018001153,0.000402434
10.377761941,1789526650.732357979,-0.113259141,-1.773237054,-1.617122952,-4.695292656,4.755083561,-3.271886889,0.521452333,-0.226155741,0.523910498,2.118178592,-2.064925070,-0.235167972,0.000525880,0.000320732,-0.001205757,0.000928362,0.009822679,0.000012276
10.385769140,1789526650.740365028,-0.113222901,-1.773200814,-1.617135350,-4.695316736,4.755119801,-3.271851365,0.521441922,-0.226138102,0.523928342,2.118161665,-2.064898246,-0.235123285,0.000457263,0.001760064,-0.000425790,-0.000259788,-0.001006166,0.002691442
10.393766798,1789526650.748362780,-0.113210503,-1.773188893,-1.617183034,-4.695233051,4.755083561,-3.271827284,0.521435951,-0.226127252,0.523903473,2.118184753,-2.064956034,-0.235099616,0.000670284,0.001860068,-0.000753568,0.001701936,-0.004472071,0.002032414
10.401764536,1789526650.756360531,-0.113234822,-1.773200814,-1.617135350,-4.695161287,4.755071640,-3.271898810,0.521449425,-0.226140926,0.523907376,2.118294604,-2.064973428,-0.235003310,0.000599748,0.001094941,-0.001339940,0.003739980,-0.009618281,-0.000380086
10.409786919,1789526650.764382839,-0.113222901,-1.773188893,-1.617159192,-4.695065443,4.755011559,-3.271863286,0.521449168,-0.226128760,0.523890811,2.118331444,-2.065076549,-0.234960830,0.000255811,0.000924837,-0.000555509,0.002190702,-0.004032489,0.000183626
10.417739755,1789526650.772336245,-0.113210503,-1.773165051,-1.617183034,-4.695089285,4.754987240,-3.271851365,0.521436491,-0.226118303,0.523896862,2.118328669,-2.065077534,-0.235007862,-0.000071390,0.000479477,-0.000334102,0.002152178,-0.004451071,-0.000661174
10.425728497,1789526650.780324459,-0.113210503,-1.773152653,-1.617135350,-4.695101206,4.754987240,-3.271851365,0.521440543,-0.226118749,0.523925223,2.118351953,-2.065102219,-0.234953704,-0.000155268,0.000410042,-0.000114478,0.001494305,-0.003014156,-0.000426197
10.433781671,1789526650.788378477,-0.113186661,-1.773188893,-1.617122952,-4.695089285,4.755011559,-3.271886889,0.521463219,-0.226110527,0.523909220,2.118398665,-2.065018869,-0.234945199,-0.000059618,0.000344287,0.000097003,0.000873451,-0.003445978,-0.000252913
10.441711318,1789526650.796305656,-0.113198582,-1.773188893,-1.617146794,-4.695113365,4.755023956,-3.271851365,0.521454060,-0.226117181,0.523902472,2.118320623,-2.065035665,-0.234983846,0.000130576,0.000858632,0.000185346,0.000634341,-0.002763126,0.000877776
10.449601965,1789526650.804196358,-0.113186661,-1.773188893,-1.617183034,-4.695089285,4.754987240,-3.271875207,0.521451253,-0.226106938,0.523883902,2.118366416,-2.065014829,-0.235034732,0.000134098,0.000840128,0.000204811,0.000526174,-0.002088183,0.000942002
10.457705887,1789526650.812300205,-0.113198582,-1.773176972,-1.617171113,-4.695113365,4.755035877,-3.271851365,0.521444330,-0.226117189,0.523898781,2.118310000,-2.065021915,-0.234986174,0.000082922,0.000637474,0.000176828,0.000449020,-0.001641736,0.000634386
10.465656621,1789526650.820251226,-0.113186661,-1.773200814,-1.617146794,-4.695089285,4.755035877,-3.271863286,0.521462843,-0.226112749,0.523892812,2.118346451,-2.065009383,-0.234958652,0.000044300,0.000484217,0.000154249,0.000373450,-0.001349752,0.000411536
10.473677702,1789526650.828272343,-0.113162820,-1.773188893,-1.617146794,-4.695077364,4.754987240,-3.271851365,0.521464745,-0.226095404,0.523897527,2.118387309,-2.065037309,-0.234974181,0.000059698,0.000463060,0.000130713,0.000345756,-0.001133739,0.000418202
10.481643502,1789526650.836238384,-0.113150899,-1.773176972,-1.617159192,-4.695077364,4.755011559,-3.271815364,0.521460015,-0.226090602,0.523898886,2.118350422,-2.065045239,-0.234944625,0.000268843,0.000916519,0.000120324,0.000302898,-0.001013297,0.001313651
10.489700585,1789526650.844295979,-0.113126580,-1.773200814,-1.617159192,-4.695053283,4.755023956,-3.271815364,0.521476282,-0.226080282,0.523882747,2.118369618,-2.065010892,-0.234929124,0.000285992,0.000909235,0.000097862,0.000261725,-0.000917992,0.001345595
10.497766772,1789526650.852362394,-0.113138978,-1.773200814,-1.617171113,-4.695017521,4.754999161,-3.271767441,0.521473534,-0.226084440,0.523872870,2.118326617,-2.065100713,-0.234921593,0.000214778,0.000717922,0.000084100,-0.000896259,-0.000957007,-0.003702586
10.505838717,1789526650.860463381,-0.113102738,-1.773212735,-1.617146794,-4.695077364,4.754963398,-3.271719519,0.521487920,-0.226062955,0.523884482,2.118301511,-2.065106626,-0.234998306,0.000224438,0.000713281,0.000070338,-0.001131368,-0.000939563,-0.004532872
10.513797495,1789526650.868393660,-0.113162820,-1.773200814,-1.617146794,-4.695005361,4.755011559,-3.271707598,0.521473727,-0.226098639,0.523881500,2.118251227,-2.065198739,-0.234863720,-0.000358138,-0.000656184,0.000056508,-0.000562537,-0.000876762,-0.004706324
10.521776641,1789526650.876372814,-0.113102738,-1.773188893,-1.617171113,-4.695053283,4.755035877,-3.271695677,0.521474457,-0.226068138,0.523884263,2.118258963,-2.065098143,-0.234898166,-0.000353257,-0.000658517,0.000049620,-0.000508446,-0.000857758,-0.004403548
10.529732519,1789526650.884328365,-0.113102738,-1.773200814,-1.617194955,-4.695029442,4.755011559,-3.271671597,0.521476026,-0.226066060,0.523864495,2.118236524,-2.065131456,-0.234931943,-0.000340488,-0.000654754,0.000035790,-0.000434940,-0.000824799,-0.004013431
10.537795446,1789526650.892391443,-0.113126580,-1.773200814,-1.617146794,-4.695029442,4.755011559,-3.271659676,0.521480408,-0.226079583,0.523884721,2.118223453,-2.065194647,-0.234879436,-0.000246068,-0.000450436,0.000028912,-0.000389511,-0.000806256,-0.003351716
10.545805939,1789526650.900401831,-0.113138978,-1.773212735,-1.617146794,-4.695029442,4.755011559,-3.271671597,0.521482291,-0.226086582,0.523878241,2.118218414,-2.065190218,-0.234896148,-0.000194984,-0.000346108,0.000022030,-0.000205985,-0.000779270,-0.002303671
10.553766699,1789526650.908362865,-0.113102738,-1.773188893,-1.617135350,-4.695041362,4.755011559,-3.271695677,0.521482686,-0.226066797,0.523897603,2.118291389,-2.065137676,-0.234868180,-0.000166972,-0.000274160,0.000029792,-0.000120039,-0.000714083,-0.001748258
10.561716987,1789526650.916312933,-0.113138978,-1.773200814,-1.617183034,-4.695017521,4.755035877,-3.271647517,0.521470776,-0.226087535,0.523867992,2.118176909,-2.065193194,-0.234883196,-0.000145336,-0.000227684,0.000030535,-0.000058809,-0.000640957,-0.001434843
10.569706480,1789526650.924302340,-0.113126580,-1.773176972,-1.617171113,-4.694993440,4.755047798,-3.271647517,0.521468028,-0.226081523,0.523882780,2.118213301,-2.065202868,-0.234802635,-0.000128442,-0.000196431,0.000028784,-0.000031502,-0.000585667,-0.001198595
10.577741644,1789526650.932337761,-0.113138978,-1.773212735,-1.617159192,-4.695005361,4.755035877,-3.271683518,0.521481063,-0.226088688,0.523869898,2.118227473,-2.065169216,-0.234861030,-0.000119469,-0.000171276,0.000033983,-0.000019107,-0.000543867,-0.001031073
10.585778899,1789526650.940374851,-0.113150899,-1.773212735,-1.617159192,-4.695017521,4.755035877,-3.271659676,0.521477604,-0.226094824,0.523871525,2.118184116,-2.065200245,-0.234873087,-0.000109102,-0.000172807,0.000030407,-0.000220356,-0.000486584,-0.000865324
10.593697080,1789526650.948292971,-0.113102738,-1.773200814,-1.617146794,-4.695029442,4.755059719,-3.271707598,0.521485354,-0.226071563,0.523884890,2.118280088,-2.065090075,-0.234835956,-0.000097809,-0.000153133,0.000028588,-0.000201281,-0.000434972,-0.000770924
10.601785153,1789526650.956381083,-0.113138978,-1.773176972,-1.617206875,-4.695017521,4.755035877,-3.271647517,0.521456567,-0.226085928,0.523870940,2.118176876,-2.065193147,-0.234883119,-0.000093236,-0.000139666,0.000031150,-0.000185815,-0.000415077,-0.000689358
10.609749744,1789526650.964345694,-0.113150899,-1.773188893,-1.617183034,-4.695053283,4.755035877,-3.271683518,0.521461150,-0.226092983,0.523879256,2.118192690,-2.065157630,-0.234916415,-0.000088663,-0.000126209,0.000033715,-0.000174796,-0.000395471,-0.000626438
10.617721035,1789526650.972316980,-0.113114659,-1.773188893,-1.617171113,-4.695005361,4.755059719,-3.271671597,0.521474551,-0.226076854,0.523877936,2.118234986,-2.065145712,-0.234819539,-0.000081946,-0.000119993,0.000029333,-0.000162286,-0.000363184,-0.000576314
10.625707641,1789526650.980303526,-0.113114659,-1.773165051,-1.617206875,-4.695017521,4.755011559,-3.271683518,0.521457604,-0.226070485,0.523877334,2.118254897,-2.065150930,-0.234894855,-0.000079055,-0.000113323,0.000029330,-0.000157833,-0.000362893,-0.000544881
10.633769189,1789526650.988365889,-0.113114659,-1.773165051,-1.617171113,-4.695005361,4.755059719,-3.271623675,0.521465179,-0.226075787,0.523890897,2.118194632,-2.065206370,-0.234786211,-0.000069456,-0.000100439,0.000024948,-0.000145345,-0.000330606,-0.000481971
10.641718053,1789526650.996313810,-0.113150899,-1.773188893,-1.617146794,-4.694993440,4.755071640,-3.271635596,0.521471930,-0.226097473,0.523886597,2.118173262,-2.065233524,-0.234767283,-0.000073255,-0.000148118,0.000029606,-0.000713919,-0.000248154,-0.000314229
10.649713440,1789526651.004310131,-0.113114659,-1.773188893,-1.617159192,-4.695017521,4.755107403,-3.271659676,0.521475767,-0.226081414,0.523884737,2.118203541,-2.065128188,-0.234771938,-0.000106968,-0.000144359,-0.000040187,-0.000691232,-0.000082737,-0.000295461
10.657733354,1789526651.012329102,-0.113138978,-1.773200814,-1.617206875,-4.695017521,4.755131721,-3.271659676,0.521465054,-0.226095778,0.523858316,2.118141431,-2.065109502,-0.234818636,-0.000122084,-0.000304487,-0.000031201,-0.002447146,0.000130011,0.000153798
10.665672217,1789526651.020268440,-0.113126580,-1.773188893,-1.617194955,-4.695017521,4.755131721,-3.271635596,0.521465591,-0.226089049,0.523869803,2.118139076,-2.065132351,-0.234786887,-0.000114165,-0.000298394,-0.000038151,-0.002441252,0.000142958,0.000185169
10.673692885,1789526651.028288841,-0.113162820,-1.773176972,-1.617230717,-4.695029442,4.755131721,-3.271623675,0.521444706,-0.226106525,0.523862859,2.118073281,-2.065166094,-0.234830314,-0.000113789,-0.000282448,-0.000036195,-0.002272150,0.000143776,0.000145735
10.681767174,1789526651.036363840,-0.113126580,-1.773224656,-1.617206875,-4.695005361,4.755215168,-3.271623675,0.521477222,-0.226098106,0.523844023,2.118076724,-2.065074755,-0.234744348,-0.000378197,-0.000299277,-0.000576366,-0.002682660,0.001488330,0.000309831
10.689713949,1789526651.044310331,-0.113114659,-1.773176972,-1.617278878,-4.695029442,4.755191326,-3.271647517,0.521445273,-0.226085784,0.523842843,2.118100087,-2.065027144,-0.234823317,-0.000375315,-0.000292610,-0.000576366,-0.002682656,0.001488300,0.000322751
10.697794354,1789526651.052390575,-0.113138978,-1.773224656,-1.617255036,-4.695053283,4.755179405,-3.271683518,0.521461967,-0.226099889,0.523830082,2.118096825,-2.065000557,-0.234896759,-0.000363203,-0.000210465,-0.000583921,-0.001802638,0.001424718,0.000134825
10.705797014,1789526651.060392857,-0.113126580,-1.773165051,-1.617243115,-4.695005361,4.755203247,-3.271623675,0.521446551,-0.226093526,0.523861163,2.118092544,-2.065093998,-0.234729467,-0.000316182,-0.000160630,-0.000500144,-0.001249993,0.001158293,-0.000001832
10.713812741,1789526651.068408489,-0.113150899,-1.773188893,-1.617266957,-4.694981519,4.755215168,-3.271623675,0.521446972,-0.226107983,0.523835043,2.118052467,-2.065101415,-0.234748045,-0.000255837,-0.000130163,-0.000388544,-0.000959562,0.000857158,-0.000045280
10.721709298,1789526651.076305151,-0.113114659,-1.773188893,-1.617243115,-4.695017521,4.755203247,-3.271635596,0.521457854,-0.226088297,0.523849829,2.118099837,-2.065050268,-0.234769997,-0.000221532,-0.000116238,-0.000316869,-0.000790180,0.000690650,-0.000089283
10.729715739,1789526651.084311485,-0.113138978,-1.773152653,-1.617266957,-4.695029442,4.755239010,-3.271659676,0.521432196,-0.226102016,0.523861237,2.118088333,-2.065030913,-0.234741182,-0.000191462,-0.000100159,-0.000263658,-0.000669859,0.000549628,-0.000088711
10.737724032,1789526651.092319965,-0.113114659,-1.773188893,-1.617266957,-4.695053283,4.755191326,-3.271635596,0.521450881,-0.226086430,0.523844559,2.118075754,-2.065026913,-0.234848539,-0.000172248,-0.000091647,-0.000226481,-0.000568372,0.000448465,-0.000115112
10.745683580,1789526651.100279570,-0.113126580,-1.773212735,-1.617290799,-4.695005361,4.755203247,-3.271647517,0.521455615,-0.226094581,0.523815217,2.118072333,-2.065020984,-0.234839992,-0.000161520,-0.000087524,-0.000222891,-0.000514071,0.000429652,-0.000128324
10.753822274,1789526651.108418226,-0.113126580,-1.773200814,-1.617255036,-4.695005361,4.755191326,-3.271683518,0.521458298,-0.226093764,0.523836674,2.118138908,-2.065016417,-0.234802802,-0.000162182,-0.000082128,-0.000220535,-0.000456300,0.000442605,-0.000141488
10.761763427,1789526651.116359472,-0.113090817,-1.773200814,-1.617243115,-4.695005361,4.755191326,-3.271647517,0.521468802,-0.226075385,0.523841680,2.118140892,-2.065019355,-0.234779723,-0.000158756,-0.000070197,-0.000220739,-0.000396197,0.000436759,-0.000123257
10.769751879,1789526651.124347687,-0.113114659,-1.773212735,-1.617255036,-4.695029442,4.755191326,-3.271611754,0.521464167,-0.226087923,0.523833415,2.118055693,-2.065057250,-0.234832001,-0.000158409,-0.000066679,-0.000220871,-0.000359084,0.000432698,-0.000132033
10.777717548,1789526651.132313251,-0.113150899,-1.773200814,-1.617302720,-4.694993440,4.755215168,-3.271623675,0.521443650,-0.226107629,0.523815138,2.118023724,-2.065070783,-0.234815057,-0.000158068,-0.000063157,-0.000221004,-0.000321964,0.000428636,-0.000140830
10.785756384,1789526651.140353203,-0.113126580,-1.773200814,-1.617255036,-4.695017521,4.755203247,-3.271659676,0.521457425,-0.226094777,0.523838343,2.118102661,-2.065026890,-0.234801683,-0.000157877,-0.000061405,-0.000221076,-0.000303421,0.000426594,-0.000145237
10.793756518,1789526651.148352623,-0.113114659,-1.773200814,-1.617266957,-4.694993440,4.755203247,-3.271659676,0.521459212,-0.226088449,0.523830115,2.118120194,-2.065019999,-0.234786408,-0.000156017,-0.000052858,-0.000218578,-0.000278299,0.000443889,-0.000118153
10.801767213,1789526651.156363249,-0.113126580,-1.773176972,-1.617255036,-4.694981519,4.755215168,-3.271671597,0.521450204,-0.226095039,0.523846529,2.118139718,-2.065038266,-0.234724403,-0.000156011,-0.000052856,-0.000218582,-0.000278292,0.000443890,-0.000118169
10.809764579,1789526651.164360523,-0.113150899,-1.773200814,-1.617266957,-4.695017521,4.755250931,-3.271659676,0.521449067,-0.226111558,0.523833505,2.118054525,-2.065018256,-0.234772099,-0.000143211,-0.000054293,-0.000209419,-0.000281048,0.000418477,-0.000118169
10.817712579,1789526651.172308445,-0.113126580,-1.773224656,-1.617290799,-4.695029442,4.755203247,-3.271659676,0.521458789,-0.226094956,0.523811958,2.118068174,-2.064990157,-0.234882126,-0.000132841,-0.000055453,-0.000187942,-0.000286668,0.000367651,-0.000118179
10.825740495,1789526651.180336475,-0.113138978,-1.773224656,-1.617230717,-4.695005361,4.755191326,-3.271635596,0.521469800,-0.226101847,0.523833926,2.118075143,-2.065078889,-0.234797549,-0.000122454,-0.000056611,-0.000166474,-0.000292269,0.000316832,-0.000118236
10.833741965,1789526651.188337803,-0.113102738,-1.773188893,-1.617302720,-4.695005361,4.755203247,-3.271683518,0.521449216,-0.226080812,0.523823171,2.118140444,-2.064964267,-0.234828162,-0.000114675,-0.000057481,-0.000150367,-0.000292026,0.000278977,-0.000099600
10.841733421,1789526651.196329117,-0.113114659,-1.773176972,-1.617302720,-4.695053283,4.755215168,-3.271635596,0.521438718,-0.226087272,0.523836104,2.118054990,-2.064999923,-0.234852156,-0.000106593,-0.000051392,-0.000139630,-0.000294827,0.000253567,-0.000086820
10.849713215,1789526651.204308987,-0.113102738,-1.773188893,-1.617266957,-4.694993440,4.755227089,-3.271647517,0.521457002,-0.226083884,0.523836679,2.118115273,-2.065010485,-0.234746594,-0.000072502,0.000014685,-0.000128895,-0.000297632,0.000228151,0.000040970
10.857690877,1789526651.212286711,-0.113114659,-1.773176972,-1.617266957,-4.695053283,4.755203247,-3.271635596,0.521446086,-0.226086989,0.523851081,2.118076881,-2.065025657,-0.234823541,-0.000067310,0.000014107,-0.000118159,-0.000300434,0.000202744,0.000040971
10.865694693,1789526651.220290661,-0.113126580,-1.773152653,-1.617302720,-4.694957439,4.755215168,-3.271659676,0.521432480,-0.226093030,0.523836502,2.118127072,-2.065050696,-0.234721907,0.000057035,0.000001063,-0.000361360,-0.000512420,-0.001709398,0.000035381
10.873748693,1789526651.228344679,-0.113126580,-1.773176972,-1.617290799,-4.694993440,4.755239010,-3.271623675,0.521441978,-0.226096336,0.523833189,2.118055649,-2.065047478,-0.234748384,0.000166730,-0.000010428,-0.000584286,-0.000701881,-0.003418259,0.000030401
10.881738411,1789526651.236334324,-0.113114659,-1.773176972,-1.617278878,-4.694898073,4.755215168,-3.271659676,0.521453299,-0.226088831,0.523825354,2.118167116,-2.065067949,-0.234654198,0.000176785,-0.000011514,-0.000583786,-0.000713092,-0.003519909,0.000030128
10.889746963,1789526651.244342804,-0.113126580,-1.773212735,-1.617278878,-4.694909517,4.755215168,-3.271611754,0.521463940,-0.226096572,0.523807444,2.118080835,-2.065105390,-0.234702501,0.000207038,-0.000014698,-0.000637422,-0.000763137,-0.003970938,0.000028846
10.897682188,1789526651.252278090,-0.113138978,-1.773200814,-1.617255036,-4.694862072,4.755203247,-3.271647517,0.521464380,-0.226102263,0.523817548,2.118151992,-2.065133152,-0.234627022,0.000295157,-0.000023937,-0.000814142,-0.000910167,-0.005336467,0.000043481
10.905705131,1789526651.260301113,-0.113114659,-1.773176972,-1.617266957,-4.694778148,4.755179405,-3.271635596,0.521463578,-0.226086611,0.523814193,2.118218288,-2.065182395,-0.234537476,0.000457597,-0.000041126,-0.001134053,-0.001150745,-0.007509107,0.000036936
10.913713612,1789526651.268309593,-0.113114659,-1.773200814,-1.617278878,-4.694754068,4.755203247,-3.271647517,0.521471821,-0.226089751,0.523793089,2.118216273,-2.065149731,-0.234529153,0.000617903,-0.000056117,-0.001475243,-0.001413192,-0.010045848,0.000025092
10.921702075,1789526651.276298046,-0.113114659,-1.773140732,-1.617338959,-4.694622223,4.755227089,-3.271683518,0.521444074,-0.226088754,0.523782965,2.118309222,-2.065166542,-0.234362500,0.000018038,0.000013947,-0.000636002,-0.001569271,-0.011584760,0.000020847
10.929687910,1789526651.284283638,-0.113102738,-1.773152653,-1.617278878,-4.694550697,4.755215168,-3.271623675,0.521468254,-0.226083809,0.523792110,2.118318462,-2.065282902,-0.234229922,0.000378772,-0.000022023,-0.001392249,-0.002179403,-0.017259731,-0.000000227
10.937710809,1789526651.292306662,-0.113102738,-1.773140732,-1.617266957,-4.694383327,4.755215168,-3.271659676,0.521476507,-0.226084646,0.523781214,2.118449278,-2.065345089,-0.234019812,0.000796773,-0.000104392,-0.001851390,-0.001684825,-0.013005957,-0.000060706
10.945684744,1789526651.300280571,-0.113090817,-1.773152653,-1.617278878,-4.694299404,4.755203247,-3.271623675,0.521486852,-0.226078152,0.523758461,2.118455490,-2.065406746,-0.233957426,-0.000284745,0.000021281,-0.000562981,-0.002565860,-0.020869515,-0.000073291
10.953748644,1789526651.308344603,-0.113090817,-1.773128812,-1.617290799,-4.694167558,4.755227089,-3.271659676,0.521483133,-0.226079867,0.523748869,2.118554218,-2.065429730,-0.233777456,-0.000229065,0.000040388,-0.000672714,-0.002415974,-0.021889021,-0.000137472
10.961699910,1789526651.316294432,-0.113126580,-1.773152653,-1.617302720,-4.694000189,4.755191326,-3.271635596,0.521492850,-0.226097137,0.523708395,2.118569988,-2.065583780,-0.233665843,0.000359789,-0.000027374,-0.001427560,-0.002085271,-0.018941827,-0.000133984
10.969694054,1789526651.324288845,-0.113126580,-1.773092572,-1.617290799,-4.693844740,4.755191326,-3.271647517,0.521481444,-0.226095743,0.523725280,2.118692186,-2.065688774,-0.233411547,-0.002081013,0.000253713,0.001700970,-0.003500031,-0.031524236,-0.000149294
10.977628447,1789526651.332222939,-0.113138978,-1.773057286,-1.617290799,-4.693700973,4.755167484,-3.271635596,0.521474046,-0.226099392,0.523725158,2.118762343,-2.065821476,-0.233233312,0.000437694,0.000091125,-0.001893008,-0.001836527,-0.028356810,-0.000459340
10.985601748,1789526651.340196371,-0.113114659,-1.773044888,-1.617290799,-4.693485681,4.755131721,-3.271635596,0.521488559,-0.226084297,0.523702992,2.118909470,-2.065934001,-0.233008680,0.000896366,0.000039111,-0.002512593,-0.001747497,-0.027588530,-0.000460040
10.993643570,1789526651.348238230,-0.113114659,-1.772997204,-1.617278878,-4.693257991,4.755143642,-3.271683518,0.521486481,-0.226085028,0.523703532,2.119094653,-2.066026078,-0.232680310,-0.001029710,0.000920677,-0.000017830,0.003913444,-0.039287582,-0.002073492
11.001619508,1789526651.356214285,-0.113126580,-1.772961442,-1.617278878,-4.692959253,4.755035877,-3.271671597,0.521489564,-0.226081740,0.523682670,2.119272488,-2.066290111,-0.232408523,0.000486722,0.000349320,-0.002243822,-0.000066888,-0.037153436,-0.001096883
11.009678999,1789526651.364274263,-0.113114659,-1.772877518,-1.617302720,-4.692719404,4.755035877,-3.271635596,0.521469576,-0.226072814,0.523686227,2.119389233,-2.066467662,-0.232064472,-0.001251122,0.000423466,-0.000049210,-0.002434066,-0.046352057,-0.000798783
11.017681244,1789526651.372276783,-0.113102738,-1.772841279,-1.617278878,-4.692408506,4.755035877,-3.271647517,0.521482504,-0.226067570,0.523674409,2.119591946,-2.066633395,-0.231647010,-0.000202377,0.000700367,-0.001595537,0.001593914,-0.047706976,-0.001770942
11.025720417,1789526651.380316257,-0.113150899,-1.772781674,-1.617243115,-4.692085449,4.754963398,-3.271659676,0.521476546,-0.226086324,0.523678433,2.119786765,-2.066934353,-0.231254378,-0.001026400,0.000479786,0.000139346,-0.001926498,-0.052637713,-0.001133007
11.033763511,1789526651.388359308,-0.113150899,-1.772673432,-1.617230717,-4.691702549,4.754939556,-3.271623675,0.521460976,-0.226082114,0.523691267,2.119998735,-2.067244415,-0.230705692,-0.001062984,0.000984824,-0.000011825,0.002531199,-0.059871988,-0.002358432
11.041769422,1789526651.396365404,-0.113090817,-1.772601906,-1.617243115,-4.691319648,4.754831791,-3.271683518,0.521469175,-0.226039966,0.523673437,2.120376729,-2.067411048,-0.230312426,-0.000681845,0.000860984,-0.000789156,0.001634326,-0.064982216,0.000184658
11.049699593,1789526651.404295444,-0.113114659,-1.772493664,-1.617218796,-4.690864984,4.754771709,-3.271659676,0.521455573,-0.226045619,0.523681600,2.120632601,-2.067800422,-0.229709249,-0.000828337,0.000704024,-0.000180352,-0.001225876,-0.073767078,0.000602088
11.057681474,1789526651.412277222,-0.113138978,-1.772362534,-1.617194955,-4.690421764,4.754712105,-3.271707598,0.521432077,-0.226050458,0.523703550,2.120970690,-2.068122736,-0.229102567,-0.000571297,0.001149527,-0.000775787,0.002803320,-0.081277209,-0.001055007
11.065748711,1789526651.420344591,-0.113126580,-1.772302453,-1.617171113,-4.689871256,4.754628181,-3.271707598,0.521451874,-0.226037819,0.523672500,2.121319868,-2.068486767,-0.228467508,-0.000022422,0.000569357,0.001443028,-0.000006597,-0.090442013,-0.001866409
11.073698650,1789526651.428294659,-0.113198582,-1.772194688,-1.617135350,-4.689249221,4.754532337,-3.271779362,0.521440997,-0.226066717,0.523662831,2.121730972,-2.068945866,-0.227716423,-0.000133952,0.000277117,0.000073404,0.004457056,-0.098565671,0.004113329
11.081773318,1789526651.436369181,-0.113210503,-1.772062604,-1.617063347,-4.688626949,4.754412651,-3.271767441,0.521441816,-0.226061844,0.523681545,2.122149296,-2.069468810,-0.226900653,-0.000458404,0.000284786,-0.001068748,0.002346011,-0.103675557,-0.001025950
11.089738285,1789526651.444334269,-0.113222901,-1.771919076,-1.617027108,-4.687884990,4.754364491,-3.271791522,0.521437814,-0.226063260,0.523675776,2.122623446,-2.069960537,-0.225912338,0.000844074,0.000366049,0.001790513,-0.000710405,-0.121545086,-0.002353901
11.097726345,1789526651.452322245,-0.113186661,-1.771751229,-1.616931264,-4.687130634,4.754172802,-3.271875207,0.521449587,-0.226026520,0.523706210,2.123312846,-2.070475023,-0.224955509,-0.000204633,0.000785862,-0.000622497,0.002159837,-0.121833107,0.007802960
11.105681364,1789526651.460277319,-0.113198582,-1.771607701,-1.616895024,-4.686245386,4.754148960,-3.271910969,0.521454852,-0.226030901,0.523681554,2.123858711,-2.071012270,-0.223782402,0.001407102,0.000617556,0.001477752,-0.002002277,-0.139588778,0.000331402
11.113712812,1789526651.468308687,-0.113246743,-1.771427933,-1.616847340,-4.685371582,4.753981113,-3.271922890,0.521440748,-0.226039559,0.523682508,2.124417052,-2.071720398,-0.222708966,0.000284708,-0.000314489,-0.000905556,-0.000159475,-0.142890712,0.004250108
11.121680564,1789526651.476276398,-0.113234822,-1.771272008,-1.616787259,-4.684426014,4.753885269,-3.272006814,0.521456200,-0.226025334,0.523666497,2.125112897,-2.072275056,-0.221498498,-0.000432919,-0.000387859,-0.000460545,-0.002490612,-0.148292577,0.001145895
11.129717886,1789526651.484313965,-0.113259141,-1.771092240,-1.616691415,-4.683421079,4.753789902,-3.272066657,0.521465352,-0.226030215,0.523670706,2.125803285,-2.072954261,-0.220153836,0.000815821,0.001443245,0.000495514,-0.002041054,-0.165852755,0.000742809
11.137738474,1789526651.492334604,-0.113282983,-1.770924870,-1.616607491,-4.682283823,4.753681660,-3.272102181,0.521485929,-0.226034872,0.523645638,2.126524077,-2.073720334,-0.218695508,0.000173114,-0.000301785,0.000868899,-0.000303301,-0.177202894,0.004345517
11.145667448,1789526651.500263214,-0.113306824,-1.770673100,-1.616559331,-4.681075279,4.753561497,-3.272198264,0.521471041,-0.226034357,0.523641999,2.127372006,-2.074492337,-0.217119368,0.000452444,-0.000382895,0.000809428,-0.000701049,-0.190713199,0.004230703
11.153696188,1789526651.508292198,-0.113318745,-1.770445649,-1.616415326,-4.679902736,4.753393650,-3.272342030,0.521486243,-0.226026304,0.523670290,2.128319265,-2.075248870,-0.215552548,0.000712369,0.000709560,0.000821241,-0.001711484,-0.195217532,0.001412938
11.161667279,1789526651.516263247,-0.113354985,-1.770181958,-1.616355244,-4.678669874,4.753262520,-3.272389475,0.521468475,-0.226031207,0.523675162,2.129128784,-2.076113672,-0.213925375,0.000186181,-0.000146573,0.001477225,-0.000557745,-0.198819401,0.005224759
11.169563438,1789526651.524158001,-0.113390748,-1.769942109,-1.616258923,-4.677389328,4.753082275,-3.272485320,0.521471401,-0.226033612,0.523676021,2.130039211,-2.076988357,-0.212282400,-0.000240222,-0.000047120,0.000293131,0.002073161,-0.201828321,0.000521295
11.177618313,1789526651.532212734,-0.113414590,-1.769703213,-1.616127316,-4.676144544,4.752914429,-3.272509400,0.521482384,-0.226031565,0.523696184,2.130877755,-2.077913776,-0.210617355,0.000430536,0.001012880,0.002237427,0.000366085,-0.206200988,0.003295502
11.185557518,1789526651.540152073,-0.113462750,-1.769415204,-1.616067235,-4.674864475,4.752735138,-3.272641246,0.521456719,-0.226037596,0.523708304,2.131819091,-2.078768537,-0.208963375,-0.001296689,-0.001967537,0.000379622,0.001061646,-0.205735974,-0.005324970
11.193602040,1789526651.548196554,-0.113462750,-1.769151513,-1.615983311,-4.673583690,4.752555370,-3.272664849,0.521456674,-0.226020138,0.523717324,2.132691040,-2.079680074,-0.207289253,0.000892435,0.000628507,0.001920945,0.002229400,-0.208295200,0.004322371
11.201571037,1789526651.556165695,-0.113486592,-1.768947903,-1.615911786,-4.672326748,4.752339840,-3.272736613,0.521471349,-0.226014113,0.523691623,2.133559927,-2.080541068,-0.205766899,-0.000237316,0.000996996,-0.000928166,0.001261844,-0.198332638,0.003448330
11.209569640,1789526651.564164400,-0.113510434,-1.768660371,-1.615791623,-4.671046440,4.752207756,-3.272772614,0.521463993,-0.226013271,0.523729449,2.134429689,-2.081465425,-0.203980415,0.000426117,-0.001359765,0.001715763,-0.001069197,-0.207610810,-0.007840125
11.217617934,1789526651.572212934,-0.113534753,-1.768420998,-1.615695302,-4.669825737,4.752027988,-3.272928063,0.521467332,-0.226009536,0.523738870,2.135385119,-2.082229530,-0.202402934,-0.000374769,0.000048415,-0.000506502,0.001063528,-0.199146360,-0.001018330
11.225617589,1789526651.580213070,-0.113546673,-1.768193547,-1.615623776,-4.668569271,4.751920700,-3.272903983,0.521475076,-0.226006230,0.523726996,2.136127559,-2.083118622,-0.200732401,0.000490993,0.000832310,0.000243192,-0.000122611,-0.199555136,0.004062946
11.233679289,1789526651.588274956,-0.113594357,-1.767977540,-1.615527455,-4.667300884,4.751680374,-3.272987906,0.521486606,-0.226010577,0.523717539,2.137017879,-2.084029471,-0.199177648,0.000241590,-0.000941447,0.000244048,0.001479529,-0.202136396,-0.000534553
11.241653527,1789526651.596249342,-0.113618676,-1.767702405,-1.615443532,-4.666032020,4.751536846,-3.272987906,0.521477048,-0.226008705,0.523735390,2.137822499,-2.084964359,-0.197461236,0.000364558,0.000293061,-0.000571695,-0.000691144,-0.198162095,-0.004310243
11.249682583,1789526651.604279041,-0.113630597,-1.767462556,-1.615419690,-4.664823476,4.751333237,-3.273119752,0.521468666,-0.225994675,0.523716491,2.138733379,-2.085707325,-0.195993384,0.000946759,0.000759898,-0.000595945,-0.000966295,-0.200838843,0.003271098
11.257664657,1789526651.612260580,-0.113654439,-1.767246548,-1.615287606,-4.663507167,4.751201630,-3.273179356,0.521495896,-0.225997802,0.523716705,2.139614573,-2.086589829,-0.194228108,0.000419970,-0.001368004,-0.000132925,0.000451365,-0.200707617,-0.007028228
11.265656608,1789526651.620252371,-0.113690201,-1.766983334,-1.615228001,-4.662250702,4.751009941,-3.273239199,0.521483895,-0.225997467,0.523719700,2.140468470,-2.087477965,-0.192618181,0.001023397,0.000723554,-0.000174753,0.001007141,-0.204305982,0.007025729
11.273662638,1789526651.628258467,-0.113702599,-1.766791646,-1.615131680,-4.661017839,4.750877857,-3.273311202,0.521510841,-0.225994321,0.523702797,2.141306145,-2.088261388,-0.191014998,-0.000576093,-0.000960847,-0.000521326,-0.001822887,-0.195147574,-0.005364010
11.281675587,1789526651.636271477,-0.113786523,-1.766516511,-1.615083996,-4.659725372,4.750686169,-3.273395125,0.521483831,-0.226018612,0.523702803,2.142153995,-2.089194367,-0.189369234,0.000407600,-0.000551440,0.000695538,0.002305458,-0.206806603,0.004153649
11.289735928,1789526651.644331932,-0.113786523,-1.766312424,-1.614963833,-4.658444826,4.750482559,-3.273430649,0.521518049,-0.226002844,0.523696599,2.143033452,-2.090085232,-0.187731159,-0.000434517,0.000509840,0.001268080,0.000382619,-0.197188575,-0.002875295
11.297662400,1789526651.652258396,-0.113810364,-1.766036812,-1.614892308,-4.657236520,4.750338554,-3.273526494,0.521503582,-0.226000142,0.523718442,2.143905637,-2.090878261,-0.186099666,-0.000814659,-0.000579961,-0.000186135,0.002210168,-0.199810065,0.013709281
11.305665042,1789526651.660260916,-0.113846127,-1.765809838,-1.614843671,-4.655919973,4.750146866,-3.273598496,0.521509048,-0.226001775,0.523689982,2.144776890,-2.091755760,-0.184469739,0.000326038,-0.000255534,0.001668317,-0.001862141,-0.204673740,-0.003211273
11.313650053,1789526651.668246031,-0.113894288,-1.765509907,-1.614784066,-4.654687111,4.749991417,-3.273622100,0.521479418,-0.226009575,0.523717037,2.145567573,-2.092673979,-0.182798966,-0.000991600,-0.000109367,0.000763608,-0.000885057,-0.199013680,0.012259113
11.321706244,1789526651.676302671,-0.113930051,-1.765281979,-1.614700143,-4.653382723,4.749871731,-3.273729865,0.521490725,-0.226018543,0.523706205,2.146457488,-2.093480951,-0.181072744,0.000822183,-0.000523696,0.001911821,-0.003157692,-0.202682858,-0.001672820
11.329667330,1789526651.684263229,-0.113966290,-1.764994923,-1.614640061,-4.652078334,4.749715328,-3.273765866,0.521474463,-0.226021217,0.523717445,2.147300742,-2.094401397,-0.179332287,0.000124140,0.000113980,0.000296580,-0.000518754,-0.201578513,0.005990647
11.337680768,1789526651.692276716,-0.113990132,-1.764743153,-1.614532296,-4.650773946,4.749547958,-3.273849789,0.521484980,-0.226019136,0.523729899,2.148218632,-2.095270249,-0.177590629,0.000464586,-0.000637879,0.002679005,-0.001851707,-0.203401550,-0.003702422
11.345644871,1789526651.700240612,-0.114002053,-1.764527623,-1.614459817,-4.649505560,4.749392509,-3.273885791,0.521502867,-0.226012518,0.523712529,2.149040570,-2.096114058,-0.175953641,-0.000185741,0.000239962,-0.000559147,0.002538879,-0.199953397,0.007423673
11.353674778,1789526651.708270550,-0.114013974,-1.764240090,-1.614376370,-4.648248617,4.749188423,-3.273981158,0.521494629,-0.225998394,0.523740475,2.149981119,-2.096959879,-0.174286022,0.000378835,0.000647982,0.002631773,0.001023768,-0.202347172,0.000689168
11.361647148,1789526651.716243029,-0.114086453,-1.764000241,-1.614316289,-4.646932308,4.748984814,-3.274017159,0.521491121,-0.226017985,0.523725004,2.150789824,-2.097927817,-0.172630238,-0.000906233,-0.000640224,-0.000294347,0.002542772,-0.202530840,-0.007386526
11.369699986,1789526651.724295855,-0.114122216,-1.763748948,-1.614292447,-4.645699684,4.748769283,-3.274077002,0.521478484,-0.226015388,0.523711304,2.151615726,-2.098782565,-0.171108418,-0.001130082,0.000743743,-0.000105956,0.003604188,-0.195424671,-0.000815816
11.377591249,1789526651.732187033,-0.114170376,-1.763485257,-1.614183728,-4.644394819,4.748613834,-3.274112527,0.521480308,-0.226026726,0.523731462,2.152455417,-2.099723126,-0.169330223,0.000206676,-0.001377215,0.000699795,-0.000177905,-0.204113304,-0.000426395
11.385680127,1789526651.740276814,-0.114182297,-1.763197724,-1.614112202,-4.643162433,4.748433590,-3.274196450,0.521468713,-0.226014444,0.523758219,2.153354725,-2.100544379,-0.167674886,-0.002026047,-0.000930218,-0.000340430,0.002366422,-0.194721531,0.000015174
11.393644497,1789526651.748240471,-0.114157979,-1.762934033,-1.614052121,-4.641881887,4.748218060,-3.274232451,0.521476371,-0.225981240,0.523760954,2.154259811,-2.101401995,-0.166029188,0.002507703,0.000572748,0.003245664,-0.002951820,-0.211955370,-0.002741281
11.401679071,1789526651.756274939,-0.114241902,-1.762694661,-1.613980118,-4.640613500,4.748098373,-3.274352376,0.521470024,-0.226014571,0.523757562,2.155092322,-2.102221837,-0.164336852,-0.001187287,-0.002323805,-0.000664582,0.002587288,-0.197027479,-0.000821155
11.409647137,1789526651.764242887,-0.114278142,-1.762443368,-1.613944356,-4.639284794,4.747906685,-3.274364297,0.521467663,-0.226015561,0.523737356,2.155903756,-2.103161421,-0.162655790,0.001224074,0.000329573,0.002231738,-0.000132946,-0.206142593,-0.002845680
11.417626302,1789526651.772222996,-0.114290063,-1.762131516,-1.613848511,-4.638076250,4.747726917,-3.274423901,0.521450786,-0.226002715,0.523791416,2.156786544,-2.104015881,-0.160963409,-0.000460010,-0.000270155,0.001587506,0.002846676,-0.199037605,0.010569843
11.425633373,1789526651.780229092,-0.114362065,-1.761892144,-1.613800351,-4.636807863,4.747510910,-3.274495665,0.521443982,-0.226020546,0.523778046,2.157608873,-2.104915907,-0.159381790,-0.001285054,-0.001102505,-0.001381065,0.001175889,-0.196940637,-0.003908462
11.433670196,1789526651.788265944,-0.114350144,-1.761628453,-1.613728348,-4.635491316,4.747391224,-3.274555747,0.521454280,-0.226003291,0.523782318,2.158505565,-2.105723370,-0.157584696,0.000566194,-0.000138930,0.001606667,-0.000659440,-0.202900710,0.007915575
11.441635291,1789526651.796231985,-0.114385907,-1.761352841,-1.613692109,-4.634282533,4.747223854,-3.274639670,0.521434715,-0.226004364,0.523791687,2.159339303,-2.106521811,-0.155991857,-0.001076960,-0.001246946,-0.000471629,0.001565834,-0.197646316,-0.000368355
11.449655407,1789526651.804251432,-0.114445988,-1.761113469,-1.613620106,-4.633026067,4.747055531,-3.274663273,0.521434925,-0.226020891,0.523790644,2.160104592,-2.107433400,-0.154340564,0.000625537,-0.000748583,0.000497203,-0.001256476,-0.202944409,-0.005523931
11.457634605,1789526651.812230587,-0.114457909,-1.760849778,-1.613524739,-4.631685678,4.746864319,-3.274723117,0.521447857,-0.226010334,0.523802140,2.161029165,-2.108330576,-0.152555904,0.000934610,0.000866752,-0.001264389,0.001407143,-0.199615771,0.001604647
11.465627033,1789526651.820223808,-0.114493672,-1.760645692,-1.613416497,-4.630416814,4.746720314,-3.274807040,0.521476039,-0.226019001,0.523796224,2.161879267,-2.109142034,-0.150866250,-0.000609703,-0.001955933,0.000316916,0.000702594,-0.200171257,-0.003472031
11.473640028,1789526651.828235865,-0.114553754,-1.760394398,-1.613368813,-4.629160349,4.746504784,-3.274890486,0.521467841,-0.226030196,0.523791630,2.162723775,-2.110010098,-0.149276360,0.001023451,-0.000533157,0.000432133,0.001319011,-0.204871872,-0.001038779
11.481640707,1789526651.836236477,-0.114565674,-1.760094945,-1.613308732,-4.627844040,4.746301174,-3.274962489,0.521458692,-0.226015976,0.523811065,2.163655015,-2.110887068,-0.147527773,0.000218675,0.000982657,-0.000729276,0.000879878,-0.194920025,0.004938823
11.489620285,1789526651.844217062,-0.114601437,-1.759831731,-1.613284890,-4.626575414,4.746169090,-3.275070254,0.521447034,-0.226021198,0.523801744,2.164512435,-2.111650823,-0.145854046,-0.000509241,-0.002835618,0.001155645,0.000251698,-0.205884251,-0.004183091
11.497649276,1789526651.852245331,-0.114661519,-1.759615723,-1.613212411,-4.625283186,4.745965958,-3.275058333,0.521461080,-0.226036073,0.523784523,2.165258179,-2.112621232,-0.144210192,-0.000341761,-0.000285208,-0.000880998,0.000490442,-0.197378953,-0.004591214
11.505635569,1789526651.860231400,-0.114625756,-1.759387795,-1.613188569,-4.623966638,4.745846272,-3.275153701,0.521483410,-0.226007173,0.523750241,2.166174679,-2.113315461,-0.142499824,0.000820126,0.000800444,-0.000144329,-0.001956985,-0.201150472,0.002658568
11.513627873,1789526651.868223667,-0.114685361,-1.759076897,-1.613140408,-4.622674171,4.745617867,-3.275165860,0.521456113,-0.226014686,0.523774444,2.166990451,-2.114307258,-0.140796863,-0.000611747,-0.002305527,0.000557493,0.001040946,-0.199308445,-0.003292859
11.521636563,1789526651.876233101,-0.114721600,-1.758837048,-1.613044564,-4.621381942,4.745462418,-3.275273625,0.521471302,-0.226021050,0.523780852,2.167889591,-2.115116586,-0.139055928,0.000424351,0.000823877,-0.001902047,0.001983276,-0.198392865,0.003079503
11.529688862,1789526651.884284735,-0.114757363,-1.758597199,-1.613020722,-4.620065157,4.745330811,-3.275249545,0.521473735,-0.226027912,0.523753490,2.168612412,-2.116026430,-0.137334791,0.000268582,-0.001203028,0.000029775,-0.000787048,-0.198916789,-0.005780204
11.537703550,1789526651.892299414,-0.114781205,-1.758333985,-1.612972562,-4.618748609,4.745102882,-3.275381390,0.521475867,-0.226019268,0.523749209,2.169582811,-2.116837517,-0.135661922,0.000280592,0.000000161,-0.000264632,0.003618194,-0.199613722,0.008476548
11.545628468,1789526651.900224209,-0.114829365,-1.758118455,-1.612877194,-4.617456381,4.744947433,-3.275369469,0.521498631,-0.226033038,0.523742718,2.170326691,-2.117771558,-0.133936831,-0.000095160,0.000348905,-0.001058036,-0.000019937,-0.197392582,-0.002961077
11.553653760,1789526651.908249617,-0.114841286,-1.757843320,-1.612864796,-4.616164152,4.744755745,-3.275476996,0.521489803,-0.226019991,0.523733098,2.171243330,-2.118548134,-0.132279455,-0.000081415,-0.001415388,0.001056270,0.001158397,-0.203370701,0.006550339
11.561677967,1789526651.916273832,-0.114877049,-1.757591073,-1.612805192,-4.614847366,4.744587898,-3.275500838,0.521496136,-0.226023926,0.523728419,2.172055349,-2.119448257,-0.130535553,-0.000239938,0.000478787,-0.001014205,0.001524062,-0.198590501,-0.002977975
11.569639204,1789526651.924235106,-0.114901368,-1.757339780,-1.612745110,-4.613578979,4.744408131,-3.275549237,0.521502245,-0.226020492,0.523729704,2.172888663,-2.120292120,-0.128860230,-0.000307906,-0.000585755,-0.000196708,0.000174790,-0.199533526,0.005485958
11.577693805,1789526651.932289839,-0.115021054,-1.757099930,-1.612745110,-4.612298671,4.744264126,-3.275632683,0.521479788,-0.226069319,0.523697684,2.173617139,-2.121154397,-0.127229403,-0.000360372,-0.000994111,0.001190373,0.002908969,-0.200626127,-0.003518217
11.585658126,1789526651.940253973,-0.114985291,-1.756764714,-1.612660710,-4.611041729,4.744084835,-3.275668685,0.521471128,-0.226031311,0.523756854,2.174542277,-2.121988463,-0.125431214,0.000284509,0.000548472,-0.000923871,0.001480981,-0.202001330,0.007949701
11.593684761,1789526651.948280573,-0.115032975,-1.756513421,-1.612648789,-4.609797184,4.743916988,-3.275764529,0.521460906,-0.226039924,0.523740957,2.175363282,-2.122763504,-0.123830520,-0.000273868,-0.001453972,0.001041095,-0.001482204,-0.198628492,-0.003451629
11.601636952,1789526651.956233501,-0.115081135,-1.756237809,-1.612600629,-4.608480875,4.743712902,-3.275776450,0.521454562,-0.226045825,0.523744887,2.176169462,-2.123712027,-0.122101274,0.000505829,-0.001078874,0.000494541,-0.001167492,-0.202479436,-0.000933607
11.609635267,1789526651.964231253,-0.115093533,-1.755974118,-1.612564389,-4.607236091,4.743593216,-3.275836531,0.521452471,-0.226040509,0.523746610,2.176981443,-2.124473060,-0.120402463,-0.000494816,0.000062588,-0.000612035,-0.002611741,-0.195783172,0.000975932
11.617648184,1789526651.972244263,-0.115117375,-1.755722348,-1.612492863,-4.605979387,4.743473530,-3.275919978,0.521460874,-0.226042651,0.523755704,2.177822601,-2.125237969,-0.118663453,0.000382222,-0.001702261,0.001434460,-0.001958809,-0.202476823,0.004519327
11.625613529,1789526651.980209351,-0.115165059,-1.755458657,-1.612432782,-4.604675476,4.743246078,-3.276015822,0.521461831,-0.226046971,0.523760309,2.178724749,-2.126101524,-0.116973476,-0.000632022,-0.000657639,-0.000293330,-0.000927683,-0.198577938,-0.000089606
11.633689044,1789526651.988284826,-0.115201298,-1.755183522,-1.612408940,-4.603418533,4.743125916,-3.276027743,0.521449003,-0.226053421,0.523761870,2.179463402,-2.126943167,-0.115256134,0.000898239,0.000523802,0.000485183,-0.004526090,-0.200255190,-0.001153375
11.641635784,1789526651.996232033,-0.115260903,-1.754919831,-1.612360779,-4.602198068,4.742994308,-3.276159588,0.521437901,-0.226071815,0.523772403,2.180302602,-2.127677607,-0.113586875,0.000182481,-0.002083488,0.000712827,0.000022067,-0.201905942,-0.000526718
11.649694869,1789526652.004291058,-0.115260903,-1.754656617,-1.612313096,-4.600869838,4.742778301,-3.276159588,0.521449839,-0.226052345,0.523768896,2.181148433,-2.128585824,-0.111857687,0.000326621,0.000080465,-0.002025791,0.002813361,-0.198735012,-0.004122454
11.657630558,1789526652.012226820,-0.115273301,-1.754428689,-1.612241093,-4.599636738,4.742599010,-3.276267115,0.521470301,-0.226044105,0.523768890,2.182032538,-2.129320040,-0.110225836,0.001560690,0.000864654,0.001736669,0.001354703,-0.203449097,0.001664368
11.665648061,1789526652.020243883,-0.115309064,-1.754212681,-1.612253014,-4.598356430,4.742383003,-3.276327197,0.521477246,-0.226043701,0.523720331,2.182835743,-2.130128606,-0.108683973,-0.000714764,-0.002083817,-0.000653856,0.002689152,-0.199149035,-0.005797726
11.673638441,1789526652.028234482,-0.115369145,-1.753901307,-1.612181012,-4.597051565,4.742203712,-3.276386563,0.521460270,-0.226057190,0.523757070,2.183687271,-2.131038870,-0.106865405,0.001217319,0.000713748,0.000984415,0.004000935,-0.208981863,0.003575480
11.681643667,1789526652.036239624,-0.115392987,-1.753649537,-1.612204854,-4.595771257,4.742012024,-3.276410643,0.521453684,-0.226050947,0.523723199,2.184462077,-2.131867649,-0.105265848,0.000253375,0.000044827,-0.000494316,0.000395180,-0.198952570,-0.003406485
11.689707718,1789526652.044303656,-0.115428750,-1.753362004,-1.612085168,-4.594478790,4.741820335,-3.276518408,0.521461032,-0.226052773,0.523769456,2.185401983,-2.132709547,-0.103444401,-0.000736136,-0.001154458,-0.000909224,0.002225894,-0.199918656,0.000619148
11.697688040,1789526652.052284002,-0.115464989,-1.753074948,-1.612109486,-4.593150322,4.741628170,-3.276542489,0.521442010,-0.226051801,0.523748893,2.186200765,-2.133589639,-0.101744972,0.001266367,0.000592938,0.000046587,0.001297470,-0.205338481,-0.002484696
11.705643576,1789526652.060239315,-0.115476910,-1.752858941,-1.612097088,-4.591870014,4.741484642,-3.276626412,0.521459893,-0.226046321,0.523711843,2.187028935,-2.134310255,-0.100097833,0.000617023,0.000903939,-0.000180715,-0.000972733,-0.198413161,0.007379754
11.713614643,1789526652.068210363,-0.115524594,-1.752559487,-1.612037007,-4.590541546,4.741305351,-3.276662175,0.521451151,-0.226053963,0.523734907,2.187865130,-2.135226608,-0.098269817,-0.000343688,-0.001271248,-0.001640072,-0.000752366,-0.202274880,-0.004527495
11.721625569,1789526652.076221704,-0.115560834,-1.752307717,-1.611965005,-4.589272682,4.741125107,-3.276697938,0.521461705,-0.226057523,0.523744792,2.188670377,-2.136084834,-0.096554028,0.000753693,-0.000308781,0.000407689,-0.001746713,-0.203147203,0.005909912
11.729661370,1789526652.084257364,-0.115572755,-1.752020661,-1.611929242,-4.587920849,4.741005421,-3.276745860,0.521462723,-0.226052238,0.523748196,2.189520930,-2.136905163,-0.094680047,0.000036348,0.000798078,0.000348232,-0.001665576,-0.199183319,0.000793011
11.737670345,1789526652.092266321,-0.115608517,-1.751745049,-1.611929242,-4.586616460,4.740813732,-3.276769702,0.521452702,-0.226052096,0.523735789,2.190312538,-2.137774443,-0.092986730,-0.001572767,-0.001692993,-0.000101412,-0.001357948,-0.203507941,-0.007034602
11.745643518,1789526652.100239277,-0.115644757,-1.751517121,-1.611893002,-4.585335437,4.740670204,-3.276829783,0.521466649,-0.226059467,0.523716323,2.191103403,-2.138560004,-0.091289564,0.000273910,0.000274114,0.000930601,0.001026894,-0.200007584,0.000895194
11.753665358,1789526652.108261347,-0.115680520,-1.751241986,-1.611832921,-4.584103052,4.740502357,-3.276853625,0.521463643,-0.226062365,0.523739015,2.191876992,-2.139407509,-0.089585454,-0.000720911,0.000463078,-0.001661172,-0.002316865,-0.197658328,-0.002144419
11.761639216,1789526652.116235018,-0.115716283,-1.750918214,-1.611821477,-4.582738821,4.740310669,-3.276961152,0.521442650,-0.226060902,0.523750880,2.192811992,-2.140239527,-0.087750496,0.000729463,-0.001579498,0.003402089,0.002458133,-0.208735054,-0.001170728
11.769605389,1789526652.124201298,-0.115752522,-1.750678841,-1.611761395,-4.581493799,4.740070820,-3.276984994,0.521455828,-0.226059259,0.523752743,2.193609578,-2.141116702,-0.086140729,0.000258609,-0.000128289,0.000026347,0.002015782,-0.201993477,-0.003836111
11.777642536,1789526652.132238388,-0.115800206,-1.750415150,-1.611773316,-4.580225889,4.739963531,-3.277081076,0.521442813,-0.226073153,0.523734226,2.194396273,-2.141839192,-0.084436374,-0.000243271,0.001040010,-0.000090301,0.000179379,-0.199964516,0.004972568
11.785652506,1789526652.140248775,-0.115836445,-1.750091378,-1.611713235,-4.578896944,4.739687443,-3.277128998,0.521430508,-0.226065128,0.523771921,2.195312698,-2.142787749,-0.082658772,-0.000295278,-0.002207061,0.001500524,0.000655259,-0.204429599,-0.006344499
11.793692433,1789526652.148288250,-0.115848366,-1.749816243,-1.611653630,-4.577604715,4.739567757,-3.277164523,0.521438401,-0.226060666,0.523788013,2.196124292,-2.143590813,-0.080829790,0.000227983,-0.000364531,0.000986347,0.000787140,-0.204294850,0.007713551
11.801651358,1789526652.156247377,-0.115908448,-1.749528710,-1.611629311,-4.576324169,4.739387989,-3.277224366,0.521423188,-0.226074343,0.523797007,2.196925714,-2.144439015,-0.079102612,-0.000112352,0.001269003,0.000110217,0.001410572,-0.200298046,0.000339284
11.809604348,1789526652.164200306,-0.115896050,-1.749277417,-1.611629311,-4.575055305,4.739207745,-3.277248446,0.521432893,-0.226051197,0.523777321,2.197732194,-2.145210881,-0.077455266,-0.000194158,-0.002388733,0.001971486,0.001136434,-0.204946519,0.003302137
11.817667212,1789526652.172263145,-0.115920369,-1.748989407,-1.611617390,-4.573847238,4.738932610,-3.277320210,0.521418543,-0.226036587,0.523790217,2.198594109,-2.146020177,-0.075917065,-0.000031878,0.000785754,0.000897139,0.001498218,-0.201308959,0.001911727
11.825599841,1789526652.180195808,-0.115956132,-1.748738114,-1.611593548,-4.572566454,4.738824844,-3.277356211,0.521422985,-0.226045913,0.523779918,2.199341408,-2.146805629,-0.074157855,-0.000558494,-0.001029796,0.000770092,-0.002242813,-0.199960511,-0.004607230
11.833652097,1789526652.188248158,-0.116040532,-1.748450581,-1.611544911,-4.571309988,4.738669395,-3.277463738,0.521406024,-0.226074963,0.523803179,2.200155194,-2.147611220,-0.072405250,-0.000144149,-0.000613312,-0.001938689,0.000031671,-0.198701891,0.004639036
11.841604649,1789526652.196200609,-0.116028134,-1.748210732,-1.611461465,-4.569993202,4.738512993,-3.277451817,0.521442078,-0.226057035,0.523808449,2.200962223,-2.148460031,-0.070584220,0.001122708,0.000736656,0.000975240,-0.002405299,-0.202108104,-0.002761091
11.849651221,1789526652.204246998,-0.116064374,-1.747947518,-1.611497227,-4.568689052,4.738321304,-3.277535741,0.521432998,-0.226057275,0.523776176,2.201791383,-2.149228341,-0.068933350,-0.000453648,-0.001854635,-0.000647737,-0.001342134,-0.201064998,0.007209732
11.857593647,1789526652.212189436,-0.116076295,-1.747659985,-1.611497227,-4.567408744,4.738106251,-3.277571503,0.521425735,-0.226042232,0.523775745,2.202621564,-2.150050846,-0.067256412,0.000293053,0.000573181,-0.000588779,-0.000711483,-0.198961164,-0.004835358
11.865605306,1789526652.220201254,-0.116112534,-1.747384373,-1.611473385,-4.566091959,4.737986088,-3.277631108,0.521424880,-0.226050029,0.523775137,2.203424456,-2.150841258,-0.065431023,0.000581136,-0.000362578,0.000417270,-0.002075281,-0.205643242,0.008070780
11.873654085,1789526652.228250027,-0.116196458,-1.747120682,-1.611425225,-4.564835493,4.737794399,-3.277690951,0.521418896,-0.226076739,0.523786037,2.204191981,-2.151702630,-0.063733007,-0.000279730,-0.000511786,0.000139994,0.002174428,-0.201853368,-0.004006170
11.881629503,1789526652.236225605,-0.116208378,-1.746833150,-1.611413304,-4.563494627,4.737614632,-3.277715031,0.521419533,-0.226065849,0.523784030,2.205022102,-2.152547861,-0.061930227,0.000472915,0.000679081,-0.000649799,0.002060027,-0.200889329,0.005688678
11.889672297,1789526652.244268179,-0.116220299,-1.746593777,-1.611377541,-4.562214557,4.737434864,-3.277751033,0.521439173,-0.226057207,0.523773808,2.205827258,-2.153340048,-0.060229417,0.001128473,0.001207340,0.000214217,0.001209088,-0.203154861,0.000279887
11.897721408,1789526652.252317190,-0.116256062,-1.746293847,-1.611365620,-4.560850326,4.737243176,-3.277787034,0.521432160,-0.226057364,0.523776062,2.206666051,-2.154220021,-0.058393789,0.000180919,-0.001131296,-0.000170365,0.001437833,-0.203164927,0.001617744
11.905613299,1789526652.260209322,-0.116316144,-1.746066872,-1.611341302,-4.559533540,4.737051487,-3.277858798,0.521447145,-0.226073443,0.523749990,2.207469868,-2.155037716,-0.056689933,0.000683513,0.000267136,-0.001074581,0.001368760,-0.200797179,0.001538501
11.913598533,1789526652.268194199,-0.116304223,-1.745755021,-1.611317460,-4.558205549,4.736907482,-3.277882878,0.521445684,-0.226052563,0.523768817,2.208315337,-2.155842171,-0.054817918,0.000481052,0.001093357,-0.000534795,-0.000313233,-0.200239195,-0.000978028
11.921594831,1789526652.276190758,-0.116328065,-1.745515172,-1.611353223,-4.556889002,4.736656189,-3.277930323,0.521452530,-0.226042334,0.523723779,2.209140448,-2.156656364,-0.053223284,-0.000789041,-0.002188998,0.000707990,0.001363890,-0.202299829,0.001571046
11.929618725,1789526652.284214497,-0.116388146,-1.745240037,-1.611341302,-4.555560295,4.736476421,-3.277954404,0.521447706,-0.226057199,0.523717633,2.209905749,-2.157537825,-0.051443985,0.000380673,0.000137620,0.000586961,-0.000262755,-0.203940569,-0.005545593
11.937595742,1789526652.292191744,-0.116411988,-1.744963948,-1.611281697,-4.554256384,4.736296654,-3.278014247,0.521458687,-0.226054050,0.523736051,2.210758809,-2.158349422,-0.049634380,0.000274632,0.000884469,0.000426836,-0.000608066,-0.199737182,0.009405987
11.945565648,1789526652.300161600,-0.116435830,-1.744664971,-1.611245457,-4.552927677,4.736069202,-3.278014247,0.521458716,-0.226045190,0.523753817,2.211581789,-2.159263713,-0.047837217,-0.001066591,-0.001892919,0.000156866,0.000149649,-0.202851546,-0.005575916
11.953567879,1789526652.308163881,-0.116472069,-1.744425122,-1.611209695,-4.551635210,4.735889435,-3.278110091,0.521475748,-0.226049563,0.523743856,2.212428529,-2.160015098,-0.046113389,-0.000034399,0.000622625,0.000384745,-0.001237087,-0.200145442,0.004187502
11.961593920,1789526652.316189766,-0.116543595,-1.744101826,-1.611245457,-4.550366346,4.735757828,-3.278122012,0.521435004,-0.226071016,0.523751094,2.213114973,-2.160863828,-0.044353980,-0.000208262,-0.000381587,0.000099198,-0.001611214,-0.202612594,0.001813741
11.969565168,1789526652.324161053,-0.116567914,-1.743814294,-1.611221615,-4.549074356,4.735578060,-3.278134171,0.521433989,-0.226066747,0.523762277,2.213897713,-2.161707493,-0.042580856,-0.000053570,-0.001169104,-0.000329878,-0.000804619,-0.201297545,-0.004791304
11.977555035,1789526652.332150698,-0.116567914,-1.743598286,-1.611185376,-4.547769491,4.735386372,-3.278229539,0.521470600,-0.226052446,0.523738593,2.214782870,-2.162417709,-0.040876359,0.000847650,0.000642739,0.000764310,0.000052891,-0.200773449,0.005872190
11.985602071,1789526652.340198040,-0.116591756,-1.743311230,-1.611149613,-4.546572868,4.735218525,-3.278253619,0.521464500,-0.226048477,0.523766582,2.215535401,-2.163200829,-0.039191564,0.000228599,-0.001118874,0.000218404,-0.001804757,-0.186860741,-0.002057174
11.993612467,1789526652.348208666,-0.116675679,-1.743023698,-1.611185376,-4.545340006,4.735014915,-3.278289620,0.521433578,-0.226071213,0.523759212,2.216239693,-2.164041721,-0.037584650,0.000414369,-0.000388590,-0.000338668,-0.000143221,-0.170890140,-0.003030388
12.001592969,1789526652.356189013,-0.116675679,-1.742784325,-1.611149613,-4.544347231,4.734847069,-3.278325383,0.521434404,-0.226055115,0.523785975,2.216920281,-2.164670025,-0.036203307,0.000141370,-0.000126242,0.000017311,-0.001056045,-0.156810428,0.004474822
12.009592451,1789526652.364188433,-0.116699521,-1.742580239,-1.611125771,-4.543317739,4.734775066,-3.278373305,0.521443573,-0.226061938,0.523784198,2.217532433,-2.165251916,-0.034743213,0.000484757,0.000024406,-0.000128101,-0.004184252,-0.144673829,0.005002056
12.017584388,1789526652.372180462,-0.116711442,-1.742388550,-1.611113850,-4.542432491,4.734655380,-3.278337542,0.521445985,-0.226057104,0.523787711,2.218017999,-2.165863157,-0.033530348,0.000533956,-0.000933153,-0.000834679,0.000011806,-0.133247231,-0.002376703
12.025575971,1789526652.380172014,-0.116747681,-1.742244546,-1.611101929,-4.541654531,4.734607697,-3.278373305,0.521451683,-0.226072729,0.523778299,2.218449256,-2.166311805,-0.032439918,0.000226020,-0.000592337,0.000003591,-0.003735990,-0.118214486,-0.001732782
12.033630584,1789526652.388226509,-0.116747681,-1.742137257,-1.611137692,-4.540948574,4.734559536,-3.278409068,0.521463983,-0.226069295,0.523736619,2.218851485,-2.166649740,-0.031539115,0.000933878,0.000067449,-0.000716688,-0.002127851,-0.106638322,-0.000721934
12.041636677,1789526652.396232605,-0.116723363,-1.742005173,-1.611101929,-4.540277902,4.734475613,-3.278444831,0.521484182,-0.226050128,0.523744049,2.219325659,-2.167007741,-0.030597049,0.000915366,0.000232931,-0.000701267,-0.002227618,-0.099900945,0.002993946
12.049572687,1789526652.404168367,-0.116783444,-1.741885487,-1.611137692,-4.539715234,4.734379768,-3.278444831,0.521466182,-0.226071723,0.523726211,2.219592842,-2.167419726,-0.029901710,0.000225646,-0.001285435,-0.000800016,0.000637950,-0.080048052,-0.000633366
12.057541298,1789526652.412137270,-0.116783444,-1.741789643,-1.611113850,-4.539225046,4.734319687,-3.278468911,0.521476796,-0.226067085,0.523730321,2.219915901,-2.167701095,-0.029215636,0.000008754,-0.000917997,-0.000275192,-0.001006600,-0.071540267,-0.001306778
12.065547467,1789526652.420143366,-0.116783444,-1.741717641,-1.611125771,-4.538770143,4.734344006,-3.278480832,0.521485468,-0.226070090,0.523710114,2.220138938,-2.167905481,-0.028563952,0.000844641,0.000393501,-0.000457173,-0.003931420,-0.058514583,0.001561653
12.073562923,1789526652.428158760,-0.116783444,-1.741657559,-1.611090008,-4.538411323,4.734319687,-3.278468911,0.521500819,-0.226069401,0.523715757,2.220336090,-2.168136459,-0.028031756,0.000130476,-0.000466213,0.000008388,-0.003321426,-0.047873517,-0.000343928
12.081581599,1789526652.436177492,-0.116807286,-1.741597954,-1.611101929,-4.538124029,4.734211922,-3.278480832,0.521495756,-0.226071705,0.523708565,2.220526551,-2.168361208,-0.027726996,-0.000450697,-0.001426798,0.000100816,0.000598404,-0.038694261,-0.002988607
12.089552184,1789526652.444148064,-0.116819207,-1.741537873,-1.611137692,-4.537980262,4.734295845,-3.278468911,0.521473761,-0.226083370,0.523708572,2.220528177,-2.168415520,-0.027441116,0.000783694,0.002092766,0.000540295,0.000615675,-0.021536114,0.004001864
12.097729486,1789526652.452325583,-0.116819207,-1.741537873,-1.611077611,-4.537812416,4.734260082,-3.278468911,0.521501206,-0.226083145,0.523714948,2.220646263,-2.168538027,-0.027197100,-0.000860498,-0.002637790,0.000008843,0.001171263,-0.013843179,-0.004988632
12.105547419,1789526652.460143328,-0.116783444,-1.741561715,-1.611065690,-4.537776891,4.734283924,-3.278456990,0.521523973,-0.226068405,0.523703027,2.220669169,-2.168508473,-0.027144094,0.000673014,0.000761409,0.000065847,0.000769474,-0.008260039,0.001696520
12.113544342,1789526652.468140364,-0.116795365,-1.741573636,-1.611065690,-4.537848417,4.734319687,-3.278456990,0.521519340,-0.226077756,0.523705113,2.220600897,-2.168464109,-0.027212088,0.000537035,0.001772268,0.000933676,-0.001091187,-0.000584490,0.012960946
12.121554989,1789526652.476150990,-0.116843526,-1.741597954,-1.611090008,-4.537848417,4.734319687,-3.278636758,0.521512978,-0.226103417,0.523681185,2.220723825,-2.168297661,-0.027278234,-0.001087841,-0.002778727,0.000458778,0.000625223,0.011706188,0.012392117
12.129556421,1789526652.484152317,-0.116867367,-1.741609875,-1.611065690,-4.537908260,4.734283924,-3.278732125,0.521512436,-0.226113127,0.523692449,2.220800917,-2.168217873,-0.027373999,0.000043019,-0.001660286,-0.000381067,-0.000393528,0.004613378,0.009091696
12.137563747,1789526652.492159605,-0.116783444,-1.741597954,-1.611125771,-4.537908260,4.734367847,-3.278756205,0.521513446,-0.226075066,0.523672668,2.220851361,-2.168028550,-0.027350554,0.000088176,0.000099177,0.000565232,-0.001053716,0.001198314,0.003692833
12.145531867,1789526652.500127792,-0.116855446,-1.741585557,-1.611113850,-4.537908260,4.734319687,-3.278756205,0.521495261,-0.226107916,0.523684573,2.220810309,-2.168147022,-0.027369107,0.000136570,0.000122260,0.000503076,-0.000861121,0.000629134,0.002319899
12.153521891,1789526652.508117676,-0.116831605,-1.741609875,-1.611113850,-4.537836496,4.734307766,-3.278768126,0.521516594,-0.226096208,0.523662775,2.220875929,-2.168135415,-0.027322311,-0.000041220,-0.000324099,0.000457300,-0.000741366,0.000341043,0.000875127
12.161509183,1789526652.516105413,-0.116843526,-1.741633717,-1.611090008,-4.537848417,4.734344006,-3.278768126,0.521526770,-0.226107296,0.523661762,2.220838395,-2.168122919,-0.027302558,-0.000044214,-0.000311235,0.000389288,-0.000630251,0.000232488,0.000563208
12.169471285,1789526652.524067640,-0.116843526,-1.741597954,-1.611077611,-4.537908260,4.734319687,-3.278780047,0.521510312,-0.226103134,0.523693758,2.220859549,-2.168118064,-0.027340388,-0.000049998,-0.000301616,0.000333809,-0.000546905,0.000174626,0.000386952
12.177498285,1789526652.532094240,-0.116855446,-1.741621796,-1.611053769,-4.537908260,4.734295845,-3.278780047,0.521522153,-0.226108836,0.523691222,2.220859595,-2.168144921,-0.027363667,0.000048344,-0.000053819,0.000296446,-0.000477464,0.000151263,0.000710050
12.185587783,1789526652.540184259,-0.116843526,-1.741585557,-1.611041848,-4.537884418,4.734295845,-3.278744046,0.521515161,-0.226101459,0.523713350,2.220864438,-2.168203514,-0.027274229,0.000205717,-0.000066970,0.000042097,-0.000379351,0.000524216,0.000611882
12.193515771,1789526652.548111677,-0.116843526,-1.741585557,-1.611113850,-4.537872497,4.734332085,-3.278732125,0.521500952,-0.226103180,0.523680338,2.220805690,-2.168169359,-0.027312491,0.000203221,-0.000063103,0.000018328,-0.000346421,0.000499715,0.000533730
12.201525603,1789526652.556121349,-0.116819207,-1.741585557,-1.611065690,-4.537908260,4.734283924,-3.278780047,0.521513775,-0.226086888,0.523705685,2.220915636,-2.168121986,-0.027344224,0.000199047,-0.000059045,-0.000003165,-0.000308382,0.000495346,0.000532235
12.209513401,1789526652.564109325,-0.116831605,-1.741633717,-1.611065690,-4.537968342,4.734319687,-3.278744046,0.521524267,-0.226098272,0.523686686,2.220796819,-2.168106959,-0.027441572,-0.000115647,-0.000020656,0.000407766,0.000136238,0.004040707,0.000540945
12.217521779,1789526652.572117567,-0.116855446,-1.741585557,-1.611065690,-4.537968342,4.734344006,-3.278792206,0.521499710,-0.226110708,0.523712940,2.220831412,-2.168088028,-0.027361430,-0.000301625,0.000001725,0.000642979,0.000393899,0.006121365,0.000546114
12.225507551,1789526652.580103397,-0.116831605,-1.741609875,-1.611053769,-4.538004343,4.734319687,-3.278768126,0.521514222,-0.226097106,0.523709188,2.220823037,-2.168080114,-0.027442509,-0.000073896,-0.000021673,0.000314471,0.000112484,0.003496615,0.000537878
12.233544070,1789526652.588140011,-0.116855446,-1.741597954,-1.611077611,-4.537992183,4.734283924,-3.278804127,0.521500658,-0.226105265,0.523703686,2.220855937,-2.168087315,-0.027478216,-0.000045486,-0.000023013,0.000257553,0.000090863,0.003138823,0.000536101
12.241527035,1789526652.596122980,-0.116831605,-1.741609875,-1.611065690,-4.538016264,4.734319687,-3.278780047,0.521510719,-0.226096708,0.523705366,2.220825683,-2.168056266,-0.027471971,0.000007343,-0.000027069,0.000176583,0.000039300,0.002520717,0.000533615
12.249540262,1789526652.604136467,-0.116855446,-1.741597954,-1.611053769,-4.537980262,4.734272003,-3.278780047,0.521506748,-0.226104856,0.523712728,2.220851658,-2.168136663,-0.027445269,0.000057415,-0.000025346,0.000100509,0.000017141,0.001654776,0.000528469
12.257544930,1789526652.612141132,-0.116855446,-1.741621796,-1.611065690,-4.537956182,4.734319687,-3.278780047,0.521515257,-0.226110273,0.523691727,2.220820804,-2.168104576,-0.027413893,0.000074882,-0.000027162,0.000067830,-0.000031695,0.001229360,0.000527339
12.265540188,1789526652.620136261,-0.116807286,-1.741597954,-1.611053769,-4.538004343,4.734307766,-3.278732125,0.521515162,-0.226082782,0.523715656,2.220821611,-2.168104768,-0.027437570,0.000082302,-0.000027897,0.000048742,-0.000060203,0.000987775,0.000507540
12.273552736,1789526652.628149033,-0.116807286,-1.741597954,-1.611077611,-4.538016264,4.734272003,-3.278780047,0.521509567,-0.226078825,0.523706532,2.220877608,-2.168056070,-0.027516925,0.000083021,-0.000027895,0.000038780,-0.000081416,0.000821819,0.000449646
12.281527465,1789526652.636123419,-0.116819207,-1.741573636,-1.611053769,-4.538052265,4.734344006,-3.278756205,0.521498355,-0.226090731,0.523734658,2.220805284,-2.168060254,-0.027432646,0.000077038,-0.000027152,0.000037948,-0.000093164,0.000732396,0.000411119
12.289614994,1789526652.644211292,-0.116807286,-1.741597954,-1.611053769,-4.538088028,4.734319687,-3.278780047,0.521507730,-0.226083065,0.523725638,2.220831211,-2.168007501,-0.027529746,-0.000294695,0.000013996,0.000544778,0.000381508,0.004891124,0.000384727
12.297539107,1789526652.652135134,-0.116855446,-1.741597954,-1.611041848,-4.538124029,4.734319687,-3.278792206,0.521496160,-0.226108116,0.523735164,2.220782170,-2.168036992,-0.027560933,-0.000329129,0.000017902,0.000582756,0.000407083,0.005125501,0.000347132
12.305547181,1789526652.660143137,-0.116819207,-1.741597954,-1.611053769,-4.538148109,4.734332085,-3.278780047,0.521499660,-0.226089836,0.523732811,2.220785675,-2.167986801,-0.027591581,-0.000253051,0.000009522,0.000469979,0.000297053,0.004172731,0.000325268
12.313498504,1789526652.668094158,-0.116855446,-1.741585557,-1.611018006,-4.538148109,4.734307766,-3.278804127,0.521494235,-0.226106786,0.523755240,2.220806945,-2.168035919,-0.027557835,-0.000082275,-0.000009329,0.000237253,0.000065840,0.002159473,0.000300392
12.321544687,1789526652.676140785,-0.116843526,-1.741597954,-1.611077611,-4.538124029,4.734319687,-3.278780047,0.521491468,-0.226101049,0.523719442,2.220766188,-2.168021131,-0.027603883,-0.000027973,-0.000015291,0.000154141,-0.000015688,0.001454343,0.000279238
12.329543399,1789526652.684139252,-0.116819207,-1.741621796,-1.611053769,-4.538124029,4.734272003,-3.278804127,0.521511750,-0.226085669,0.523716865,2.220844404,-2.167994429,-0.027649659,0.000003840,-0.000018811,0.000110768,-0.000057921,0.001092095,0.000259047
12.337563409,1789526652.692159414,-0.116819207,-1.741597954,-1.611041848,-4.538160030,4.734295845,-3.278780047,0.521501457,-0.226086686,0.523739409,2.220805257,-2.168007280,-0.027626323,0.000014597,-0.000019954,0.000086999,-0.000082708,0.000882272,0.000239298
12.345541503,1789526652.700137377,-0.116867367,-1.741633717,-1.611065690,-4.538124029,4.734272003,-3.278840129,0.521503080,-0.226111052,0.523705136,2.220821375,-2.167997815,-0.027681283,0.000021298,-0.000020661,0.000077976,-0.000099427,0.000736223,0.000238923
12.353528113,1789526652.708123922,-0.116831605,-1.741633717,-1.611065690,-4.538219635,4.734295845,-3.278792206,0.521502571,-0.226093661,0.523716559,2.220753439,-2.167954364,-0.027772708,0.000028711,-0.000021468,0.000058666,-0.000111824,0.000634341,0.000219463
12.361535930,1789526652.716131926,-0.116843526,-1.741609875,-1.611077611,-4.538148109,4.734248161,-3.278732125,0.521494789,-0.226094818,0.523715697,2.220736925,-2.168098413,-0.027715029,0.000035354,0.000022275,0.000055666,0.000353910,0.000491189,0.000201598
12.369553135,1789526652.724148989,-0.116831605,-1.741609875,-1.611029927,-4.538195554,4.734295845,-3.278792206,0.521502696,-0.226093643,0.523742391,2.220789792,-2.167991762,-0.027670464,0.000040376,0.000021719,0.000048817,0.000346608,0.000433771,0.000182277
12.377528887,1789526652.732124567,-0.116855446,-1.741585557,-1.611065690,-4.538124029,4.734260082,-3.278780047,0.521486984,-0.226101519,0.523731328,2.220796069,-2.168079008,-0.027631641,0.000036062,0.000022243,0.000045589,0.000342201,0.000395662,0.000182194
12.385546634,1789526652.740143299,-0.116855446,-1.741597954,-1.611053769,-4.538160030,4.734200001,-3.278816048,0.521491795,-0.226096526,0.523734003,2.220851955,-2.168056893,-0.027734877,0.000054016,0.000135809,0.000036608,0.001572412,0.000197157,0.000117046
12.393590900,1789526652.748186827,-0.116819207,-1.741573636,-1.611005131,-4.538160030,4.734223843,-3.278780047,0.521500235,-0.226079843,0.523768663,2.220870654,-2.168075240,-0.027620754,0.000055682,0.000135626,0.000034321,0.001570215,0.000178169,0.000117104
12.401534762,1789526652.756130934,-0.116807286,-1.741597954,-1.611065690,-4.538183633,4.734200001,-3.278816048,0.521498160,-0.226070899,0.523731573,2.220888453,-2.167987192,-0.027776836,0.000062309,0.000232715,0.000029291,0.002612192,0.000020497,0.000058873
12.409531500,1789526652.764127493,-0.116843526,-1.741621796,-1.611053769,-4.538148109,4.734176159,-3.278780047,0.521505143,-0.226089343,0.523719567,2.220833218,-2.168091593,-0.027770947,0.000079306,0.000367719,0.000024486,0.004075976,-0.000165740,0.000004589
12.417527763,1789526652.772123575,-0.116831605,-1.741573636,-1.611041848,-4.538171951,4.734068394,-3.278780047,0.521490421,-0.226071087,0.523753674,2.220919990,-2.168155284,-0.027829519,0.000111009,0.000632651,0.000017319,0.006948619,-0.000512390,-0.000101681
12.425524221,1789526652.780120134,-0.116819207,-1.741573636,-1.611018006,-4.538160030,4.734092712,-3.278756205,0.521498936,-0.226067530,0.523762778,2.220909790,-2.168170019,-0.027761478,0.000100295,0.000568095,0.000023186,0.006240528,-0.000463775,-0.000075448
12.433549746,1789526652.788146257,-0.116843526,-1.741573636,-1.611065690,-4.538160030,4.734032631,-3.278768126,0.521484213,-0.226073577,0.523741712,2.220908206,-2.168196699,-0.027878353,0.000088405,0.000471647,0.000017110,0.005191909,-0.000351212,-0.000056198
12.441552321,1789526652.796148300,-0.116855446,-1.741585557,-1.611065690,-4.538183633,4.734008789,-3.278792206,0.521484387,-0.226077934,0.523737994,2.220919073,-2.168181007,-0.027945681,0.000068204,0.000278330,0.000018416,0.003095486,-0.000131605,0.000021146
12.449475513,1789526652.804071903,-0.116831605,-1.741609875,-1.611041848,-4.538195554,4.734008789,-3.278780047,0.521503211,-0.226067075,0.523736659,2.220926174,-2.168162304,-0.027959842,0.000068197,0.000278332,0.000018415,0.003095490,-0.000131531,0.000021108
12.457525321,1789526652.812121153,-0.116831605,-1.741621796,-1.611065690,-4.538183633,4.733960629,-3.278780047,0.521504509,-0.226062764,0.523718189,2.220941739,-2.168178962,-0.028035154,0.000001177,0.000300458,0.000113289,0.003224745,-0.000345689,0.000015354
12.465478702,1789526652.820075274,-0.116807286,-1.741585557,-1.611041848,-4.538183633,4.733912468,-3.278780047,0.521501197,-0.226044565,0.523748313,2.221020066,-2.168205814,-0.028007153,0.000011787,0.000379282,0.000109564,0.004078557,-0.000462559,-0.000035382
12.473548544,1789526652.828144550,-0.116867367,-1.741573636,-1.611018006,-4.538195554,4.733900547,-3.278756205,0.521486940,-0.226074707,0.523766681,2.220946149,-2.168316571,-0.027990501,0.000005041,0.000319587,0.000110668,0.003431221,-0.000389011,-0.000011334
12.481509525,1789526652.836106062,-0.116831605,-1.741609875,-1.611029927,-4.538195554,4.733888626,-3.278804127,0.521506920,-0.226056356,0.523741697,2.221022434,-2.168209031,-0.028061197,0.000005776,0.000349738,0.000104503,0.003756338,-0.000413074,-0.000023485
12.489524548,1789526652.844120979,-0.116831605,-1.741573636,-1.611077611,-4.538148109,4.733840466,-3.278804127,0.521487480,-0.226049597,0.523734728,2.221063923,-2.168252391,-0.028063288,0.000001684,0.000298637,0.000103170,0.003202039,-0.000369208,-0.000002969
12.497535784,1789526652.852131844,-0.116867367,-1.741573636,-1.611041848,-4.538171951,4.733876228,-3.278732125,0.521484329,-0.226072141,0.523753349,2.220932837,-2.168356875,-0.028013396,-0.000008854,0.000205583,0.000104871,0.002192985,-0.000254285,0.000034402
12.505562338,1789526652.860158443,-0.116855446,-1.741561715,-1.611041848,-4.538183633,4.733780384,-3.278780047,0.521482316,-0.226056485,0.523761067,2.221049757,-2.168344921,-0.028106015,0.000014105,0.000393262,0.000099171,0.004227177,-0.000505803,-0.000060179
12.513523282,1789526652.868119240,-0.116831605,-1.741573636,-1.611065690,-4.538183633,4.733780384,-3.278792206,0.521487464,-0.226044036,0.523744097,2.221073138,-2.168288922,-0.028149374,0.000013900,0.000391506,0.000099203,0.004208149,-0.000503533,-0.000059627
12.521533287,1789526652.876129389,-0.116831605,-1.741585557,-1.611041848,-4.538160030,4.733732700,-3.278768126,0.521499626,-0.226041015,0.523745201,2.221088034,-2.168358450,-0.028151051,0.000006739,0.000328300,0.000100376,0.003522761,-0.000425427,-0.000034118
12.529480891,1789526652.884076834,-0.116831605,-1.741561715,-1.611065690,-4.538195554,4.733732700,-3.278780047,0.521482235,-0.226039004,0.523751924,2.221085613,-2.168329273,-0.028194705,-0.000108514,0.000194197,0.000239891,0.001910563,-0.000518306,0.000024255
12.537569752,1789526652.892165661,-0.116831605,-1.741585557,-1.611029927,-4.538171951,4.733721256,-3.278804127,0.521501166,-0.226040135,0.523751842,2.221133497,-2.168325136,-0.028163077,-0.000114681,0.000139769,0.000240892,0.001320366,-0.000451045,0.000046160
12.545502831,1789526652.900098562,-0.116867367,-1.741549794,-1.611018006,-4.538160030,4.733744621,-3.278780047,0.521482295,-0.226059671,0.523775167,2.221081996,-2.168405014,-0.028068126,-0.000118069,0.000109927,0.000241430,0.000996692,-0.000414192,0.000058197
12.553521050,1789526652.908117056,-0.116831605,-1.741537873,-1.611065690,-4.538183633,4.733721256,-3.278792206,0.521474030,-0.226036970,0.523763461,2.221120574,-2.168338266,-0.028162291,-0.000118465,0.000106411,0.000241490,0.000958633,-0.000409820,0.000059544
12.561475445,1789526652.916071415,-0.116807286,-1.741561715,-1.611018006,-4.538160030,4.733696938,-3.278756205,0.521501053,-0.226024524,0.523768599,2.221141296,-2.168385935,-0.028125997,-0.000118471,0.000106408,0.000241500,0.000958640,-0.000409799,0.000059592
12.569526488,1789526652.924122334,-0.116831605,-1.741526429,-1.611029927,-4.538183633,4.733696938,-3.278768126,0.521477173,-0.226035065,0.523785372,2.221127999,-2.168399678,-0.028127238,-0.000116800,0.000106227,0.000239211,0.000955699,-0.000429142,0.000040379
12.577516083,1789526652.932111979,-0.116855446,-1.741526429,-1.611065690,-4.538160030,4.733732700,-3.278780047,0.521466088,-0.226050150,0.523766899,2.221090644,-2.168387528,-0.028108825,-0.000116790,0.000106228,0.000239206,0.000955690,-0.000429162,0.000040367
12.585520421,1789526652.940116405,-0.116843526,-1.741573636,-1.611005131,-4.538183633,4.733696938,-3.278792206,0.521498142,-0.226044051,0.523770581,2.221131698,-2.168376499,-0.028155797,-0.000117589,0.000099204,0.000239347,0.000879541,-0.000420474,0.000043172
12.593531097,1789526652.948127031,-0.116819207,-1.741561715,-1.611041848,-4.538135950,4.733685017,-3.278780047,0.521495661,-0.226029315,0.523755231,2.221160912,-2.168379825,-0.028138168,-0.000119375,0.000083399,0.000239633,0.000708202,-0.000400927,0.000049524
12.601512584,1789526652.956108570,-0.116831605,-1.741561715,-1.611065690,-4.538183633,4.733721256,-3.278792206,0.521483395,-0.226038071,0.523750486,2.221110209,-2.168327673,-0.028191475,-0.000110522,0.000071685,0.000225905,0.000596951,-0.000362523,0.000053697
12.609511900,1789526652.964107752,-0.116867367,-1.741597954,-1.611018006,-4.538207475,4.733744621,-3.278804127,0.521497069,-0.226061438,0.523754603,2.221066768,-2.168335715,-0.028185721,-0.000101276,0.000063485,0.000212124,0.000523768,-0.000328470,0.000056506
12.617462490,1789526652.972058773,-0.116819207,-1.741549794,-1.611029927,-4.538171951,4.733696938,-3.278816048,0.521490173,-0.226029791,0.523771265,2.221188524,-2.168327773,-0.028142605,-0.000091840,0.000057033,0.000198303,0.000469645,-0.000296547,0.000058654
12.625506860,1789526652.980103016,-0.116855446,-1.741561715,-1.611041848,-4.538148109,4.733685017,-3.278792206,0.521486408,-0.226048096,0.523756678,2.221129841,-2.168401405,-0.028154425,-0.000082388,0.000050587,0.000184486,0.000415500,-0.000264663,0.000060762
12.633499258,1789526652.988095760,-0.116843526,-1.741561715,-1.611065690,-4.538148109,4.733744621,-3.278792206,0.521483560,-0.226046770,0.523746296,2.221100148,-2.168343720,-0.028126037,-0.000077762,0.000046484,0.000177590,0.000378919,-0.000247617,0.000062158
12.641525046,1789526652.996121168,-0.116867367,-1.741561715,-1.611005131,-4.538183633,4.733673096,-3.278792206,0.521488317,-0.226053751,0.523777029,2.221124040,-2.168421909,-0.028164759,-0.000068126,0.000041794,0.000163744,0.000343817,-0.000217899,0.000063572
12.649484257,1789526653.004080057,-0.116855446,-1.741573636,-1.611041848,-4.538183633,4.733732700,-3.278768126,0.521487493,-0.226052670,0.523754499,2.221057292,-2.168379770,-0.028165979,-0.000063298,0.000039446,0.000156816,0.000326275,-0.000203025,0.000064258
12.657455527,1789526653.012051344,-0.116843526,-1.741537873,-1.611053769,-4.538183633,4.733721256,-3.278792206,0.521473798,-0.226043470,0.523768702,2.221112922,-2.168356903,-0.028148085,-0.000058679,0.000035344,0.000149921,0.000288940,-0.000186256,0.000046514
12.665513785,1789526653.020109653,-0.116867367,-1.741561715,-1.611053769,-4.538171951,4.733744621,-3.278792206,0.521478551,-0.226059256,0.523754375,2.221069318,-2.168364961,-0.028141293,-0.000058873,0.000033589,0.000149954,0.000269898,-0.000184091,0.000047215
12.673511969,1789526653.028108120,-0.116867367,-1.741573636,-1.611041848,-4.538171951,4.733732700,-3.278792206,0.521485819,-0.226058999,0.523753108,2.221075763,-2.168371735,-0.028152761,-0.000054051,0.000031242,0.000143030,0.000252351,-0.000169225,0.000047918
12.681501516,1789526653.036097288,-0.116855446,-1.741549794,-1.611018006,-4.538160030,4.733673096,-3.278816048,0.521485732,-0.226046905,0.523775047,2.221172684,-2.168392410,-0.028137406,-0.000049236,0.000028896,0.000136106,0.000234802,-0.000154359,0.000048636
12.689548617,1789526653.044146061,-0.116819207,-1.741537873,-1.611029927,-4.538171951,4.733685017,-3.278804127,0.521485614,-0.226028149,0.523777733,2.221187137,-2.168352979,-0.028139096,-0.000049436,0.000027139,0.000136137,0.000215770,-0.000152181,0.000049336
12.697523549,1789526653.052119493,-0.116831605,-1.741537873,-1.611065690,-4.538171951,4.733732700,-3.278816048,0.521474932,-0.226038131,0.523762090,2.221145461,-2.168310706,-0.028137746,-0.000044410,0.000026548,0.000129177,0.000217261,-0.000139485,0.000049326
12.705533261,1789526653.060129166,-0.116831605,-1.741549794,-1.611029927,-4.538183633,4.733721256,-3.278756205,0.521486098,-0.226038371,0.523772696,2.221091726,-2.168388704,-0.028132173,-0.000039591,0.000024202,0.000122254,0.000199712,-0.000124620,0.000050031
12.713509093,1789526653.068104982,-0.116831605,-1.741549794,-1.611029927,-4.538171951,4.733708858,-3.278804127,0.521487247,-0.226037348,0.523771285,2.221155732,-2.168348039,-0.028131188,-0.000039591,0.000024202,0.000122255,0.000199712,-0.000124621,0.000050034
12.721458829,1789526653.076054811,-0.116867367,-1.741585557,-1.611065690,-4.538148109,4.733756542,-3.278792206,0.521487411,-0.226061396,0.523733340,2.221057655,-2.168353006,-0.028144485,-0.000039780,0.000022447,0.000122286,0.000180671,-0.000122455,0.000050728
12.729498478,1789526653.084094524,-0.116831605,-1.741561715,-1.611005131,-4.538183633,4.733721256,-3.278816048,0.521495902,-0.226039511,0.523777110,2.221162612,-2.168328392,-0.028118235,-0.000034770,0.000021856,0.000115331,0.000182164,-0.000109754,0.000050736
12.737530231,1789526653.092126131,-0.116831605,-1.741526429,-1.611005131,-4.538171951,4.733732700,-3.278792206,0.521482943,-0.226039041,0.523794942,2.221150841,-2.168369172,-0.028049108,-0.000037161,0.000000788,0.000115713,-0.000046302,-0.000083716,0.000059179
12.745521505,1789526653.100117207,-0.116843526,-1.741561715,-1.611041848,-4.538207475,4.733768463,-3.278780047,0.521483053,-0.226048947,0.523763885,2.221058708,-2.168327646,-0.028146213,-0.000032132,0.000000197,0.000108756,-0.000044806,-0.000071018,0.000059181
12.753483154,1789526653.108079195,-0.116855446,-1.741573636,-1.611005131,-4.538171951,4.733756542,-3.278792206,0.521495849,-0.226055838,0.523769290,2.221091761,-2.168361334,-0.028084727,-0.000032134,0.000000198,0.000108758,-0.000044810,-0.000071018,0.000059179
12.761504739,1789526653.116100550,-0.116855446,-1.741537873,-1.611041848,-4.538195554,4.733732700,-3.278792206,0.521472405,-0.226050902,0.523775381,2.221093934,-2.168363711,-0.028137463,-0.000032134,0.000000198,0.000108756,-0.000044809,-0.000071020,0.000059180
12.769457048,1789526653.124053001,-0.116831605,-1.741561715,-1.611018006,-4.538183633,4.733744621,-3.278804127,0.521493000,-0.226041344,0.523771489,2.221131397,-2.168322587,-0.028111203,-0.000032134,0.000000197,0.000108757,-0.000044808,-0.000071020,0.000059179
12.777496894,1789526653.132092953,-0.116855446,-1.741537873,-1.611041848,-4.538183633,4.733780384,-3.278768126,0.521472951,-0.226055384,0.523774042,2.221047121,-2.168368680,-0.028076484,-0.000027113,-0.000000393,0.000101799,-0.000043318,-0.000058321,0.000059178
12.785479144,1789526653.140075684,-0.116855446,-1.741573636,-1.611005131,-4.538207475,4.733804703,-3.278780047,0.521492247,-0.226059905,0.523773600,2.221037139,-2.168331558,-0.028081580,-0.000027113,-0.000000393,0.000101801,-0.000043317,-0.000058320,0.000059178
12.793540597,1789526653.148136616,-0.116855446,-1.741537873,-1.611029927,-4.538183633,4.733780384,-3.278816048,0.521475413,-0.226055667,0.523779283,2.221104575,-2.168321079,-0.028063327,-0.000033879,-0.000060088,0.000102891,-0.000690630,0.000015466,0.000083103
12.801508175,1789526653.156104803,-0.116843526,-1.741561715,-1.611053769,-4.538160030,4.733804703,-3.278827969,0.521484358,-0.226052440,0.523753057,2.221106773,-2.168270200,-0.028069478,-0.000113046,-0.000758872,0.000115691,-0.008267975,0.000879111,0.000363377
12.809527661,1789526653.164123535,-0.116831605,-1.741526429,-1.611053769,-4.538207475,4.733876228,-3.278756205,0.521468307,-0.226050684,0.523778028,2.220997579,-2.168290043,-0.028013208,-0.000103442,-0.000719081,0.000108045,-0.007828602,0.000841807,0.000347275
12.817496448,1789526653.172092438,-0.116855446,-1.741526429,-1.611029927,-4.538183633,4.733888626,-3.278780047,0.521469795,-0.226065049,0.523785693,2.221011907,-2.168304680,-0.027944491,-0.000080981,-0.000520680,0.000104405,-0.005677991,0.000596489,0.000248248
12.825483045,1789526653.180079222,-0.116831605,-1.741573636,-1.611005131,-4.538183633,4.733960629,-3.278804127,0.521498101,-0.226061979,0.523771024,2.221015317,-2.168200824,-0.027902979,-0.000078180,-0.000496101,0.000103990,-0.005411459,0.000565980,0.000238521
12.833486049,1789526653.188081980,-0.116843526,-1.741537873,-1.611029927,-4.538183633,4.734032631,-3.278816048,0.521475491,-0.226072547,0.523779708,2.220981359,-2.168165041,-0.027821147,-0.000111603,-0.000791063,0.000109495,-0.008609935,0.000930604,0.000356684
12.841532709,1789526653.196128845,-0.116807286,-1.741549794,-1.611053769,-4.538219635,4.734056473,-3.278768126,0.521480051,-0.226055469,0.523767065,2.220924154,-2.168131891,-0.027883484,-0.000064841,-0.000378468,0.000101852,-0.004135871,0.000420507,0.000191612
12.849478556,1789526653.204074860,-0.116867367,-1.741573636,-1.611029927,-4.538207475,4.734044552,-3.278840129,0.521481943,-0.226087494,0.523763103,2.220949626,-2.168131722,-0.027884014,-0.000043974,-0.000194113,0.000098428,-0.002136807,0.000192861,0.000117552
12.857488480,1789526653.212084532,-0.116855446,-1.741573636,-1.611053769,-4.538183633,4.734080791,-3.278792206,0.521481420,-0.226084259,0.523749845,2.220890611,-2.168150886,-0.027847510,-0.000031588,-0.000129743,0.000090269,-0.001430894,0.000125235,0.000091472
12.865418796,1789526653.220015049,-0.116855446,-1.741549794,-1.611018006,-4.538160030,4.734044552,-3.278816048,0.521481878,-0.226080918,0.523775672,2.220972313,-2.168182237,-0.027781281,-0.000027814,-0.000096383,0.000089646,-0.001069168,0.000084001,0.000077990
12.873473942,1789526653.228069782,-0.116843526,-1.741573636,-1.611005131,-4.538183633,4.734056473,-3.278816048,0.521494412,-0.226076972,0.523771187,2.220963765,-2.168146737,-0.027811794,-0.000023949,-0.000077256,0.000087007,-0.000861924,0.000041068,0.000070230
12.881467768,1789526653.236063957,-0.116831605,-1.741561715,-1.611005131,-4.538160030,4.734032631,-3.278816048,0.521494733,-0.226068250,0.523774824,2.221004873,-2.168162816,-0.027790884,-0.000022557,-0.000064966,0.000086777,-0.000728657,0.000025869,0.000065277
12.889520607,1789526653.244116545,-0.116867367,-1.741561715,-1.611029927,-4.538171951,4.734008789,-3.278816048,0.521480733,-0.226084012,0.523765302,2.220963221,-2.168199807,-0.027859618,-0.000021364,-0.000054431,0.000086579,-0.000614423,0.000012872,0.000061080
12.897507304,1789526653.252103567,-0.116843526,-1.741549794,-1.611041848,-4.538124029,4.734068394,-3.278780047,0.521482546,-0.226076665,0.523760945,2.220938246,-2.168200715,-0.027742164,-0.000020567,-0.000047409,0.000086452,-0.000538271,0.000004180,0.000058238
12.905523255,1789526653.260118961,-0.116831605,-1.741537873,-1.611029927,-4.538171951,4.734068394,-3.278780047,0.521478835,-0.226069718,0.523778379,2.220940722,-2.168176502,-0.027771191,-0.000022612,-0.000041838,0.000080734,-0.000479705,0.000010364,0.000056147
12.913589895,1789526653.268186092,-0.116855446,-1.741537873,-1.611005131,-4.538171951,4.734044552,-3.278792206,0.521478813,-0.226080558,0.523789239,2.220951946,-2.168214262,-0.027764830,-0.000022415,-0.000040081,0.000080701,-0.000460668,0.000008205,0.000055432
12.921553195,1789526653.276149273,-0.116831605,-1.741573636,-1.610993210,-4.538195554,4.734068394,-3.278816048,0.521498404,-0.226072015,0.523777867,2.220970216,-2.168126652,-0.027800020,-0.000017391,-0.000040672,0.000073745,-0.000459175,0.000020891,0.000055452
12.929482583,1789526653.284078598,-0.116855446,-1.741561715,-1.611041848,-4.538160030,4.734116077,-3.278780047,0.521480894,-0.226087451,0.523758824,2.220878910,-2.168165574,-0.027755358,-0.000017390,-0.000040672,0.000073746,-0.000459174,0.000020903,0.000055453
12.937485158,1789526653.292080879,-0.116831605,-1.741561715,-1.611029927,-4.538160030,4.734068394,-3.278816048,0.521489241,-0.226070935,0.523763984,2.220974777,-2.168131502,-0.027786872,-0.000015715,-0.000040858,0.000071462,-0.000461357,0.000001840,0.000055393
12.945528945,1789526653.300124884,-0.116843526,-1.741526429,-1.611018006,-4.538135950,4.734056473,-3.278804127,0.521477375,-0.226074946,0.523785542,2.220986309,-2.168196545,-0.027711147,-0.000015719,-0.000040857,0.000071461,-0.000461361,0.000001846,0.000055360
12.953480879,1789526653.308076859,-0.116855446,-1.741549794,-1.611005131,-4.538171951,4.734080791,-3.278792206,0.521483120,-0.226084427,0.523782813,2.220927217,-2.168188459,-0.027744681,-0.000015719,-0.000040857,0.000071463,-0.000461358,0.000001852,0.000055381
12.961475839,1789526653.316071749,-0.116843526,-1.741561715,-1.611018006,-4.538183633,4.734080791,-3.278780047,0.521486818,-0.226078342,0.523772056,2.220910964,-2.168172281,-0.027788551,-0.000015717,-0.000040858,0.000071463,-0.000461356,0.000001846,0.000055398
12.969428815,1789526653.324025393,-0.116843526,-1.741537873,-1.611018006,-4.538171951,4.734116077,-3.278780047,0.521478107,-0.226080584,0.523783701,2.220907343,-2.168168157,-0.027711275,-0.000015718,-0.000040857,0.000071464,-0.000461358,0.000001848,0.000055382
12.977461141,1789526653.332056999,-0.116879288,-1.741537873,-1.611041848,-4.538171951,4.734116077,-3.278816048,0.521465098,-0.226098667,0.523773219,2.220897660,-2.168157675,-0.027742488,-0.000018358,-0.000040553,0.000065843,-0.000459907,0.000014565,0.000055399
12.985443181,1789526653.340039253,-0.116819207,-1.741549794,-1.611029927,-4.538195554,4.734068394,-3.278827969,0.521484259,-0.226063576,0.523774701,2.220990936,-2.168093834,-0.027815649,-0.000018356,-0.000040554,0.000065842,-0.000459907,0.000014535,0.000055410
12.993448965,1789526653.348045111,-0.116879288,-1.741573636,-1.611041848,-4.538183633,4.734092712,-3.278827969,0.521478368,-0.226098067,0.523755106,2.220902669,-2.168136591,-0.027823278,-0.000017958,-0.000037042,0.000065778,-0.000421827,0.000010222,0.000054011
13.001516730,1789526653.356112957,-0.116831605,-1.741537873,-1.611041848,-4.538195554,4.734104633,-3.278780047,0.521473936,-0.226072525,0.523776009,2.220905761,-2.168140067,-0.027779827,-0.000017561,-0.000033531,0.000065712,-0.000383752,0.000005863,0.000052593
13.009443418,1789526653.364039421,-0.116831605,-1.741537873,-1.611041848,-4.538183633,4.734068394,-3.278768126,0.521475353,-0.226069322,0.523774528,2.220917473,-2.168179094,-0.027799662,-0.000017163,-0.000030019,0.000065646,-0.000345676,0.000001523,0.000051181
13.017419735,1789526653.372015715,-0.116855446,-1.741526429,-1.611018006,-4.538183633,4.734056473,-3.278804127,0.521470515,-0.226080702,0.523791218,2.220952817,-2.168188438,-0.027769729,-0.000011945,-0.000028854,0.000058656,-0.000325148,0.000012056,0.000050464
13.025465377,1789526653.380061150,-0.116843526,-1.741561715,-1.611053769,-4.538183633,4.734116077,-3.278780047,0.521479066,-0.226080723,0.523756393,2.220876348,-2.168136335,-0.027798385,-0.000009869,-0.000025528,0.000056309,-0.000289249,-0.000011336,0.000049023
13.033450838,1789526653.388046741,-0.116831605,-1.741537873,-1.611018006,-4.538183633,4.734116077,-3.278816048,0.521479782,-0.226074255,0.523785091,2.220954387,-2.168109839,-0.027726248,-0.000009673,-0.000023772,0.000056277,-0.000270213,-0.000013509,0.000048303
13.041490343,1789526653.396086216,-0.116843526,-1.741585557,-1.611053769,-4.538171951,4.734080791,-3.278780047,0.521489817,-0.226078706,0.523741966,2.220890081,-2.168150955,-0.027847128,-0.000009669,-0.000023773,0.000056276,-0.000270210,-0.000013507,0.000048322
13.049510239,1789526653.404106140,-0.116843526,-1.741573636,-1.611053769,-4.538195554,4.734092712,-3.278816048,0.521482950,-0.226079019,0.523751284,2.220917863,-2.168099145,-0.027850989,-0.000009470,-0.000022017,0.000056244,-0.000251171,-0.000015677,0.000047620
13.057477600,1789526653.412074089,-0.116855446,-1.741561715,-1.611018006,-4.538183633,4.734104633,-3.278816048,0.521483876,-0.226086742,0.523772096,2.220924505,-2.168132340,-0.027767102,-0.000009473,-0.000022016,0.000056244,-0.000251174,-0.000015673,0.000047605
13.065478205,1789526653.420074463,-0.116855446,-1.741526429,-1.611053769,-4.538207475,4.734092712,-3.278756205,0.521460672,-0.226082939,0.523778395,2.220855115,-2.168194167,-0.027806359,-0.000009473,-0.000022016,0.000056243,-0.000251172,-0.000015674,0.000047611
13.073474810,1789526653.428070545,-0.116843526,-1.741537873,-1.611029927,-4.538183633,4.734104633,-3.278756205,0.521474744,-0.226079140,0.523779831,2.220877271,-2.168190389,-0.027750367,-0.000012113,-0.000021712,0.000050624,-0.000249725,-0.000002975,0.000047608
13.081447742,1789526653.436043978,-0.116831605,-1.741561715,-1.611005131,-4.538207475,4.734116077,-3.278804127,0.521489724,-0.226075432,0.523780614,2.220926321,-2.168107452,-0.027768479,-0.000012113,-0.000021713,0.000050625,-0.000249724,-0.000002978,0.000047614
13.089539014,1789526653.444135189,-0.116807286,-1.741561715,-1.610993210,-4.538207475,4.734116077,-3.278804127,0.521497684,-0.226063033,0.523785855,2.220957727,-2.168085626,-0.027753211,-0.000012113,-0.000021713,0.000050625,-0.000249724,-0.000002984,0.000047611
13.097462402,1789526653.452058554,-0.116843526,-1.741549794,-1.611029927,-4.538183633,4.734116077,-3.278804127,0.521479308,-0.226080739,0.523773363,2.220918168,-2.168125691,-0.027755394,-0.000012113,-0.000021713,0.000050624,-0.000249724,-0.000002975,0.000047611
13.105482229,1789526653.460078955,-0.116843526,-1.741561715,-1.611018006,-4.538195554,4.734164238,-3.278792206,0.521484912,-0.226085868,0.523773617,2.220874047,-2.168106278,-0.027723471,-0.000012113,-0.000021713,0.000050626,-0.000249724,-0.000002973,0.000047614
13.113475321,1789526653.468071222,-0.116831605,-1.741549794,-1.611029927,-4.538183633,4.734080791,-3.278804127,0.521482369,-0.226071291,0.523773303,2.220950052,-2.168132348,-0.027788870,-0.000012113,-0.000021713,0.000050623,-0.000249724,-0.000002979,0.000047611
13.121469037,1789526653.476064920,-0.116855446,-1.741537873,-1.611018006,-4.538195554,4.734127998,-3.278804127,0.521473227,-0.226087664,0.523786531,2.220904101,-2.168137524,-0.027729728,-0.000012114,-0.000021712,0.000050625,-0.000250475,-0.000003250,0.000028450
13.129461047,1789526653.484057188,-0.116843526,-1.741526429,-1.611029927,-4.538148109,4.734068394,-3.278816048,0.521473727,-0.226075637,0.523781769,2.220982418,-2.168165847,-0.027729472,-0.000012114,-0.000021712,0.000050623,-0.000250476,-0.000003253,0.000028438
13.137496700,1789526653.492092848,-0.116843526,-1.741537873,-1.611041848,-4.538160030,4.734092712,-3.278792206,0.521474467,-0.226077993,0.523771760,2.220927978,-2.168162652,-0.027748580,-0.000012113,-0.000021713,0.000050624,-0.000250475,-0.000003253,0.000028447
13.145502450,1789526653.500098228,-0.116819207,-1.741537873,-1.611065690,-4.538195554,4.734127998,-3.278827969,0.521471573,-0.226067633,0.523765567,2.220948380,-2.168049426,-0.027787579,-0.000012111,-0.000021713,0.000050624,-0.000250474,-0.000003259,0.000028462
13.153472170,1789526653.508068085,-0.116867367,-1.741526429,-1.611041848,-4.538171951,4.734080791,-3.278780047,0.521463664,-0.226088691,0.523779387,2.220895264,-2.168209177,-0.027760900,-0.000012114,-0.000021712,0.000050623,-0.000250476,-0.000003247,0.000028447
13.161468767,1789526653.516064405,-0.116843526,-1.741549794,-1.611029927,-4.538195554,4.734139919,-3.278768126,0.521478020,-0.226082807,0.523774822,2.220860896,-2.168146604,-0.027746038,-0.000012113,-0.000021713,0.000050625,-0.000250474,-0.000003252,0.000028456
13.169416118,1789526653.524012566,-0.116843526,-1.741549794,-1.611005131,-4.538219635,4.734104633,-3.278816048,0.521481403,-0.226079933,0.523788530,2.220932558,-2.168113908,-0.027780407,-0.000012114,-0.000021712,0.000050624,-0.000250474,-0.000003253,0.000028456
13.177440653,1789526653.532036543,-0.116819207,-1.741526429,-1.611041848,-4.538183633,4.734116077,-3.278792206,0.521473166,-0.226066695,0.523780838,2.220936340,-2.168116761,-0.027740284,-0.000012113,-0.000021713,0.000050624,-0.000250475,-0.000003259,0.000028450
13.185412390,1789526653.540008307,-0.116831605,-1.741573636,-1.611005131,-4.538195554,4.734104633,-3.278756205,0.521495566,-0.226075050,0.523772688,2.220880227,-2.168166910,-0.027778077,-0.000005417,-0.000022488,0.000041385,-0.000251165,-0.000009610,0.000028400
13.193460728,1789526653.548056841,-0.116843526,-1.741537873,-1.611041848,-4.538207475,4.734068394,-3.278792206,0.521470576,-0.226075308,0.523777366,2.220920557,-2.168155101,-0.027829833,-0.000005219,-0.000020733,0.000041351,-0.000232126,-0.000011778,0.000027699
13.201486415,1789526653.556082487,-0.116819207,-1.741537873,-1.611018006,-4.538183633,4.734092712,-3.278756205,0.521482827,-0.226065650,0.523785052,2.220915109,-2.168175309,-0.027746528,-0.000005020,-0.000018977,0.000041319,-0.000213089,-0.000013952,0.000026984
13.209443548,1789526653.564039469,-0.116855446,-1.741537873,-1.610993210,-4.538219635,4.734068394,-3.278804127,0.521476863,-0.226082563,0.523800197,2.220936633,-2.168171514,-0.027786002,-0.000005022,-0.000018977,0.000041319,-0.000213089,-0.000013945,0.000026986
13.217438018,1789526653.572034121,-0.116843526,-1.741537873,-1.611005131,-4.538160030,4.734116077,-3.278816048,0.521481807,-0.226081006,0.523787942,2.220957364,-2.168139503,-0.027682055,-0.000004822,-0.000017221,0.000041287,-0.000194051,-0.000016117,0.000026274
13.225438821,1789526653.580034733,-0.116831605,-1.741549794,-1.611018006,-4.538171951,4.734139919,-3.278792206,0.521485238,-0.226077102,0.523777254,2.220915410,-2.168122630,-0.027703018,-0.000007461,-0.000016917,0.000035667,-0.000192601,-0.000003418,0.000026287
13.233426984,1789526653.588023186,-0.116843526,-1.741526429,-1.611041848,-4.538195554,4.734116077,-3.278792206,0.521466627,-0.226079261,0.523782257,2.220904967,-2.168138559,-0.027755556,-0.000007262,-0.000015162,0.000035634,-0.000173562,-0.000005586,0.000025587
13.241444854,1789526653.596040726,-0.116855446,-1.741549794,-1.611053769,-4.538195554,4.734080791,-3.278792206,0.521471014,-0.226083042,0.523764240,2.220895808,-2.168156126,-0.027832885,-0.000007261,-0.000015162,0.000035633,-0.000173561,-0.000005585,0.000025593
13.249394922,1789526653.603991270,-0.116843526,-1.741561715,-1.611041848,-4.538183633,4.734068394,-3.278780047,0.521482023,-0.226076640,0.523761553,2.220907263,-2.168168644,-0.027829544,-0.000007062,-0.000013406,0.000035600,-0.000154523,-0.000007757,0.000024887
13.257478948,1789526653.612075090,-0.116867367,-1.741502110,-1.611041848,-4.538219635,4.734127998,-3.278780047,0.521449458,-0.226091429,0.523798378,2.220859721,-2.168171851,-0.027744111,-0.000007064,-0.000013405,0.000035601,-0.000154524,-0.000007752,0.000024883
13.265421830,1789526653.620018244,-0.116831605,-1.741537873,-1.611018006,-4.538207475,4.734104633,-3.278792206,0.521477819,-0.226072977,0.523787910,2.220924245,-2.168131936,-0.027765635,-0.000007063,-0.000013406,0.000035601,-0.000154524,-0.000007758,0.000024883
13.273449867,1789526653.628045797,-0.116855446,-1.741526429,-1.611005131,-4.538171951,4.734127998,-3.278804127,0.521473452,-0.226087670,0.523795610,2.220924897,-2.168158964,-0.027671177,-0.000007064,-0.000013406,0.000035601,-0.000154525,-0.000007754,0.000024874
13.281388728,1789526653.635985136,-0.116855446,-1.741549794,-1.611053769,-4.538148109,4.734127998,-3.278792206,0.521474668,-0.226087823,0.523758672,2.220890882,-2.168150726,-0.027729691,-0.000006863,-0.000011650,0.000035568,-0.000135485,-0.000009924,0.000024178
13.289457906,1789526653.644053936,-0.116867367,-1.741549794,-1.611029927,-4.538195554,4.734139919,-3.278792206,0.521472629,-0.226095240,0.523774822,2.220861452,-2.168146630,-0.027747446,-0.000006864,-0.000011650,0.000035569,-0.000135485,-0.000009922,0.000024181
13.297431806,1789526653.652028084,-0.116855446,-1.741537873,-1.611041848,-4.538183633,4.734139919,-3.278792206,0.521469221,-0.226088304,0.523774650,2.220879446,-2.168138646,-0.027732500,-0.000006864,-0.000011650,0.000035568,-0.000135485,-0.000009924,0.000024179
13.305486195,1789526653.660082102,-0.116819207,-1.741549794,-1.611018006,-4.538171951,4.734152317,-3.278804127,0.521487912,-0.226071772,0.523777275,2.220935081,-2.168088606,-0.027691119,-0.000006864,-0.000011650,0.000035569,-0.000135485,-0.000009929,0.000024176
13.313433220,1789526653.668028831,-0.116867367,-1.741549794,-1.611041848,-4.538171951,4.734104633,-3.278792206,0.521472595,-0.226091953,0.523766712,2.220885510,-2.168171874,-0.027767001,-0.000006665,-0.000009894,0.000035535,-0.000116447,-0.000012093,0.000023476
13.321448180,1789526653.676043987,-0.116831605,-1.741597954,-1.611018006,-4.538183633,4.734092712,-3.278804127,0.521503624,-0.226074891,0.523752352,2.220927893,-2.168109527,-0.027821838,-0.000006663,-0.000009895,0.000035536,-0.000116446,-0.000012098,0.000023480
13.329421353,1789526653.684017420,-0.116843526,-1.741573636,-1.611018006,-4.538183633,4.734116077,-3.278804127,0.521491135,-0.226082124,0.523765628,2.220913005,-2.168120422,-0.027770023,-0.000006664,-0.000009894,0.000035536,-0.000116446,-0.000012096,0.000023477
13.337412722,1789526653.692008734,-0.116819207,-1.741537873,-1.611029927,-4.538183633,4.734104633,-3.278804127,0.521480242,-0.226066459,0.523779831,2.220955732,-2.168110312,-0.027751059,-0.000006665,-0.000009894,0.000035535,-0.000116446,-0.000012099,0.000023474
13.345441649,1789526653.700037718,-0.116819207,-1.741585557,-1.611029927,-4.538207475,4.734104633,-3.278780047,0.521496890,-0.226068431,0.523756718,2.220898441,-2.168105005,-0.027837832,-0.000006663,-0.000009895,0.000035536,-0.000116445,-0.000012099,0.000023482
13.353472068,1789526653.708068132,-0.116831605,-1.741561715,-1.611018006,-4.538183633,4.734139919,-3.278780047,0.521488900,-0.226077539,0.523772156,2.220891917,-2.168125513,-0.027731519,-0.000006466,-0.000008139,0.000035503,-0.000097408,-0.000014267,0.000022772
13.361430109,1789526653.716026068,-0.116855446,-1.741561715,-1.611065690,-4.538207475,4.734104633,-3.278804127,0.521471946,-0.226085378,0.523753971,2.220880411,-2.168113491,-0.027854081,-0.000006465,-0.000008139,0.000035503,-0.000097406,-0.000014265,0.000022778
13.369395160,1789526653.723991156,-0.116831605,-1.741561715,-1.611018006,-4.538219635,4.734104633,-3.278816048,0.521486122,-0.226073961,0.523776382,2.220934618,-2.168089548,-0.027810366,-0.000006466,-0.000008139,0.000035503,-0.000097407,-0.000014268,0.000022775
13.377436732,1789526653.732032776,-0.116819207,-1.741549794,-1.611005131,-4.538160030,4.734104633,-3.278840129,0.521492106,-0.226067826,0.523781435,2.221010825,-2.168086933,-0.027707610,-0.000006466,-0.000008139,0.000035503,-0.000097409,-0.000014268,0.000022767
13.385423204,1789526653.740019083,-0.116843526,-1.741514031,-1.611029927,-4.538171951,4.734139919,-3.278827969,0.521466033,-0.226081383,0.523791476,2.220951892,-2.168107008,-0.027675196,-0.000006467,-0.000008138,0.000035503,-0.000097409,-0.000014265,0.000022767
13.393468068,1789526653.748064518,-0.116843526,-1.741537873,-1.611005131,-4.538171951,4.734116077,-3.278780047,0.521480766,-0.226080890,0.523789361,2.220912953,-2.168173909,-0.027695557,-0.000006467,-0.000008139,0.000035503,-0.000097409,-0.000014266,0.000022767
13.401450323,1789526653.756046534,-0.116819207,-1.741573636,-1.611018006,-4.538195554,4.734152317,-3.278792206,0.521495216,-0.226072645,0.523767109,2.220901511,-2.168080574,-0.027748776,-0.000006465,-0.000008139,0.000035503,-0.000097407,-0.000014268,0.000022774
13.409459512,1789526653.764055490,-0.116867367,-1.741526429,-1.611018006,-4.538148109,4.734116077,-3.278827969,0.521470304,-0.226092719,0.523787091,2.220949184,-2.168157645,-0.027670255,-0.000006467,-0.000008138,0.000035503,-0.000097410,-0.000014264,0.000022765
13.417415090,1789526653.772011042,-0.116855446,-1.741573636,-1.611041848,-4.538160030,4.734104633,-3.278804127,0.521485695,-0.226086954,0.523752317,2.220906159,-2.168140159,-0.027781626,-0.000006266,-0.000006383,0.000035470,-0.000078369,-0.000016435,0.000022069
13.425415852,1789526653.780011892,-0.116855446,-1.741561715,-1.611065690,-4.538219635,4.734116077,-3.278792206,0.521470766,-0.226086308,0.523755438,2.220855978,-2.168114717,-0.027857609,-0.000006266,-0.000006383,0.000035470,-0.000078368,-0.000016435,0.000022074
13.433404036,1789526653.788000107,-0.116843526,-1.741526429,-1.611018006,-4.538183633,4.734116077,-3.278768126,0.521472592,-0.226079943,0.523791320,2.220894260,-2.168181160,-0.027711184,-0.000006268,-0.000006383,0.000035470,-0.000078370,-0.000016436,0.000022065
13.441450289,1789526653.796046257,-0.116843526,-1.741561715,-1.611029927,-4.538207475,4.734104633,-3.278792206,0.521482027,-0.226080011,0.523769694,2.220895845,-2.168129325,-0.027809721,-0.000006267,-0.000006383,0.000035470,-0.000078369,-0.000016436,0.000022070
13.449429567,1789526653.804025412,-0.116855446,-1.741561715,-1.611041848,-4.538183633,4.734104633,-3.278792206,0.521478952,-0.226086175,0.523761614,2.220888123,-2.168148019,-0.027795509,-0.000006266,-0.000006383,0.000035470,-0.000078369,-0.000016435,0.000022069
13.457454785,1789526653.812050581,-0.116879288,-1.741549794,-1.611029927,-4.538171951,4.734152317,-3.278792206,0.521471867,-0.226102819,0.523772034,2.220852131,-2.168163526,-0.027707087,-0.000006267,-0.000006383,0.000035471,-0.000078370,-0.000016432,0.000022067
13.465388944,1789526653.819984913,-0.116843526,-1.741537873,-1.611018006,-4.538183633,4.734164238,-3.278780047,0.521476588,-0.226084881,0.523785174,2.220876306,-2.168135657,-0.027679374,-0.000008908,-0.000006079,0.000029851,-0.000076921,-0.000003734,0.000022072
13.473445472,1789526653.828041553,-0.116867367,-1.741549794,-1.611005131,-4.538219635,4.734152317,-3.278792206,0.521475518,-0.226096732,0.523788611,2.220855143,-2.168139875,-0.027734696,-0.000008908,-0.000006079,0.000029851,-0.000076920,-0.000003733,0.000022075
13.481427648,1789526653.836023569,-0.116867367,-1.741549794,-1.610993210,-4.538195554,4.734139919,-3.278827969,0.521480211,-0.226096113,0.523790965,2.220916438,-2.168123538,-0.027703670,-0.000008908,-0.000006079,0.000029851,-0.000076921,-0.000003733,0.000022072
13.489419098,1789526653.844015121,-0.116819207,-1.741537873,-1.611018006,-4.538207475,4.734104633,-3.278756205,0.521480622,-0.226066512,0.523787910,2.220898357,-2.168157853,-0.027764214,-0.000007233,-0.000006264,0.000027568,-0.000079102,-0.000022788,0.000022019
13.497418539,1789526653.852014542,-0.116843526,-1.741549794,-1.611053769,-4.538195554,4.734127998,-3.278780047,0.521473220,-0.226081149,0.523764320,2.220869936,-2.168129532,-0.027786923,-0.000007232,-0.000006264,0.000027567,-0.000079101,-0.000022785,0.000022022
13.505495489,1789526653.860092163,-0.116855446,-1.741537873,-1.611041848,-4.538183633,4.734152317,-3.278816048,0.521469093,-0.226089439,0.523774671,2.220898752,-2.168105300,-0.027721316,-0.000007233,-0.000006264,0.000027568,-0.000079102,-0.000022784,0.000022019
13.513438718,1789526653.868034601,-0.116867367,-1.741526429,-1.611041848,-4.538183633,4.734152317,-3.278827969,0.521461902,-0.226095127,0.523780900,2.220903871,-2.168110530,-0.027708008,-0.000002013,-0.000005099,0.000020578,-0.000058573,-0.000012257,0.000021313
13.521426929,1789526653.876023054,-0.116867367,-1.741549794,-1.611018006,-4.538231556,4.734116077,-3.278827969,0.521472195,-0.226092992,0.523784308,2.220902914,-2.168109780,-0.027800762,-0.000002013,-0.000005099,0.000020578,-0.000058572,-0.000012258,0.000021316
13.529387313,1789526653.883983135,-0.116843526,-1.741537873,-1.611018006,-4.538183633,4.734139919,-3.278780047,0.521476840,-0.226082655,0.523785132,2.220889425,-2.168149418,-0.027702686,-0.000002013,-0.000005099,0.000020578,-0.000058573,-0.000012259,0.000021312
13.537439587,1789526653.892036915,-0.116807286,-1.741537873,-1.611029927,-4.538219635,4.734152317,-3.278768126,0.521479299,-0.226064261,0.523784198,2.220888024,-2.168093607,-0.027747903,-0.000002013,-0.000005099,0.000020578,-0.000058572,-0.000012261,0.000021315
13.545445122,1789526653.900040865,-0.116843526,-1.741549794,-1.611065690,-4.538219635,4.734127998,-3.278816048,0.521468655,-0.226080633,0.523761946,2.220893569,-2.168073629,-0.027831940,-0.000002012,-0.000005099,0.000020578,-0.000058571,-0.000012259,0.000021318
13.553429524,1789526653.908025265,-0.116855446,-1.741514031,-1.611041848,-4.538171951,4.734152317,-3.278816048,0.521460748,-0.226088451,0.523786256,2.220914165,-2.168121143,-0.027677866,-0.000002013,-0.000005099,0.000020578,-0.000058573,-0.000012258,0.000021312
13.561405881,1789526653.916001797,-0.116843526,-1.741537873,-1.611005131,-4.538219635,4.734116077,-3.278780047,0.521476602,-0.226080430,0.523795037,2.220892311,-2.168152489,-0.027753788,-0.000002013,-0.000005099,0.000020578,-0.000058573,-0.000012259,0.000021314
13.569356572,1789526653.923952579,-0.116831605,-1.741537873,-1.611029927,-4.538171951,4.734116077,-3.278768126,0.521478341,-0.226074085,0.523778460,2.220902002,-2.168162686,-0.027725129,-0.000002013,-0.000005099,0.000020578,-0.000058573,-0.000012260,0.000021312
13.577294574,1789526653.931889057,-0.116855446,-1.741561715,-1.610981290,-4.538171951,4.734116077,-3.278792206,0.521492360,-0.226088775,0.523786867,2.220913391,-2.168173847,-0.027696339,-0.000002013,-0.000005099,0.000020578,-0.000058574,-0.000012259,0.000021311
13.585275104,1789526653.939869642,-0.116819207,-1.741549794,-1.611041848,-4.538183633,4.734127998,-3.278756205,0.521482220,-0.226068865,0.523768142,2.220880508,-2.168139392,-0.027756398,-0.000002012,-0.000005099,0.000020578,-0.000058572,-0.000012261,0.000021314
13.593378433,1789526653.947972775,-0.116843526,-1.741549794,-1.611065690,-4.538195554,4.734116077,-3.278827969,0.521470881,-0.226079774,0.523759059,2.220923421,-2.168078027,-0.027814312,-0.000002012,-0.000005099,0.000020578,-0.000058572,-0.000012260,0.000021316
13.601357578,1789526653.955952168,-0.116843526,-1.741537873,-1.611005131,-4.538183633,4.734152317,-3.278804127,0.521479370,-0.226084096,0.523790814,2.220914599,-2.168121560,-0.027675790,-0.000002013,-0.000005099,0.000020578,-0.000058573,-0.000012259,0.000021312
13.609363988,1789526653.963958502,-0.116819207,-1.741561715,-1.611041848,-4.538207475,4.734139919,-3.278792206,0.521484697,-0.226070277,0.523764513,2.220897829,-2.168076879,-0.027789733,-0.000002012,-0.000005099,0.000020578,-0.000058571,-0.000012261,0.000021316
13.617331223,1789526653.971925974,-0.116843526,-1.741537873,-1.611005131,-4.538183633,4.734152317,-3.278756205,0.521479370,-0.226084096,0.523790814,2.220862351,-2.168174485,-0.027674384,-0.000002013,-0.000005099,0.000020578,-0.000058573,-0.000012259,0.000021312
13.625355720,1789526653.979950905,-0.116831605,-1.741573636,-1.611005131,-4.538160030,4.734139919,-3.278816048,0.521498303,-0.226078624,0.523768519,2.220941816,-2.168096810,-0.027702625,-0.000002012,-0.000005099,0.000020578,-0.000058573,-0.000012260,0.000021312
13.633355225,1789526653.987950563,-0.116831605,-1.741561715,-1.611018006,-4.538219635,4.734104633,-3.278792206,0.521486122,-0.226073961,0.523776382,2.220908624,-2.168115879,-0.027809666,-0.000002012,-0.000005099,0.000020578,-0.000058572,-0.000012260,0.000021316
13.641437853,1789526653.996033907,-0.116843526,-1.741561715,-1.611029927,-4.538124029,4.734152317,-3.278780047,0.521488820,-0.226085184,0.523759841,2.220892987,-2.168153256,-0.027661750,-0.000002012,-0.000005099,0.000020578,-0.000058573,-0.000012259,0.000021311
13.649377567,1789526654.003973484,-0.116891209,-1.741537873,-1.611018006,-4.538171951,4.734104633,-3.278792206,0.521467445,-0.226104402,0.523783681,2.220875376,-2.168214443,-0.027724001,-0.000002013,-0.000005099,0.000020578,-0.000058574,-0.000012257,0.000021312
13.657443776,1789526654.012039661,-0.116855446,-1.741537873,-1.611018006,-4.538207475,4.734127998,-3.278827969,0.521472186,-0.226087549,0.523787950,2.220924934,-2.168105838,-0.027744986,-0.000002013,-0.000005099,0.000020578,-0.000058573,-0.000012259,0.000021314
13.665383289,1789526654.019979715,-0.116843526,-1.741514031,-1.611018006,-4.538171951,4.734104633,-3.278756205,0.521468861,-0.226078435,0.523796657,2.220897879,-2.168211558,-0.027692364,-0.000002013,-0.000005099,0.000020578,-0.000058574,-0.000012260,0.000021310
13.673423309,1789526654.028019190,-0.116855446,-1.741561715,-1.611018006,-4.538160030,4.734116077,-3.278827969,0.521485818,-0.226088018,0.523769306,2.220941546,-2.168123301,-0.027727656,-0.000002012,-0.000005099,0.000020578,-0.000058573,-0.000012259,0.000021312
13.681396271,1789526654.035992384,-0.116819207,-1.741549794,-1.611041848,-4.538171951,4.734152317,-3.278768126,0.521482988,-0.226071205,0.523766793,2.220885444,-2.168117714,-0.027719169,-0.000002012,-0.000005099,0.000020578,-0.000058572,-0.000012260,0.000021314
13.689366677,1789526654.043962717,-0.116855446,-1.741585557,-1.611018006,-4.538183633,4.734139919,-3.278780047,0.521492875,-0.226091074,0.523759181,2.220855863,-2.168141537,-0.027761402,-0.000002012,-0.000005099,0.000020578,-0.000058572,-0.000012258,0.000021315
13.697434623,1789526654.052030563,-0.116843526,-1.741573636,-1.611053769,-4.538207475,4.734152317,-3.278816048,0.521481291,-0.226084361,0.523752805,2.220880552,-2.168060061,-0.027808408,-0.000002012,-0.000005099,0.000020578,-0.000058571,-0.000012259,0.000021318
13.705428295,1789526654.060024261,-0.116843526,-1.741549794,-1.611005131,-4.538219635,4.734116077,-3.278780047,0.521481285,-0.226080980,0.523788550,2.220887133,-2.168147192,-0.027768379,-0.000002013,-0.000005099,0.000020578,-0.000058572,-0.000012259,0.000021314
13.713381886,1789526654.067977667,-0.116843526,-1.741561715,-1.611041848,-4.538183633,4.734152317,-3.278792206,0.521481153,-0.226084324,0.523761696,2.220875251,-2.168107726,-0.027749448,-0.000002012,-0.000005099,0.000020578,-0.000058572,-0.000012259,0.000021315
13.721412745,1789526654.076008797,-0.116831605,-1.741573636,-1.610993210,-4.538195554,4.734152317,-3.278792206,0.521497534,-0.226079699,0.523778010,2.220898950,-2.168105495,-0.027718869,-0.000002013,-0.000005099,0.000020578,-0.000058572,-0.000012259,0.000021314
13.729382162,1789526654.083977938,-0.116867367,-1.741526429,-1.611005131,-4.538160030,4.734164238,-3.278792206,0.521471422,-0.226097320,0.523794253,2.220884659,-2.168170288,-0.027621880,-0.000002013,-0.000005099,0.000020578,-0.000058574,-0.000012257,0.000021310
13.737385518,1789526654.091981411,-0.116843526,-1.741537873,-1.611053769,-4.538183633,4.734164238,-3.278768126,0.521469202,-0.226084031,0.523769451,2.220847729,-2.168132843,-0.027722684,-0.000002012,-0.000005099,0.000020578,-0.000058572,-0.000012259,0.000021314
13.745421819,1789526654.100017548,-0.116831605,-1.741549794,-1.611018006,-4.538195554,4.734116077,-3.278816048,0.521483424,-0.226074691,0.523780023,2.220944048,-2.168099187,-0.027755398,-0.000002013,-0.000005099,0.000020578,-0.000058572,-0.000012260,0.000021314
13.753427932,1789526654.108023882,-0.116855446,-1.741561715,-1.611041848,-4.538195554,4.734116077,-3.278780047,0.521477792,-0.226087108,0.523763053,2.220863532,-2.168149616,-0.027798739,-0.000002012,-0.000005099,0.000020578,-0.000058572,-0.000012259,0.000021316
13.761409830,1789526654.116005898,-0.116855446,-1.741537873,-1.611018006,-4.538231556,4.734127998,-3.278780047,0.521470084,-0.226087316,0.523790816,2.220862262,-2.168147946,-0.027772985,-0.000002013,-0.000005099,0.000020578,-0.000058572,-0.000012259,0.000021315
13.769376016,1789526654.123971939,-0.116855446,-1.741561715,-1.611041848,-4.538219635,4.734104633,-3.278827969,0.521475808,-0.226085827,0.523765900,2.220911530,-2.168092351,-0.027840523,-0.000002012,-0.000005099,0.000020578,-0.000058571,-0.000012259,0.000021317
13.777384982,1789526654.131981134,-0.116855446,-1.741549794,-1.611018006,-4.538207475,4.734127998,-3.278780047,0.521476869,-0.226088100,0.523781462,2.220867508,-2.168153465,-0.027758171,-0.000002013,-0.000005099,0.000020578,-0.000058572,-0.000012259,0.000021314
13.785327043,1789526654.139923096,-0.116807286,-1.741549794,-1.611005131,-4.538183633,4.734176159,-3.278792206,0.521491998,-0.226067931,0.523784367,2.220922624,-2.168075476,-0.027666112,-0.000002013,-0.000005099,0.000020578,-0.000058572,-0.000012260,0.000021312
13.793420651,1789526654.148016691,-0.116843526,-1.741561715,-1.611005131,-4.538219635,4.734139919,-3.278780047,0.521485720,-0.226083714,0.523782102,2.220869094,-2.168128403,-0.027760115,-0.000002013,-0.000005099,0.000020578,-0.000058572,-0.000012259,0.000021315
13.801442996,1789526654.156039000,-0.116879288,-1.741526429,-1.611005131,-4.538171951,4.734104633,-3.278827969,0.521468304,-0.226097963,0.523795570,2.220937798,-2.168172474,-0.027694973,-0.000002014,-0.000005099,0.000020578,-0.000058574,-0.000012257,0.000021310
13.809387769,1789526654.163983583,-0.116855446,-1.741561715,-1.611029927,-4.538160030,4.734092712,-3.278768126,0.521483599,-0.226085595,0.523764025,2.220883710,-2.168197287,-0.027762853,-0.000002012,-0.000005099,0.000020578,-0.000058573,-0.000012259,0.000021313
13.817419416,1789526654.172015429,-0.116867367,-1.741514031,-1.611041848,-4.538183633,4.734104633,-3.278804127,0.521457527,-0.226090188,0.523787565,2.220908985,-2.168169353,-0.027737842,-0.000002013,-0.000005099,0.000020578,-0.000058573,-0.000012258,0.000021312
13.825365597,1789526654.179961443,-0.116843526,-1.741573636,-1.611053769,-4.538183633,4.734127998,-3.278780047,0.521483625,-0.226082365,0.523749926,2.220864739,-2.168124291,-0.027801548,-0.000002012,-0.000005099,0.000020578,-0.000058572,-0.000012259,0.000021316
13.833390981,1789526654.187986612,-0.116843526,-1.741561715,-1.611018006,-4.538195554,4.734116077,-3.278804127,0.521485411,-0.226081458,0.523773535,2.220913023,-2.168120365,-0.027769989,-0.000002012,-0.000005099,0.000020578,-0.000058572,-0.000012259,0.000021314
13.841409086,1789526654.196005106,-0.116843526,-1.741537873,-1.611053769,-4.538231556,4.734152317,-3.278780047,0.521465141,-0.226082477,0.523775135,2.220846413,-2.168104895,-0.027792982,-0.000002012,-0.000005099,0.000020578,-0.000058571,-0.000012259,0.000021317
13.849392711,1789526654.203988791,-0.116843526,-1.741561715,-1.611029927,-4.538183633,4.734104633,-3.278792206,0.521484109,-0.226080242,0.523766855,2.220906166,-2.168140035,-0.027780606,-0.000002012,-0.000005099,0.000020578,-0.000058572,-0.000012260,0.000021314
13.857404918,1789526654.212000847,-0.116867367,-1.741537873,-1.611018006,-4.538183633,4.734139919,-3.278792206,0.521471450,-0.226095087,0.523785132,2.220876983,-2.168162608,-0.027703743,-0.000002013,-0.000005099,0.000020578,-0.000058573,-0.000012258,0.000021312
13.865406398,1789526654.220002413,-0.116819207,-1.741537873,-1.611041848,-4.538207475,4.734127998,-3.278816048,0.521475456,-0.226068084,0.523777468,2.220940610,-2.168067889,-0.027772679,-0.000002012,-0.000005099,0.000020578,-0.000058572,-0.000012261,0.000021315
13.873425325,1789526654.228021145,-0.116819207,-1.741537873,-1.611018006,-4.538171951,4.734139919,-3.278780047,0.521483358,-0.226070086,0.523783742,2.220920694,-2.168127514,-0.027687706,-0.000002013,-0.000005099,0.000020578,-0.000058573,-0.000012260,0.000021312
13.881393778,1789526654.235989809,-0.116843526,-1.741526429,-1.611005131,-4.538207475,4.734164238,-3.278816048,0.521472669,-0.226084428,0.523799900,2.220915816,-2.168096025,-0.027679821,-0.000002013,-0.000005099,0.000020578,-0.000058573,-0.000012258,0.000021312
13.889358656,1789526654.243954897,-0.116831605,-1.741561715,-1.611041848,-4.538160030,4.734139919,-3.278780047,0.521486037,-0.226077201,0.523758865,2.220891747,-2.168125463,-0.027731802,-0.000002012,-0.000005099,0.000020578,-0.000058572,-0.000012260,0.000021314
13.897408770,1789526654.252004623,-0.116831605,-1.741549794,-1.611041848,-4.538183633,4.734164238,-3.278816048,0.521479042,-0.226078649,0.523768204,2.220912841,-2.168066637,-0.027723780,-0.000002012,-0.000005099,0.000020578,-0.000058572,-0.000012259,0.000021314
13.905368663,1789526654.259964705,-0.116843526,-1.741537873,-1.610993210,-4.538207475,4.734116077,-3.278827969,0.521480125,-0.226080831,0.523798831,2.220955017,-2.168110352,-0.027725792,-0.000002013,-0.000005099,0.000020578,-0.000058573,-0.000012259,0.000021312
13.913413135,1789526654.268008947,-0.116867367,-1.741537873,-1.611029927,-4.538207475,4.734127998,-3.278792206,0.521467029,-0.226093482,0.523782709,2.220867901,-2.168153318,-0.027758840,-0.000002013,-0.000005099,0.000020578,-0.000058573,-0.000012258,0.000021314
13.921383905,1789526654.275979757,-0.116819207,-1.741549794,-1.610981290,-4.538207475,4.734092712,-3.278792206,0.521493010,-0.226066843,0.523797544,2.220954858,-2.168135946,-0.027746465,-0.000002013,-0.000005099,0.000020578,-0.000058573,-0.000012261,0.000021312
13.929374863,1789526654.283970833,-0.116843526,-1.741537873,-1.611041848,-4.538171951,4.734116077,-3.278804127,0.521473184,-0.226080018,0.523773219,2.220923210,-2.168130910,-0.027741089,-0.000002012,-0.000005099,0.000020578,-0.000058573,-0.000012259,0.000021313
13.937365495,1789526654.291961432,-0.116855446,-1.741573636,-1.610993210,-4.538195554,4.734116077,-3.278768126,0.521492519,-0.226088815,0.523777948,2.220866547,-2.168179215,-0.027753602,-0.000002013,-0.000005099,0.000020578,-0.000058573,-0.000012259,0.000021314
13.945413216,1789526654.300009251,-0.116879288,-1.741573636,-1.611018006,-4.538195554,4.734139919,-3.278792206,0.521481761,-0.226102841,0.523767088,2.220843440,-2.168154670,-0.027762426,-0.000002012,-0.000005099,0.000020578,-0.000058572,-0.000012257,0.000021315
13.953385900,1789526654.307981968,-0.116855446,-1.741514031,-1.611005131,-4.538231556,4.734127998,-3.278792206,0.521463377,-0.226086521,0.523809452,2.220891485,-2.168150865,-0.027728442,-0.000002014,-0.000005099,0.000020578,-0.000058573,-0.000012258,0.000021313
13.961379019,1789526654.315974951,-0.116831605,-1.741549794,-1.611029927,-4.538195554,4.734127998,-3.278804127,0.521480838,-0.226075499,0.523774802,2.220919426,-2.168100281,-0.027758173,-0.000004652,-0.000004795,0.000014958,-0.000057123,0.000000441,0.000021320
13.969376953,1789526654.323973656,-0.116867367,-1.741549794,-1.611029927,-4.538183633,4.734176159,-3.278744046,0.521473294,-0.226098673,0.523773465,2.220794554,-2.168184664,-0.027696734,-0.000004652,-0.000004795,0.000014958,-0.000057123,0.000000444,0.000021320
13.977377797,1789526654.331973553,-0.116831605,-1.741537873,-1.611018006,-4.538171951,4.734104633,-3.278792206,0.521480921,-0.226073320,0.523783681,2.220939624,-2.168147894,-0.027722253,-0.000004653,-0.000004795,0.000014958,-0.000057124,0.000000441,0.000021318
13.985365188,1789526654.339961052,-0.116843526,-1.741514031,-1.611005131,-4.538183633,4.734127998,-3.278792206,0.521470257,-0.226080768,0.523803748,2.220925078,-2.168159082,-0.027669569,-0.000004653,-0.000004795,0.000014958,-0.000057125,0.000000442,0.000021316
13.993339726,1789526654.347935915,-0.116855446,-1.741561715,-1.611005131,-4.538195554,4.734139919,-3.278804127,0.521485128,-0.226090163,0.523779236,2.220892922,-2.168125936,-0.027731766,-0.000004653,-0.000004795,0.000014958,-0.000057123,0.000000442,0.000021320
14.001372188,1789526654.355968237,-0.116879288,-1.741549794,-1.611029927,-4.538171951,4.734152317,-3.278768126,0.521471867,-0.226102819,0.523772034,2.220825877,-2.168190120,-0.027706380,-0.000004653,-0.000004795,0.000014958,-0.000057124,0.000000444,0.000021319
14.009342764,1789526654.363938808,-0.116843526,-1.741585557,-1.611029927,-4.538195554,4.734104633,-3.278816048,0.521492433,-0.226081228,0.523755299,2.220916642,-2.168097754,-0.027825046,-0.000004652,-0.000004795,0.000014958,-0.000057123,0.000000441,0.000021323
14.017392529,1789526654.371988535,-0.116891209,-1.741573636,-1.611005131,-4.538171951,4.734152317,-3.278804127,0.521483657,-0.226110727,0.523769959,2.220852725,-2.168164154,-0.027706699,-0.000004653,-0.000004795,0.000014958,-0.000057124,0.000000445,0.000021319
14.025362263,1789526654.379958391,-0.116843526,-1.741573636,-1.611041848,-4.538207475,4.734116077,-3.278840129,0.521484129,-0.226081327,0.523757984,2.220931547,-2.168059301,-0.027829302,-0.000004652,-0.000004795,0.000014958,-0.000057122,0.000000441,0.000021323
14.033353463,1789526654.387950182,-0.116843526,-1.741537873,-1.611005131,-4.538160030,4.734164238,-3.278768126,0.521481308,-0.226085415,0.523788024,2.220879134,-2.168165177,-0.027634482,-0.000004653,-0.000004795,0.000014958,-0.000057125,0.000000442,0.000021316
14.041401457,1789526654.395997524,-0.116855446,-1.741561715,-1.611041848,-4.538207475,4.734139919,-3.278780047,0.521476504,-0.226089175,0.523764513,2.220845512,-2.168130769,-0.027790441,-0.000004652,-0.000004795,0.000014958,-0.000057122,0.000000442,0.000021322
14.049322540,1789526654.403918505,-0.116843526,-1.741573636,-1.611005131,-4.538231556,4.734116077,-3.278768126,0.521489609,-0.226081967,0.523776993,2.220858618,-2.168144406,-0.027811769,-0.000004652,-0.000004795,0.000014958,-0.000057874,0.000000163,0.000002164
14.057379952,1789526654.411975861,-0.116831605,-1.741561715,-1.610993210,-4.538195554,4.734127998,-3.278780047,0.521493103,-0.226076922,0.523784456,2.220903991,-2.168137982,-0.027727233,-0.000004653,-0.000004795,0.000014958,-0.000057874,0.000000163,0.000002161
14.065362266,1789526654.419958353,-0.116819207,-1.741549794,-1.611018006,-4.538231556,4.734139919,-3.278780047,0.521482836,-0.226070061,0.523784349,2.220889714,-2.168095441,-0.027775084,-0.000004652,-0.000004795,0.000014958,-0.000057874,0.000000162,0.000002164
14.073415996,1789526654.428012609,-0.116831605,-1.741514031,-1.611029927,-4.538195554,4.734116077,-3.278768126,0.521466914,-0.226072755,0.523794245,2.220902142,-2.168162678,-0.027724771,-0.000004653,-0.000004795,0.000014958,-0.000057874,0.000000163,0.000002160
14.081340349,1789526654.435936213,-0.116867367,-1.741537873,-1.611041848,-4.538219635,4.734104633,-3.278816048,0.521463748,-0.226090942,0.523778876,2.220896041,-2.168129421,-0.027811340,-0.000004653,-0.000004795,0.000014958,-0.000057874,0.000000165,0.000002164
14.089442561,1789526654.444038391,-0.116843526,-1.741573636,-1.611041848,-4.538171951,4.734139919,-3.278792206,0.521486984,-0.226083853,0.523753796,2.220881817,-2.168114692,-0.027761658,-0.000004652,-0.000004795,0.000014958,-0.000057874,0.000000163,0.000002163
14.097377251,1789526654.451973438,-0.116867367,-1.741549794,-1.611029927,-4.538195554,4.734116077,-3.278792206,0.521472877,-0.226093057,0.523774782,2.220874313,-2.168160121,-0.027770301,-0.000004653,-0.000004795,0.000014958,-0.000057874,0.000000165,0.000002162
14.105383790,1789526654.459979773,-0.116843526,-1.741561715,-1.611018006,-4.538219635,4.734116077,-3.278792206,0.521483309,-0.226081225,0.523776401,2.220889602,-2.168122713,-0.027799045,-0.000004652,-0.000004795,0.000014958,-0.000057874,0.000000163,0.000002164
14.113355531,1789526654.467951298,-0.116831605,-1.741585557,-1.611053769,-4.538195554,4.734176159,-3.278816048,0.521489462,-0.226080994,0.523744939,2.220880522,-2.168033317,-0.027785237,-0.000004651,-0.000004795,0.000014958,-0.000057874,0.000000163,0.000002166
14.121392073,1789526654.475987911,-0.116867367,-1.741561715,-1.611018006,-4.538183633,4.734127998,-3.278816048,0.521480938,-0.226095098,0.523772136,2.220899052,-2.168132429,-0.027745054,-0.000004652,-0.000004795,0.000014958,-0.000057874,0.000000165,0.000002162
14.129339072,1789526654.483934879,-0.116867367,-1.741585557,-1.611018006,-4.538219635,4.734104633,-3.278792206,0.521487402,-0.226093712,0.523763406,2.220859720,-2.168145214,-0.027839899,-0.000004652,-0.000004795,0.000014958,-0.000057874,0.000000165,0.000002165
14.137352697,1789526654.491948605,-0.116879288,-1.741537873,-1.611029927,-4.538183633,4.734139919,-3.278780047,0.521466292,-0.226101020,0.523779891,2.220845683,-2.168184020,-0.027718290,-0.000004653,-0.000004795,0.000014958,-0.000057874,0.000000165,0.000002161
14.145418371,1789526654.500014305,-0.116807286,-1.741537873,-1.611018006,-4.538183633,4.734139919,-3.278780047,0.521485033,-0.226063756,0.523785132,2.220928486,-2.168108956,-0.027701622,-0.000004653,-0.000004795,0.000014958,-0.000057874,0.000000161,0.000002160
14.153394558,1789526654.507990599,-0.116831605,-1.741549794,-1.611029927,-4.538195554,4.734139919,-3.278768126,0.521480715,-0.226076590,0.523774822,2.220873745,-2.168133294,-0.027745688,-0.000004453,-0.000003040,0.000014925,-0.000038835,-0.000002007,0.000001458
14.161349668,1789526654.515945673,-0.116867367,-1.741537873,-1.611029927,-4.538171951,4.734116077,-3.278756205,0.521470255,-0.226092734,0.523778460,2.220850456,-2.168215780,-0.027725829,-0.000004454,-0.000003039,0.000014925,-0.000038835,-0.000002006,0.000001457
14.169399000,1789526654.523994923,-0.116831605,-1.741561715,-1.611029927,-4.538183633,4.734116077,-3.278792206,0.521486685,-0.226075073,0.523766875,2.220912842,-2.168120249,-0.027769285,-0.000004453,-0.000003040,0.000014925,-0.000038835,-0.000002007,0.000001458
14.177348779,1789526654.531944990,-0.116831605,-1.741537873,-1.611018006,-4.538183633,4.734127998,-3.278792206,0.521479659,-0.226075347,0.523785112,2.220921962,-2.168129425,-0.027714121,-0.000004454,-0.000003040,0.000014925,-0.000038835,-0.000002007,0.000001457
14.185278306,1789526654.539874315,-0.116855446,-1.741549794,-1.611029927,-4.538207475,4.734139919,-3.278816048,0.521474284,-0.226088908,0.523776242,2.220895135,-2.168101635,-0.027762354,-0.000004454,-0.000003039,0.000014925,-0.000038835,-0.000002006,0.000001459
14.193378169,1789526654.547974110,-0.116831605,-1.741561715,-1.611041848,-4.538171951,4.734116077,-3.278780047,0.521485244,-0.226074902,0.523760243,2.220899448,-2.168133599,-0.027769215,-0.000004453,-0.000003040,0.000014925,-0.000038835,-0.000002007,0.000001458
14.201355161,1789526654.555951357,-0.116855446,-1.741549794,-1.611005131,-4.538219635,4.734092712,-3.278792206,0.521478832,-0.226085058,0.523788510,2.220900145,-2.168160295,-0.027791485,-0.000004454,-0.000003039,0.000014925,-0.000038835,-0.000002006,0.000001458
14.209335552,1789526654.563931704,-0.116843526,-1.741585557,-1.611005131,-4.538160030,4.734127998,-3.278780047,0.521500414,-0.226084300,0.523762011,2.220890968,-2.168151328,-0.027727938,-0.000004453,-0.000003040,0.000014925,-0.000038835,-0.000002007,0.000001457
14.217376396,1789526654.571972609,-0.116891209,-1.741561715,-1.610969369,-4.538195554,4.734116077,-3.278792206,0.521484674,-0.226107480,0.523794918,2.220869819,-2.168208500,-0.027711659,-0.000004454,-0.000003039,0.000014925,-0.000038836,-0.000002005,0.000001456
14.225335262,1789526654.579931021,-0.116855446,-1.741561715,-1.611005131,-4.538171951,4.734139919,-3.278804127,0.521487189,-0.226090392,0.523776426,2.220903139,-2.168136538,-0.027702941,-0.000004454,-0.000003039,0.000014925,-0.000038835,-0.000002006,0.000001457
14.233351453,1789526654.587947607,-0.116855446,-1.741537873,-1.611005131,-4.538171951,4.734092712,-3.278816048,0.521478313,-0.226084968,0.523789321,2.220951960,-2.168160680,-0.027719361,-0.000004454,-0.000003039,0.000014925,-0.000038835,-0.000002006,0.000001456
14.241375483,1789526654.595971584,-0.116831605,-1.741537873,-1.611029927,-4.538219635,4.734092712,-3.278792206,0.521474419,-0.226071485,0.523784096,2.220920218,-2.168127894,-0.027806465,-0.000004454,-0.000003040,0.000014925,-0.000038835,-0.000002007,0.000001459
14.249349411,1789526654.603945494,-0.116831605,-1.741549794,-1.610957448,-4.538183633,4.734152317,-3.278768126,0.521496594,-0.226079563,0.523805290,2.220903793,-2.168164018,-0.027630760,-0.000004454,-0.000003039,0.000014925,-0.000038835,-0.000002007,0.000001455
14.257359139,1789526654.611955643,-0.116831605,-1.741537873,-1.611005131,-4.538171951,4.734139919,-3.278768126,0.521483214,-0.226076857,0.523789402,2.220899943,-2.168160274,-0.027672002,-0.000004454,-0.000003040,0.000014925,-0.000038835,-0.000002007,0.000001456
14.265344115,1789526654.619940042,-0.116843526,-1.741526429,-1.611029927,-4.538195554,4.734139919,-3.278780047,0.521468842,-0.226081727,0.523787538,2.220884043,-2.168143822,-0.027717790,-0.000004454,-0.000003039,0.000014925,-0.000038835,-0.000002007,0.000001457
14.273376659,1789526654.627972841,-0.116867367,-1.741561715,-1.610981290,-4.538183633,4.734127998,-3.278768126,0.521488520,-0.226095970,0.523788278,2.220862799,-2.168201758,-0.027698821,-0.000004454,-0.000003039,0.000014925,-0.000038835,-0.000002006,0.000001456
14.281331328,1789526654.635928154,-0.116819207,-1.741537873,-1.611005131,-4.538207475,4.734139919,-3.278792206,0.521482914,-0.226070049,0.523793631,2.220924183,-2.168103879,-0.027715727,-0.000004454,-0.000003040,0.000014925,-0.000038835,-0.000002008,0.000001457
14.289352387,1789526654.643948793,-0.116843526,-1.741526429,-1.611053769,-4.538219635,4.734127998,-3.278780047,0.521461939,-0.226079837,0.523779903,2.220869662,-2.168129098,-0.027787730,-0.000004454,-0.000003040,0.000014925,-0.000038835,-0.000002007,0.000001459
14.297366789,1789526654.651962519,-0.116831605,-1.741573636,-1.611041848,-4.538171951,4.734139919,-3.278792206,0.521489679,-0.226077636,0.523753796,2.220894666,-2.168101382,-0.027761308,-0.000004453,-0.000003040,0.000014925,-0.000038835,-0.000002007,0.000001459
14.305343094,1789526654.659939289,-0.116879288,-1.741537873,-1.610993210,-4.538171951,4.734127998,-3.278768126,0.521475018,-0.226100915,0.523794623,2.220860169,-2.168225584,-0.027670275,-0.000004454,-0.000003039,0.000014925,-0.000038836,-0.000002005,0.000001455
14.313342047,1789526654.667937994,-0.116867367,-1.741573636,-1.611029927,-4.538183633,4.734104633,-3.278792206,0.521483401,-0.226093226,0.523760367,2.220875289,-2.168161357,-0.027795897,-0.000004453,-0.000003039,0.000014925,-0.000038835,-0.000002006,0.000001459
14.321329582,1789526654.675925493,-0.116855446,-1.741549794,-1.611005131,-4.538219635,4.734139919,-3.278804127,0.521478342,-0.226089380,0.523788590,2.220887677,-2.168120416,-0.027746581,-0.000004454,-0.000003039,0.000014925,-0.000038835,-0.000002006,0.000001458
14.329330182,1789526654.683926105,-0.116855446,-1.741537873,-1.611005131,-4.538183633,4.734104633,-3.278780047,0.521477169,-0.226085946,0.523790732,2.220901220,-2.168188447,-0.027721144,-0.000004454,-0.000003039,0.000014925,-0.000038835,-0.000002006,0.000001456
14.337328250,1789526654.691924334,-0.116867367,-1.741537873,-1.611005131,-4.538243477,4.734152317,-3.278816048,0.521468754,-0.226095950,0.523797937,2.220875995,-2.168108133,-0.027749921,-0.000004454,-0.000003039,0.000014925,-0.000038835,-0.000002006,0.000001459
14.345370925,1789526654.699966908,-0.116879288,-1.741537873,-1.611041848,-4.538207475,4.734092712,-3.278792206,0.521462239,-0.226096184,0.523777408,2.220868892,-2.168181269,-0.027807569,-0.000004454,-0.000003039,0.000014925,-0.000038835,-0.000002005,0.000001459
14.353353484,1789526654.707949638,-0.116855446,-1.741537873,-1.611005131,-4.538171951,4.734127998,-3.278768126,0.521477947,-0.226088198,0.523789381,2.220880675,-2.168193639,-0.027684129,-0.000004454,-0.000003039,0.000014925,-0.000038835,-0.000002006,0.000001456
14.361327419,1789526654.715923548,-0.116843526,-1.741561715,-1.611005131,-4.538219635,4.734116077,-3.278827969,0.521485967,-0.226081531,0.523782062,2.220934203,-2.168088970,-0.027784378,-0.000004454,-0.000003040,0.000014925,-0.000038835,-0.000002007,0.000001459
14.369351013,1789526654.723947763,-0.116843526,-1.741549794,-1.611018006,-4.538219635,4.734127998,-3.278827969,0.521478502,-0.226081766,0.523782910,2.220927341,-2.168081769,-0.027774077,-0.000004454,-0.000003040,0.000014925,-0.000038835,-0.000002007,0.000001459
14.377349476,1789526654.731946468,-0.116867367,-1.741549794,-1.611018006,-4.538219635,4.734104633,-3.278792206,0.521473354,-0.226092059,0.523782870,2.220875256,-2.168161106,-0.027796125,-0.000004454,-0.000003039,0.000014925,-0.000038835,-0.000002006,0.000001459
14.385320364,1789526654.739916325,-0.116831605,-1.741514031,-1.611018006,-4.538231556,4.734127998,-3.278792206,0.521466108,-0.226073782,0.523803792,2.220911575,-2.168118493,-0.027743460,-0.000004454,-0.000003039,0.000014925,-0.000038835,-0.000002007,0.000001458
14.393362114,1789526654.747957945,-0.116843526,-1.741549794,-1.611041848,-4.538207475,4.734104633,-3.278792206,0.521474883,-0.226079177,0.523770940,2.220895830,-2.168129296,-0.027809683,-0.000004453,-0.000003040,0.000014925,-0.000038835,-0.000002007,0.000001459
14.401366978,1789526654.755963087,-0.116843526,-1.741549794,-1.611005131,-4.538183633,4.734152317,-3.278816048,0.521484053,-0.226084647,0.523784326,2.220922418,-2.168103097,-0.027690732,-0.000004454,-0.000003039,0.000014925,-0.000038835,-0.000002007,0.000001457
14.409335454,1789526654.763931274,-0.116831605,-1.741537873,-1.611005131,-4.538219635,4.734116077,-3.278804127,0.521479297,-0.226074213,0.523795037,2.220931415,-2.168112585,-0.027754145,-0.000004454,-0.000003040,0.000014925,-0.000038835,-0.000002007,0.000001458
14.417326604,1789526654.771922350,-0.116855446,-1.741573636,-1.611005131,-4.538183633,4.734080791,-3.278816048,0.521491464,-0.226085415,0.523771228,2.220937797,-2.168146286,-0.027788830,-0.000002779,-0.000003225,0.000012643,-0.000041017,-0.000021056,0.000001403
14.425337392,1789526654.779933453,-0.116855446,-1.741537873,-1.611005131,-4.538183633,4.734104633,-3.278768126,0.521477169,-0.226085946,0.523790732,2.220888222,-2.168201612,-0.027720794,-0.000002780,-0.000003225,0.000012643,-0.000041017,-0.000021056,0.000001402
14.433321817,1789526654.787917852,-0.116855446,-1.741561715,-1.610981290,-4.538183633,4.734104633,-3.278792206,0.521491458,-0.226087614,0.523788239,2.220914507,-2.168175075,-0.027721576,-0.000002779,-0.000003225,0.000012643,-0.000041017,-0.000021056,0.000001402
14.441322754,1789526654.795918941,-0.116867367,-1.741526429,-1.611005131,-4.538231556,4.734104633,-3.278780047,0.521465794,-0.226091171,0.523802665,2.220872597,-2.168185315,-0.027766008,-0.000002780,-0.000003225,0.000012642,-0.000041018,-0.000021056,0.000001403
14.449277048,1789526654.803873062,-0.116843526,-1.741573636,-1.611029927,-4.538207475,4.734116077,-3.278804127,0.521486591,-0.226081610,0.523763225,2.220897490,-2.168104386,-0.027813691,-0.000002779,-0.000003225,0.000012643,-0.000041017,-0.000021057,0.000001405
14.457314320,1789526654.811910391,-0.116831605,-1.741573636,-1.610993210,-4.538219635,4.734152317,-3.278780047,0.521495431,-0.226079467,0.523780877,2.220875270,-2.168108106,-0.027747918,-0.000002779,-0.000003225,0.000012643,-0.000041017,-0.000021057,0.000001404
14.465293342,1789526654.819889069,-0.116843526,-1.741549794,-1.611029927,-4.538207475,4.734116077,-3.278804127,0.521477226,-0.226080509,0.523776201,2.220907848,-2.168114981,-0.027784509,-0.000002580,-0.000001469,0.000012610,-0.000021979,-0.000023227,0.000000700
14.473358080,1789526654.827954292,-0.116879288,-1.741537873,-1.611029927,-4.538183633,4.734116077,-3.278792206,0.521466540,-0.226098837,0.523779850,2.220871802,-2.168184083,-0.027741502,-0.000002580,-0.000001469,0.000012610,-0.000021979,-0.000023226,0.000000699
14.481308058,1789526654.835903883,-0.116855446,-1.741561715,-1.611005131,-4.538171951,4.734092712,-3.278804127,0.521487679,-0.226086069,0.523776346,2.220928605,-2.168163251,-0.027748195,-0.000002580,-0.000001469,0.000012610,-0.000021979,-0.000023226,0.000000699
14.489333709,1789526654.843929768,-0.116855446,-1.741514031,-1.610993210,-4.538207475,4.734116077,-3.278804127,0.521468065,-0.226085945,0.523811806,2.220926530,-2.168160588,-0.027696258,0.000002441,-0.000002060,0.000005653,-0.000020488,-0.000010531,0.000000697
14.497329866,1789526654.851926088,-0.116855446,-1.741561715,-1.611029927,-4.538219635,4.734127998,-3.278792206,0.521478028,-0.226088250,0.523771181,2.220865129,-2.168123951,-0.027802521,0.000002441,-0.000002060,0.000005653,-0.000020488,-0.000010531,0.000000699
14.505441787,1789526654.860038042,-0.116843526,-1.741537873,-1.611029927,-4.538219635,4.734152317,-3.278816048,0.521471106,-0.226083159,0.523784198,2.220901211,-2.168081145,-0.027750376,0.000002441,-0.000002060,0.000005653,-0.000020488,-0.000010531,0.000000698
14.513362164,1789526654.867958307,-0.116843526,-1.741585557,-1.611041848,-4.538207475,4.734139919,-3.278804127,0.521488564,-0.226084060,0.523751537,2.220874258,-2.168080270,-0.027819980,0.000002441,-0.000002060,0.000005653,-0.000020488,-0.000010531,0.000000699
14.521394709,1789526654.875991106,-0.116843526,-1.741526429,-1.611018006,-4.538183633,4.734127998,-3.278780047,0.521472468,-0.226081034,0.523791340,2.220900827,-2.168161249,-0.027700106,0.000002441,-0.000002060,0.000005653,-0.000020488,-0.000010531,0.000000697
14.529323131,1789526654.883919001,-0.116855446,-1.741573636,-1.611018006,-4.538171951,4.734092712,-3.278816048,0.521489702,-0.226086314,0.523764197,2.220930814,-2.168139036,-0.027778854,0.000002441,-0.000002060,0.000005653,-0.000020488,-0.000010531,0.000000698
14.537327325,1789526654.891923189,-0.116855446,-1.741549794,-1.610993210,-4.538195554,4.734127998,-3.278768126,0.521483030,-0.226088805,0.523790944,2.220870473,-2.168183064,-0.027712991,0.000002441,-0.000002060,0.000005653,-0.000020488,-0.000010531,0.000000697
14.545293339,1789526654.899889231,-0.116843526,-1.741561715,-1.611005131,-4.538183633,4.734104633,-3.278780047,0.521489230,-0.226080831,0.523777757,2.220903712,-2.168164542,-0.027749978,0.000002441,-0.000002060,0.000005653,-0.000020488,-0.000010531,0.000000698
14.553312264,1789526654.907908201,-0.116855446,-1.741537873,-1.611029927,-4.538195554,4.734092712,-3.278780047,0.521471132,-0.226084150,0.523781230,2.220891687,-2.168178759,-0.027777401,0.000002441,-0.000002060,0.000005653,-0.000020488,-0.000010531,0.000000698
14.561282332,1789526654.915878057,-0.116831605,-1.741549794,-1.611005131,-4.538183633,4.734127998,-3.278792206,0.521487000,-0.226076203,0.523784284,2.220922393,-2.168129880,-0.027712994,0.000002441,-0.000002060,0.000005653,-0.000020487,-0.000010531,0.000000697
14.569262575,1789526654.923858643,-0.116855446,-1.741549794,-1.611041848,-4.538207475,4.734127998,-3.278780047,0.521471945,-0.226087533,0.523770980,2.220857120,-2.168142813,-0.027787277,0.000002441,-0.000002060,0.000005653,-0.000020488,-0.000010531,0.000000699
14.577319944,1789526654.931915760,-0.116879288,-1.741549794,-1.610981290,-4.538183633,4.734116077,-3.278804127,0.521481266,-0.226100545,0.523794746,2.220900810,-2.168187351,-0.027697063,0.000002441,-0.000002060,0.000005653,-0.000020488,-0.000010530,0.000000697
14.585270126,1789526654.939865828,-0.116855446,-1.741573636,-1.611005131,-4.538207475,4.734152317,-3.278756205,0.521488640,-0.226091734,0.523774188,2.220823648,-2.168161191,-0.027747622,0.000002441,-0.000002060,0.000005653,-0.000020488,-0.000010531,0.000000698
14.593318763,1789526654.947915316,-0.116831605,-1.741526429,-1.611029927,-4.538219635,4.734116077,-3.278756205,0.521469681,-0.226073095,0.523790364,2.220873334,-2.168159517,-0.027769002,0.000002441,-0.000002060,0.000005653,-0.000020487,-0.000010531,0.000000698
14.601352429,1789526654.955948591,-0.116831605,-1.741549794,-1.611018006,-4.538183633,4.734116077,-3.278792206,0.521484465,-0.226074806,0.523778604,2.220923214,-2.168130873,-0.027740140,0.000002441,-0.000002060,0.000005653,-0.000020487,-0.000010531,0.000000698
14.609293062,1789526654.963889122,-0.116819207,-1.741537873,-1.611005131,-4.538183633,4.734116077,-3.278840129,0.521485244,-0.226068096,0.523790752,2.220999612,-2.168075153,-0.027710873,0.000002441,-0.000002060,0.000005653,-0.000020487,-0.000010531,0.000000697
14.617262904,1789526654.971859217,-0.116855446,-1.741537873,-1.611041848,-4.538160030,4.734080791,-3.278780047,0.521471896,-0.226083118,0.523771740,2.220908302,-2.168196136,-0.027760001,0.000002441,-0.000002060,0.000005653,-0.000020488,-0.000010531,0.000000697
14.625314958,1789526654.979910851,-0.116879288,-1.741549794,-1.611018006,-4.538195554,4.734116077,-3.278780047,0.521472643,-0.226099557,0.523780023,2.220853400,-2.168192186,-0.027755740,0.000002441,-0.000002060,0.000005653,-0.000020488,-0.000010530,0.000000698
14.633357297,1789526654.987954140,-0.116855446,-1.741573636,-1.611029927,-4.538160030,4.734116077,-3.278792206,0.521488039,-0.226088285,0.523757577,2.220892183,-2.168152174,-0.027755752,0.000002441,-0.000002060,0.000005653,-0.000020488,-0.000010531,0.000000698
14.641287018,1789526654.995882988,-0.116867367,-1.741549794,-1.611005131,-4.538183633,4.734116077,-3.278792206,0.521479038,-0.226093761,0.523784264,2.220890276,-2.168176555,-0.027725472,0.000002441,-0.000002060,0.000005653,-0.000020488,-0.000010530,0.000000697
14.649277797,1789526655.003874302,-0.116855446,-1.741537873,-1.611018006,-4.538183633,4.734104633,-3.278756205,0.521474511,-0.226085640,0.523785072,2.220869616,-2.168209025,-0.027736163,0.000002441,-0.000002060,0.000005653,-0.000020488,-0.000010531,0.000000697
14.657283506,1789526655.011879444,-0.116879288,-1.741537873,-1.611029927,-4.538195554,4.734104633,-3.278780047,0.521465618,-0.226097674,0.523781250,2.220859558,-2.168198633,-0.027766673,0.000002441,-0.000002060,0.000005653,-0.000020488,-0.000010530,0.000000698
14.665283617,1789526655.019879341,-0.116843526,-1.741526429,-1.611005131,-4.538231556,4.734127998,-3.278780047,0.521470942,-0.226080877,0.523802705,2.220885692,-2.168145474,-0.027742910,0.000002441,-0.000002060,0.000005653,-0.000020488,-0.000010531,0.000000698
14.673302209,1789526655.027898073,-0.116867367,-1.741537873,-1.611029927,-4.538195554,4.734116077,-3.278792206,0.521468194,-0.226092506,0.523781270,2.220879491,-2.168165419,-0.027755710,0.000002441,-0.000002060,0.000005653,-0.000020488,-0.000010530,0.000000698
14.681296666,1789526655.035893202,-0.116843526,-1.741514031,-1.611018006,-4.538171951,4.734127998,-3.278780047,0.521468618,-0.226080574,0.523796697,2.220911269,-2.168172006,-0.027670664,0.000002441,-0.000002060,0.000005653,-0.000020488,-0.000010531,0.000000697
14.689310897,1789526655.043906927,-0.116819207,-1.741549794,-1.610981290,-4.538207475,4.734116077,-3.278768126,0.521492768,-0.226068983,0.523797584,2.220915999,-2.168149320,-0.027723360,0.000002441,-0.000002059,0.000005653,-0.000020487,-0.000010531,0.000000697
14.697257210,1789526655.051852942,-0.116843526,-1.741585557,-1.610993210,-4.538148109,4.734104633,-3.278804127,0.521504159,-0.226082559,0.523765793,2.220940181,-2.168148636,-0.027721931,0.000002441,-0.000002060,0.000005653,-0.000020488,-0.000010531,0.000000697
14.705309706,1789526655.059905767,-0.116867367,-1.741561715,-1.611018006,-4.538207475,4.734116077,-3.278768126,0.521478980,-0.226093776,0.523774954,2.220842913,-2.168181388,-0.027784190,0.000002441,-0.000002060,0.000005653,-0.000020488,-0.000010530,0.000000698
14.713294069,1789526655.067890167,-0.116831605,-1.741561715,-1.611053769,-4.538207475,4.734116077,-3.278804127,0.521479680,-0.226074276,0.523759231,2.220905130,-2.168085721,-0.027827857,0.000002441,-0.000002060,0.000005653,-0.000020487,-0.000010531,0.000000699
14.721278516,1789526655.075875282,-0.116843526,-1.741537873,-1.610981290,-4.538207475,4.734127998,-3.278804127,0.521482463,-0.226082205,0.523804092,2.220927785,-2.168135264,-0.027699111,0.000002441,-0.000002060,0.000005653,-0.000020488,-0.000010531,0.000000697
14.729318855,1789526655.083915234,-0.116807286,-1.741549794,-1.611005131,-4.538207475,4.734127998,-3.278804127,0.521490416,-0.226063291,0.523787122,2.220951281,-2.168078852,-0.027741746,0.000002441,-0.000002059,0.000005653,-0.000020487,-0.000010532,0.000000698
14.737300782,1789526655.091896772,-0.116819207,-1.741585557,-1.611053769,-4.538160030,4.734104633,-3.278816048,0.521496108,-0.226068322,0.523740588,2.220947844,-2.168075907,-0.027810057,0.000002441,-0.000002060,0.000005653,-0.000020487,-0.000010531,0.000000699
14.745253412,1789526655.099848747,-0.116843526,-1.741573636,-1.611053769,-4.538160030,4.734116077,-3.278804127,0.521485810,-0.226081502,0.523747095,2.220907641,-2.168115047,-0.027784859,0.000002441,-0.000002060,0.000005653,-0.000020488,-0.000010531,0.000000698
14.753216874,1789526655.107812166,-0.116831605,-1.741561715,-1.611029927,-4.538183633,4.734104633,-3.278816048,0.521486804,-0.226074025,0.523766855,2.220945009,-2.168100394,-0.027780956,0.000002441,-0.000002060,0.000005653,-0.000020487,-0.000010531,0.000000698
14.761163879,1789526655.115758657,-0.116819207,-1.741561715,-1.611029927,-4.538183633,4.734139919,-3.278792206,0.521489241,-0.226070791,0.523766916,2.220913344,-2.168092916,-0.027746065,0.000002441,-0.000002060,0.000005653,-0.000020487,-0.000010531,0.000000698
14.769155345,1789526655.123750210,-0.116831605,-1.741549794,-1.611029927,-4.538207475,4.734116077,-3.278792206,0.521479921,-0.226074292,0.523776201,2.220907699,-2.168114837,-0.027783809,0.000002441,-0.000002060,0.000005653,-0.000020487,-0.000010531,0.000000698
14.777213185,1789526655.131808043,-0.116843526,-1.741537873,-1.611018006,-4.538207475,4.734080791,-3.278816048,0.521475371,-0.226077010,0.523787869,2.220950252,-2.168132406,-0.027789540,0.000002441,-0.000002060,0.000005653,-0.000020488,-0.000010531,0.000000698
14.785223997,1789526655.139818907,-0.116831605,-1.741561715,-1.611005131,-4.538207475,4.734092712,-3.278768126,0.521489966,-0.226073293,0.523780574,2.220899673,-2.168160433,-0.027789821,0.000002441,-0.000002060,0.000005653,-0.000020487,-0.000010531,0.000000698
14.793204681,1789526655.147799730,-0.116831605,-1.741537873,-1.611029927,-4.538171951,4.734139919,-3.278816048,0.521478093,-0.226076268,0.523778500,2.220941388,-2.168096270,-0.027703680,0.000002441,-0.000002060,0.000005653,-0.000020487,-0.000010531,0.000000697
14.801183190,1789526655.155778646,-0.116831605,-1.741537873,-1.611029927,-4.538195554,4.734116077,-3.278756205,0.521476280,-0.226073857,0.523781270,2.220878787,-2.168165248,-0.027753603,0.000002441,-0.000002060,0.000005653,-0.000020487,-0.000010531,0.000000698
14.809213847,1789526655.163808823,-0.116831605,-1.741549794,-1.611018006,-4.538255636,4.734092712,-3.278792206,0.521478420,-0.226071971,0.523787135,2.220904647,-2.168111750,-0.027850466,0.000002441,-0.000002060,0.000005653,-0.000020487,-0.000010531,0.000000699
14.817156747,1789526655.171751499,-0.116843526,-1.741573636,-1.611005131,-4.538195554,4.734104633,-3.278827969,0.521492871,-0.226081267,0.523772688,2.220945621,-2.168100965,-0.027780533,0.000002441,-0.000002060,0.000005653,-0.000020488,-0.000010531,0.000000698
14.825172149,1789526655.179767132,-0.116843526,-1.741561715,-1.610993210,-4.538160030,4.734116077,-3.278780047,0.521493634,-0.226082390,0.523780207,2.220912949,-2.168173995,-0.027695629,0.000002441,-0.000002060,0.000005653,-0.000020488,-0.000010531,0.000000697
14.833155030,1789526655.187749624,-0.116831605,-1.741549794,-1.611053769,-4.538243477,4.734152317,-3.278816048,0.521471478,-0.226076696,0.523770067,2.220888173,-2.168041174,-0.027822839,0.000002441,-0.000002060,0.000005653,-0.000020487,-0.000010531,0.000000700
14.841214712,1789526655.195809364,-0.116843526,-1.741537873,-1.611053769,-4.538183633,4.734092712,-3.278804127,0.521469944,-0.226077482,0.523769329,2.220925563,-2.168133558,-0.027792308,0.000002441,-0.000002060,0.000005653,-0.000020488,-0.000010531,0.000000698
14.849146654,1789526655.203741789,-0.116843526,-1.741561715,-1.610957448,-4.538183633,4.734139919,-3.278756205,0.521498710,-0.226085195,0.523798781,2.220879456,-2.168192211,-0.027657237,0.000002441,-0.000002060,0.000005653,-0.000020488,-0.000010531,0.000000697
14.857178900,1789526655.211773872,-0.116879288,-1.741537873,-1.611018006,-4.538195554,4.734092712,-3.278804127,0.521468203,-0.226096866,0.523786471,2.220897437,-2.168184111,-0.027764253,0.000002441,-0.000002060,0.000005653,-0.000020488,-0.000010530,0.000000698
14.865139413,1789526655.219733715,-0.116855446,-1.741549794,-1.611018006,-4.538219635,4.734116077,-3.278804127,0.521475931,-0.226086891,0.523782889,2.220894929,-2.168128156,-0.027785154,0.000002441,-0.000002060,0.000005653,-0.000020488,-0.000010531,0.000000698
14.873204621,1789526655.227799892,-0.116831605,-1.741526429,-1.611018006,-4.538195554,4.734092712,-3.278792206,0.521474488,-0.226071472,0.523792699,2.220940808,-2.168149122,-0.027748497,0.000002441,-0.000002060,0.000005653,-0.000020487,-0.000010531,0.000000697
14.881242765,1789526655.235837221,-0.116855446,-1.741549794,-1.610981290,-4.538171951,4.734116077,-3.278780047,0.521487677,-0.226088224,0.523793355,2.220905312,-2.168192573,-0.027681391,0.000002441,-0.000002060,0.000005653,-0.000020488,-0.000010531,0.000000697
14.889238411,1789526655.243833065,-0.116843526,-1.741549794,-1.611029927,-4.538148109,4.734080791,-3.278804127,0.521482776,-0.226077851,0.523769074,2.220952582,-2.168161615,-0.027745837,0.000002441,-0.000002060,0.000005653,-0.000020488,-0.000010531,0.000000697
14.897253258,1789526655.251847744,-0.116867367,-1.741549794,-1.611018006,-4.538183633,4.734116077,-3.278804127,0.521476379,-0.226093455,0.523778604,2.220897664,-2.168157637,-0.027741539,0.000002441,-0.000002060,0.000005653,-0.000020488,-0.000010530,0.000000698
14.905254169,1789526655.259848595,-0.116855446,-1.741573636,-1.611029927,-4.538171951,4.734116077,-3.278827969,0.521486998,-0.226088170,0.523758996,2.220926014,-2.168107323,-0.027771360,0.000002441,-0.000002060,0.000005653,-0.000020488,-0.000010531,0.000000698
14.913207530,1789526655.267802000,-0.116843526,-1.741537873,-1.611005131,-4.538231556,4.734127998,-3.278768126,0.521475437,-0.226081406,0.523796477,2.220867723,-2.168153554,-0.027756568,0.000002441,-0.000002060,0.000005653,-0.000020488,-0.000010531,0.000000698
14.921207269,1789526655.275801897,-0.116831605,-1.741549794,-1.611005131,-4.538160030,4.734104633,-3.278816048,0.521489304,-0.226074292,0.523781435,2.220971209,-2.168127371,-0.027707268,0.000002441,-0.000002060,0.000005653,-0.000020487,-0.000010531,0.000000697
14.929135241,1789526655.283729553,-0.116831605,-1.741537873,-1.611018006,-4.538207475,4.734116077,-3.278792206,0.521477700,-0.226074025,0.523787930,2.220918072,-2.168125460,-0.027754664,0.000002441,-0.000002060,0.000005653,-0.000020487,-0.000010531,0.000000698
14.937231872,1789526655.291826487,-0.116855446,-1.741514031,-1.611029927,-4.538183633,4.734116077,-3.278780047,0.521462565,-0.226085303,0.523792826,2.220894600,-2.168181488,-0.027711262,0.000002441,-0.000002060,0.000005653,-0.000020488,-0.000010531,0.000000697
14.945242114,1789526655.299836636,-0.116831605,-1.741526429,-1.611018006,-4.538171951,4.734116077,-3.278768126,0.521476307,-0.226073839,0.523789929,2.220912167,-2.168173098,-0.027696568,0.000002441,-0.000002060,0.000005653,-0.000020487,-0.000010531,0.000000697
14.953213253,1789526655.307807684,-0.116843526,-1.741549794,-1.611029927,-4.538243477,4.734127998,-3.278792206,0.521473959,-0.226081252,0.523780507,2.220872836,-2.168105228,-0.027816694,0.000002441,-0.000002060,0.000005653,-0.000020488,-0.000010531,0.000000699
14.961187912,1789526655.315782309,-0.116855446,-1.741573636,-1.611029927,-4.538219635,4.734116077,-3.278816048,0.521482834,-0.226087709,0.523764673,2.220892375,-2.168099069,-0.027829240,0.000002441,-0.000002060,0.000005653,-0.000020488,-0.000010531,0.000000699
14.969162140,1789526655.323756695,-0.116879288,-1.741561715,-1.611053769,-4.538160030,4.734116077,-3.278780047,0.521473042,-0.226099600,0.523753583,2.220848018,-2.168186867,-0.027770611,0.000002441,-0.000002060,0.000005653,-0.000020488,-0.000010530,0.000000698
14.977157932,1789526655.331753016,-0.116843526,-1.741514031,-1.610993210,-4.538207475,4.734104633,-3.278792206,0.521470878,-0.226078681,0.523811787,2.220932556,-2.168166919,-0.027706530,0.000002441,-0.000002060,0.000005653,-0.000020488,-0.000010531,0.000000697
14.985249314,1789526655.339844704,-0.116831605,-1.741561715,-1.610993210,-4.538160030,4.734164238,-3.278780047,0.521495830,-0.226080583,0.523780290,2.220899817,-2.168133433,-0.027649111,0.000002441,-0.000002060,0.000005653,-0.000020487,-0.000010531,0.000000697
14.993256418,1789526655.347852230,-0.116867367,-1.741561715,-1.611018006,-4.538231556,4.734116077,-3.278780047,0.521476877,-0.226093543,0.523777821,2.220845486,-2.168157406,-0.027813946,0.000002441,-0.000002060,0.000005653,-0.000020488,-0.000010530,0.000000699
15.001251347,1789526655.355847120,-0.116855446,-1.741537873,-1.611041848,-4.538183633,4.734092712,-3.278780047,0.521469711,-0.226083982,0.523774570,2.220891654,-2.168178788,-0.027777397,0.000002441,-0.000002060,0.000005653,-0.000020488,-0.000010531,0.000000698
15.009280495,1789526655.363876343,-0.116867367,-1.741573636,-1.611029927,-4.538183633,4.734116077,-3.278827969,0.521483282,-0.226094273,0.523760387,2.220908108,-2.168115386,-0.027785977,0.000002441,-0.000002060,0.000005653,-0.000020488,-0.000010530,0.000000698
15.017278736,1789526655.371875286,-0.116831605,-1.741537873,-1.611018006,-4.538183633,4.734104633,-3.278804127,0.521479901,-0.226073207,0.523785072,2.220947563,-2.168129480,-0.027736869,0.000002441,-0.000002060,0.000005653,-0.000020487,-0.000010531,0.000000697
15.025229325,1789526655.379825115,-0.116831605,-1.741585557,-1.610993210,-4.538171951,4.734116077,-3.278804127,0.521504653,-0.226077160,0.523768650,2.220936536,-2.168118141,-0.027739726,0.000002441,-0.000002060,0.000005653,-0.000020487,-0.000010531,0.000000698
15.033244110,1789526655.387840271,-0.116843526,-1.741537873,-1.611005131,-4.538219635,4.734080791,-3.278804127,0.521476968,-0.226077199,0.523794977,2.220937600,-2.168145862,-0.027788321,0.000002441,-0.000002060,0.000005653,-0.000020488,-0.000010531,0.000000698
15.041199157,1789526655.395794868,-0.116843526,-1.741561715,-1.611005131,-4.538160030,4.734127998,-3.278780047,0.521491049,-0.226083199,0.523774987,2.220901325,-2.168161923,-0.027698755,0.000002441,-0.000002060,0.000005653,-0.000020488,-0.000010531,0.000000697
15.049248389,1789526655.403844118,-0.116831605,-1.741573636,-1.611029927,-4.538183633,4.734104633,-3.278780047,0.521491487,-0.226074576,0.523760367,2.220900579,-2.168134856,-0.027794490,0.000002441,-0.000002060,0.000005653,-0.000020487,-0.000010531,0.000000698
15.057243406,1789526655.411839485,-0.116867367,-1.741549794,-1.611005131,-4.538160030,4.734127998,-3.278792206,0.521480976,-0.226095081,0.523781475,2.220894062,-2.168180411,-0.027685219,0.000002441,-0.000002060,0.000005653,-0.000020488,-0.000010530,0.000000697
15.065246666,1789526655.419843435,-0.116831605,-1.741537873,-1.611005131,-4.538160030,4.734152317,-3.278816048,0.521484126,-0.226078107,0.523788004,2.220950662,-2.168105687,-0.027646966,0.000002441,-0.000002060,0.000005653,-0.000020487,-0.000010531,0.000000697
15.073263456,1789526655.427859306,-0.116855446,-1.741514031,-1.611041848,-4.538160030,4.734104633,-3.278804127,0.521462283,-0.226084200,0.523784756,2.220932052,-2.168166645,-0.027708668,0.000002441,-0.000002060,0.000005653,-0.000020488,-0.000010531,0.000000697
15.081231905,1789526655.435827971,-0.116843526,-1.741561715,-1.611005131,-4.538243477,4.734127998,-3.278804127,0.521483762,-0.226082392,0.523784920,2.220891457,-2.168097845,-0.027801365,0.000002441,-0.000002060,0.000005653,-0.000020488,-0.000010531,0.000000699
15.089235584,1789526655.443831205,-0.116867367,-1.741526429,-1.611053769,-4.538183633,4.734116077,-3.278792206,0.521459816,-0.226091525,0.523775597,2.220879236,-2.168165207,-0.027756251,0.000002441,-0.000002060,0.000005653,-0.000020488,-0.000010530,0.000000698
15.097325672,1789526655.451922178,-0.116843526,-1.741502110,-1.610969369,-4.538219635,4.734104633,-3.278804127,0.521470056,-0.226078579,0.523830204,2.220955856,-2.168164241,-0.027678028,0.000002440,-0.000002060,0.000005653,-0.000020488,-0.000010531,0.000000697
15.105276515,1789526655.459872246,-0.116843526,-1.741573636,-1.610993210,-4.538183633,4.734092712,-3.278792206,0.521496498,-0.226080574,0.523776489,2.220923415,-2.168157887,-0.027761800,0.000002441,-0.000002060,0.000005653,-0.000020488,-0.000010531,0.000000698
15.113279245,1789526655.467875242,-0.116867367,-1.741561715,-1.611029927,-4.538207475,4.734080791,-3.278804127,0.521476884,-0.226090261,0.523769653,2.220896005,-2.168156271,-0.027833626,0.000002441,-0.000002060,0.000005653,-0.000020488,-0.000010530,0.000000699
15.121256169,1789526655.475852013,-0.116831605,-1.741561715,-1.611041848,-4.538195554,4.734092712,-3.278792206,0.521483425,-0.226072535,0.523763013,2.220915091,-2.168122789,-0.027820795,0.000002441,-0.000002060,0.000005653,-0.000020487,-0.000010531,0.000000699
15.129200785,1789526655.483797550,-0.116855446,-1.741549794,-1.611053769,-4.538183633,4.734104633,-3.278827969,0.521471808,-0.226085341,0.523762861,2.220927100,-2.168108494,-0.027796521,0.000002441,-0.000002060,0.000005653,-0.000020488,-0.000010531,0.000000698
15.137264603,1789526655.491860390,-0.116855446,-1.741537873,-1.611041848,-4.538183633,4.734104633,-3.278768126,0.521469587,-0.226085073,0.523774590,2.220872226,-2.168185207,-0.027765620,0.000002441,-0.000002060,0.000005653,-0.000020488,-0.000010531,0.000000698
15.145323129,1789526655.499919415,-0.116855446,-1.741549794,-1.611018006,-4.538195554,4.734116077,-3.278792206,0.521478034,-0.226087124,0.523780023,2.220892356,-2.168152138,-0.027755398,0.000002441,-0.000002060,0.000005653,-0.000020488,-0.000010531,0.000000698
15.153260961,1789526655.507856607,-0.116843526,-1.741514031,-1.610981290,-4.538183633,4.734104633,-3.278792206,0.521475422,-0.226079195,0.523814190,2.220948070,-2.168182954,-0.027662860,0.000002441,-0.000002060,0.000005653,-0.000020488,-0.000010531,0.000000696
15.161237518,1789526655.515833378,-0.116831605,-1.741561715,-1.611041848,-4.538195554,4.734127998,-3.278792206,0.521483059,-0.226075766,0.523763073,2.220896057,-2.168102822,-0.027786968,0.000002441,-0.000002060,0.000005653,-0.000020487,-0.000010531,0.000000699
15.169203826,1789526655.523799658,-0.116855446,-1.741537873,-1.611041848,-4.538183633,4.734116077,-3.278780047,0.521469469,-0.226086121,0.523774609,2.220879050,-2.168165566,-0.027754999,0.000002441,-0.000002060,0.000005653,-0.000020488,-0.000010531,0.000000698
15.177189428,1789526655.531785250,-0.116879288,-1.741537873,-1.611029927,-4.538183633,4.734116077,-3.278792206,0.521466540,-0.226098837,0.523779850,2.220871802,-2.168184083,-0.027741502,0.000002441,-0.000002060,0.000005653,-0.000020488,-0.000010530,0.000000698
15.185255566,1789526655.539851427,-0.116843526,-1.741573636,-1.611029927,-4.538219635,4.734116077,-3.278804127,0.521485529,-0.226081492,0.523764673,2.220892227,-2.168098924,-0.027828540,0.000002441,-0.000002060,0.000005653,-0.000020488,-0.000010531,0.000000699
15.193261707,1789526655.547857523,-0.116831605,-1.741549794,-1.611018006,-4.538183633,4.734092712,-3.278792206,0.521484707,-0.226072666,0.523778564,2.220935818,-2.168144094,-0.027762539,0.000002441,-0.000002060,0.000005653,-0.000020487,-0.000010531,0.000000698
15.201247673,1789526655.555843830,-0.116855446,-1.741526429,-1.611029927,-4.538195554,4.734127998,-3.278792206,0.521466270,-0.226086852,0.523787518,2.220890881,-2.168150449,-0.027729924,0.000002441,-0.000002060,0.000005653,-0.000020488,-0.000010531,0.000000698
15.209281354,1789526655.563877344,-0.116807286,-1.741549794,-1.611041848,-4.538183633,4.734116077,-3.278816048,0.521485039,-0.226061557,0.523768122,2.220965032,-2.168066737,-0.027769233,0.000002441,-0.000002060,0.000005653,-0.000020487,-0.000010532,0.000000698
15.217253052,1789526655.571849108,-0.116855446,-1.741526429,-1.611041848,-4.538183633,4.734116077,-3.278792206,0.521464973,-0.226085592,0.523780838,2.220897278,-2.168157223,-0.027741348,0.000002441,-0.000002060,0.000005653,-0.000020488,-0.000010531,0.000000698
15.225235719,1789526655.579831839,-0.116867367,-1.741561715,-1.611005131,-4.538207475,4.734116077,-3.278780047,0.521481639,-0.226094082,0.523780614,2.220861520,-2.168173976,-0.027768822,0.000002441,-0.000002060,0.000005653,-0.000020488,-0.000010530,0.000000698
15.233257334,1789526655.587853909,-0.116843526,-1.741549794,-1.611018006,-4.538183633,4.734127998,-3.278804127,0.521481646,-0.226082114,0.523778624,2.220916931,-2.168124272,-0.027729412,0.000002441,-0.000002060,0.000005653,-0.000020488,-0.000010531,0.000000698
15.241173645,1789526655.595767975,-0.116867367,-1.741549794,-1.611053769,-4.538171951,4.734139919,-3.278768126,0.521469767,-0.226094901,0.523761531,2.220835027,-2.168173173,-0.027747022,0.000002441,-0.000002060,0.000005653,-0.000020488,-0.000010530,0.000000698
15.249130796,1789526655.603725195,-0.116879288,-1.741585557,-1.611018006,-4.538219635,4.734104633,-3.278768126,0.521484706,-0.226099929,0.523763406,2.220820616,-2.168185116,-0.027839542,0.000002441,-0.000002060,0.000005653,-0.000020488,-0.000010530,0.000000699
15.257147183,1789526655.611741781,-0.116831605,-1.741573636,-1.611029927,-4.538195554,4.734116077,-3.278780047,0.521490327,-0.226075508,0.523761806,2.220889245,-2.168123025,-0.027798077,0.000002441,-0.000002060,0.000005653,-0.000020487,-0.000010531,0.000000699
15.265103901,1789526655.619698524,-0.116855446,-1.741549794,-1.611005131,-4.538195554,4.734080791,-3.278792206,0.521481058,-0.226084199,0.523785623,2.220916999,-2.168177857,-0.027773506,0.000002441,-0.000002060,0.000005653,-0.000020488,-0.000010531,0.000000698
15.273184105,1789526655.627778530,-0.116831605,-1.741561715,-1.611029927,-4.538183633,4.734116077,-3.278804127,0.521486685,-0.226075073,0.523766875,2.220925839,-2.168107084,-0.027769635,0.000002441,-0.000002060,0.000005653,-0.000020487,-0.000010531,0.000000698
15.281146679,1789526655.635741472,-0.116843526,-1.741573636,-1.611018006,-4.538183633,4.734139919,-3.278816048,0.521490887,-0.226084307,0.523765669,2.220913141,-2.168093766,-0.027747518,0.000002441,-0.000002060,0.000005653,-0.000020488,-0.000010531,0.000000698
15.289201545,1789526655.643796682,-0.116843526,-1.741537873,-1.611029927,-4.538219635,4.734104633,-3.278792206,0.521471600,-0.226078792,0.523784117,2.220900939,-2.168134458,-0.027795387,0.000002441,-0.000002060,0.000005653,-0.000020488,-0.000010531,0.000000698
15.297177562,1789526655.651772738,-0.116867367,-1.741561715,-1.611018006,-4.538231556,4.734139919,-3.278780047,0.521476630,-0.226095726,0.523777861,2.220832626,-2.168143914,-0.027791090,0.000002441,-0.000002060,0.000005653,-0.000020488,-0.000010530,0.000000699
15.305252746,1789526655.659848213,-0.116867367,-1.741537873,-1.610993210,-4.538207475,4.734116077,-3.278768126,0.521474735,-0.226093263,0.523798831,2.220864073,-2.168203062,-0.027724735,0.000002441,-0.000002060,0.000005653,-0.000020488,-0.000010530,0.000000697
15.313258099,1789526655.667854071,-0.116831605,-1.741526429,-1.611018006,-4.538183633,4.734116077,-3.278780047,0.521475287,-0.226073726,0.523791320,2.220920107,-2.168154685,-0.027711184,0.000002441,-0.000002060,0.000005653,-0.000020487,-0.000010531,0.000000697
15.321243300,1789526655.675839186,-0.116843526,-1.741561715,-1.611018006,-4.538171951,4.734092712,-3.278816048,0.521487715,-0.226079546,0.523770685,2.220948842,-2.168131023,-0.027763913,0.000002441,-0.000002060,0.000005653,-0.000020488,-0.000010531,0.000000698
15.329222588,1789526655.683818579,-0.116831605,-1.741561715,-1.611005131,-4.538219635,4.734116077,-3.278804127,0.521488662,-0.226075315,0.523782062,2.220921057,-2.168101990,-0.027783328,0.000002441,-0.000002060,0.000005653,-0.000020487,-0.000010531,0.000000698
15.337259557,1789526655.691855431,-0.116831605,-1.741561715,-1.610993210,-4.538207475,4.734116077,-3.278780047,0.521492186,-0.226075715,0.523785855,2.220905261,-2.168139373,-0.027753218,0.000002441,-0.000002060,0.000005653,-0.000020487,-0.000010531,0.000000698
15.345261164,1789526655.699857235,-0.116843526,-1.741537873,-1.610993210,-4.538207475,4.734139919,-3.278827969,0.521479878,-0.226083014,0.523798872,2.220942155,-2.168096861,-0.027702937,0.000002441,-0.000002060,0.000005653,-0.000020488,-0.000010531,0.000000697
15.353245207,1789526655.707841635,-0.116867367,-1.741537873,-1.610993210,-4.538207475,4.734139919,-3.278792206,0.521474488,-0.226095447,0.523798872,2.220877466,-2.168162977,-0.027702587,0.000002441,-0.000002060,0.000005653,-0.000020488,-0.000010530,0.000000697
15.361224980,1789526655.715820789,-0.116831605,-1.741537873,-1.611018006,-4.538183633,4.734080791,-3.278780047,0.521480148,-0.226071024,0.523785031,2.220934171,-2.168169566,-0.027759019,0.000002441,-0.000002060,0.000005653,-0.000020487,-0.000010531,0.000000697
15.369206465,1789526655.723802567,-0.116867367,-1.741573636,-1.611005131,-4.538195554,4.734116077,-3.278816048,0.521487362,-0.226094748,0.523772707,2.220900753,-2.168134274,-0.027769912,0.000002441,-0.000002060,0.000005653,-0.000020488,-0.000010530,0.000000698
15.377215177,1789526655.731811047,-0.116867367,-1.741549794,-1.611053769,-4.538207475,4.734116077,-3.278780047,0.521466912,-0.226092375,0.523765719,2.220845508,-2.168157542,-0.027813609,0.000002441,-0.000002060,0.000005653,-0.000020488,-0.000010530,0.000000699
15.385173034,1789526655.739770174,-0.116879288,-1.741561715,-1.611029927,-4.538195554,4.734092712,-3.278804127,0.521475106,-0.226097685,0.523768254,2.220881886,-2.168168190,-0.027807991,0.000002441,-0.000002060,0.000005653,-0.000020488,-0.000010530,0.000000698
15.393271369,1789526655.747867346,-0.116843526,-1.741573636,-1.610993210,-4.538219635,4.734116077,-3.278816048,0.521493112,-0.226082365,0.523780815,2.220921221,-2.168102164,-0.027784065,0.000002640,-0.000000304,0.000005620,-0.000001449,-0.000012701,-0.000000006
15.401233096,1789526655.755829096,-0.116843526,-1.741549794,-1.610993210,-4.538160030,4.734139919,-3.278780047,0.521488704,-0.226084023,0.523786736,2.220905266,-2.168165801,-0.027658182,0.000002640,-0.000000304,0.000005620,-0.000001449,-0.000012701,-0.000000006
15.409243538,1789526655.763839483,-0.116855446,-1.741537873,-1.610993210,-4.538207475,4.734116077,-3.278816048,0.521477430,-0.226087047,0.523798831,2.220929171,-2.168136828,-0.027725792,0.000002640,-0.000000304,0.000005620,-0.000001449,-0.000012701,-0.000000006
15.417221827,1789526655.771817684,-0.116867367,-1.741537873,-1.611005131,-4.538183633,4.734116077,-3.278804127,0.521474356,-0.226093211,0.523790752,2.220908451,-2.168168687,-0.027711229,0.000002640,-0.000000304,0.000005620,-0.000001449,-0.000012701,-0.000000006
15.425198818,1789526655.779794693,-0.116855446,-1.741537873,-1.611029927,-4.538207475,4.734127998,-3.278792206,0.521469725,-0.226087266,0.523782709,2.220880750,-2.168140008,-0.027758490,0.000002640,-0.000000304,0.000005620,-0.000001449,-0.000012701,-0.000000006
15.433245393,1789526655.787841797,-0.116843526,-1.741549794,-1.611029927,-4.538183633,4.734139919,-3.278780047,0.521479061,-0.226082922,0.523773403,2.220879053,-2.168138794,-0.027731831,0.000000000,0.000000000,0.000000000,0.000000000,0.000000000,0.000000000
15.441232750,1789526655.795828819,-0.116867367,-1.741537873,-1.611041848,-4.538243477,4.734116077,-3.278804127,0.521461548,-0.226091759,0.523781733,2.220866550,-2.168125400,-0.027829135,0.000000000,0.000000000,0.000000000,0.000000000,0.000000000,0.000000000
15.449223523,1789526655.803819895,-0.116855446,-1.741573636,-1.611029927,-4.538207475,4.734116077,-3.278780047,0.521483896,-0.226087827,0.523763225,2.220858387,-2.168144289,-0.027813334,0.000000000,0.000000000,0.000000000,0.000000000,0.000000000,0.000000000
15.457235362,1789526655.811831236,-0.116855446,-1.741537873,-1.610993210,-4.538207475,4.734116077,-3.278816048,0.521477430,-0.226087047,0.523798831,2.220929171,-2.168136828,-0.027725792,0.000000000,0.000000000,0.000000000,0.000000000,0.000000000,0.000000000
15.465199130,1789526655.819794893,-0.116819207,-1.741537873,-1.611018006,-4.538231556,4.734116077,-3.278804127,0.521478400,-0.226067327,0.523790796,2.220934008,-2.168087636,-0.027784056,0.000000000,0.000000000,0.000000000,0.000000000,0.000000000,0.000000000
15.473222637,1789526655.827818394,-0.116819207,-1.741537873,-1.611041848,-4.538207475,4.734164238,-3.278768126,0.521475080,-0.226071403,0.523777530,2.220868815,-2.168100307,-0.027736531,0.000000000,0.000000000,0.000000000,0.000000000,0.000000000,0.000000000
15.481171606,1789526655.835767508,-0.116843526,-1.741561715,-1.611018006,-4.538207475,4.734127998,-3.278768126,0.521484247,-0.226082434,0.523774974,2.220862181,-2.168148023,-0.027772062,0.000000000,0.000000000,0.000000000,0.000000000,0.000000000,0.000000000
15.489243189,1789526655.843840361,-0.116855446,-1.741526429,-1.611018006,-4.538207475,4.734116077,-3.278792206,0.521467815,-0.226085929,0.523794158,2.220897345,-2.168157166,-0.027741356,0.000000000,0.000000000,0.000000000,0.000000000,0.000000000,0.000000000
15.497263954,1789526655.851860046,-0.116843526,-1.741561715,-1.611005131,-4.538171951,4.734104633,-3.278780047,0.521490250,-0.226080944,0.523776366,2.220908769,-2.168169790,-0.027735711,0.000000000,0.000000000,0.000000000,0.000000000,0.000000000,0.000000000
15.505335019,1789526655.859931231,-0.116843526,-1.741549794,-1.611018006,-4.538183633,4.734116077,-3.278816048,0.521481770,-0.226081022,0.523778604,2.220936359,-2.168117852,-0.027741190,0.000000000,0.000000000,0.000000000,0.000000000,0.000000000,0.000000000
15.513279730,1789526655.867875814,-0.116843526,-1.741561715,-1.611005131,-4.538207475,4.734116077,-3.278804127,0.521487029,-0.226081649,0.523780614,2.220913472,-2.168120762,-0.027768829,0.000000000,0.000000000,0.000000000,0.000000000,0.000000000,0.000000000
15.521221908,1789526655.875818253,-0.116831605,-1.741561715,-1.611053769,-4.538160030,4.734116077,-3.278780047,0.521483823,-0.226074734,0.523753583,2.220899415,-2.168133628,-0.027769211,0.000000000,0.000000000,0.000000000,0.000000000,0.000000000,0.000000000
15.529205681,1789526655.883802176,-0.116879288,-1.741526429,-1.611005131,-4.538231556,4.734104633,-3.278768126,0.521463099,-0.226097387,0.523802665,2.220846750,-2.168211790,-0.027766008,0.000000000,0.000000000,0.000000000,0.000000000,0.000000000,0.000000000
15.537199335,1789526655.891795158,-0.116855446,-1.741537873,-1.611005131,-4.538183633,4.734139919,-3.278804127,0.521476803,-0.226089177,0.523790792,2.220908438,-2.168141885,-0.027688025,0.000000000,0.000000000,0.000000000,0.000000000,0.000000000,0.000000000
15.545295625,1789526655.899891853,-0.116891209,-1.741561715,-1.611005131,-4.538195554,4.734127998,-3.278816048,0.521477165,-0.226107722,0.523779215,2.220873803,-2.168159445,-0.027744593,0.000000000,0.000000000,0.000000000,0.000000000,0.000000000,0.000000000
15.553229329,1789526655.907825470,-0.116843526,-1.741526429,-1.611018006,-4.538219635,4.734139919,-3.278744046,0.521469201,-0.226081778,0.523795646,2.220839561,-2.168178090,-0.027731585,0.000000000,0.000000000,0.000000000,0.000000000,0.000000000,0.000000000
15.561208402,1789526655.915804148,-0.116843526,-1.741537873,-1.611005131,-4.538183633,4.734116077,-3.278768126,0.521479746,-0.226080778,0.523790752,2.220894898,-2.168181827,-0.027709474,0.000000000,0.000000000,0.000000000,0.000000000,0.000000000,0.000000000
15.569173938,1789526655.923769951,-0.116843526,-1.741537873,-1.611029927,-4.538207475,4.734080791,-3.278816048,0.521472909,-0.226076727,0.523782628,2.220945058,-2.168127081,-0.027804093,0.000000000,0.000000000,0.000000000,0.000000000,0.000000000,0.000000000
15.577207715,1789526655.931803703,-0.116855446,-1.741549794,-1.610993210,-4.538183633,4.734104633,-3.278792206,0.521484314,-0.226086780,0.523789485,2.220914492,-2.168175047,-0.027721539,0.000000000,0.000000000,0.000000000,0.000000000,0.000000000,0.000000000
15.585162652,1789526655.939758539,-0.116855446,-1.741537873,-1.610981290,-4.538183633,4.734068394,-3.278804127,0.521482469,-0.226083195,0.523801153,2.220957412,-2.168193010,-0.027727482,0.000000000,0.000000000,0.000000000,0.000000000,0.000000000,0.000000000
15.593239318,1789526655.947835445,-0.116831605,-1.741537873,-1.611018006,-4.538183633,4.734127998,-3.278780047,0.521479659,-0.226075347,0.523785112,2.220908705,-2.168142854,-0.027713764,0.000000000,0.000000000,0.000000000,0.000000000,0.000000000,0.000000000
15.601198336,1789526655.955794096,-0.116843526,-1.741526429,-1.611041848,-4.538195554,4.734127998,-3.278768126,0.521466504,-0.226080352,0.523782277,2.220872282,-2.168158407,-0.027743421,0.000000000,0.000000000,0.000000000,0.000000000,0.000000000,0.000000000
15.609235072,1789526655.963830948,-0.116843526,-1.741561715,-1.611005131,-4.538219635,4.734127998,-3.278816048,0.521485844,-0.226082623,0.523782082,2.220914775,-2.168095389,-0.027772600,0.000000000,0.000000000,0.000000000,0.000000000,0.000000000,0.000000000
15.617197974,1789526655.971793890,-0.116831605,-1.741537873,-1.611005131,-4.538195554,4.734164238,-3.278792206,0.521480900,-0.226078856,0.523792253,2.220902861,-2.168109316,-0.027678221,0.000000000,0.000000000,0.000000000,0.000000000,0.000000000,0.000000000
15.625208099,1789526655.979803801,-0.116855446,-1.741549794,-1.611005131,-4.538219635,4.734116077,-3.278768126,0.521478590,-0.226087197,0.523788550,2.220861286,-2.168173667,-0.027768379,0.000000000,0.000000000,0.000000000,0.000000000,0.000000000,0.000000000
15.633211915,1789526655.987807989,-0.116831605,-1.741526429,-1.611041848,-4.538207475,4.734104633,-3.278792206,0.521468400,-0.226071882,0.523783656,2.220918829,-2.168126369,-0.027780734,0.000000000,0.000000000,0.000000000,0.000000000,0.000000000,0.000000000
15.641198808,1789526655.995794773,-0.116831605,-1.741537873,-1.610993210,-4.538183633,4.734080791,-3.278792206,0.521485269,-0.226071613,0.523795933,2.220958231,-2.168167215,-0.027729104,0.000000000,0.000000000,0.000000000,0.000000000,0.000000000,0.000000000
15.649208875,1789526656.003804684,-0.116843526,-1.741526429,-1.611053769,-4.538195554,4.734152317,-3.278792206,0.521463790,-0.226082296,0.523777078,2.220880225,-2.168112725,-0.027735369,0.000000000,0.000000000,0.000000000,0.000000000,0.000000000,0.000000000
15.657237922,1789526656.011833906,-0.116867367,-1.741561715,-1.610981290,-4.538148109,4.734127998,-3.278756205,0.521491623,-0.226096314,0.523784050,2.220865178,-2.168230880,-0.027655089,0.000000000,0.000000000,0.000000000,0.000000000,0.000000000,0.000000000
15.665190190,1789526656.019785881,-0.116831605,-1.741573636,-1.611018006,-4.538207475,4.734104633,-3.278780047,0.521491867,-0.226074629,0.523768447,2.220895452,-2.168129472,-0.027809052,0.000000000,0.000000000,0.000000000,0.000000000,0.000000000,0.000000000
15.673210058,1789526656.027806044,-0.116855446,-1.741573636,-1.611041848,-4.538207475,4.734092712,-3.278804127,0.521481676,-0.226085404,0.523757944,2.220892051,-2.168125592,-0.027850993,0.000000000,0.000000000,0.000000000,0.000000000,0.000000000,0.000000000
15.681195522,1789526656.035791397,-0.116867367,-1.741585557,-1.611018006,-4.538195554,4.734127998,-3.278792206,0.521489262,-0.226096084,0.523760579,2.220857541,-2.168142809,-0.027788094,0.000000000,0.000000000,0.000000000,0.000000000,0.000000000,0.000000000
15.689204320,1789526656.043800354,-0.116843526,-1.741537873,-1.611005131,-4.538171951,4.734104633,-3.278780047,0.521480885,-0.226079843,0.523789342,2.220919126,-2.168180385,-0.027706528,0.000000000,0.000000000,0.000000000,0.000000000,0.000000000,0.000000000
15.697240426,1789526656.051836491,-0.116855446,-1.741537873,-1.611005131,-4.538219635,4.734104633,-3.278780047,0.521474026,-0.226085598,0.523795018,2.220885636,-2.168172275,-0.027765108,0.000000000,0.000000000,0.000000000,0.000000000,0.000000000,0.000000000
15.705209765,1789526656.059805632,-0.116843526,-1.741537873,-1.611005131,-4.538219635,4.734080791,-3.278804127,0.521476968,-0.226077199,0.523794977,2.220937600,-2.168145862,-0.027788321,0.000000000,0.000000000,0.000000000,0.000000000,0.000000000,0.000000000
15.713217328,1789526656.067813396,-0.116819207,-1.741573636,-1.611041848,-4.538195554,4.734104633,-3.278816048,0.521490786,-0.226067712,0.523756546,2.220942838,-2.168070573,-0.027824294,0.000000000,0.000000000,0.000000000,0.000000000,0.000000000,0.000000000
15.721184320,1789526656.075780392,-0.116879288,-1.741573636,-1.611005131,-4.538183633,4.734080791,-3.278792206,0.521486074,-0.226097849,0.523771228,2.220886104,-2.168199237,-0.027788830,0.000000000,0.000000000,0.000000000,0.000000000,0.000000000,0.000000000
