group,repeat,wall_time_s,fx_n,fy_n,fz_n,tx_nm,ty_nm,tz_nm
1,1,1789523830.222826242,2.892238,6.452749,57.000001,2.255163,2.314791,0.306293
1,1,1789523830.223780155,2.900528,6.488486,56.853898,2.256923,2.312507,0.30762
1,1,1789523830.224409580,2.886366,6.548009,56.896265,2.251528,2.312538,0.310745
1,1,1789523830.227138519,2.980608,6.487469,56.900179,2.24898,2.316559,0.314191
1,1,1789523830.229477882,2.900528,6.488486,56.853898,2.256923,2.312507,0.30762
1,1,1789523830.231196642,2.933756,6.543776,57.133732,2.2481,2.313312,0.308063
1,1,1789523830.233088255,3.035149,6.579737,56.946765,2.24743,2.316844,0.307766
1,1,1789523830.234487295,2.900528,6.488486,56.853898,2.256923,2.312507,0.30762
1,1,1789523830.235471964,3.002535,6.571607,56.94996,2.248287,2.315232,0.303596
1,1,1789523830.237275600,3.02582,6.649689,57.108709,2.248106,2.320107,0.298062
1,1,1789523830.238842726,2.900528,6.488486,56.853898,2.256923,2.312507,0.30762
1,1,1789523830.239670515,3.055472,6.592527,56.927781,2.245123,2.320459,0.301825
1,1,1789523830.242107391,2.974194,6.61376,56.930546,2.248018,2.313971,0.302682
1,1,1789523830.244686842,2.900528,6.488486,56.853898,2.256923,2.312507,0.30762
1,1,1789523830.245283842,2.873248,6.56213,56.922205,2.253512,2.31377,0.3034
1,1,1789523830.247130632,2.915659,6.548286,56.886583,2.25149,2.314118,0.304616
1,1,1789523830.248954773,2.900528,6.488486,56.853898,2.256923,2.312507,0.30762
1,1,1789523830.249522924,2.888507,6.506348,56.568377,2.251528,2.311606,0.321529
1,1,1789523830.252127171,2.861122,6.474312,56.992105,2.256036,2.312326,0.306783
1,1,1789523830.253782034,2.900528,6.488486,56.853898,2.256923,2.312507,0.30762
1,1,1789523830.254447222,2.983828,6.486958,56.885389,2.248646,2.312683,0.304097
1,1,1789523830.257035017,2.909995,6.556322,56.984662,2.243603,2.312948,0.307853
1,1,1789523830.258878231,2.900528,6.488486,56.853898,2.256923,2.312507,0.30762
1,1,1789523830.259717464,3.045547,6.577063,56.969721,2.245755,2.317595,0.298578
1,1,1789523830.262044907,2.940955,6.487252,56.76725,2.25453,2.312457,0.317941
1,1,1789523830.263827562,2.900528,6.488486,56.853898,2.256923,2.312507,0.30762
1,1,1789523830.265412331,2.91791,6.605518,56.838635,2.250536,2.313795,0.303354
1,1,1789523830.267921209,3.035297,6.55652,56.943071,2.249174,2.319652,0.305765
1,1,1789523830.268877029,2.900528,6.488486,56.853898,2.256923,2.312507,0.30762
1,1,1789523830.270572662,2.861875,6.508561,56.774175,2.252942,2.311154,0.310003
1,1,1789523830.271976233,2.97339,6.558856,57.010709,2.245145,2.311344,0.300391
1,1,1789523830.273702860,2.900528,6.488486,56.853898,2.256923,2.312507,0.30762
1,1,1789523830.274352074,2.966642,6.507863,56.840719,2.247559,2.316171,0.305585
1,1,1789523830.276990891,2.985545,6.568625,56.903754,2.252475,2.318045,0.297972
1,1,1789523830.278974056,2.900528,6.488486,56.853898,2.256923,2.312507,0.30762
1,1,1789523830.279653549,3.027574,6.535952,57.06196,2.251305,2.317314,0.298154
1,1,1789523830.282197475,2.921625,6.636706,56.948036,2.243501,2.315893,0.302069
1,1,1789523830.283908129,2.900528,6.488486,56.853898,2.256923,2.312507,0.30762
1,1,1789523830.284880400,3.028422,6.57339,56.802935,2.250552,2.320342,0.305339
1,1,1789523830.287214279,2.924437,6.607674,57.08215,2.248949,2.314908,0.304569
1,1,1789523830.290571213,2.900528,6.488486,56.853898,2.256923,2.312507,0.30762
1,1,1789523830.291468859,2.905198,6.565538,56.864129,2.252576,2.319129,0.302547
1,1,1789523830.292354822,2.893115,6.547648,56.94331,2.250236,2.315737,0.305396
1,1,1789523830.293732405,2.900528,6.488486,56.853898,2.256923,2.312507,0.30762
1,1,1789523830.294423580,2.882382,6.500223,56.888042,2.254331,2.316751,0.312134
1,1,1789523830.297122002,2.904724,6.495103,56.878385,2.250276,2.311479,0.311414
1,1,1789523830.299083948,2.900528,6.488486,56.853898,2.256923,2.312507,0.30762
1,1,1789523830.299721956,3.022658,6.491753,57.080479,2.250611,2.316179,0.304292
1,1,1789523830.302095652,2.964496,6.517422,56.938037,2.246806,2.313088,0.301919
1,1,1789523830.303840399,2.900528,6.488486,56.853898,2.256923,2.312507,0.30762
1,1,1789523830.304745674,2.972333,6.56828,56.970002,2.25314,2.318703,0.298766
1,1,1789523830.307079077,2.98322,6.527531,56.941324,2.249254,2.314274,0.304128
1,1,1789523830.308873653,2.900528,6.488486,56.853898,2.256923,2.312507,0.30762
1,1,1789523830.310268879,2.940272,6.591317,56.917871,2.248545,2.31167,0.300302
1,1,1789523830.312186956,3.030629,6.63058,56.916938,2.241856,2.317152,0.29419
1,1,1789523830.313871622,2.900528,6.488486,56.853898,2.256923,2.312507,0.30762
1,1,1789523830.314764500,2.865367,6.559212,56.886054,2.249888,2.310433,0.309862
1,1,1789523830.317055941,2.9711,6.590986,56.915549,2.248483,2.31429,0.299107
1,1,1789523830.318869591,2.900528,6.488486,56.853898,2.256923,2.312507,0.30762
1,1,1789523830.320159674,2.965334,6.525355,57.106652,2.245361,2.312487,0.302593
1,1,1789523830.322811365,2.929666,6.525949,56.933867,2.249011,2.314577,0.305337
1,1,1789523830.325362682,2.900528,6.488486,56.853898,2.256923,2.312507,0.30762
1,1,1789523830.326136112,2.988136,6.549499,56.936068,2.24782,2.315255,0.300711
1,1,1789523830.328860998,2.900528,6.488486,56.853898,2.256923,2.312507,0.30762
1,1,1789523830.330113173,2.996874,6.608825,56.882144,2.244637,2.31496,0.301653
1,1,1789523830.333792210,2.900528,6.488486,56.853898,2.256923,2.312507,0.30762
1,1,1789523830.334485292,2.898045,6.565581,56.924495,2.246107,2.312665,0.304882
1,1,1789523830.338743210,2.900528,6.488486,56.853898,2.256923,2.312507,0.30762
1,1,1789523830.339327812,2.876448,6.519839,56.824955,2.248322,2.312086,0.312917
1,1,1789523830.343973875,2.900528,6.488486,56.853898,2.256923,2.312507,0.30762
1,1,1789523830.344600916,2.961857,6.541797,56.936612,2.250274,2.316557,0.307278
1,1,1789523830.348764896,2.900528,6.488486,56.853898,2.256923,2.312507,0.30762
1,1,1789523830.349416256,3.022208,6.633371,56.938383,2.242888,2.317099,0.302085
1,1,1789523830.353796244,2.900528,6.488486,56.853898,2.256923,2.312507,0.30762
1,1,1789523830.354512215,2.900638,6.614815,56.837273,2.245947,2.313647,0.30245
1,1,1789523830.358724594,2.900528,6.488486,56.853898,2.256923,2.312507,0.30762
1,1,1789523830.359539509,2.890979,6.540255,56.761476,2.244896,2.31177,0.307825
1,1,1789523830.363870382,2.900528,6.488486,56.853898,2.256923,2.312507,0.30762
1,1,1789523830.365040302,2.884631,6.5241,56.919366,2.25035,2.313748,0.307881
1,1,1789523830.368807316,2.900528,6.488486,56.853898,2.256923,2.312507,0.30762
1,1,1789523830.369980574,3.014426,6.571711,57.043217,2.247935,2.314767,0.303707
1,1,1789523830.373888493,2.900528,6.488486,56.853898,2.256923,2.312507,0.30762
1,1,1789523830.374742031,3.003725,6.591228,56.861716,2.254891,2.320142,0.300994
1,1,1789523830.379012585,2.900528,6.488486,56.853898,2.256923,2.312507,0.30762
1,1,1789523830.379849672,2.901156,6.483059,56.861946,2.256831,2.317702,0.301333
1,1,1789523830.383692026,2.900528,6.488486,56.853898,2.256923,2.312507,0.30762
1,1,1789523830.384567738,2.883911,6.478249,56.811353,2.254469,2.317837,0.316972
1,1,1789523830.388742208,2.900528,6.488486,56.853898,2.256923,2.312507,0.30762
1,1,1789523830.389632940,3.018956,6.519181,57.083196,2.252223,2.316051,0.2998
1,1,1789523830.393748045,2.900528,6.488486,56.853898,2.256923,2.312507,0.30762
1,1,1789523830.394387484,2.974658,6.527339,56.882469,2.253141,2.312262,0.301853
1,1,1789523830.398974419,2.900528,6.488486,56.853898,2.256923,2.312507,0.30762
1,1,1789523830.400255442,2.931398,6.56093,56.92331,2.248176,2.309143,0.303734
1,1,1789523830.404378891,2.872759,6.56997,56.875316,2.249496,2.316515,0.309562
1,1,1789523830.405207634,2.900528,6.488486,56.853898,2.256923,2.312507,0.30762
1,1,1789523830.409154415,2.900528,6.488486,56.853898,2.256923,2.312507,0.30762
1,1,1789523830.409977436,2.927715,6.51556,57.117888,2.246519,2.315931,0.304249
1,1,1789523830.414687395,2.900528,6.488486,56.853898,2.256923,2.312507,0.30762
1,1,1789523830.415192604,2.978923,6.526408,56.864286,2.254104,2.3157,0.296429
1,1,1789523830.418867826,2.900528,6.488486,56.853898,2.256923,2.312507,0.30762
1,1,1789523830.419818401,3.02119,6.604143,56.966433,2.248687,2.320462,0.302626
1,1,1789523830.423767328,2.900528,6.488486,56.853898,2.256923,2.312507,0.30762
1,1,1789523830.424588203,2.918997,6.571701,56.820975,2.248822,2.318478,0.298622
1,1,1789523830.428789854,2.900528,6.488486,56.853898,2.256923,2.312507,0.30762
1,1,1789523830.429624319,2.852498,6.479387,56.679042,2.252296,2.312876,0.315059
1,1,1789523830.433768511,2.900528,6.488486,56.853898,2.256923,2.312507,0.30762
1,1,1789523830.434978247,2.972484,6.522631,56.900691,2.250449,2.313766,0.307916
1,1,1789523830.438833475,2.900528,6.488486,56.853898,2.256923,2.312507,0.30762
1,1,1789523830.440658092,3.026664,6.587867,56.539667,2.248942,2.317415,0.309212
1,1,1789523830.443888664,2.900528,6.488486,56.853898,2.256923,2.312507,0.30762
1,1,1789523830.445411682,2.871093,6.554088,56.822059,2.254302,2.313647,0.304844
1,1,1789523830.448787689,2.900528,6.488486,56.853898,2.256923,2.312507,0.30762
1,1,1789523830.449972153,2.84804,6.479313,56.757692,2.253595,2.311881,0.311608
1,1,1789523830.453959227,2.900528,6.488486,56.853898,2.256923,2.312507,0.30762
1,1,1789523830.454505444,3.012002,6.536528,56.947669,2.25198,2.320888,0.315038
1,1,1789523830.458706141,2.900528,6.488486,56.853898,2.256923,2.312507,0.30762
1,1,1789523830.459325790,3.021606,6.538664,57.065099,2.254625,2.320036,0.294362
1,1,1789523830.463873386,2.900528,6.488486,56.853898,2.256923,2.312507,0.30762
1,1,1789523830.464484692,2.904975,6.548933,56.791269,2.25186,2.314563,0.303153
1,1,1789523830.468799114,2.900528,6.488486,56.853898,2.256923,2.312507,0.30762
1,1,1789523830.469614744,2.959588,6.553785,56.824915,2.247327,2.315505,0.307095
1,1,1789523830.474876881,2.900528,6.488486,56.853898,2.256923,2.312507,0.30762
1,1,1789523830.475704670,2.960665,6.515116,56.926218,2.246773,2.319046,0.307036
1,1,1789523830.479970217,2.900528,6.488486,56.853898,2.256923,2.312507,0.30762
1,1,1789523830.480475903,2.972749,6.51022,57.03415,2.247936,2.31808,0.298444
1,1,1789523830.483760595,2.900528,6.488486,56.853898,2.256923,2.312507,0.30762
1,1,1789523830.484573841,3.015773,6.590248,56.757961,2.250324,2.318061,0.29991
1,1,1789523830.488668919,2.900528,6.488486,56.853898,2.256923,2.312507,0.30762
1,1,1789523830.489679098,2.991202,6.569112,56.924715,2.246645,2.317152,0.30558
1,1,1789523830.493894339,2.900528,6.488486,56.853898,2.256923,2.312507,0.30762
1,1,1789523830.495387554,2.844465,6.497758,56.939585,2.253704,2.313219,0.308935
1,1,1789523830.499370813,2.900528,6.488486,56.853898,2.256923,2.312507,0.30762
1,1,1789523830.500175953,2.866436,6.538591,56.946924,2.251035,2.311373,0.307282
1,1,1789523830.504151106,2.900528,6.488486,56.853898,2.256923,2.312507,0.30762
1,1,1789523830.504713297,3.020777,6.594148,56.878828,2.246178,2.315145,0.305663
1,1,1789523830.509305000,2.900528,6.488486,56.853898,2.256923,2.312507,0.30762
1,1,1789523830.509858370,3.019649,6.609444,56.576909,2.244932,2.317919,0.309227
1,1,1789523830.514990091,2.900528,6.488486,56.853898,2.256923,2.312507,0.30762
1,1,1789523830.515827417,2.826786,6.544301,56.83845,2.248035,2.310478,0.303146
1,1,1789523830.518831730,2.900528,6.488486,56.853898,2.256923,2.312507,0.30762
1,1,1789523830.520278931,2.836539,6.543949,56.658942,2.251863,2.31019,0.313431
1,1,1789523830.523819447,2.900528,6.488486,56.853898,2.256923,2.312507,0.30762
1,1,1789523830.525355577,3.034211,6.544676,56.963814,2.248893,2.31711,0.306942
1,1,1789523830.528856516,2.900528,6.488486,56.853898,2.256923,2.312507,0.30762
1,1,1789523830.530014038,3.044527,6.551182,56.96605,2.248394,2.316564,0.29616
1,1,1789523830.533641577,2.900528,6.488486,56.853898,2.256923,2.312507,0.30762
1,1,1789523830.534285069,2.858393,6.603108,56.816097,2.248371,2.317216,0.301163
1,1,1789523830.538845778,2.900528,6.488486,56.853898,2.256923,2.312507,0.30762
1,1,1789523830.539735794,2.84921,6.543222,56.750961,2.251495,2.310819,0.312862
1,1,1789523830.543930054,2.900528,6.488486,56.853898,2.256923,2.312507,0.30762
1,1,1789523830.544777632,2.975269,6.485695,56.935605,2.249251,2.309873,0.312274
1,1,1789523830.548674107,2.900528,6.488486,56.853898,2.256923,2.312507,0.30762
1,1,1789523830.549505949,3.002779,6.563228,57.065793,2.245517,2.315632,0.30039
1,1,1789523830.553822041,2.900528,6.488486,56.853898,2.256923,2.312507,0.30762
1,1,1789523830.554722786,2.926037,6.605032,56.840074,2.247624,2.316785,0.298601
1,1,1789523830.558791399,2.900528,6.488486,56.853898,2.256923,2.312507,0.30762
1,1,1789523830.559634209,2.879398,6.552025,56.796368,2.251309,2.311402,0.312184
1,1,1789523830.563797951,2.900528,6.488486,56.853898,2.256923,2.312507,0.30762
1,1,1789523830.564631224,2.909537,6.504742,56.918847,2.24951,2.311154,0.313467
1,1,1789523830.568718910,2.900528,6.488486,56.853898,2.256923,2.312507,0.30762
1,1,1789523830.570054770,2.977761,6.584959,57.102196,2.247361,2.316527,0.299799
1,1,1789523830.573818922,2.900528,6.488486,56.853898,2.256923,2.312507,0.30762
1,1,1789523830.575073004,3.007567,6.620584,56.95472,2.246503,2.317082,0.300604
1,1,1789523830.578794718,2.900528,6.488486,56.853898,2.256923,2.312507,0.30762
1,1,1789523830.580024004,2.91549,6.572433,56.93057,2.247834,2.309865,0.302411
1,1,1789523830.583796501,2.900528,6.488486,56.853898,2.256923,2.312507,0.30762
1,1,1789523830.584640741,2.872108,6.527559,56.938502,2.245597,2.308704,0.307701
1,1,1789523830.588719130,2.900528,6.488486,56.853898,2.256923,2.312507,0.30762
1,1,1789523830.589918375,2.931077,6.569023,56.644127,2.244193,2.317061,0.310655
1,1,1789523830.595066547,2.900528,6.488486,56.853898,2.256923,2.312507,0.30762
1,1,1789523830.595753193,3.011414,6.609653,56.93957,2.246271,2.322196,0.297421
1,1,1789523830.598804235,2.900528,6.488486,56.853898,2.256923,2.312507,0.30762
1,1,1789523830.599912167,3.012508,6.555248,56.855729,2.250174,2.316735,0.296964
1,1,1789523830.604089499,2.900528,6.488486,56.853898,2.256923,2.312507,0.30762
1,1,1789523830.604998589,2.865913,6.517295,56.847526,2.255073,2.312876,0.309423
1,1,1789523830.609147072,2.900528,6.488486,56.853898,2.256923,2.312507,0.30762
1,1,1789523830.610101938,2.94084,6.485929,57.086462,2.257426,2.316352,0.308088
1,1,1789523830.614096165,2.900528,6.488486,56.853898,2.256923,2.312507,0.30762
1,1,1789523830.615166903,3.037966,6.532458,56.908395,2.250237,2.318003,0.30127
1,1,1789523830.620086432,2.900528,6.488486,56.853898,2.256923,2.312507,0.30762
1,1,1789523830.620873928,3.019141,6.59958,56.96505,2.245992,2.316114,0.301295
1,1,1789523830.624104023,2.900528,6.488486,56.853898,2.256923,2.312507,0.30762
1,1,1789523830.624833822,2.871516,6.599391,56.859319,2.249172,2.308564,0.31022
1,1,1789523830.628955603,2.887601,6.496351,56.640729,2.252919,2.308916,0.313824
1,1,1789523830.629633904,2.865789,6.520204,56.917826,2.252246,2.31529,0.307025
1,1,1789523830.634117365,2.983085,6.502949,56.943815,2.248052,2.316525,0.306157
1,1,1789523830.635650635,2.865789,6.520204,56.917826,2.252246,2.31529,0.307025
1,1,1789523830.639400244,3.043565,6.574393,56.779328,2.245364,2.31779,0.307946
1,1,1789523830.641189814,2.865789,6.520204,56.917826,2.252246,2.31529,0.307025
1,1,1789523830.644129753,2.993794,6.610031,56.926876,2.243048,2.311908,0.300159
1,1,1789523830.645354748,2.865789,6.520204,56.917826,2.252246,2.31529,0.307025
1,1,1789523830.650166988,2.848954,6.564703,56.654301,2.248783,2.314874,0.310868
1,1,1789523830.650910378,2.865789,6.520204,56.917826,2.252246,2.31529,0.307025
1,1,1789523830.654943228,2.918216,6.529339,56.952586,2.248803,2.318331,0.305809
1,1,1789523830.656002522,2.865789,6.520204,56.917826,2.252246,2.31529,0.307025
1,1,1789523830.661512136,3.038962,6.561061,56.841033,2.24119,2.319012,0.31206
1,1,1789523830.662345886,2.865789,6.520204,56.917826,2.252246,2.31529,0.307025
1,1,1789523830.664371967,2.992805,6.565378,56.911586,2.246892,2.315519,0.296832
1,1,1789523830.665664911,2.865789,6.520204,56.917826,2.252246,2.31529,0.307025
1,1,1789523830.669107199,2.903994,6.581478,56.926603,2.249994,2.309713,0.305793
1,1,1789523830.670199156,2.865789,6.520204,56.917826,2.252246,2.31529,0.307025
1,1,1789523830.674160719,2.860176,6.557542,56.930312,2.250837,2.315858,0.315069
1,1,1789523830.674981356,2.865789,6.520204,56.917826,2.252246,2.31529,0.307025
1,1,1789523830.678906441,2.943452,6.526183,56.955773,2.250598,2.315527,0.307589
1,1,1789523830.679936886,2.865789,6.520204,56.917826,2.252246,2.31529,0.307025
1,1,1789523830.685041189,3.035429,6.563787,56.973612,2.247409,2.318932,0.301311
1,1,1789523830.686064482,2.865789,6.520204,56.917826,2.252246,2.31529,0.307025
1,1,1789523830.689339876,2.93916,6.597826,56.622427,2.249033,2.316635,0.308367
1,1,1789523830.690516710,2.865789,6.520204,56.917826,2.252246,2.31529,0.307025
1,1,1789523830.694090605,2.922378,6.589855,56.917967,2.244338,2.314049,0.312851
1,1,1789523830.695244074,2.865789,6.520204,56.917826,2.252246,2.31529,0.307025
1,1,1789523830.699126005,3.003887,6.480635,56.772276,2.247524,2.320544,0.30408
1,1,1789523830.700274467,2.865789,6.520204,56.917826,2.252246,2.31529,0.307025
1,1,1789523830.704120636,2.933031,6.549381,56.88339,2.248253,2.313746,0.302542
1,1,1789523830.705211401,2.865789,6.520204,56.917826,2.252246,2.31529,0.307025
1,1,1789523830.709128857,2.993083,6.622518,56.608724,2.240414,2.310216,0.310889
1,1,1789523830.710267544,2.865789,6.520204,56.917826,2.252246,2.31529,0.307025
1,1,1789523830.714858294,2.969884,6.570142,56.936279,2.248325,2.313424,0.300511
1,1,1789523830.715978861,2.865789,6.520204,56.917826,2.252246,2.31529,0.307025
1,1,1789523830.719144106,2.927981,6.479101,56.933311,2.25052,2.312485,0.304964
1,1,1789523830.721320868,2.865789,6.520204,56.917826,2.252246,2.31529,0.307025
1,1,1789523830.722208738,2.897556,6.482399,56.932493,2.25196,2.314278,0.304567
1,1,1789523830.724163532,2.927981,6.479101,56.933311,2.25052,2.312485,0.304964
1,1,1789523830.725922823,2.865418,6.500849,57.106176,2.250833,2.313693,0.302387
1,1,1789523830.726687908,2.865789,6.520204,56.917826,2.252246,2.31529,0.307025
1,1,1789523830.729053020,2.927981,6.479101,56.933311,2.25052,2.312485,0.304964
1,1,1789523830.730809689,2.877237,6.554552,56.893578,2.25074,2.314408,0.309167
1,1,1789523830.731586218,2.865789,6.520204,56.917826,2.252246,2.31529,0.307025
1,1,1789523830.734053135,2.927981,6.479101,56.933311,2.25052,2.312485,0.304964
1,1,1789523830.735938311,2.981917,6.596719,56.81679,2.247949,2.319515,0.308097
1,1,1789523830.736684084,2.865789,6.520204,56.917826,2.252246,2.31529,0.307025
1,1,1789523830.739231825,2.927981,6.479101,56.933311,2.25052,2.312485,0.304964
1,1,1789523830.740302563,2.865789,6.520204,56.917826,2.252246,2.31529,0.307025
1,1,1789523830.741377115,3.021653,6.569303,56.909668,2.248827,2.314038,0.307549
1,1,1789523830.744073391,2.927981,6.479101,56.933311,2.25052,2.312485,0.304964
1,1,1789523830.744961023,2.865789,6.520204,56.917826,2.252246,2.31529,0.307025
1,1,1789523830.745621443,3.050384,6.538404,57.014764,2.252602,2.320066,0.304086
1,1,1789523830.749125719,2.927981,6.479101,56.933311,2.25052,2.312485,0.304964
1,1,1789523830.750025272,2.959865,6.558363,56.878044,2.248081,2.312586,0.298893
1,1,1789523830.750659943,2.865789,6.520204,56.917826,2.252246,2.31529,0.307025
1,1,1789523830.754267216,2.927981,6.479101,56.933311,2.25052,2.312485,0.304964
1,1,1789523830.755242825,2.865789,6.520204,56.917826,2.252246,2.31529,0.307025
1,1,1789523830.755984783,2.868702,6.516476,56.929188,2.255334,2.309238,0.301513
1,1,1789523830.759130716,2.927981,6.479101,56.933311,2.25052,2.312485,0.304964
1,1,1789523830.761042833,2.865789,6.520204,56.917826,2.252246,2.31529,0.307025
1,1,1789523830.761697531,2.801431,6.603086,57.002241,2.246829,2.308342,0.306281
1,1,1789523830.764124632,2.927981,6.479101,56.933311,2.25052,2.312485,0.304964
1,1,1789523830.765331268,2.865789,6.520204,56.917826,2.252246,2.31529,0.307025
1,1,1789523830.765974045,2.837628,6.546443,56.876853,2.248666,2.307559,0.31575
1,1,1789523830.769111395,2.927981,6.479101,56.933311,2.25052,2.312485,0.304964
1,1,1789523830.771384478,2.865789,6.520204,56.917826,2.252246,2.31529,0.307025
1,1,1789523830.772071838,2.941085,6.495592,56.942332,2.249899,2.315987,0.311187
1,1,1789523830.774153471,2.927981,6.479101,56.933311,2.25052,2.312485,0.304964
1,1,1789523830.775079489,3.047489,6.516922,57.169794,2.246294,2.316512,0.301852
1,1,1789523830.777029514,2.865789,6.520204,56.917826,2.252246,2.31529,0.307025
1,1,1789523830.779159069,2.927981,6.479101,56.933311,2.25052,2.312485,0.304964
1,1,1789523830.780224085,2.865789,6.520204,56.917826,2.252246,2.31529,0.307025
1,1,1789523830.781029224,3.07702,6.576596,56.977146,2.24987,2.31668,0.297216
1,1,1789523830.784176111,2.927981,6.479101,56.933311,2.25052,2.312485,0.304964
1,1,1789523830.785717010,2.865789,6.520204,56.917826,2.252246,2.31529,0.307025
1,1,1789523830.786471844,3.007593,6.602677,56.845789,2.249997,2.321924,0.296877
1,1,1789523830.789427280,2.927981,6.479101,56.933311,2.25052,2.312485,0.304964
1,1,1789523830.790509462,2.865789,6.520204,56.917826,2.252246,2.31529,0.307025
1,1,1789523830.791244507,2.829658,6.62759,56.809658,2.246389,2.311934,0.302316
1,1,1789523830.794147730,2.927981,6.479101,56.933311,2.25052,2.312485,0.304964
1,1,1789523830.795249224,2.865789,6.520204,56.917826,2.252246,2.31529,0.307025
1,1,1789523830.796103001,2.857553,6.554696,56.932466,2.251452,2.31783,0.304539
1,1,1789523830.799107313,2.927981,6.479101,56.933311,2.25052,2.312485,0.304964
1,1,1789523830.800166845,2.865789,6.520204,56.917826,2.252246,2.31529,0.307025
1,1,1789523830.801201582,2.882738,6.517648,56.959262,2.25052,2.312498,0.309525
1,1,1789523830.805564880,2.927981,6.479101,56.933311,2.25052,2.312485,0.304964
1,1,1789523830.806604147,2.865789,6.520204,56.917826,2.252246,2.31529,0.307025
1,1,1789523830.807249069,3.032234,6.472152,56.953053,2.251123,2.319124,0.306567
1,1,1789523830.809173822,2.927981,6.479101,56.933311,2.25052,2.312485,0.304964
1,1,1789523830.810242414,3.095451,6.473046,56.915733,2.251985,2.318266,0.300352
1,1,1789523830.811311722,2.865789,6.520204,56.917826,2.252246,2.31529,0.307025
1,1,1789523830.814185143,2.927981,6.479101,56.933311,2.25052,2.312485,0.304964
1,1,1789523830.815705061,2.865789,6.520204,56.917826,2.252246,2.31529,0.307025
1,1,1789523830.816808224,3.04507,6.597387,56.888734,2.244618,2.317425,0.294175
1,1,1789523830.819076777,2.927981,6.479101,56.933311,2.25052,2.312485,0.304964
1,1,1789523830.820853472,2.865789,6.520204,56.917826,2.252246,2.31529,0.307025
1,1,1789523830.821664095,2.94495,6.639858,56.859472,2.246105,2.313161,0.298564
1,1,1789523830.825305700,2.927981,6.479101,56.933311,2.25052,2.312485,0.304964
1,1,1789523830.826384068,2.865789,6.520204,56.917826,2.252246,2.31529,0.307025
1,1,1789523830.827452183,2.899191,6.668229,57.031806,2.242339,2.314545,0.295696
1,1,1789523830.828519821,3.040278,6.532798,56.831305,2.244719,2.309665,0.30475
1,1,1789523830.829571009,2.927981,6.479101,56.933311,2.25052,2.312485,0.304964
1,1,1789523830.830611706,2.865789,6.520204,56.917826,2.252246,2.31529,0.307025
1,1,1789523830.831649065,2.865309,6.587097,56.938495,2.246651,2.309302,0.307426
1,1,1789523830.832674742,2.90065,6.533895,56.913724,2.249266,2.312694,0.297969
1,1,1789523830.834128141,2.927981,6.479101,56.933311,2.25052,2.312485,0.304964
1,1,1789523830.835185289,2.865789,6.520204,56.917826,2.252246,2.31529,0.307025
1,1,1789523830.836263418,2.967147,6.429655,56.912947,2.253173,2.313845,0.310305
1,1,1789523830.837313652,2.803106,6.582973,56.971047,2.247017,2.308355,0.304239
1,1,1789523830.839123249,2.927981,6.479101,56.933311,2.25052,2.312485,0.304964
1,1,1789523830.840156317,2.865789,6.520204,56.917826,2.252246,2.31529,0.307025
1,1,1789523830.840930700,2.977081,6.446463,56.742839,2.246427,2.312131,0.314474
1,1,1789523830.841973305,2.847759,6.576638,56.834054,2.248062,2.310249,0.312256
1,1,1789523830.844163895,2.927981,6.479101,56.933311,2.25052,2.312485,0.304964
1,1,1789523830.845221281,2.865789,6.520204,56.917826,2.252246,2.31529,0.307025
1,1,1789523830.846262693,2.978441,6.531351,56.997595,2.248059,2.314374,0.30443
1,1,1789523830.847292900,3.000724,6.547381,56.900649,2.251304,2.318451,0.302212
1,1,1789523830.849189281,2.927981,6.479101,56.933311,2.25052,2.312485,0.304964
1,1,1789523830.850230694,2.925974,6.565711,56.834568,2.250899,2.3155,0.307181
1,1,1789523830.851127386,2.865789,6.520204,56.917826,2.252246,2.31529,0.307025
1,1,1789523830.852165222,3.092156,6.514383,57.182987,2.250991,2.317889,0.29845
1,1,1789523830.854139090,2.927981,6.479101,56.933311,2.25052,2.312485,0.304964
1,1,1789523830.856284857,2.91766,6.605344,56.904441,2.245379,2.317497,0.304294
1,1,1789523830.857336044,2.865789,6.520204,56.917826,2.252246,2.31529,0.307025
1,1,1789523830.858368874,3.10968,6.554264,56.984908,2.25286,2.322411,0.296955
1,1,1789523830.859414101,2.927981,6.479101,56.933311,2.25052,2.312485,0.304964
1,1,1789523830.860941172,2.865789,6.520204,56.917826,2.252246,2.31529,0.307025
1,1,1789523830.861609697,2.964534,6.606466,57.053674,2.249825,2.317162,0.298397
1,1,1789523830.862241745,2.997011,6.605019,56.901265,2.249409,2.320649,0.302581
1,1,1789523830.864248753,2.927981,6.479101,56.933311,2.25052,2.312485,0.304964
1,1,1789523830.865206957,2.865789,6.520204,56.917826,2.252246,2.31529,0.307025
1,1,1789523830.866261005,2.952799,6.527354,56.972626,2.253507,2.314383,0.306273
1,1,1789523830.867173195,2.836603,6.658152,56.788161,2.247392,2.31335,0.306496
1,1,1789523830.868991137,2.927981,6.479101,56.933311,2.25052,2.312485,0.304964
1,1,1789523830.870835543,2.865789,6.520204,56.917826,2.252246,2.31529,0.307025
1,1,1789523830.871947765,2.968851,6.478492,57.016063,2.25624,2.317046,0.304794
1,1,1789523830.873226166,2.764961,6.591297,56.926502,2.253752,2.310655,0.305612
1,1,1789523830.874275684,2.927981,6.479101,56.933311,2.25052,2.312485,0.304964
1,1,1789523830.875329971,2.839044,6.531041,57.111685,2.250596,2.311459,0.305558
1,1,1789523830.876347065,2.865789,6.520204,56.917826,2.252246,2.31529,0.307025
1,1,1789523830.877825022,2.864921,6.492402,56.914109,2.249985,2.313321,0.310635
1,1,1789523830.879317045,2.927981,6.479101,56.933311,2.25052,2.312485,0.304964
1,1,1789523830.881185293,2.870924,6.523066,56.878015,2.254555,2.316055,0.311448
1,1,1789523830.882250071,2.865789,6.520204,56.917826,2.252246,2.31529,0.307025
1,1,1789523830.883304358,3.027309,6.417487,56.952024,2.250827,2.315065,0.31181
1,1,1789523830.884355545,2.927981,6.479101,56.933311,2.25052,2.312485,0.304964
1,1,1789523830.886236906,2.917228,6.634014,56.852723,2.243766,2.315793,0.306653
1,1,1789523830.887301207,2.865789,6.520204,56.917826,2.252246,2.31529,0.307025
1,1,1789523830.888333797,3.109947,6.448909,56.974965,2.252987,2.315888,0.308524
1,1,1789523830.889593363,2.927981,6.479101,56.933311,2.25052,2.312485,0.304964
1,1,1789523830.891215563,2.865789,6.520204,56.917826,2.252246,2.31529,0.307025
1,1,1789523830.892263412,3.005541,6.566917,56.719696,2.244619,2.312069,0.304828
1,1,1789523830.893298149,3.031313,6.591883,56.955968,2.245467,2.316035,0.301489
1,1,1789523830.894387007,2.927981,6.479101,56.933311,2.25052,2.312485,0.304964
1,1,1789523830.895487309,2.865789,6.520204,56.917826,2.252246,2.31529,0.307025
1,1,1789523830.896558046,3.136358,6.554972,57.030477,2.245382,2.318699,0.296047
1,1,1789523830.897594452,2.912225,6.611999,56.912541,2.250709,2.31796,0.303442
1,1,1789523830.899231672,2.927981,6.479101,56.933311,2.25052,2.312485,0.304964
1,1,1789523830.900285006,2.865789,6.520204,56.917826,2.252246,2.31529,0.307025
1,1,1789523830.901321650,2.839371,6.675175,56.936628,2.239699,2.309079,0.299711
1,1,1789523830.904263973,2.927981,6.479101,56.933311,2.25052,2.312485,0.304964
1,1,1789523830.905201912,2.865789,6.520204,56.917826,2.252246,2.31529,0.307025
1,1,1789523830.906101942,2.86598,6.524627,56.906038,2.253308,2.312154,0.305009
1,1,1789523830.909153938,2.927981,6.479101,56.933311,2.25052,2.312485,0.304964
1,1,1789523830.910514832,2.865789,6.520204,56.917826,2.252246,2.31529,0.307025
1,1,1789523830.911205053,2.934869,6.484398,56.921453,2.250949,2.311406,0.303143
1,1,1789523830.914088249,2.927981,6.479101,56.933311,2.25052,2.312485,0.304964
1,1,1789523830.915163755,2.865789,6.520204,56.917826,2.252246,2.31529,0.307025
1,1,1789523830.916230202,3.021496,6.439735,56.744957,2.252337,2.317576,0.310375
1,1,1789523830.920379162,2.927981,6.479101,56.933311,2.25052,2.312485,0.304964
1,1,1789523830.921522141,2.865789,6.520204,56.917826,2.252246,2.31529,0.307025
1,1,1789523830.922270536,3.021432,6.531573,57.035937,2.250882,2.317605,0.305525
1,1,1789523830.924296618,2.927981,6.479101,56.933311,2.25052,2.312485,0.304964
1,1,1789523830.925366163,2.865789,6.520204,56.917826,2.252246,2.31529,0.307025
1,1,1789523830.926484585,2.96278,6.622111,56.804835,2.245665,2.317904,0.306065
1,1,1789523830.929122925,2.927981,6.479101,56.933311,2.25052,2.312485,0.304964
1,1,1789523830.930044413,2.865789,6.520204,56.917826,2.252246,2.31529,0.307025
1,1,1789523830.931140661,2.933863,6.612033,56.891563,2.248087,2.314947,0.295527
1,1,1789523830.933938026,2.927981,6.479101,56.933311,2.25052,2.312485,0.304964
1,1,1789523830.934834957,2.865789,6.520204,56.917826,2.252246,2.31529,0.307025
1,1,1789523830.936713934,2.896606,6.614454,57.036667,2.246604,2.31341,0.292887
1,1,1789523830.938973188,2.927981,6.479101,56.933311,2.25052,2.312485,0.304964
1,1,1789523830.939884186,2.865789,6.520204,56.917826,2.252246,2.31529,0.307025
1,1,1789523830.940865993,2.919051,6.484949,56.942009,2.253593,2.316903,0.304982
1,1,1789523830.944102049,2.927981,6.479101,56.933311,2.25052,2.312485,0.304964
1,1,1789523830.944974661,2.865789,6.520204,56.917826,2.252246,2.31529,0.307025
1,1,1789523830.946487188,2.925295,6.521173,56.976867,2.244706,2.314491,0.309196
1,1,1789523830.949062109,2.927981,6.479101,56.933311,2.25052,2.312485,0.304964
1,1,1789523830.950128317,2.865789,6.520204,56.917826,2.252246,2.31529,0.307025
1,1,1789523830.951640606,2.905261,6.49966,57.071625,2.250686,2.308685,0.309686
1,1,1789523830.954124212,2.927981,6.479101,56.933311,2.25052,2.312485,0.304964
1,1,1789523830.955179214,2.865789,6.520204,56.917826,2.252246,2.31529,0.307025
1,1,1789523830.956362486,2.952188,6.590424,56.921617,2.246575,2.316916,0.303385
1,1,1789523830.959422827,2.927981,6.479101,56.933311,2.25052,2.312485,0.304964
1,1,1789523830.960507870,2.865789,6.520204,56.917826,2.252246,2.31529,0.307025
1,1,1789523830.961593866,2.941063,6.55686,56.870055,2.248713,2.311131,0.305654
1,1,1789523830.963895321,2.927981,6.479101,56.933311,2.25052,2.312485,0.304964
1,1,1789523830.965240479,2.865789,6.520204,56.917826,2.252246,2.31529,0.307025
1,1,1789523830.966235876,3.030497,6.559555,56.696677,2.245717,2.318524,0.302712
1,1,1789523830.968907833,2.927981,6.479101,56.933311,2.25052,2.312485,0.304964
1,1,1789523830.970052242,2.865789,6.520204,56.917826,2.252246,2.31529,0.307025
1,1,1789523830.971472025,2.996961,6.586485,57.052881,2.247345,2.312049,0.297472
1,1,1789523830.973968267,2.927981,6.479101,56.933311,2.25052,2.312485,0.304964
1,1,1789523830.974767685,2.865789,6.520204,56.917826,2.252246,2.31529,0.307025
1,1,1789523830.976596594,2.949492,6.531796,56.825045,2.255884,2.315739,0.307191
1,1,1789523830.979060173,2.927981,6.479101,56.933311,2.25052,2.312485,0.304964
1,1,1789523830.980851650,2.865789,6.520204,56.917826,2.252246,2.31529,0.307025
1,1,1789523830.981896639,2.873586,6.583477,56.978144,2.248509,2.317201,0.309907
1,1,1789523830.984096527,2.927981,6.479101,56.933311,2.25052,2.312485,0.304964
1,1,1789523830.984979153,2.865789,6.520204,56.917826,2.252246,2.31529,0.307025
1,1,1789523830.986028433,2.860117,6.532107,56.991909,2.252513,2.314617,0.312737
1,1,1789523830.989245415,2.927981,6.479101,56.933311,2.25052,2.312485,0.304964
1,1,1789523830.990355015,2.865789,6.520204,56.917826,2.252246,2.31529,0.307025
1,1,1789523830.991400003,2.877368,6.528988,56.920479,2.255946,2.308905,0.307951
1,1,1789523830.996171236,2.927981,6.479101,56.933311,2.25052,2.312485,0.304964
1,1,1789523830.997241974,2.865789,6.520204,56.917826,2.252246,2.31529,0.307025
1,1,1789523830.998154640,2.975269,6.528381,56.991167,2.254463,2.318466,0.306689
1,1,1789523830.998980522,2.927981,6.479101,56.933311,2.25052,2.312485,0.304964
1,1,1789523831.000004292,2.865789,6.520204,56.917826,2.252246,2.31529,0.307025
1,1,1789523831.001231194,3.014365,6.557302,57.170042,2.254719,2.318819,0.301909
1,1,1789523831.004160881,2.927981,6.479101,56.933311,2.25052,2.312485,0.304964
1,1,1789523831.005237818,2.865789,6.520204,56.917826,2.252246,2.31529,0.307025
1,1,1789523831.006283760,3.058599,6.627889,56.97385,2.247869,2.323257,0.301624
1,1,1789523831.008949995,2.927981,6.479101,56.933311,2.25052,2.312485,0.304964
1,1,1789523831.009703398,2.865789,6.520204,56.917826,2.252246,2.31529,0.307025
1,1,1789523831.011039734,2.911446,6.61126,56.862287,2.248404,2.310788,0.30631
1,1,1789523831.014157534,2.927981,6.479101,56.933311,2.25052,2.312485,0.304964
1,1,1789523831.015606642,2.865789,6.520204,56.917826,2.252246,2.31529,0.307025
1,1,1789523831.016244650,2.896205,6.563733,56.76477,2.248665,2.314195,0.303994
1,1,1789523831.018962383,2.927981,6.479101,56.933311,2.25052,2.312485,0.304964
1,1,1789523831.020128727,2.865789,6.520204,56.917826,2.252246,2.31529,0.307025
1,1,1789523831.021250725,2.832709,6.527695,56.971483,2.246336,2.308881,0.304912
1,1,1789523831.024749041,2.927981,6.479101,56.933311,2.25052,2.312485,0.304964
1,1,1789523831.025694370,2.865789,6.520204,56.917826,2.252246,2.31529,0.307025
1,1,1789523831.026380062,2.91908,6.4851,56.864981,2.250012,2.308609,0.308479
1,1,1789523831.028977871,2.927981,6.479101,56.933311,2.25052,2.312485,0.304964
1,1,1789523831.029787540,2.865789,6.520204,56.917826,2.252246,2.31529,0.307025
1,1,1789523831.030879736,3.037104,6.504326,56.948018,2.249589,2.317326,0.302928
1,1,1789523831.033937454,2.927981,6.479101,56.933311,2.25052,2.312485,0.304964
1,1,1789523831.035038471,2.865789,6.520204,56.917826,2.252246,2.31529,0.307025
1,1,1789523831.036116362,3.002159,6.54532,56.917452,2.246058,2.31215,0.306495
1,1,1789523831.039117813,2.927981,6.479101,56.933311,2.25052,2.312485,0.304964
1,1,1789523831.040193319,2.865789,6.520204,56.917826,2.252246,2.31529,0.307025
1,1,1789523831.041238785,3.044886,6.612888,56.933808,2.245946,2.3227,0.299807
1,1,1789523831.044088125,2.927981,6.479101,56.933311,2.25052,2.312485,0.304964
1,1,1789523831.045184851,2.865789,6.520204,56.917826,2.252246,2.31529,0.307025
1,1,1789523831.046181202,2.933877,6.601543,56.937582,2.248469,2.311976,0.301002
1,1,1789523831.049113750,2.927981,6.479101,56.933311,2.25052,2.312485,0.304964
1,1,1789523831.050171375,2.865789,6.520204,56.917826,2.252246,2.31529,0.307025
1,1,1789523831.051213264,2.914959,6.539067,56.841756,2.250975,2.315478,0.299846
1,1,1789523831.054152012,2.927981,6.479101,56.933311,2.25052,2.312485,0.304964
1,1,1789523831.055208206,2.865789,6.520204,56.917826,2.252246,2.31529,0.307025
1,1,1789523831.056022644,2.879987,6.521177,56.970658,2.251593,2.314974,0.305054
1,1,1789523831.059685946,2.927981,6.479101,56.933311,2.25052,2.312485,0.304964
1,1,1789523831.060359716,2.865789,6.520204,56.917826,2.252246,2.31529,0.307025
1,1,1789523831.061161041,2.874239,6.532898,56.880169,2.250564,2.313207,0.312545
1,1,1789523831.064148426,2.927981,6.479101,56.933311,2.25052,2.312485,0.304964
1,1,1789523831.065205097,2.865789,6.520204,56.917826,2.252246,2.31529,0.307025
1,1,1789523831.067055702,2.947907,6.518125,56.632821,2.250744,2.317484,0.309582
1,1,1789523831.069151640,2.927981,6.479101,56.933311,2.25052,2.312485,0.304964
1,1,1789523831.070832968,2.865789,6.520204,56.917826,2.252246,2.31529,0.307025
1,1,1789523831.071559668,2.965686,6.57506,57.043573,2.244233,2.311472,0.303566
1,1,1789523831.074105263,2.927981,6.479101,56.933311,2.25052,2.312485,0.304964
1,1,1789523831.075160265,2.865789,6.520204,56.917826,2.252246,2.31529,0.307025
1,1,1789523831.077506304,3.008834,6.497739,56.802584,2.25208,2.3165,0.305041
1,1,1789523831.079005480,2.927981,6.479101,56.933311,2.25052,2.312485,0.304964
1,1,1789523831.081983328,2.865789,6.520204,56.917826,2.252246,2.31529,0.307025
1,1,1789523831.082636833,2.952212,6.559153,56.973336,2.248439,2.314766,0.300603
1,1,1789523831.084325075,2.927981,6.479101,56.933311,2.25052,2.312485,0.304964
1,1,1789523831.085742235,2.865789,6.520204,56.917826,2.252246,2.31529,0.307025
1,1,1789523831.086782694,2.912786,6.586954,57.07663,2.24657,2.31414,0.30101
1,1,1789523831.091363907,2.927981,6.479101,56.933311,2.25052,2.312485,0.304964
1,1,1789523831.092257977,2.865789,6.520204,56.917826,2.252246,2.31529,0.307025
1,1,1789523831.092924833,2.886514,6.56872,56.920018,2.253625,2.314162,0.308071
1,1,1789523831.094134569,2.927981,6.479101,56.933311,2.25052,2.312485,0.304964
1,1,1789523831.095189095,2.865789,6.520204,56.917826,2.252246,2.31529,0.307025
1,1,1789523831.096235037,2.873921,6.59146,56.94112,2.248022,2.310185,0.309206
1,1,1789523831.099587679,2.927981,6.479101,56.933311,2.25052,2.312485,0.304964
1,1,1789523831.100688219,2.865789,6.520204,56.917826,2.252246,2.31529,0.307025
1,1,1789523831.102311373,2.877458,6.504772,57.083888,2.252836,2.316696,0.306359
1,1,1789523831.104167938,2.927981,6.479101,56.933311,2.25052,2.312485,0.304964
1,1,1789523831.105292320,2.865789,6.520204,56.917826,2.252246,2.31529,0.307025
1,1,1789523831.106344700,2.921786,6.504181,56.920582,2.247866,2.310728,0.308508
1,1,1789523831.109367847,2.927981,6.479101,56.933311,2.25052,2.312485,0.304964
1,1,1789523831.110190392,2.865789,6.520204,56.917826,2.252246,2.31529,0.307025
1,1,1789523831.110915661,3.033296,6.50745,56.876923,2.251288,2.319419,0.305295
1,1,1789523831.114629745,2.927981,6.479101,56.933311,2.25052,2.312485,0.304964
1,1,1789523831.115361929,2.865789,6.520204,56.917826,2.252246,2.31529,0.307025
1,1,1789523831.116372108,2.993049,6.553464,56.697411,2.247583,2.318975,0.309299
1,1,1789523831.119240999,2.927981,6.479101,56.933311,2.25052,2.312485,0.304964
1,1,1789523831.120140553,2.865789,6.520204,56.917826,2.252246,2.31529,0.307025
1,1,1789523831.121690512,2.969257,6.620866,57.048987,2.248528,2.318304,0.301489
1,1,1789523831.124202490,2.927981,6.479101,56.933311,2.25052,2.312485,0.304964
1,1,1789523831.125269413,2.865789,6.520204,56.917826,2.252246,2.31529,0.307025
1,1,1789523831.126069307,2.922657,6.636312,56.789561,2.248024,2.318446,0.302079
1,1,1789523831.129388332,2.927981,6.479101,56.933311,2.25052,2.312485,0.304964
1,1,1789523831.131121159,3.00695,6.51937,56.775517,2.248393,2.319282,0.30584
1,1,1789523831.132178068,2.867918,6.566243,56.944133,2.25104,2.312813,0.299392
1,1,1789523831.134315252,2.927981,6.479101,56.933311,2.25052,2.312485,0.304964
1,1,1789523831.135312080,3.100871,6.501581,56.975641,2.250363,2.319733,0.303068
1,1,1789523831.137281418,2.895229,6.476176,57.020834,2.251174,2.312515,0.301348
1,1,1789523831.139329195,2.927981,6.479101,56.933311,2.25052,2.312485,0.304964
1,1,1789523831.140392780,2.89991,6.635029,56.872431,2.247708,2.315099,0.301137
1,1,1789523831.142314434,2.920067,6.460649,56.934872,2.251715,2.312833,0.31218
1,1,1789523831.144148111,2.927981,6.479101,56.933311,2.25052,2.312485,0.304964
1,1,1789523831.145223618,2.801898,6.620495,56.913601,2.249188,2.312739,0.303435
1,1,1789523831.146657228,3.032246,6.559782,56.950111,2.247662,2.321059,0.298364
1,1,1789523831.150190353,2.927981,6.479101,56.933311,2.25052,2.312485,0.304964
1,1,1789523831.151118040,2.989912,6.45457,56.519456,2.251101,2.312523,0.320423
1,1,1789523831.152033567,3.015399,6.615559,57.130453,2.245059,2.312853,0.299515
1,1,1789523831.154237270,2.927981,6.479101,56.933311,2.25052,2.312485,0.304964
1,1,1789523831.156033278,3.072874,6.557397,56.917462,2.245872,2.316587,0.306997
1,1,1789523831.157178640,2.997343,6.615978,56.926296,2.245449,2.315676,0.30014
1,1,1789523831.159512281,2.927981,6.479101,56.933311,2.25052,2.312485,0.304964
1,1,1789523831.160661459,2.930157,6.663928,57.008801,2.243459,2.314925,0.298977
1,1,1789523831.162155151,2.949323,6.590507,56.842143,2.246898,2.315313,0.305976
1,1,1789523831.164201498,2.927981,6.479101,56.933311,2.25052,2.312485,0.304964
1,1,1789523831.166275978,2.861972,6.595641,56.942081,2.24752,2.313066,0.304051
1,1,1789523831.167356968,2.859318,6.533593,56.742369,2.252239,2.312295,0.307459
1,1,1789523831.170477867,2.927981,6.479101,56.933311,2.25052,2.312485,0.304964
1,1,1789523831.171621799,2.918704,6.455504,56.903273,2.24966,2.309585,0.309457
1,1,1789523831.172671318,2.880164,6.532446,56.995804,2.252811,2.312191,0.302858
1,1,1789523831.174292803,2.927981,6.479101,56.933311,2.25052,2.312485,0.304964
1,1,1789523831.175353289,2.994393,6.561851,56.886854,2.244526,2.317437,0.311341
1,1,1789523831.177005768,2.856144,6.493588,56.857966,2.252911,2.30924,0.315989
1,1,1789523831.178963900,2.927981,6.479101,56.933311,2.25052,2.312485,0.304964
1,1,1789523831.179832935,2.975978,6.626627,56.659988,2.242204,2.318197,0.302666
1,1,1789523831.181341410,2.997841,6.522282,56.960428,2.246843,2.318152,0.311047
1,1,1789523831.184149027,2.927981,6.479101,56.933311,2.25052,2.312485,0.304964
1,1,1789523831.185204744,2.948751,6.578993,56.915295,2.24761,2.313723,0.298935
1,1,1789523831.186259031,3.025884,6.529981,57.035909,2.246948,2.313102,0.30507
1,1,1789523831.189269066,2.927981,6.479101,56.933311,2.25052,2.312485,0.304964
1,1,1789523831.190332174,2.875244,6.512213,56.969407,2.251363,2.308068,0.309589
1,1,1789523831.191795349,3.023464,6.570463,56.946782,2.252094,2.315857,0.301556
1,1,1789523831.194112539,2.927981,6.479101,56.933311,2.25052,2.312485,0.304964
1,1,1789523831.195667982,2.934157,6.5225,56.852128,2.244379,2.310777,0.312379
1,1,1789523831.196674824,2.947891,6.583752,57.010021,2.25257,2.317933,0.300421
1,1,1789523831.199067831,2.927981,6.479101,56.933311,2.25052,2.312485,0.304964
1,1,1789523831.200992823,3.066947,6.555418,56.713614,2.24038,2.318461,0.301743
1,1,1789523831.202031136,2.859536,6.592091,57.015074,2.25036,2.316615,0.303491
1,1,1789523831.204324007,2.927981,6.479101,56.933311,2.25052,2.312485,0.304964
1,1,1789523831.205397129,2.967509,6.593638,56.947605,2.249212,2.316961,0.296009
1,1,1789523831.206652164,2.815976,6.561722,56.912178,2.252961,2.310999,0.30866
1,1,1789523831.209841728,2.927981,6.479101,56.933311,2.25052,2.312485,0.304964
1,1,1789523831.210821390,2.835845,6.547147,56.973881,2.252579,2.308738,0.306272
1,1,1789523831.211543798,2.891089,6.519922,56.91602,2.25185,2.314866,0.311906
1,1,1789523831.214567900,2.927981,6.479101,56.933311,2.25052,2.312485,0.304964
1,1,1789523831.216288328,2.881082,6.518443,56.838653,2.252143,2.31121,0.315647
1,1,1789523831.217277288,2.969353,6.518589,56.947749,2.247781,2.314586,0.308421
1,1,1789523831.219105244,2.927981,6.479101,56.933311,2.25052,2.312485,0.304964
1,1,1789523831.220181465,3.014807,6.496601,56.760298,2.249766,2.312863,0.307441
1,1,1789523831.221982241,3.078371,6.510032,56.994783,2.249003,2.319721,0.297292
1,1,1789523831.224196911,2.927981,6.479101,56.933311,2.25052,2.312485,0.304964
1,1,1789523831.225185633,3.017627,6.606946,56.921461,2.245835,2.314839,0.303026
1,1,1789523831.226209164,3.019569,6.567031,56.846604,2.24396,2.312895,0.296682
1,1,1789523831.229116201,2.927981,6.479101,56.933311,2.25052,2.312485,0.304964
1,1,1789523831.230009794,2.880128,6.610047,56.883261,2.243621,2.313212,0.302099
1,1,1789523831.231194973,2.947404,6.587291,56.876907,2.249417,2.312819,0.297993
1,1,1789523831.234295368,2.927981,6.479101,56.933311,2.25052,2.312485,0.304964
1,1,1789523831.235423088,2.84937,6.517077,56.91845,2.25092,2.315675,0.307498
1,1,1789523831.236489773,2.896147,6.630297,56.957743,2.245025,2.316295,0.30237
1,1,1789523831.239388704,2.927981,6.479101,56.933311,2.25052,2.312485,0.304964
1,1,1789523831.241356134,2.990921,6.487984,56.827619,2.248977,2.314886,0.309145
1,1,1789523831.242461205,2.917394,6.567083,56.884409,2.24642,2.314221,0.309263
1,1,1789523831.244409561,2.927981,6.479101,56.933311,2.25052,2.312485,0.304964
1,1,1789523831.246397495,2.988627,6.624955,56.884927,2.245345,2.315658,0.303448
1,1,1789523831.247380733,3.004763,6.503835,56.99686,2.250927,2.315469,0.304198
1,1,1789523831.249020338,2.927981,6.479101,56.933311,2.25052,2.312485,0.304964
1,1,1789523831.250116825,2.911683,6.648744,57.052795,2.245412,2.314452,0.297313
1,1,1789523831.252814293,2.992045,6.4416,57.124308,2.25274,2.309969,0.302049
1,1,1789523831.254346609,2.927981,6.479101,56.933311,2.25052,2.312485,0.304964
1,1,1789523831.255714893,2.891923,6.53364,56.916452,2.250541,2.309156,0.305412
1,1,1789523831.256667614,2.971392,6.512759,57.008863,2.252833,2.317525,0.30001
1,1,1789523831.260143757,2.927981,6.479101,56.933311,2.25052,2.312485,0.304964
1,1,1789523831.261268139,2.916199,6.496411,56.896183,2.245749,2.307552,0.310513
1,1,1789523831.262411833,2.920605,6.593934,56.805067,2.2464,2.316706,0.306186
1,1,1789523831.264269590,2.927981,6.479101,56.933311,2.25052,2.312485,0.304964
1,1,1789523831.265861750,2.914672,6.61469,56.846224,2.244265,2.307217,0.307615
1,1,1789523831.266953230,2.894547,6.641352,56.724463,2.247201,2.312237,0.30744
1,1,1789523831.269172192,2.927981,6.479101,56.933311,2.25052,2.312485,0.304964
1,1,1789523831.270267725,3.00958,6.579222,56.630815,2.244253,2.314894,0.3078
1,1,1789523831.271804571,2.964996,6.640853,57.033671,2.250603,2.318161,0.303483
1,1,1789523831.274842978,3.010126,6.525048,56.938803,2.252708,2.318631,0.302955
1,1,1789523831.275949001,2.927981,6.479101,56.933311,2.25052,2.312485,0.304964
1,1,1789523831.277003527,2.951372,6.497159,56.879608,2.249902,2.313166,0.312436
1,1,1789523831.279150248,2.927981,6.479101,56.933311,2.25052,2.312485,0.304964
1,1,1789523831.280340672,2.877043,6.536393,56.906181,2.25388,2.313534,0.305196
1,1,1789523831.281841993,3.013832,6.479846,57.012854,2.249394,2.315504,0.302652
1,1,1789523831.283951521,2.927981,6.479101,56.933311,2.25052,2.312485,0.304964
1,1,1789523831.284995556,2.84695,6.569791,56.826234,2.253075,2.312095,0.313396
1,1,1789523831.287410975,2.89116,6.467192,57.033924,2.252566,2.306892,0.303215
1,1,1789523831.288950682,2.927981,6.479101,56.933311,2.25052,2.312485,0.304964
1,1,1789523831.290012836,3.086439,6.490205,56.68959,2.251766,2.322489,0.304933
1,1,1789523831.291545391,2.849598,6.533687,56.900672,2.250322,2.313247,0.307687
1,1,1789523831.294077873,2.927981,6.479101,56.933311,2.25052,2.312485,0.304964
1,1,1789523831.296048164,3.037474,6.535857,56.958078,2.253889,2.322986,0.297748
1,1,1789523831.297144651,2.901544,6.655675,56.900662,2.241377,2.312983,0.307175
1,1,1789523831.299236059,2.927981,6.479101,56.933311,2.25052,2.312485,0.304964
1,1,1789523831.300465345,2.863082,6.56849,56.928791,2.248518,2.313287,0.3016
1,1,1789523831.301271915,3.018273,6.5904,57.071224,2.249638,2.313531,0.303512
1,1,1789523831.303984165,2.927981,6.479101,56.933311,2.25052,2.312485,0.304964
1,1,1789523831.305198669,2.856994,6.512826,56.849162,2.251754,2.310886,0.310334
1,1,1789523831.306504488,3.106556,6.598705,56.991682,2.246764,2.316177,0.294451
1,1,1789523831.308973551,2.927981,6.479101,56.933311,2.25052,2.312485,0.304964
1,1,1789523831.309903622,3.004984,6.477638,56.732828,2.253217,2.313806,0.313957
1,1,1789523831.311604977,3.049253,6.45871,56.890655,2.249803,2.313824,0.301773
1,1,1789523831.314141750,2.927981,6.479101,56.933311,2.25052,2.312485,0.304964
1,1,1789523831.315214157,3.058976,6.580535,56.85453,2.246437,2.314687,0.30199
1,1,1789523831.317255259,2.931598,6.499623,56.756195,2.252935,2.31532,0.304904
1,1,1789523831.319119453,2.927981,6.479101,56.933311,2.25052,2.312485,0.304964
1,1,1789523831.320220232,2.882953,6.618895,56.861356,2.248025,2.315154,0.300052
1,1,1789523831.321741343,2.860026,6.603037,56.988757,2.243843,2.316462,0.29847
1,1,1789523831.324374199,2.927981,6.479101,56.933311,2.25052,2.312485,0.304964
1,1,1789523831.325425863,2.812254,6.487681,56.918749,2.252253,2.312151,0.307404
1,1,1789523831.326927662,2.813938,6.615124,56.795556,2.247725,2.309493,0.311102
1,1,1789523831.328989506,2.927981,6.479101,56.933311,2.25052,2.312485,0.304964
1,1,1789523831.331129074,2.943975,6.437344,56.691914,2.25725,2.309529,0.317243
1,1,1789523831.332004070,2.931192,6.552819,56.904392,2.248663,2.316162,0.304355
1,1,1789523831.334192991,2.927981,6.479101,56.933311,2.25052,2.312485,0.304964
1,1,1789523831.335261345,3.038341,6.645089,56.863507,2.244718,2.315014,0.30756
1,1,1789523831.339146137,2.927981,6.479101,56.933311,2.25052,2.312485,0.304964
1,1,1789523831.340218306,2.937427,6.641669,57.032005,2.244241,2.314114,0.289841
1,1,1789523831.344111204,2.927981,6.479101,56.933311,2.25052,2.312485,0.304964
1,1,1789523831.345183849,2.882273,6.53236,56.904985,2.250208,2.311378,0.310332
1,1,1789523831.349221945,2.927981,6.479101,56.933311,2.25052,2.312485,0.304964
1,1,1789523831.350280523,2.933705,6.462539,56.827603,2.247842,2.30921,0.314683
1,1,1789523831.354210377,2.927981,6.479101,56.933311,2.25052,2.312485,0.304964
1,1,1789523831.355591774,3.037075,6.570397,56.866668,2.243678,2.317784,0.304267
1,1,1789523831.361083984,2.927981,6.479101,56.933311,2.25052,2.312485,0.304964
1,1,1789523831.361777306,2.978058,6.595045,56.641761,2.245004,2.311379,0.302276
1,1,1789523831.365671158,2.927981,6.479101,56.933311,2.25052,2.312485,0.304964
1,1,1789523831.366339445,2.893725,6.612048,56.949931,2.246214,2.313242,0.303079
1,1,1789523831.369039297,2.927981,6.479101,56.933311,2.25052,2.312485,0.304964
1,1,1789523831.370112181,2.869367,6.557257,56.936485,2.249516,2.313824,0.312822
1,1,1789523831.374137402,2.927981,6.479101,56.933311,2.25052,2.312485,0.304964
1,1,1789523831.374954700,2.929466,6.563175,56.863445,2.247267,2.311566,0.307441
1,1,1789523831.378859997,2.927981,6.479101,56.933311,2.25052,2.312485,0.304964
1,1,1789523831.379811764,3.037273,6.571742,56.703408,2.24144,2.315022,0.306722
1,1,1789523831.384164333,2.927981,6.479101,56.933311,2.25052,2.312485,0.304964
1,1,1789523831.385087013,2.958757,6.61634,56.987997,2.245186,2.309347,0.303246
1,1,1789523831.389217138,2.927981,6.479101,56.933311,2.25052,2.312485,0.304964
1,1,1789523831.390270948,2.866207,6.57377,56.943132,2.243118,2.307498,0.304296
1,1,1789523831.394143820,2.927981,6.479101,56.933311,2.25052,2.312485,0.304964
1,1,1789523831.395311594,2.846669,6.522637,56.835899,2.247787,2.307601,0.313454
1,1,1789523831.400584936,2.927981,6.479101,56.933311,2.25052,2.312485,0.304964
1,1,1789523831.401682854,3.012629,6.523157,56.951323,2.248763,2.313422,0.304542
1,1,1789523831.404305935,2.927981,6.479101,56.933311,2.25052,2.312485,0.304964
1,1,1789523831.405403376,3.07896,6.588219,56.945161,2.245609,2.317351,0.30071
1,1,1789523831.408917665,2.927981,6.479101,56.933311,2.25052,2.312485,0.304964
1,1,1789523831.410296202,2.842045,6.597073,56.63566,2.24955,2.314643,0.304548
1,1,1789523831.415426493,2.927981,6.479101,56.933311,2.25052,2.312485,0.304964
1,1,1789523831.416170835,2.812405,6.520921,56.888181,2.253981,2.31445,0.311804
1,1,1789523831.419111729,2.927981,6.479101,56.933311,2.25052,2.312485,0.304964
1,1,1789523831.421153069,3.081575,6.471545,56.734806,2.251645,2.317993,0.309757
1,1,1789523831.424157143,2.927981,6.479101,56.933311,2.25052,2.312485,0.304964
1,1,1789523831.425131798,3.097559,6.515556,56.919952,2.252963,2.319632,0.296943
1,1,1789523831.429085255,2.927981,6.479101,56.933311,2.25052,2.312485,0.304964
1,1,1789523831.430027962,2.84564,6.605563,56.951285,2.251669,2.317088,0.304313
1,1,1789523831.433939934,2.927981,6.479101,56.933311,2.25052,2.312485,0.304964
1,1,1789523831.434889793,2.864562,6.622802,56.877865,2.250393,2.316041,0.310874
1,1,1789523831.439184666,2.927981,6.479101,56.933311,2.25052,2.312485,0.304964
1,1,1789523831.439938545,3.039444,6.442158,56.881806,2.253324,2.318812,0.308741
1,1,1789523831.444106102,2.927981,6.479101,56.933311,2.25052,2.312485,0.304964
1,1,1789523831.445227146,3.014541,6.494452,56.884745,2.252651,2.316779,0.297981
1,1,1789523831.449159861,2.927981,6.479101,56.933311,2.25052,2.312485,0.304964
1,1,1789523831.451030731,2.871849,6.616335,57.050907,2.250555,2.313897,0.302163
1,1,1789523831.454795837,2.927981,6.479101,56.933311,2.25052,2.312485,0.304964
1,1,1789523831.455766439,2.943655,6.574064,56.886276,2.248137,2.31525,0.310559
1,1,1789523831.459563255,2.927981,6.479101,56.933311,2.25052,2.312485,0.304964
1,1,1789523831.460211992,3.000883,6.473128,56.924007,2.253158,2.316931,0.299434
1,1,1789523831.466160536,2.927981,6.479101,56.933311,2.25052,2.312485,0.304964
1,1,1789523831.466984987,2.892312,6.545657,56.815404,2.249564,2.316539,0.300949
1,1,1789523831.470408201,2.927981,6.479101,56.933311,2.25052,2.312485,0.304964
1,1,1789523831.471373796,2.960883,6.588471,56.63505,2.248766,2.316508,0.310596
1,1,1789523831.474465609,2.927981,6.479101,56.933311,2.25052,2.312485,0.304964
1,1,1789523831.475933552,3.027841,6.517845,56.948692,2.252167,2.314737,0.302961
1,1,1789523831.481154919,2.927981,6.479101,56.933311,2.25052,2.312485,0.304964
1,1,1789523831.482009172,2.908785,6.46505,56.946308,2.249592,2.309292,0.301011
1,1,1789523831.484166622,2.927981,6.479101,56.933311,2.25052,2.312485,0.304964
1,1,1789523831.485072851,2.844426,6.585016,56.798961,2.249866,2.308272,0.313344
1,1,1789523831.489153862,2.927981,6.479101,56.933311,2.25052,2.312485,0.304964
1,1,1789523831.490614176,2.983209,6.539944,56.694064,2.247936,2.319935,0.313359
1,1,1789523831.494129419,2.927981,6.479101,56.933311,2.25052,2.312485,0.304964
1,1,1789523831.495244741,3.097339,6.539297,56.907879,2.249954,2.321607,0.301354
1,1,1789523831.501153231,2.927981,6.479101,56.933311,2.25052,2.312485,0.304964
1,1,1789523831.501982927,2.880488,6.552415,56.884973,2.252304,2.31271,0.303342
1,1,1789523831.503962517,2.927981,6.479101,56.933311,2.25052,2.312485,0.304964
1,1,1789523831.504996777,2.820314,6.580485,56.859506,2.252725,2.308649,0.310359
1,1,1789523831.509060144,2.927981,6.479101,56.933311,2.25052,2.312485,0.304964
1,1,1789523831.509984255,3.048555,6.484987,56.936064,2.251367,2.315775,0.307189
1,1,1789523831.513902664,2.927981,6.479101,56.933311,2.25052,2.312485,0.304964
1,1,1789523831.514821529,3.059852,6.500765,56.924657,2.252704,2.320503,0.300169
1,1,1789523831.518856525,2.927981,6.479101,56.933311,2.25052,2.312485,0.304964
1,1,1789523831.521161318,2.887528,6.639231,56.934719,2.249782,2.319055,0.299668
1,1,1789523831.524114847,2.927981,6.479101,56.933311,2.25052,2.312485,0.304964
1,1,1789523831.525182009,2.884295,6.582774,56.876398,2.25398,2.319373,0.304385
1,1,1789523831.528918028,2.927981,6.479101,56.933311,2.25052,2.312485,0.304964
1,1,1789523831.529811621,3.0564,6.416304,56.823149,2.255287,2.319584,0.307093
1,1,1789523831.534102678,2.927981,6.479101,56.933311,2.25052,2.312485,0.304964
1,1,1789523831.535095692,2.976077,6.521719,56.868168,2.24979,2.315921,0.305158
1,1,1789523831.539405107,2.927981,6.479101,56.933311,2.25052,2.312485,0.304964
1,1,1789523831.540523767,2.933238,6.610424,56.574363,2.245116,2.312869,0.312998
1,1,1789523831.544134378,2.927981,6.479101,56.933311,2.25052,2.312485,0.304964
1,1,1789523831.545230389,2.947918,6.571465,56.947839,2.250988,2.315376,0.302142
1,1,1789523831.549114704,2.927981,6.479101,56.933311,2.25052,2.312485,0.304964
1,1,1789523831.550217152,2.947174,6.395906,56.9009,2.251484,2.314566,0.30878
1,1,1789523831.554258585,2.927981,6.479101,56.933311,2.25052,2.312485,0.304964
1,1,1789523831.555428267,2.913061,6.576794,56.878242,2.253765,2.319416,0.311735
1,1,1789523831.559170961,2.927981,6.479101,56.933311,2.25052,2.312485,0.304964
1,1,1789523831.560690880,2.970945,6.617157,56.659369,2.247157,2.320114,0.308533
1,1,1789523831.564081907,2.927981,6.479101,56.933311,2.25052,2.312485,0.304964
1,1,1789523831.565166950,3.023961,6.548012,56.962907,2.252881,2.317733,0.300254
1,1,1789523831.569093704,2.927981,6.479101,56.933311,2.25052,2.312485,0.304964
1,1,1789523831.571069241,2.91335,6.484641,56.921304,2.249392,2.312459,0.303168
1,1,1789523831.574793100,2.927981,6.479101,56.933311,2.25052,2.312485,0.304964
1,1,1789523831.576090097,2.847191,6.540007,56.818941,2.251749,2.312877,0.314975
1,1,1789523831.579725981,2.927981,6.479101,56.933311,2.25052,2.312485,0.304964
1,1,1789523831.580801964,3.064174,6.578847,56.713103,2.243505,2.322485,0.307771
1,1,1789523831.584012270,2.927981,6.479101,56.933311,2.25052,2.312485,0.304964
1,1,1789523831.584909916,3.059432,6.530386,56.959549,2.25404,2.320131,0.292352
1,1,1789523831.589293242,2.927981,6.479101,56.933311,2.25052,2.312485,0.304964
1,1,1789523831.590291023,2.89973,6.557666,56.883443,2.252063,2.316833,0.308878
1,1,1789523831.594150066,2.927981,6.479101,56.933311,2.25052,2.312485,0.304964
1,1,1789523831.595284700,2.863611,6.560287,56.866182,2.252197,2.315809,0.309597
1,1,1789523831.599086761,2.927981,6.479101,56.933311,2.25052,2.312485,0.304964
1,1,1789523831.600215197,3.03581,6.455739,56.689398,2.255277,2.323842,0.311132
1,1,1789523831.604433298,2.927981,6.479101,56.933311,2.25052,2.312485,0.304964
1,1,1789523831.605830431,3.025181,6.482312,56.940693,2.25848,2.317079,0.29809
1,1,1789523831.609118462,2.927981,6.479101,56.933311,2.25052,2.312485,0.304964
1,1,1789523831.610988140,2.896617,6.610866,56.951556,2.253264,2.312734,0.310072
1,1,1789523831.614108086,2.927981,6.479101,56.933311,2.25052,2.312485,0.304964
1,1,1789523831.615243435,2.876155,6.564701,56.903798,2.251306,2.317538,0.310056
1,1,1789523831.619096041,2.927981,6.479101,56.933311,2.25052,2.312485,0.304964
1,1,1789523831.620229483,2.979003,6.438794,56.803651,2.251766,2.316733,0.306058
1,1,1789523831.624143362,2.927981,6.479101,56.933311,2.25052,2.312485,0.304964
1,1,1789523831.625217676,2.988176,6.517628,56.904153,2.249984,2.313257,0.304086
1,1,1789523831.629060268,2.927981,6.479101,56.933311,2.25052,2.312485,0.304964
1,1,1789523831.630184889,2.970133,6.626095,56.604981,2.247012,2.311828,0.30849
1,1,1789523831.634452343,2.927981,6.479101,56.933311,2.25052,2.312485,0.304964
1,1,1789523831.635542631,2.928479,6.554433,56.913753,2.250649,2.314777,0.298115
1,1,1789523831.639164448,2.927981,6.479101,56.933311,2.25052,2.312485,0.304964
1,1,1789523831.640243530,2.921237,6.443228,56.89407,2.252316,2.316759,0.304277
1,1,1789523831.644084454,2.927981,6.479101,56.933311,2.25052,2.312485,0.304964
1,1,1789523831.646027803,2.970697,6.580387,56.834948,2.247588,2.316119,0.307506
1,1,1789523831.649115086,2.927981,6.479101,56.933311,2.25052,2.312485,0.304964
1,1,1789523831.651002645,3.005527,6.616876,56.638741,2.248689,2.319142,0.307109
1,1,1789523831.654278040,2.927981,6.479101,56.933311,2.25052,2.312485,0.304964
1,1,1789523831.656026125,2.928937,6.524467,56.928316,2.252547,2.317367,0.301977
1,1,1789523831.659259081,2.927981,6.479101,56.933311,2.25052,2.312485,0.304964
1,1,1789523831.660318613,2.890469,6.492132,56.927394,2.250901,2.314042,0.307247
1,1,1789523831.664232016,2.927981,6.479101,56.933311,2.25052,2.312485,0.304964
1,1,1789523831.665285349,2.917465,6.53218,56.846992,2.25175,2.316251,0.315547
1,1,1789523831.668910265,2.927981,6.479101,56.933311,2.25052,2.312485,0.304964
1,1,1789523831.669709921,3.028352,6.498902,56.663853,2.250135,2.317174,0.305685
1,1,1789523831.674159050,2.927981,6.479101,56.933311,2.25052,2.312485,0.304964
1,1,1789523831.675873518,3.025301,6.550036,56.917719,2.256152,2.318052,0.301099
1,1,1789523831.679097176,2.927981,6.479101,56.933311,2.25052,2.312485,0.304964
1,1,1789523831.679877043,2.889945,6.555384,56.952565,2.252998,2.315047,0.305203
1,1,1789523831.684364319,2.927981,6.479101,56.933311,2.25052,2.312485,0.304964
1,1,1789523831.685478926,2.922182,6.547019,56.918444,2.25404,2.319466,0.307776
1,1,1789523831.689516068,2.927981,6.479101,56.933311,2.25052,2.312485,0.304964
1,1,1789523831.690527916,3.024734,6.470556,56.929063,2.255306,2.319121,0.302988
1,1,1789523831.694205046,2.927981,6.479101,56.933311,2.25052,2.312485,0.304964
1,1,1789523831.695254803,3.002206,6.530806,56.922767,2.252858,2.316252,0.298247
1,1,1789523831.699187756,2.927981,6.479101,56.933311,2.25052,2.312485,0.304964
1,1,1789523831.700238705,2.920375,6.609475,56.688944,2.249334,2.316294,0.309161
1,1,1789523831.704176664,2.927981,6.479101,56.933311,2.25052,2.312485,0.304964
1,1,1789523831.705703259,2.869651,6.506877,56.899186,2.253856,2.311169,0.30659
1,1,1789523831.709222317,2.927981,6.479101,56.933311,2.25052,2.312485,0.304964
1,1,1789523831.710285664,3.004572,6.424956,56.711483,2.249764,2.314858,0.312614
1,1,1789523831.714147568,2.927981,6.479101,56.933311,2.25052,2.312485,0.304964
1,1,1789523831.715202332,2.979339,6.614521,56.925526,2.25158,2.317319,0.305807
1,1,1789523831.719170809,2.949316,6.641676,56.724056,2.245821,2.318725,0.307966
1,1,1789523831.720949411,2.945917,6.677673,56.923474,2.246322,2.31745,0.304194
1,1,1789523831.724133730,2.910391,6.480086,56.923922,2.255764,2.318021,0.305434
1,1,1789523831.725239992,2.945917,6.677673,56.923474,2.246322,2.31745,0.304194
1,1,1789523831.729102373,2.997273,6.418049,56.626756,2.256747,2.320545,0.312528
1,1,1789523831.730366945,2.945917,6.677673,56.923474,2.246322,2.31745,0.304194
1,1,1789523831.734169960,2.945255,6.553136,56.876844,2.251859,2.31763,0.310801
1,1,1789523831.735248566,2.945917,6.677673,56.923474,2.246322,2.31745,0.304194
1,1,1789523831.739116192,2.972876,6.602473,56.73408,2.250065,2.323428,0.303051
1,1,1789523831.740810871,2.945917,6.677673,56.923474,2.246322,2.31745,0.304194
1,1,1789523831.744075775,3.063902,6.497903,56.979986,2.254583,2.325929,0.300451
1,1,1789523831.745998621,2.945917,6.677673,56.923474,2.246322,2.31745,0.304194
1,1,1789523831.749160528,2.940631,6.53297,56.641887,2.252055,2.31412,0.308945
1,1,1789523831.750530005,2.945917,6.677673,56.923474,2.246322,2.31745,0.304194
1,1,1789523831.754647970,2.835548,6.572184,56.888203,2.248965,2.309284,0.304975
1,1,1789523831.755465746,2.945917,6.677673,56.923474,2.246322,2.31745,0.304194
1,1,1789523831.760323763,3.010718,6.53584,56.812476,2.250376,2.320077,0.305652
1,1,1789523831.761317492,2.945917,6.677673,56.923474,2.246322,2.31745,0.304194
1,1,1789523831.765315294,3.129928,6.548722,56.941838,2.248813,2.322332,0.299303
1,1,1789523831.766313553,2.945917,6.677673,56.923474,2.246322,2.31745,0.304194
1,1,1789523831.769428015,2.922506,6.629347,56.893885,2.246868,2.312002,0.302712
1,1,1789523831.771252632,2.945917,6.677673,56.923474,2.246322,2.31745,0.304194
1,1,1789523831.774196148,2.75156,6.585131,56.90109,2.248785,2.307118,0.30694
1,1,1789523831.775079966,2.945917,6.677673,56.923474,2.246322,2.31745,0.304194
1,1,1789523831.779123783,3.003671,6.508788,56.75457,2.247795,2.313973,0.315939
1,1,1789523831.780037403,2.945917,6.677673,56.923474,2.246322,2.31745,0.304194
1,1,1789523831.785876751,3.134531,6.528092,56.934101,2.244098,2.315425,0.305813
1,1,1789523831.786591768,2.945917,6.677673,56.923474,2.246322,2.31745,0.304194
1,1,1789523831.789143562,2.865269,6.624252,56.897524,2.248486,2.308735,0.298599
1,1,1789523831.790205240,2.945917,6.677673,56.923474,2.246322,2.31745,0.304194
1,1,1789523831.794022083,2.797121,6.578815,56.892058,2.249843,2.310133,0.307512
1,1,1789523831.794955254,2.945917,6.677673,56.923474,2.246322,2.31745,0.304194
1,1,1789523831.798890591,3.01573,6.452829,56.934999,2.250045,2.315082,0.31266
1,1,1789523831.799684763,2.945917,6.677673,56.923474,2.246322,2.31745,0.304194
1,1,1789523831.804381371,3.078438,6.536505,56.949136,2.248953,2.320739,0.303915
1,1,1789523831.806195498,2.945917,6.677673,56.923474,2.246322,2.31745,0.304194
1,1,1789523831.808906317,2.891157,6.619922,56.706163,2.249327,2.312422,0.295577
1,1,1789523831.811051369,2.945917,6.677673,56.923474,2.246322,2.31745,0.304194
1,1,1789523831.814036369,2.874221,6.585742,56.900743,2.249531,2.315908,0.307788
1,1,1789523831.816073418,2.945917,6.677673,56.923474,2.246322,2.31745,0.304194
1,1,1789523831.819059610,3.005383,6.476192,56.613498,2.247048,2.311804,0.31488
1,1,1789523831.820136309,2.945917,6.677673,56.923474,2.246322,2.31745,0.304194
1,1,1789523831.824082851,2.928821,6.512836,56.926431,2.248706,2.31314,0.306469
1,1,1789523831.826033831,2.945917,6.677673,56.923474,2.246322,2.31745,0.304194
1,1,1789523831.829062223,2.9062,6.622566,56.725841,2.246411,2.309239,0.308124
1,1,1789523831.830130100,2.945917,6.677673,56.923474,2.246322,2.31745,0.304194
1,1,1789523831.834072113,3.009148,6.605263,56.887392,2.246449,2.312446,0.304804
1,1,1789523831.835802078,2.945917,6.677673,56.923474,2.246322,2.31745,0.304194
1,1,1789523831.839217663,2.944371,6.496939,56.698332,2.248628,2.314803,0.315759
1,1,1789523831.839984894,2.945917,6.677673,56.923474,2.246322,2.31745,0.304194
1,1,1789523831.845259428,2.846985,6.484475,56.923449,2.255023,2.314499,0.304664
1,1,1789523831.845987797,2.945917,6.677673,56.923474,2.246322,2.31745,0.304194
1,1,1789523831.850049496,3.00964,6.555588,56.653637,2.246925,2.312325,0.310354
1,1,1789523831.850741386,2.945917,6.677673,56.923474,2.246322,2.31745,0.304194
1,1,1789523831.853986502,3.057263,6.621355,56.945694,2.248992,2.316668,0.300739
1,1,1789523831.855581045,2.945917,6.677673,56.923474,2.246322,2.31745,0.304194
1,1,1789523831.859027386,2.900839,6.54473,56.893916,2.249849,2.315806,0.297467
1,1,1789523831.860097647,2.945917,6.677673,56.923474,2.246322,2.31745,0.304194
1,1,1789523831.864077806,2.843318,6.550594,56.861176,2.24716,2.31206,0.312093
1,1,1789523831.865050793,2.945917,6.677673,56.923474,2.246322,2.31745,0.304194
1,1,1789523831.868916750,2.979669,6.534515,56.924645,2.251354,2.313591,0.30524
1,1,1789523831.870037556,2.945917,6.677673,56.923474,2.246322,2.31745,0.304194
1,1,1789523831.874012947,3.064407,6.556664,56.970003,2.249435,2.315525,0.2986
1,1,1789523831.874861717,2.945917,6.677673,56.923474,2.246322,2.31745,0.304194
1,1,1789523831.879721403,2.906894,6.523614,56.897266,2.252892,2.31402,0.299529
1,1,1789523831.881007195,2.945917,6.677673,56.923474,2.246322,2.31745,0.304194
1,1,1789523831.884059668,2.847391,6.559276,56.901566,2.252195,2.315043,0.31439
1,1,1789523831.884821415,2.945917,6.677673,56.923474,2.246322,2.31745,0.304194
1,1,1789523831.888987064,3.003125,6.46371,56.643139,2.253241,2.318472,0.316737
1,1,1789523831.889976263,2.945917,6.677673,56.923474,2.246322,2.31745,0.304194
1,1,1789523831.894304037,3.005681,6.508999,56.924565,2.253973,2.318962,0.299829
1,1,1789523831.895005941,2.945917,6.677673,56.923474,2.246322,2.31745,0.304194
1,1,1789523831.900791407,2.990739,6.601403,56.74485,2.244157,2.317476,0.309529
1,1,1789523831.901429176,2.945917,6.677673,56.923474,2.246322,2.31745,0.304194
1,1,1789523831.903956413,2.894274,6.615426,56.91146,2.251766,2.312986,0.30821
1,1,1789523831.905244827,2.945917,6.677673,56.923474,2.246322,2.31745,0.304194
1,1,1789523831.908952475,2.902164,6.463026,56.646098,2.252471,2.314001,0.312019
1,1,1789523831.909754992,2.945917,6.677673,56.923474,2.246322,2.31745,0.304194
1,1,1789523831.913944483,2.945774,6.493132,56.951186,2.250811,2.314999,0.304705
1,1,1789523831.916055918,2.945917,6.677673,56.923474,2.246322,2.31745,0.304194
1,1,1789523831.918917894,3.075514,6.626481,56.728663,2.240353,2.315719,0.304821
1,1,1789523831.920730591,2.945917,6.677673,56.923474,2.246322,2.31745,0.304194
1,1,1789523831.925223351,2.938573,6.589052,56.948719,2.248496,2.312803,0.302363
1,1,1789523831.926225901,2.945917,6.677673,56.923474,2.246322,2.31745,0.304194
1,1,1789523831.929278135,2.85703,6.516553,56.641087,2.248628,2.311662,0.308214
1,1,1789523831.930377483,2.945917,6.677673,56.923474,2.246322,2.31745,0.304194
1,1,1789523831.934196949,2.923242,6.534419,56.938916,2.246955,2.315248,0.308693
1,1,1789523831.935290337,2.945917,6.677673,56.923474,2.246322,2.31745,0.304194
1,1,1789523831.939351797,3.022821,6.566147,56.782892,2.246176,2.315499,0.310034
1,1,1789523831.940351009,2.945917,6.677673,56.923474,2.246322,2.31745,0.304194
1,1,1789523831.943976164,2.962366,6.545802,56.915082,2.251019,2.314009,0.298966
1,1,1789523831.944822311,2.945917,6.677673,56.923474,2.246322,2.31745,0.304194
1,1,1789523831.949018717,2.890345,6.55002,56.625118,2.248991,2.310644,0.309668
1,1,1789523831.950374365,2.945917,6.677673,56.923474,2.246322,2.31745,0.304194
1,1,1789523831.955811739,2.880453,6.597684,56.929352,2.249123,2.314228,0.314086
1,1,1789523831.956480742,2.945917,6.677673,56.923474,2.246322,2.31745,0.304194
1,1,1789523831.959095955,2.997341,6.483725,56.948271,2.24854,2.31566,0.30908
1,1,1789523831.959995985,2.945917,6.677673,56.923474,2.246322,2.31745,0.304194
1,1,1789523831.964010239,2.993808,6.5499,56.939299,2.251046,2.313294,0.296476
1,1,1789523831.964739561,2.945917,6.677673,56.923474,2.246322,2.31745,0.304194
1,1,1789523831.969123125,2.921703,6.62809,56.923799,2.246516,2.312566,0.304098
1,1,1789523831.970243931,2.945917,6.677673,56.923474,2.246322,2.31745,0.304194
1,1,1789523831.974133968,2.900114,6.546892,56.938323,2.246957,2.311891,0.307842
1,1,1789523831.975055218,2.945917,6.677673,56.923474,2.246322,2.31745,0.304194
1,1,1789523831.979095697,2.963293,6.484537,56.701631,2.25027,2.317394,0.306101
1,1,1789523831.980051994,2.945917,6.677673,56.923474,2.246322,2.31745,0.304194
1,1,1789523831.985277653,3.047983,6.59475,56.932976,2.243582,2.320465,0.299145
1,1,1789523831.986541271,2.945917,6.677673,56.923474,2.246322,2.31745,0.304194
1,1,1789523831.989661694,2.986249,6.636177,56.829079,2.247553,2.317899,0.303586
1,1,1789523831.990833044,2.945917,6.677673,56.923474,2.246322,2.31745,0.304194
1,1,1789523831.994356632,2.879257,6.513375,56.932527,2.252713,2.315744,0.304564
1,1,1789523831.996227503,2.945917,6.677673,56.923474,2.246322,2.31745,0.304194
1,1,1789523831.999052286,2.892014,6.460834,56.657541,2.255016,2.312375,0.313202
1,1,1789523832.000123501,2.945917,6.677673,56.923474,2.246322,2.31745,0.304194
1,1,1789523832.005529881,2.997284,6.568602,56.919863,2.24919,2.315512,0.308277
1,1,1789523832.006185770,2.945917,6.677673,56.923474,2.246322,2.31745,0.304194
1,1,1789523832.009232998,2.998768,6.554194,56.768062,2.249516,2.316265,0.306501
1,1,1789523832.010852575,2.945917,6.677673,56.923474,2.246322,2.31745,0.304194
1,1,1789523832.014146566,2.923158,6.551651,56.920245,2.25219,2.315015,0.308456
1,1,1789523832.015202284,2.945917,6.677673,56.923474,2.246322,2.31745,0.304194
1,1,1789523832.019143343,2.899625,6.54366,56.625278,2.2511,2.315406,0.310318
1,1,1789523832.020832539,2.945917,6.677673,56.923474,2.246322,2.31745,0.304194
1,1,1789523832.024193287,2.88267,6.507506,56.877375,2.254823,2.31692,0.311216
1,1,1789523832.025262833,2.945917,6.677673,56.923474,2.246322,2.31745,0.304194
1,1,1789523832.029214859,3.028078,6.493903,56.693539,2.249365,2.314973,0.306637
1,1,1789523832.030290127,2.945917,6.677673,56.923474,2.246322,2.31745,0.304194
1,1,1789523832.034107447,2.999316,6.599343,56.959894,2.250554,2.315466,0.29777
1,1,1789523832.035166025,2.945917,6.677673,56.923474,2.246322,2.31745,0.304194
1,1,1789523832.039283276,2.877032,6.588028,56.652595,2.245699,2.312552,0.309435
1,1,1789523832.040361166,2.945917,6.677673,56.923474,2.246322,2.31745,0.304194
1,1,1789523832.043985605,2.890768,6.516207,56.877092,2.247571,2.309975,0.304234
1,1,1789523832.044984102,2.945917,6.677673,56.923474,2.246322,2.31745,0.304194
1,1,1789523832.049181700,3.031613,6.529926,56.781894,2.249226,2.321983,0.310265
1,1,1789523832.050062418,2.945917,6.677673,56.923474,2.246322,2.31745,0.304194
1,1,1789523832.054137707,3.028231,6.590607,56.935109,2.249327,2.317577,0.300137
1,1,1789523832.055972815,2.945917,6.677673,56.923474,2.246322,2.31745,0.304194
1,1,1789523832.059173107,2.881669,6.579386,56.902464,2.252265,2.314073,0.308707
1,1,1789523832.060260534,2.945917,6.677673,56.923474,2.246322,2.31745,0.304194
1,1,1789523832.063949585,2.855596,6.526483,56.960019,2.25305,2.31184,0.303759
1,1,1789523832.064960480,2.945917,6.677673,56.923474,2.246322,2.31745,0.304194
1,1,1789523832.069074392,2.982477,6.497946,56.933296,2.249867,2.320889,0.318016
1,1,1789523832.070162773,2.945917,6.677673,56.923474,2.246322,2.31745,0.304194
1,1,1789523832.074169159,3.036346,6.560891,56.869206,2.247969,2.315579,0.305666
1,1,1789523832.075245142,2.945917,6.677673,56.923474,2.246322,2.31745,0.304194
1,1,1789523832.079310656,2.939907,6.593346,56.817905,2.252788,2.311472,0.301754
1,1,1789523832.080019951,2.945917,6.677673,56.923474,2.246322,2.31745,0.304194
1,1,1789523832.084143400,2.94059,6.554452,56.89763,2.249312,2.313353,0.305689
1,1,1789523832.085194588,2.945917,6.677673,56.923474,2.246322,2.31745,0.304194
1,1,1789523832.089493275,2.932511,6.504547,56.654333,2.247223,2.314179,0.311221
1,1,1789523832.091136217,2.945917,6.677673,56.923474,2.246322,2.31745,0.304194
1,1,1789523832.094573975,3.006692,6.535041,56.935731,2.247446,2.317767,0.306952
1,1,1789523832.095620394,2.945917,6.677673,56.923474,2.246322,2.31745,0.304194
1,1,1789523832.099115610,3.019851,6.571834,56.769223,2.245377,2.315472,0.294991
1,1,1789523832.100167274,2.945917,6.677673,56.923474,2.246322,2.31745,0.304194
1,1,1789523832.104288340,2.947264,6.630233,56.955705,2.2475,2.317332,0.30116
1,1,1789523832.106461525,2.945917,6.677673,56.923474,2.246322,2.31745,0.304194
1,1,1789523832.109200239,2.873262,6.557379,56.630949,2.245645,2.312669,0.313703
1,1,1789523832.110764980,2.945917,6.677673,56.923474,2.246322,2.31745,0.304194
1,1,1789523832.114089966,2.906977,6.504471,56.968363,2.249837,2.31068,0.309289
1,1,1789523832.114956617,2.945917,6.677673,56.923474,2.246322,2.31745,0.304194
1,1,1789523832.120192289,3.027459,6.566,56.798535,2.243567,2.310626,0.307592
1,1,1789523832.121219158,2.945917,6.677673,56.923474,2.246322,2.31745,0.304194
1,1,1789523832.124421835,2.918029,6.66005,56.924353,2.244328,2.306523,0.30364
1,1,1789523832.125616550,2.945917,6.677673,56.923474,2.246322,2.31745,0.304194
1,1,1789523832.129499912,2.878329,6.544595,56.622008,2.24628,2.30793,0.319552
1,1,1789523832.130652189,2.945917,6.677673,56.923474,2.246322,2.31745,0.304194
1,1,1789523832.134290218,2.908205,6.484034,56.93719,2.255514,2.313444,0.307492
1,1,1789523832.135349035,2.945917,6.677673,56.923474,2.246322,2.31745,0.304194
1,1,1789523832.139295816,3.049801,6.546992,56.844722,2.249901,2.322458,0.308735
1,1,1789523832.140459299,2.945917,6.677673,56.923474,2.246322,2.31745,0.304194
1,1,1789523832.144232750,3.004401,6.598569,56.922338,2.251507,2.318851,0.29792
1,1,1789523832.145356178,2.945917,6.677673,56.923474,2.246322,2.31745,0.304194
1,1,1789523832.149117708,2.90423,6.566367,56.900459,2.248714,2.316219,0.301695
1,1,1789523832.151170015,2.945917,6.677673,56.923474,2.246322,2.31745,0.304194
1,1,1789523832.154514551,2.890007,6.498827,56.911268,2.249773,2.313707,0.302729
1,1,1789523832.155685425,2.945917,6.677673,56.923474,2.246322,2.31745,0.304194
1,1,1789523832.159877062,2.981852,6.539218,56.686893,2.247589,2.313922,0.308003
1,1,1789523832.160938263,2.945917,6.677673,56.923474,2.246322,2.31745,0.304194
1,1,1789523832.164246559,3.016963,6.57829,56.920511,2.246799,2.315458,0.302612
1,1,1789523832.165315866,2.945917,6.677673,56.923474,2.246322,2.31745,0.304194
1,1,1789523832.168985367,2.973118,6.585072,56.791616,2.248351,2.31391,0.29714
1,1,1789523832.170385122,2.945917,6.677673,56.923474,2.246322,2.31745,0.304194
1,1,1789523832.174020290,2.917028,6.546383,56.890758,2.243349,2.312043,0.313323
1,1,1789523832.175132751,2.945917,6.677673,56.923474,2.246322,2.31745,0.304194
1,1,1789523832.180387735,2.911478,6.504794,56.714881,2.252748,2.312954,0.314078
1,1,1789523832.181522131,2.945917,6.677673,56.923474,2.246322,2.31745,0.304194
1,1,1789523832.184560299,2.941748,6.522843,56.931595,2.250204,2.317218,0.310239
1,1,1789523832.185615540,2.945917,6.677673,56.923474,2.246322,2.31745,0.304194
1,1,1789523832.189217806,3.029723,6.589975,56.732056,2.247378,2.317196,0.301178
1,1,1789523832.190332651,2.945917,6.677673,56.923474,2.246322,2.31745,0.304194
1,1,1789523832.194076300,2.90795,6.561511,56.946907,2.250842,2.317012,0.307821
1,1,1789523832.195143700,2.945917,6.677673,56.923474,2.246322,2.31745,0.304194
1,1,1789523832.199149847,2.901761,6.483696,56.647662,2.251953,2.307891,0.312252
1,1,1789523832.200015306,2.945917,6.677673,56.923474,2.246322,2.31745,0.304194
1,1,1789523832.205680370,2.943297,6.5374,56.928629,2.250175,2.305567,0.306915
1,1,1789523832.206338644,2.945917,6.677673,56.923474,2.246322,2.31745,0.304194
1,1,1789523832.210864782,3.023983,6.586531,56.784653,2.244069,2.315844,0.305065
1,1,1789523832.211586714,2.945917,6.677673,56.923474,2.246322,2.31745,0.304194
1,1,1789523832.214057207,2.959383,6.562606,56.893734,2.244958,2.31335,0.297095
1,1,1789523832.214755774,2.945917,6.677673,56.923474,2.246322,2.31745,0.304194
1,1,1789523832.219046831,2.869633,6.545143,56.896888,2.245359,2.310188,0.310979
1,1,1789523832.220376253,2.847446,6.567306,56.912475,2.245921,2.311402,0.308998
1,2,1789523832.562003136,2.904135,6.483538,56.807815,2.25357,2.310608,0.307766
1,2,1789523832.563686371,2.869633,6.545143,56.896888,2.245359,2.310188,0.310979
1,2,1789523832.565052748,2.938182,6.561742,56.617411,2.247248,2.316198,0.305256
1,2,1789523832.566917181,2.967525,6.515219,56.970893,2.246752,2.316314,0.305532
1,2,1789523832.568716526,2.869633,6.545143,56.896888,2.245359,2.310188,0.310979
1,2,1789523832.569506407,2.938182,6.561742,56.617411,2.247248,2.316198,0.305256
1,2,1789523832.572560549,2.984101,6.576433,56.900994,2.245517,2.312871,0.307808
1,2,1789523832.573763132,2.869633,6.545143,56.896888,2.245359,2.310188,0.310979
1,2,1789523832.574550867,2.938182,6.561742,56.617411,2.247248,2.316198,0.305256
1,2,1789523832.577012777,3.019598,6.59044,56.954662,2.251287,2.320707,0.301074
1,2,1789523832.578718424,2.869633,6.545143,56.896888,2.245359,2.310188,0.310979
1,2,1789523832.579800129,2.938182,6.561742,56.617411,2.247248,2.316198,0.305256
1,2,1789523832.581968307,2.966526,6.604487,57.042229,2.24912,2.31345,0.296601
1,2,1789523832.583712578,2.869633,6.545143,56.896888,2.245359,2.310188,0.310979
1,2,1789523832.584850073,2.938182,6.561742,56.617411,2.247248,2.316198,0.305256
1,2,1789523832.587118864,2.935075,6.590477,56.824614,2.248542,2.315445,0.306659
1,2,1789523832.588698149,2.869633,6.545143,56.896888,2.245359,2.310188,0.310979
1,2,1789523832.590234518,2.938182,6.561742,56.617411,2.247248,2.316198,0.305256
1,2,1789523832.591983080,2.859297,6.532448,56.917108,2.253183,2.314311,0.306361
1,2,1789523832.594877481,2.869633,6.545143,56.896888,2.245359,2.310188,0.310979
1,2,1789523832.595354080,2.938182,6.561742,56.617411,2.247248,2.316198,0.305256
1,2,1789523832.597116709,2.863932,6.549114,57.083408,2.249672,2.313074,0.305437
1,2,1789523832.598702431,2.869633,6.545143,56.896888,2.245359,2.310188,0.310979
1,2,1789523832.600234985,2.938182,6.561742,56.617411,2.247248,2.316198,0.305256
1,2,1789523832.602848291,2.926338,6.527678,56.909535,2.250013,2.31187,0.307344
1,2,1789523832.603792191,2.869633,6.545143,56.896888,2.245359,2.310188,0.310979
1,2,1789523832.604556084,2.938182,6.561742,56.617411,2.247248,2.316198,0.305256
1,2,1789523832.607023954,3.008979,6.510057,56.927079,2.250095,2.317378,0.30743
1,2,1789523832.608755827,2.869633,6.545143,56.896888,2.245359,2.310188,0.310979
1,2,1789523832.609968901,2.938182,6.561742,56.617411,2.247248,2.316198,0.305256
1,2,1789523832.611872673,3.092412,6.571828,57.135689,2.241334,2.318198,0.297807
1,2,1789523832.613773823,2.869633,6.545143,56.896888,2.245359,2.310188,0.310979
1,2,1789523832.615152359,2.938182,6.561742,56.617411,2.247248,2.316198,0.305256
1,2,1789523832.616818428,3.016564,6.550187,56.955262,2.253249,2.31255,0.300732
1,2,1789523832.618806839,2.869633,6.545143,56.896888,2.245359,2.310188,0.310979
1,2,1789523832.620347738,2.938182,6.561742,56.617411,2.247248,2.316198,0.305256
1,2,1789523832.622009039,2.919432,6.571344,56.772927,2.24943,2.312913,0.303069
1,2,1789523832.623722792,2.869633,6.545143,56.896888,2.245359,2.310188,0.310979
1,2,1789523832.624473572,2.938182,6.561742,56.617411,2.247248,2.316198,0.305256
1,2,1789523832.627449036,2.850482,6.595823,56.700089,2.247868,2.31276,0.310005
1,2,1789523832.628747702,2.869633,6.545143,56.896888,2.245359,2.310188,0.310979
1,2,1789523832.629884005,2.938182,6.561742,56.617411,2.247248,2.316198,0.305256
1,2,1789523832.632964849,2.846544,6.509997,56.950026,2.2514,2.314627,0.309807
1,2,1789523832.633737326,2.869633,6.545143,56.896888,2.245359,2.310188,0.310979
1,2,1789523832.634500027,2.938182,6.561742,56.617411,2.247248,2.316198,0.305256
1,2,1789523832.637968063,2.904603,6.517231,56.833167,2.249809,2.310154,0.312002
1,2,1789523832.638733625,2.869633,6.545143,56.896888,2.245359,2.310188,0.310979
1,2,1789523832.639971256,2.938182,6.561742,56.617411,2.247248,2.316198,0.305256
1,2,1789523832.641937733,3.011183,6.497228,56.960885,2.254973,2.319919,0.305488
1,2,1789523832.643720388,2.869633,6.545143,56.896888,2.245359,2.310188,0.310979
1,2,1789523832.644788027,2.938182,6.561742,56.617411,2.247248,2.316198,0.305256
1,2,1789523832.647023678,3.048077,6.556095,57.113618,2.246232,2.319198,0.301712
1,2,1789523832.648719788,2.869633,6.545143,56.896888,2.245359,2.310188,0.310979
1,2,1789523832.649497271,2.938182,6.561742,56.617411,2.247248,2.316198,0.305256
1,2,1789523832.652033806,2.997542,6.590114,56.927968,2.249373,2.315694,0.301316
1,2,1789523832.653762102,2.869633,6.545143,56.896888,2.245359,2.310188,0.310979
1,2,1789523832.654544115,2.938182,6.561742,56.617411,2.247248,2.316198,0.305256
1,2,1789523832.657076120,2.962685,6.617383,56.926401,2.250085,2.318657,0.30044
1,2,1789523832.658746958,2.869633,6.545143,56.896888,2.245359,2.310188,0.310979
1,2,1789523832.659564495,2.938182,6.561742,56.617411,2.247248,2.316198,0.305256
1,2,1789523832.661851168,2.853459,6.626405,57.089129,2.245654,2.312471,0.302667
1,2,1789523832.663693905,2.869633,6.545143,56.896888,2.245359,2.310188,0.310979
1,2,1789523832.664456844,2.938182,6.561742,56.617411,2.247248,2.316198,0.305256
1,2,1789523832.667649031,2.873614,6.530643,56.898117,2.25118,2.315472,0.306291
1,2,1789523832.668717384,2.869633,6.545143,56.896888,2.245359,2.310188,0.310979
1,2,1789523832.669484854,2.938182,6.561742,56.617411,2.247248,2.316198,0.305256
1,2,1789523832.672723770,2.921124,6.464824,56.813311,2.251156,2.309134,0.311342
1,2,1789523832.673947811,2.869633,6.545143,56.896888,2.245359,2.310188,0.310979
1,2,1789523832.675017834,2.938182,6.561742,56.617411,2.247248,2.316198,0.305256
1,2,1789523832.677009821,2.955534,6.457822,56.791567,2.253526,2.314257,0.309897
1,2,1789523832.678776503,2.869633,6.545143,56.896888,2.245359,2.310188,0.310979
1,2,1789523832.679403782,2.938182,6.561742,56.617411,2.247248,2.316198,0.305256
1,2,1789523832.682010174,3.00356,6.523012,57.031079,2.248776,2.315442,0.308249
1,2,1789523832.683743715,2.869633,6.545143,56.896888,2.245359,2.310188,0.310979
1,2,1789523832.684427738,2.938182,6.561742,56.617411,2.247248,2.316198,0.305256
1,2,1789523832.686869144,2.985657,6.606463,56.89787,2.245879,2.312242,0.305532
1,2,1789523832.688619375,2.869633,6.545143,56.896888,2.245359,2.310188,0.310979
1,2,1789523832.689328909,2.938182,6.561742,56.617411,2.247248,2.316198,0.305256
1,2,1789523832.692045927,2.98866,6.638949,56.927687,2.247286,2.316925,0.301034
1,2,1789523832.693654299,2.869633,6.545143,56.896888,2.245359,2.310188,0.310979
1,2,1789523832.694219351,2.938182,6.561742,56.617411,2.247248,2.316198,0.305256
1,2,1789523832.696872950,2.890476,6.641165,56.926361,2.246874,2.311036,0.3055
1,2,1789523832.698619843,2.869633,6.545143,56.896888,2.245359,2.310188,0.310979
1,2,1789523832.699157715,2.938182,6.561742,56.617411,2.247248,2.316198,0.305256
1,2,1789523832.701872587,2.956891,6.543302,56.91155,2.252925,2.320369,0.303435
1,2,1789523832.704872847,2.869633,6.545143,56.896888,2.245359,2.310188,0.310979
1,2,1789523832.705374718,2.938182,6.561742,56.617411,2.247248,2.316198,0.305256
1,2,1789523832.706982374,2.861151,6.52588,56.988407,2.248149,2.30635,0.309616
1,2,1789523832.708622932,2.869633,6.545143,56.896888,2.245359,2.310188,0.310979
1,2,1789523832.709376097,2.938182,6.561742,56.617411,2.247248,2.316198,0.305256
1,2,1789523832.711874485,2.944576,6.451893,56.76621,2.256644,2.315602,0.311693
1,2,1789523832.713744402,2.869633,6.545143,56.896888,2.245359,2.310188,0.310979
1,2,1789523832.714672804,2.938182,6.561742,56.617411,2.247248,2.316198,0.305256
1,2,1789523832.716990232,2.921736,6.589933,56.98902,2.246296,2.315206,0.304667
1,2,1789523832.718613386,2.869633,6.545143,56.896888,2.245359,2.310188,0.310979
1,2,1789523832.719883919,2.938182,6.561742,56.617411,2.247248,2.316198,0.305256
1,2,1789523832.721980095,2.989172,6.571806,56.792929,2.24443,2.312211,0.310111
1,2,1789523832.723866940,2.976945,6.61188,56.958157,2.245386,2.309908,0.296
1,2,1789523832.724368334,2.938182,6.561742,56.617411,2.247248,2.316198,0.305256
1,2,1789523832.727022886,3.031754,6.56882,56.673054,2.247532,2.317903,0.305369
1,2,1789523832.728742599,2.934542,6.609544,56.911525,2.241858,2.308102,0.30183
1,2,1789523832.729537249,2.938182,6.561742,56.617411,2.247248,2.316198,0.305256
1,2,1789523832.732047558,2.973492,6.564731,57.024571,2.247552,2.313734,0.297492
1,2,1789523832.733915806,2.885402,6.524836,56.937311,2.245179,2.310767,0.313267
1,2,1789523832.734685421,2.938182,6.561742,56.617411,2.247248,2.316198,0.305256
1,2,1789523832.737156153,2.921691,6.486205,56.819896,2.252006,2.315943,0.304124
1,2,1789523832.738722801,2.967322,6.541648,56.924263,2.247019,2.311671,0.30479
1,2,1789523832.739768744,2.938182,6.561742,56.617411,2.247248,2.316198,0.305256
1,2,1789523832.742012501,2.888985,6.558955,56.964177,2.247592,2.31489,0.306754
1,2,1789523832.743671894,2.928943,6.608747,56.924787,2.244769,2.313543,0.304988
1,2,1789523832.745166779,2.938182,6.561742,56.617411,2.247248,2.316198,0.305256
1,2,1789523832.746968031,2.875253,6.54772,56.999066,2.250555,2.307445,0.310486
1,2,1789523832.749860287,2.986375,6.561903,56.806122,2.244544,2.313603,0.306778
1,2,1789523832.750331640,2.938182,6.561742,56.617411,2.247248,2.316198,0.305256
1,2,1789523832.751910686,2.965751,6.581905,56.914532,2.248939,2.319549,0.305152
1,2,1789523832.753795147,2.999383,6.554814,56.959574,2.250821,2.317347,0.304087
1,2,1789523832.754456520,2.938182,6.561742,56.617411,2.247248,2.316198,0.305256
1,2,1789523832.756985903,3.0026,6.546373,56.912276,2.248349,2.312703,0.303135
1,2,1789523832.758723497,2.869501,6.530857,56.716149,2.24763,2.310977,0.308504
1,2,1789523832.759796619,2.938182,6.561742,56.617411,2.247248,2.316198,0.305256
1,2,1789523832.763504028,3.05909,6.515654,57.106261,2.250457,2.319031,0.297046
1,2,1789523832.764299870,2.927429,6.55457,56.940263,2.247717,2.312345,0.309132
1,2,1789523832.765064478,2.938182,6.561742,56.617411,2.247248,2.316198,0.305256
1,2,1789523832.766955376,3.025165,6.555048,56.952104,2.247548,2.315697,0.299085
1,2,1789523832.768720388,3.061473,6.593146,56.900158,2.244789,2.316455,0.301569
1,2,1789523832.769788980,2.938182,6.561742,56.617411,2.247248,2.316198,0.305256
1,2,1789523832.772091150,2.940441,6.5659,56.770037,2.247979,2.31467,0.301444
1,2,1789523832.773767948,2.98763,6.591034,56.984974,2.247152,2.315366,0.302075
1,2,1789523832.774412394,2.938182,6.561742,56.617411,2.247248,2.316198,0.305256
1,2,1789523832.776975393,2.912557,6.55776,56.695963,2.246872,2.313638,0.307673
1,2,1789523832.778785467,2.828996,6.570845,56.656141,2.244753,2.310357,0.311573
1,2,1789523832.780201912,2.938182,6.561742,56.617411,2.247248,2.316198,0.305256
1,2,1789523832.782267094,2.902996,6.538391,56.930495,2.248682,2.309249,0.308532
1,2,1789523832.783858538,2.907687,6.524861,56.926806,2.251606,2.312484,0.306517
1,2,1789523832.784822226,2.938182,6.561742,56.617411,2.247248,2.316198,0.305256
1,2,1789523832.787115335,2.920492,6.452193,56.772237,2.253801,2.314889,0.309491
1,2,1789523832.788776398,3.054484,6.495886,56.854057,2.250653,2.320596,0.308811
1,2,1789523832.789866686,2.938182,6.561742,56.617411,2.247248,2.316198,0.305256
1,2,1789523832.792048931,2.970926,6.505205,56.927649,2.247152,2.314401,0.307505
1,2,1789523832.793768406,2.980481,6.569874,56.912703,2.252166,2.314254,0.303391
1,2,1789523832.794546366,2.938182,6.561742,56.617411,2.247248,2.316198,0.305256
1,2,1789523832.797002554,3.05784,6.561076,57.094461,2.248266,2.320435,0.301442
1,2,1789523832.798968792,2.897532,6.564841,56.673173,2.252229,2.315033,0.311049
1,2,1789523832.799987316,2.938182,6.561742,56.617411,2.247248,2.316198,0.305256
1,2,1789523832.802041292,3.033126,6.597849,56.894495,2.247219,2.318361,0.304079
1,2,1789523832.803968191,2.899899,6.531523,56.961417,2.254697,2.316881,0.305225
1,2,1789523832.805061817,2.938182,6.561742,56.617411,2.247248,2.316198,0.305256
1,2,1789523832.807101965,2.937515,6.615467,56.91495,2.247499,2.313365,0.298468
1,2,1789523832.808741331,2.963501,6.476293,56.78089,2.247798,2.317165,0.315399
1,2,1789523832.809851170,2.938182,6.561742,56.617411,2.247248,2.316198,0.305256
1,2,1789523832.811989069,2.920991,6.585406,57.150057,2.250069,2.315226,0.300445
1,2,1789523832.813628674,2.999676,6.568186,56.892467,2.246608,2.315876,0.302612
1,2,1789523832.814905405,2.938182,6.561742,56.617411,2.247248,2.316198,0.305256
1,2,1789523832.817700863,2.859151,6.536451,56.945682,2.247766,2.308248,0.306172
1,2,1789523832.818764210,2.955641,6.564132,56.783379,2.247578,2.311217,0.297642
1,2,1789523832.819854736,2.938182,6.561742,56.617411,2.247248,2.316198,0.305256
1,2,1789523832.822067261,2.905482,6.466073,56.751172,2.253169,2.313527,0.313736
1,2,1789523832.823737383,2.947713,6.528392,56.917625,2.247409,2.313973,0.306839
1,2,1789523832.824518204,2.938182,6.561742,56.617411,2.247248,2.316198,0.305256
1,2,1789523832.827028275,2.960745,6.496064,56.703104,2.246971,2.316481,0.313027
1,2,1789523832.828705788,2.905898,6.510039,56.94666,2.252582,2.318802,0.308107
1,2,1789523832.829533100,2.938182,6.561742,56.617411,2.247248,2.316198,0.305256
1,2,1789523832.831839323,2.980476,6.561691,57.000565,2.244552,2.31192,0.299905
1,2,1789523832.833721876,2.964859,6.558535,56.930252,2.25129,2.316074,0.309046
1,2,1789523832.834496498,2.938182,6.561742,56.617411,2.247248,2.316198,0.305256
1,2,1789523832.837007523,3.001785,6.523039,56.801097,2.253967,2.316615,0.303914
1,2,1789523832.838712692,2.998239,6.593586,56.92532,2.250092,2.31347,0.299306
1,2,1789523832.840098858,2.938182,6.561742,56.617411,2.247248,2.316198,0.305256
1,2,1789523832.842054844,2.962821,6.625654,56.931568,2.242181,2.313678,0.303329
1,2,1789523832.843857527,2.943645,6.521148,56.930247,2.248871,2.313176,0.302852
1,2,1789523832.844920158,2.938182,6.561742,56.617411,2.247248,2.316198,0.305256
1,2,1789523832.846953630,2.987005,6.589069,56.921629,2.251961,2.318861,0.303568
1,2,1789523832.848797083,2.861321,6.518371,56.672769,2.248318,2.311689,0.316765
1,2,1789523832.850277185,2.938182,6.561742,56.617411,2.247248,2.316198,0.305256
1,2,1789523832.852002144,2.92833,6.579184,56.928736,2.247984,2.316196,0.301896
1,2,1789523832.853736162,2.984961,6.522732,56.89029,2.245252,2.310929,0.306964
1,2,1789523832.854311228,2.938182,6.561742,56.617411,2.247248,2.316198,0.305256
1,2,1789523832.857202768,2.868182,6.522833,56.912186,2.252931,2.308622,0.302566
1,2,1789523832.858763218,3.058478,6.530408,56.924003,2.249486,2.316776,0.305292
1,2,1789523832.859558821,2.938182,6.561742,56.617411,2.247248,2.316198,0.305256
1,2,1789523832.862891674,2.93463,6.471533,56.502766,2.252295,2.321153,0.316411
1,2,1789523832.863982916,2.978524,6.595147,56.970903,2.252439,2.316302,0.298958
1,2,1789523832.864722967,2.938182,6.561742,56.617411,2.247248,2.316198,0.305256
1,2,1789523832.867030621,2.90595,6.582454,56.930896,2.240954,2.305266,0.308227
1,2,1789523832.868892908,2.871014,6.564863,56.642315,2.251631,2.314146,0.31509
1,2,1789523832.869694710,2.938182,6.561742,56.617411,2.247248,2.316198,0.305256
1,2,1789523832.872035980,3.066137,6.525035,56.797911,2.255831,2.321773,0.302426
1,2,1789523832.873749971,2.924692,6.480576,56.918959,2.256385,2.318409,0.308315
1,2,1789523832.874985218,2.938182,6.561742,56.617411,2.247248,2.316198,0.305256
1,2,1789523832.877011061,3.007114,6.620691,56.779042,2.241646,2.313587,0.307065
1,2,1789523832.878712416,3.058537,6.428583,56.893912,2.255231,2.316391,0.30428
1,2,1789523832.879834175,2.938182,6.561742,56.617411,2.247248,2.316198,0.305256
1,2,1789523832.882015467,3.018575,6.600265,57.027221,2.247948,2.316492,0.299377
1,2,1789523832.883654594,3.007119,6.587366,56.900762,2.250908,2.31713,0.301936
1,2,1789523832.884927034,2.938182,6.561742,56.617411,2.247248,2.316198,0.305256
1,2,1789523832.887042999,2.909106,6.52312,56.827932,2.253522,2.315427,0.303009
1,2,1789523832.889711142,2.888608,6.578183,56.637117,2.249329,2.315961,0.311873
1,2,1789523832.890179396,2.938182,6.561742,56.617411,2.247248,2.316198,0.305256
1,2,1789523832.891997099,2.834751,6.570234,56.963472,2.244073,2.308395,0.30551
1,2,1789523832.893698931,2.883123,6.494933,56.935937,2.252599,2.315121,0.306826
1,2,1789523832.895307302,2.938182,6.561742,56.617411,2.247248,2.316198,0.305256
1,2,1789523832.897649765,2.799953,6.493837,57.064641,2.259192,2.311101,0.305212
1,2,1789523832.898941278,3.004635,6.513819,56.882947,2.247605,2.316739,0.308927
1,2,1789523832.900070429,2.938182,6.561742,56.617411,2.247248,2.316198,0.305256
1,2,1789523832.901841640,2.950031,6.550353,56.924914,2.246948,2.31993,0.312166
1,2,1789523832.904036045,3.007287,6.600176,56.933827,2.237633,2.312017,0.298776
1,2,1789523832.905741215,2.938182,6.561742,56.617411,2.247248,2.316198,0.305256
1,2,1789523832.906612873,3.007287,6.600176,56.933827,2.237633,2.312017,0.298776
1,2,1789523832.907451868,3.038882,6.576637,56.841531,2.245428,2.314254,0.299544
1,2,1789523832.908249140,3.035715,6.525367,56.895766,2.244235,2.313611,0.310887
1,2,1789523832.909087896,3.007287,6.600176,56.933827,2.237633,2.312017,0.298776
1,2,1789523832.909919977,2.938182,6.561742,56.617411,2.247248,2.316198,0.305256
1,2,1789523832.910659313,2.93714,6.582896,56.890063,2.246096,2.310112,0.300271
1,2,1789523832.911952496,3.090215,6.52191,57.139751,2.250871,2.322554,0.294996
1,2,1789523832.914568663,3.007287,6.600176,56.933827,2.237633,2.312017,0.298776
1,2,1789523832.915143967,2.938182,6.561742,56.617411,2.247248,2.316198,0.305256
1,2,1789523832.915652514,2.904883,6.55541,57.087956,2.247153,2.313629,0.302427
1,2,1789523832.917169333,2.999772,6.589841,56.950398,2.245171,2.315129,0.297735
1,2,1789523832.919726849,3.007287,6.600176,56.933827,2.237633,2.312017,0.298776
1,2,1789523832.920551062,2.938182,6.561742,56.617411,2.247248,2.316198,0.305256
1,2,1789523832.921006441,2.879113,6.520514,56.943383,2.252192,2.30906,0.310879
1,2,1789523832.921845675,2.922729,6.560498,56.736315,2.251455,2.318559,0.304126
1,2,1789523832.923789263,3.007287,6.600176,56.933827,2.237633,2.312017,0.298776
1,2,1789523832.924569607,2.938182,6.561742,56.617411,2.247248,2.316198,0.305256
1,2,1789523832.925233364,2.924083,6.558931,56.91668,2.248158,2.313356,0.305959
1,2,1789523832.927089930,2.83502,6.577794,56.766866,2.250058,2.310177,0.31085
1,2,1789523832.928745747,3.007287,6.600176,56.933827,2.237633,2.312017,0.298776
1,2,1789523832.929523468,2.938182,6.561742,56.617411,2.247248,2.316198,0.305256
1,2,1789523832.930170298,2.923202,6.521799,57.088296,2.251484,2.310632,0.308525
1,2,1789523832.931927204,2.855725,6.544706,56.975387,2.24991,2.312712,0.307771
1,2,1789523832.933742523,3.007287,6.600176,56.933827,2.237633,2.312017,0.298776
1,2,1789523832.934524775,2.938182,6.561742,56.617411,2.247248,2.316198,0.305256
1,2,1789523832.935149670,2.990914,6.555545,56.943004,2.24698,2.316813,0.305402
1,2,1789523832.936889410,2.923967,6.472374,56.843767,2.252635,2.316771,0.313806
1,2,1789523832.939027548,3.007287,6.600176,56.933827,2.237633,2.312017,0.298776
1,2,1789523832.939836740,2.993914,6.555963,56.78245,2.250874,2.31933,0.304056
1,2,1789523832.940609217,2.938182,6.561742,56.617411,2.247248,2.316198,0.305256
1,2,1789523832.942604780,3.009321,6.501434,56.981254,2.245356,2.310777,0.305729
1,2,1789523832.943740606,3.007287,6.600176,56.933827,2.237633,2.312017,0.298776
1,2,1789523832.944555044,2.938182,6.561742,56.617411,2.247248,2.316198,0.305256
1,2,1789523832.945252180,2.97847,6.570036,56.769631,2.246045,2.315605,0.307402
1,2,1789523832.946902990,3.100373,6.534768,57.106037,2.250491,2.32192,0.297156
1,2,1789523832.948819876,3.007287,6.600176,56.933827,2.237633,2.312017,0.298776
1,2,1789523832.949539185,2.938182,6.561742,56.617411,2.247248,2.316198,0.305256
1,2,1789523832.949999332,2.995246,6.58541,57.033714,2.249286,2.319084,0.297872
1,2,1789523832.952068806,2.993841,6.598292,56.915366,2.244069,2.31046,0.2986
1,2,1789523832.954835176,3.007287,6.600176,56.933827,2.237633,2.312017,0.298776
1,2,1789523832.955344677,2.938182,6.561742,56.617411,2.247248,2.316198,0.305256
1,2,1789523832.955854177,2.925525,6.577593,56.820238,2.24406,2.31366,0.309805
1,2,1789523832.957107782,2.935365,6.625982,56.875479,2.250666,2.316894,0.297284
1,2,1789523832.959007502,3.007287,6.600176,56.933827,2.237633,2.312017,0.298776
1,2,1789523832.959785461,2.938182,6.561742,56.617411,2.247248,2.316198,0.305256
1,2,1789523832.960324526,2.873174,6.495198,56.878224,2.251968,2.30984,0.304992
1,2,1789523832.962195396,2.867756,6.616228,57.107561,2.248634,2.317305,0.303119
1,2,1789523832.963809967,3.007287,6.600176,56.933827,2.237633,2.312017,0.298776
1,2,1789523832.964584589,2.938182,6.561742,56.617411,2.247248,2.316198,0.305256
1,2,1789523832.965186357,2.867153,6.488727,57.047937,2.250554,2.312587,0.300748
1,2,1789523832.966982841,2.846011,6.557869,56.934758,2.250212,2.308838,0.3111
1,2,1789523832.968796015,3.007287,6.600176,56.933827,2.237633,2.312017,0.298776
1,2,1789523832.969614506,2.938182,6.561742,56.617411,2.247248,2.316198,0.305256
1,2,1789523832.970233917,2.940217,6.485142,56.944661,2.249323,2.31215,0.312341
1,2,1789523832.971864223,2.961132,6.443127,56.742457,2.255443,2.317991,0.314756
1,2,1789523832.973896980,3.007287,6.600176,56.933827,2.237633,2.312017,0.298776
1,2,1789523832.975190878,3.101813,6.508297,56.928643,2.249872,2.320076,0.302762
1,2,1789523832.975660801,2.938182,6.561742,56.617411,2.247248,2.316198,0.305256
1,2,1789523832.977037668,2.982975,6.499637,56.761909,2.246335,2.31153,0.314433
1,2,1789523832.978851795,3.007287,6.600176,56.933827,2.237633,2.312017,0.298776
1,2,1789523832.980705023,2.938182,6.561742,56.617411,2.247248,2.316198,0.305256
1,2,1789523832.981319427,3.079612,6.583582,57.165237,2.246463,2.316781,0.298572
1,2,1789523832.985815287,3.007287,6.600176,56.933827,2.237633,2.312017,0.298776
1,2,1789523832.986321926,2.938182,6.561742,56.617411,2.247248,2.316198,0.305256
1,2,1789523832.986871004,3.028035,6.593068,56.934519,2.254872,2.318108,0.299717
1,2,1789523832.988709688,3.007287,6.600176,56.933827,2.237633,2.312017,0.298776
1,2,1789523832.990501881,2.878148,6.602569,56.792578,2.249271,2.315087,0.303799
1,2,1789523832.991167307,2.938182,6.561742,56.617411,2.247248,2.316198,0.305256
1,2,1789523832.993729115,3.007287,6.600176,56.933827,2.237633,2.312017,0.298776
1,2,1789523832.995537758,2.938182,6.561742,56.617411,2.247248,2.316198,0.305256
1,2,1789523832.996008635,2.805672,6.559975,56.831577,2.255193,2.308461,0.310386
1,2,1789523832.998757601,3.007287,6.600176,56.933827,2.237633,2.312017,0.298776
1,2,1789523832.999374628,2.938182,6.561742,56.617411,2.247248,2.316198,0.305256
1,2,1789523833.000214815,2.942811,6.527757,56.999039,2.252917,2.321248,0.306065
1,2,1789523833.003760576,3.007287,6.600176,56.933827,2.237633,2.312017,0.298776
1,2,1789523833.004323244,2.958947,6.506089,56.872595,2.247163,2.307639,0.31331
1,2,1789523833.004810572,2.938182,6.561742,56.617411,2.247248,2.316198,0.305256
1,2,1789523833.008972406,3.007287,6.600176,56.933827,2.237633,2.312017,0.298776
1,2,1789523833.009773731,2.938182,6.561742,56.617411,2.247248,2.316198,0.305256
1,2,1789523833.010545492,3.147012,6.494054,56.900083,2.251723,2.324036,0.302867
1,2,1789523833.013804436,3.007287,6.600176,56.933827,2.237633,2.312017,0.298776
1,2,1789523833.014424324,2.938182,6.561742,56.617411,2.247248,2.316198,0.305256
1,2,1789523833.015219212,3.001533,6.581482,57.167365,2.24689,2.312485,0.299422
1,2,1789523833.019165993,3.007287,6.600176,56.933827,2.237633,2.312017,0.298776
1,2,1789523833.019948006,2.938182,6.561742,56.617411,2.247248,2.316198,0.305256
1,2,1789523833.020692825,2.914333,6.567931,56.873951,2.249364,2.313769,0.302325
1,2,1789523833.023780584,3.007287,6.600176,56.933827,2.237633,2.312017,0.298776
1,2,1789523833.024544239,2.938182,6.561742,56.617411,2.247248,2.316198,0.305256
1,2,1789523833.025266171,2.868698,6.603022,56.937763,2.248963,2.310701,0.300908
1,2,1789523833.028723717,3.007287,6.600176,56.933827,2.237633,2.312017,0.298776
1,2,1789523833.029467583,2.938182,6.561742,56.617411,2.247248,2.316198,0.305256
1,2,1789523833.030037642,2.873095,6.582948,57.100313,2.242667,2.309156,0.303814
1,2,1789523833.033838511,3.007287,6.600176,56.933827,2.237633,2.312017,0.298776
1,2,1789523833.034615278,2.938182,6.561742,56.617411,2.247248,2.316198,0.305256
1,2,1789523833.035346985,2.961997,6.515802,56.917435,2.250321,2.314762,0.30684
1,2,1789523833.039047718,3.007287,6.600176,56.933827,2.237633,2.312017,0.298776
1,2,1789523833.040367365,2.938182,6.561742,56.617411,2.247248,2.316198,0.305256
1,2,1789523833.041103840,2.967843,6.519806,56.820747,2.247483,2.312224,0.310268
1,2,1789523833.044298172,3.007287,6.600176,56.933827,2.237633,2.312017,0.298776
1,2,1789523833.044977427,2.938182,6.561742,56.617411,2.247248,2.316198,0.305256
1,2,1789523833.045541048,2.953849,6.495322,56.957399,2.250531,2.316849,0.302892
1,2,1789523833.048593521,3.007287,6.600176,56.933827,2.237633,2.312017,0.298776
1,2,1789523833.049971342,2.938182,6.561742,56.617411,2.247248,2.316198,0.305256
1,2,1789523833.050720215,2.927296,6.581846,57.002709,2.249006,2.31418,0.301345
1,2,1789523833.053788662,3.007287,6.600176,56.933827,2.237633,2.312017,0.298776
1,2,1789523833.055934906,2.938182,6.561742,56.617411,2.247248,2.316198,0.305256
1,2,1789523833.056390285,2.929259,6.62407,56.921162,2.246415,2.313517,0.30251
1,2,1789523833.058692455,3.007287,6.600176,56.933827,2.237633,2.312017,0.298776
1,2,1789523833.060921431,2.938182,6.561742,56.617411,2.247248,2.316198,0.305256
1,2,1789523833.061381578,2.947135,6.589779,56.953601,2.248512,2.316307,0.29987
1,2,1789523833.063750982,3.007287,6.600176,56.933827,2.237633,2.312017,0.298776
1,2,1789523833.064534187,2.938182,6.561742,56.617411,2.247248,2.316198,0.305256
1,2,1789523833.065253258,2.978899,6.600112,57.121413,2.246086,2.315554,0.300028
1,2,1789523833.068693161,3.007287,6.600176,56.933827,2.237633,2.312017,0.298776
1,2,1789523833.070837736,2.938182,6.561742,56.617411,2.247248,2.316198,0.305256
1,2,1789523833.071299553,2.903927,6.487233,56.959261,2.252363,2.313164,0.309752
1,2,1789523833.073758602,3.007287,6.600176,56.933827,2.237633,2.312017,0.298776
1,2,1789523833.074660301,2.938182,6.561742,56.617411,2.247248,2.316198,0.305256
1,2,1789523833.075412035,2.908718,6.507695,56.909239,2.245079,2.312332,0.307366
1,2,1789523833.078832388,3.007287,6.600176,56.933827,2.237633,2.312017,0.298776
1,2,1789523833.079624176,2.938182,6.561742,56.617411,2.247248,2.316198,0.305256
1,2,1789523833.080242634,2.908072,6.474446,57.069703,2.248823,2.306879,0.302307
1,2,1789523833.083595276,3.007287,6.600176,56.933827,2.237633,2.312017,0.298776
1,2,1789523833.084738255,2.938182,6.561742,56.617411,2.247248,2.316198,0.305256
1,2,1789523833.085510731,2.950267,6.53873,56.906028,2.251208,2.314482,0.299207
1,2,1789523833.088726759,3.007287,6.600176,56.933827,2.237633,2.312017,0.298776
1,2,1789523833.089907885,2.938182,6.561742,56.617411,2.247248,2.316198,0.305256
1,2,1789523833.090675116,3.009307,6.616075,56.822392,2.246694,2.314967,0.311187
1,2,1789523833.093734980,3.007287,6.600176,56.933827,2.237633,2.312017,0.298776
1,2,1789523833.094815969,2.938182,6.561742,56.617411,2.247248,2.316198,0.305256
1,2,1789523833.095274448,3.045331,6.599822,56.773632,2.247241,2.321733,0.310587
1,2,1789523833.098712683,3.007287,6.600176,56.933827,2.237633,2.312017,0.298776
1,2,1789523833.099516869,2.938182,6.561742,56.617411,2.247248,2.316198,0.305256
1,2,1789523833.100260019,3.00401,6.602302,57.05844,2.248349,2.314448,0.295202
1,2,1789523833.103959560,3.007287,6.600176,56.933827,2.237633,2.312017,0.298776
1,2,1789523833.104728460,2.938182,6.561742,56.617411,2.247248,2.316198,0.305256
1,2,1789523833.105459690,2.887539,6.485089,56.77765,2.25398,2.313758,0.306617
1,2,1789523833.108744860,3.007287,6.600176,56.933827,2.237633,2.312017,0.298776
1,2,1789523833.109875202,2.938182,6.561742,56.617411,2.247248,2.316198,0.305256
1,2,1789523833.110396624,2.835924,6.507143,56.896815,2.248775,2.310868,0.30505
1,2,1789523833.113794327,3.007287,6.600176,56.933827,2.237633,2.312017,0.298776
1,2,1789523833.114578724,2.876757,6.520388,57.06093,2.25092,2.313911,0.309226
1,2,1789523833.115323544,2.938182,6.561742,56.617411,2.247248,2.316198,0.305256
1,2,1789523833.118758440,3.007287,6.600176,56.933827,2.237633,2.312017,0.298776
1,2,1789523833.120310307,2.938182,6.561742,56.617411,2.247248,2.316198,0.305256
1,2,1789523833.120824099,2.958172,6.568127,56.949869,2.251525,2.316939,0.309745
1,2,1789523833.124657393,3.007287,6.600176,56.933827,2.237633,2.312017,0.298776
1,2,1789523833.125188828,2.938182,6.561742,56.617411,2.247248,2.316198,0.305256
1,2,1789523833.125643969,3.064616,6.539589,56.942077,2.251007,2.323646,0.305748
1,2,1789523833.129118681,3.007287,6.600176,56.933827,2.237633,2.312017,0.298776
1,2,1789523833.130843163,2.938182,6.561742,56.617411,2.247248,2.316198,0.305256
1,2,1789523833.131298542,3.036727,6.576095,57.170897,2.245079,2.314444,0.302035
1,2,1789523833.134331942,3.007287,6.600176,56.933827,2.237633,2.312017,0.298776
1,2,1789523833.135117769,2.938182,6.561742,56.617411,2.247248,2.316198,0.305256
1,2,1789523833.135794878,2.994538,6.553448,56.90329,2.255015,2.31841,0.297761
1,2,1789523833.138796806,3.007287,6.600176,56.933827,2.237633,2.312017,0.298776
1,2,1789523833.139409781,2.938182,6.561742,56.617411,2.247248,2.316198,0.305256
1,2,1789523833.140138388,2.884831,6.608756,56.818153,2.249716,2.313271,0.302036
1,2,1789523833.143795729,3.007287,6.600176,56.933827,2.237633,2.312017,0.298776
1,2,1789523833.144582510,2.938182,6.561742,56.617411,2.247248,2.316198,0.305256
1,2,1789523833.145297289,2.87228,6.560574,56.761709,2.25089,2.312688,0.30787
1,2,1789523833.148782730,3.007287,6.600176,56.933827,2.237633,2.312017,0.298776
1,2,1789523833.149539232,2.938182,6.561742,56.617411,2.247248,2.316198,0.305256
1,2,1789523833.150261879,2.907618,6.546753,56.993965,2.245655,2.315035,0.308108
1,2,1789523833.153853416,3.007287,6.600176,56.933827,2.237633,2.312017,0.298776
1,2,1789523833.155072927,2.938182,6.561742,56.617411,2.247248,2.316198,0.305256
1,2,1789523833.155922413,2.939604,6.507658,56.845746,2.248216,2.30973,0.314198
1,2,1789523833.159387589,3.007287,6.600176,56.933827,2.237633,2.312017,0.298776
1,2,1789523833.159957170,2.938182,6.561742,56.617411,2.247248,2.316198,0.305256
1,2,1789523833.160410404,3.012947,6.478638,56.967217,2.254867,2.318635,0.303504
1,2,1789523833.163940907,3.007287,6.600176,56.933827,2.237633,2.312017,0.298776
1,2,1789523833.164710999,2.938182,6.561742,56.617411,2.247248,2.316198,0.305256
1,2,1789523833.165428638,2.968193,6.554117,57.121901,2.244727,2.313122,0.300329
1,2,1789523833.168747663,3.007287,6.600176,56.933827,2.237633,2.312017,0.298776
1,2,1789523833.169973135,2.938182,6.561742,56.617411,2.247248,2.316198,0.305256
1,2,1789523833.170692205,2.976607,6.583899,56.883741,2.246048,2.315456,0.302848
1,2,1789523833.173619747,3.007287,6.600176,56.933827,2.237633,2.312017,0.298776
1,2,1789523833.174685240,2.938182,6.561742,56.617411,2.247248,2.316198,0.305256
1,2,1789523833.175334692,2.935152,6.605336,56.879697,2.248569,2.315269,0.299999
1,2,1789523833.179581881,3.007287,6.600176,56.933827,2.237633,2.312017,0.298776
1,2,1789523833.180196285,2.938182,6.561742,56.617411,2.247248,2.316198,0.305256
1,2,1789523833.180820942,2.865247,6.577241,57.087103,2.246443,2.312294,0.301582
1,2,1789523833.184647799,3.007287,6.600176,56.933827,2.237633,2.312017,0.298776
1,2,1789523833.185326576,2.938182,6.561742,56.617411,2.247248,2.316198,0.305256
1,2,1789523833.185797691,2.865473,6.501771,56.950433,2.255041,2.314191,0.31003
1,2,1789523833.189080477,3.007287,6.600176,56.933827,2.237633,2.312017,0.298776
1,2,1789523833.189877748,2.938182,6.561742,56.617411,2.247248,2.316198,0.305256
1,2,1789523833.190518379,2.88688,6.486722,56.928461,2.253668,2.312053,0.313788
1,2,1789523833.193758011,3.007287,6.600176,56.933827,2.237633,2.312017,0.298776
1,2,1789523833.194537878,2.954729,6.534795,56.913471,2.248818,2.312301,0.309969
1,2,1789523833.195256948,2.938182,6.561742,56.617411,2.247248,2.316198,0.305256
1,2,1789523833.198706150,3.007287,6.600176,56.933827,2.237633,2.312017,0.298776
1,2,1789523833.199337244,3.018557,6.557521,56.919698,2.251158,2.317799,0.308473
1,2,1789523833.199798346,2.938182,6.561742,56.617411,2.247248,2.316198,0.305256
1,2,1789523833.203742504,3.007287,6.600176,56.933827,2.237633,2.312017,0.298776
1,2,1789523833.204615593,2.938182,6.561742,56.617411,2.247248,2.316198,0.305256
1,2,1789523833.205309868,3.039146,6.648992,56.938987,2.243209,2.317785,0.302483
1,2,1789523833.208810568,3.007287,6.600176,56.933827,2.237633,2.312017,0.298776
1,2,1789523833.209972382,2.938182,6.561742,56.617411,2.247248,2.316198,0.305256
1,2,1789523833.210482359,2.982196,6.590135,56.896849,2.249086,2.314405,0.299063
1,2,1789523833.214843988,3.007287,6.600176,56.933827,2.237633,2.312017,0.298776
1,2,1789523833.215339422,2.938182,6.561742,56.617411,2.247248,2.316198,0.305256
1,2,1789523833.215950966,2.924737,6.540492,57.088354,2.249683,2.313042,0.296598
1,2,1789523833.218777895,3.007287,6.600176,56.933827,2.237633,2.312017,0.298776
1,2,1789523833.219883442,2.938182,6.561742,56.617411,2.247248,2.316198,0.305256
1,2,1789523833.220594883,2.854835,6.507534,56.942704,2.252932,2.309494,0.304441
1,2,1789523833.223939419,3.007287,6.600176,56.933827,2.237633,2.312017,0.298776
1,2,1789523833.225596428,2.938182,6.561742,56.617411,2.247248,2.316198,0.305256
1,2,1789523833.226055622,2.894217,6.476694,56.870991,2.248275,2.315253,0.313205
1,2,1789523833.228771210,3.007287,6.600176,56.933827,2.237633,2.312017,0.298776
1,2,1789523833.229543447,2.938182,6.561742,56.617411,2.247248,2.316198,0.305256
1,2,1789523833.230273247,2.946607,6.53583,57.04997,2.242076,2.310856,0.307903
1,2,1789523833.233889341,3.007287,6.600176,56.933827,2.237633,2.312017,0.298776
1,2,1789523833.234819889,2.938182,6.561742,56.617411,2.247248,2.316198,0.305256
1,2,1789523833.235582829,3.022981,6.538832,56.937076,2.252675,2.318871,0.301791
1,2,1789523833.238718987,3.007287,6.600176,56.933827,2.237633,2.312017,0.298776
1,2,1789523833.239495754,2.938182,6.561742,56.617411,2.247248,2.316198,0.305256
1,2,1789523833.239944935,3.033837,6.603904,56.85851,2.245757,2.318929,0.298852
1,2,1789523833.243738413,3.007287,6.600176,56.933827,2.237633,2.312017,0.298776
1,2,1789523833.244529009,2.938182,6.561742,56.617411,2.247248,2.316198,0.305256
1,2,1789523833.244996786,3.005057,6.59041,56.750706,2.248411,2.317938,0.301253
1,2,1789523833.248719931,3.007287,6.600176,56.933827,2.237633,2.312017,0.298776
1,2,1789523833.250106335,2.938182,6.561742,56.617411,2.247248,2.316198,0.305256
1,2,1789523833.250876665,2.929927,6.57688,57.028072,2.25309,2.315777,0.29983
1,2,1789523833.254147530,3.007287,6.600176,56.933827,2.237633,2.312017,0.298776
1,2,1789523833.254961014,2.938182,6.561742,56.617411,2.247248,2.316198,0.305256
1,2,1789523833.255717278,2.843054,6.58792,56.858926,2.248658,2.310897,0.31027
1,2,1789523833.258933783,3.007287,6.600176,56.933827,2.237633,2.312017,0.298776
1,2,1789523833.260026932,2.938182,6.561742,56.617411,2.247248,2.316198,0.305256
1,2,1789523833.260535955,2.86124,6.509271,56.914753,2.252971,2.316675,0.311297
1,2,1789523833.263783932,3.007287,6.600176,56.933827,2.237633,2.312017,0.298776
1,2,1789523833.264555216,2.938182,6.561742,56.617411,2.247248,2.316198,0.305256
1,2,1789523833.265169144,2.895645,6.5092,57.081558,2.24868,2.313129,0.310568
1,2,1789523833.269341230,3.007287,6.600176,56.933827,2.237633,2.312017,0.298776
1,2,1789523833.270141363,2.938182,6.561742,56.617411,2.247248,2.316198,0.305256
1,2,1789523833.270788193,2.985521,6.472065,56.897314,2.250889,2.315228,0.306145
1,2,1789523833.273874760,3.007287,6.600176,56.933827,2.237633,2.312017,0.298776
1,2,1789523833.274653912,2.938182,6.561742,56.617411,2.247248,2.316198,0.305256
1,2,1789523833.275340796,3.049784,6.504978,56.952071,2.246349,2.315227,0.299314
1,2,1789523833.280107021,3.007287,6.600176,56.933827,2.237633,2.312017,0.298776
1,2,1789523833.280632496,2.938182,6.561742,56.617411,2.247248,2.316198,0.305256
1,2,1789523833.281109810,3.014069,6.594487,57.150811,2.244912,2.312399,0.294641
1,2,1789523833.283833265,3.007287,6.600176,56.933827,2.237633,2.312017,0.298776
1,2,1789523833.285032749,2.938182,6.561742,56.617411,2.247248,2.316198,0.305256
1,2,1789523833.285610437,3.004572,6.617986,56.907813,2.249364,2.319175,0.300552
1,2,1789523833.289089680,3.007287,6.600176,56.933827,2.237633,2.312017,0.298776
1,2,1789523833.289886475,2.938182,6.561742,56.617411,2.247248,2.316198,0.305256
1,2,1789523833.290509462,2.874008,6.626839,56.804078,2.246892,2.309023,0.310538
1,2,1789523833.293847561,3.007287,6.600176,56.933827,2.237633,2.312017,0.298776
1,2,1789523833.294641733,2.938182,6.561742,56.617411,2.247248,2.316198,0.305256
1,2,1789523833.295384169,2.883151,6.52088,56.775174,2.254487,2.317264,0.311274
1,2,1789523833.299705505,3.007287,6.600176,56.933827,2.237633,2.312017,0.298776
1,2,1789523833.300501585,2.938182,6.561742,56.617411,2.247248,2.316198,0.305256
1,2,1789523833.301706791,2.878749,6.518408,57.049485,2.250215,2.310199,0.30743
1,2,1789523833.304080725,3.007287,6.600176,56.933827,2.237633,2.312017,0.298776
1,2,1789523833.304901600,2.938182,6.561742,56.617411,2.247248,2.316198,0.305256
1,2,1789523833.305750608,2.961349,6.483607,56.809875,2.253775,2.313155,0.309443
1,2,1789523833.308776855,3.007287,6.600176,56.933827,2.237633,2.312017,0.298776
1,2,1789523833.309995890,3.040872,6.553825,56.946798,2.247165,2.317719,0.30195
1,2,1789523833.310616732,2.938182,6.561742,56.617411,2.247248,2.316198,0.305256
1,2,1789523833.313822985,3.007287,6.600176,56.933827,2.237633,2.312017,0.298776
1,2,1789523833.315885544,2.938182,6.561742,56.617411,2.247248,2.316198,0.305256
1,2,1789523833.316396713,3.052998,6.620091,57.127657,2.244444,2.314208,0.297856
1,2,1789523833.318805695,3.007287,6.600176,56.933827,2.237633,2.312017,0.298776
1,2,1789523833.319592953,2.938182,6.561742,56.617411,2.247248,2.316198,0.305256
1,2,1789523833.320338964,3.016514,6.606518,56.938725,2.252307,2.318196,0.296351
1,2,1789523833.323841810,3.007287,6.600176,56.933827,2.237633,2.312017,0.298776
1,2,1789523833.326077461,2.918951,6.587691,56.907749,2.247235,2.316227,0.3003
1,2,1789523833.326612711,2.938182,6.561742,56.617411,2.247248,2.316198,0.305256
1,2,1789523833.328816891,3.007287,6.600176,56.933827,2.237633,2.312017,0.298776
1,2,1789523833.330058098,2.938182,6.561742,56.617411,2.247248,2.316198,0.305256
1,2,1789523833.330828428,2.864267,6.511265,57.101425,2.249439,2.309453,0.304849
1,2,1789523833.333797455,3.007287,6.600176,56.933827,2.237633,2.312017,0.298776
1,2,1789523833.336031914,2.993741,6.600269,56.946496,2.247679,2.316505,0.301323
1,2,1789523833.336813927,2.913097,6.55897,56.920925,2.250442,2.315237,0.308904
1,2,1789523833.338898182,3.007287,6.600176,56.933827,2.237633,2.312017,0.298776
1,2,1789523833.339688540,2.910431,6.533359,56.791165,2.25244,2.312399,0.309003
1,2,1789523833.340455055,2.924836,6.583126,56.910423,2.245823,2.316095,0.302083
1,2,1789523833.342983246,2.925007,6.589976,56.911141,2.245333,2.316077,0.302521
1,2,1789523833.343663216,2.870029,6.500677,57.07775,2.25241,2.310417,0.307744
1,2,1789523833.345415354,2.924836,6.583126,56.910423,2.245823,2.316095,0.302083
1,2,1789523833.346189976,3.057315,6.562739,56.754868,2.246708,2.322857,0.304742
1,2,1789523833.346944809,3.007287,6.600176,56.933827,2.237633,2.312017,0.298776
1,2,1789523833.347541094,2.903133,6.523688,56.883991,2.248693,2.315722,0.309344
1,2,1789523833.348764658,3.007287,6.600176,56.933827,2.237633,2.312017,0.298776
1,2,1789523833.349508524,2.924836,6.583126,56.910423,2.245823,2.316095,0.302083
1,2,1789523833.350256443,3.006329,6.567605,57.013723,2.245598,2.313322,0.302557
1,2,1789523833.351395130,2.928257,6.527665,56.933087,2.245491,2.310757,0.304438
1,2,1789523833.353815079,3.007287,6.600176,56.933827,2.237633,2.312017,0.298776
1,2,1789523833.354794502,2.924836,6.583126,56.910423,2.245823,2.316095,0.302083
1,2,1789523833.355686903,2.978043,6.570431,56.768366,2.251888,2.318212,0.300699
1,2,1789523833.356858015,3.042624,6.557495,57.038397,2.246266,2.315279,0.300737
1,2,1789523833.360234261,3.007287,6.600176,56.933827,2.237633,2.312017,0.298776
1,2,1789523833.360848904,2.924836,6.583126,56.910423,2.245823,2.316095,0.302083
1,2,1789523833.361292601,2.900858,6.571818,56.925788,2.247879,2.315746,0.299936
1,2,1789523833.361771822,2.998504,6.55907,56.950945,2.246057,2.310932,0.303852
1,2,1789523833.363934755,3.007287,6.600176,56.933827,2.237633,2.312017,0.298776
1,2,1789523833.364705801,2.924836,6.583126,56.910423,2.245823,2.316095,0.302083
1,2,1789523833.365189552,2.89533,6.555955,56.972146,2.247832,2.31457,0.305864
1,2,1789523833.366765738,3.013439,6.57957,56.781673,2.244588,2.317213,0.303292
1,2,1789523833.368770599,3.007287,6.600176,56.933827,2.237633,2.312017,0.298776
1,2,1789523833.369848490,2.924836,6.583126,56.910423,2.245823,2.316095,0.302083
1,2,1789523833.370951176,2.902841,6.541811,56.90163,2.24942,2.312565,0.30825
1,2,1789523833.371632099,2.938563,6.611445,56.94295,2.246736,2.310731,0.304347
1,2,1789523833.373904943,3.007287,6.600176,56.933827,2.237633,2.312017,0.298776
1,2,1789523833.374741077,2.924836,6.583126,56.910423,2.245823,2.316095,0.302083
1,2,1789523833.375835896,2.903946,6.513285,56.885668,2.251976,2.308519,0.309639
1,2,1789523833.376613379,2.85748,6.56599,56.981598,2.250076,2.313566,0.305732
1,2,1789523833.378825426,3.007287,6.600176,56.933827,2.237633,2.312017,0.298776
1,2,1789523833.379720926,2.924836,6.583126,56.910423,2.245823,2.316095,0.302083
1,2,1789523833.380473137,2.954288,6.513305,56.598155,2.249004,2.317531,0.311308
1,2,1789523833.381622791,2.83901,6.560033,56.950309,2.247698,2.308648,0.309101
1,2,1789523833.383802652,3.007287,6.600176,56.933827,2.237633,2.312017,0.298776
1,2,1789523833.385077953,2.924836,6.583126,56.910423,2.245823,2.316095,0.302083
1,2,1789523833.385857821,2.974213,6.533842,56.982746,2.249722,2.310946,0.306459
1,2,1789523833.386574030,2.920303,6.467434,56.90762,2.251225,2.312817,0.312578
1,2,1789523833.388738871,3.007287,6.600176,56.933827,2.237633,2.312017,0.298776
1,2,1789523833.389843225,2.924836,6.583126,56.910423,2.245823,2.316095,0.302083
1,2,1789523833.390663147,3.014254,6.554788,56.841606,2.25176,2.318291,0.306132
1,2,1789523833.391382217,2.989344,6.497336,57.143203,2.250159,2.313992,0.30243
1,2,1789523833.393738985,3.007287,6.600176,56.933827,2.237633,2.312017,0.298776
1,2,1789523833.394900799,2.924836,6.583126,56.910423,2.245823,2.316095,0.302083
1,2,1789523833.395387173,2.957861,6.627255,56.776394,2.245146,2.31691,0.305581
1,2,1789523833.396015644,3.070097,6.560572,56.927006,2.24822,2.319764,0.307459
1,2,1789523833.398775816,3.007287,6.600176,56.933827,2.237633,2.312017,0.298776
1,2,1789523833.400911570,2.924836,6.583126,56.910423,2.245823,2.316095,0.302083
1,2,1789523833.401797056,2.921416,6.592328,56.995552,2.247964,2.313924,0.302674
1,2,1789523833.402661562,3.010248,6.616046,56.916268,2.245086,2.315163,0.305705
1,2,1789523833.404068470,3.007287,6.600176,56.933827,2.237633,2.312017,0.298776
1,2,1789523833.405379772,2.924836,6.583126,56.910423,2.245823,2.316095,0.302083
1,2,1789523833.406172752,2.859388,6.529554,56.840692,2.254389,2.310971,0.310762
1,2,1789523833.406986237,2.972763,6.638629,57.048558,2.250552,2.31804,0.294976
1,2,1789523833.409919262,3.007287,6.600176,56.933827,2.237633,2.312017,0.298776
1,2,1789523833.410706282,2.874951,6.525851,56.913401,2.246851,2.311943,0.309893
1,2,1789523833.411173344,2.924836,6.583126,56.910423,2.245823,2.316095,0.302083
1,2,1789523833.411634445,2.878884,6.578088,56.966131,2.249992,2.313266,0.301623
1,2,1789523833.414470196,3.007287,6.600176,56.933827,2.237633,2.312017,0.298776
1,2,1789523833.415241718,2.924836,6.583126,56.910423,2.245823,2.316095,0.302083
1,2,1789523833.416698933,2.901716,6.471815,57.074438,2.25202,2.313625,0.306124
1,2,1789523833.417343855,2.869256,6.514875,56.8277,2.252741,2.309322,0.308275
1,2,1789523833.419000864,3.007287,6.600176,56.933827,2.237633,2.312017,0.298776
1,2,1789523833.420183897,2.924836,6.583126,56.910423,2.245823,2.316095,0.302083
1,2,1789523833.421008825,2.997017,6.582329,56.958266,2.248547,2.31571,0.302933
1,2,1789523833.421729803,2.916378,6.434421,56.770556,2.253396,2.315722,0.314665
1,2,1789523833.425768852,3.007287,6.600176,56.933827,2.237633,2.312017,0.298776
1,2,1789523833.426298618,2.924836,6.583126,56.910423,2.245823,2.316095,0.302083
1,2,1789523833.427007437,3.066234,6.582031,56.935213,2.246788,2.317284,0.300286
1,2,1789523833.427672863,2.940999,6.497991,57.022284,2.246717,2.312691,0.308383
1,2,1789523833.429066658,3.007287,6.600176,56.933827,2.237633,2.312017,0.298776
1,2,1789523833.430595160,2.924836,6.583126,56.910423,2.245823,2.316095,0.302083
1,2,1789523833.431365967,3.004897,6.553297,57.085376,2.247874,2.314519,0.294842
1,2,1789523833.432116270,3.028371,6.552101,56.851501,2.249414,2.320005,0.306772
1,2,1789523833.434267759,3.007287,6.600176,56.933827,2.237633,2.312017,0.298776
1,2,1789523833.435360670,2.924836,6.583126,56.910423,2.245823,2.316095,0.302083
1,2,1789523833.436121941,2.978227,6.578932,56.973312,2.251425,2.317437,0.300761
1,2,1789523833.436898470,2.989369,6.608558,56.880078,2.242383,2.316402,0.306574
1,2,1789523833.438772917,3.007287,6.600176,56.933827,2.237633,2.312017,0.298776
1,2,1789523833.439898014,2.870642,6.537819,56.826599,2.252313,2.314228,0.307992
1,2,1789523833.440630674,2.924836,6.583126,56.910423,2.245823,2.316095,0.302083
1,2,1789523833.441969872,2.997119,6.591087,57.074781,2.250375,2.315915,0.293911
1,2,1789523833.444944143,3.007287,6.600176,56.933827,2.237633,2.312017,0.298776
1,2,1789523833.445739985,2.888204,6.562188,56.788753,2.24766,2.31123,0.307192
1,2,1789523833.446492195,2.924836,6.583126,56.910423,2.245823,2.316095,0.302083
1,2,1789523833.447253942,2.928572,6.566788,56.967689,2.251585,2.316962,0.297052
1,2,1789523833.450609446,3.007287,6.600176,56.933827,2.237633,2.312017,0.298776
1,2,1789523833.451385260,2.924836,6.583126,56.910423,2.245823,2.316095,0.302083
1,2,1789523833.452157497,2.88472,6.542804,57.014897,2.25399,2.311837,0.30915
1,2,1789523833.452939272,2.918305,6.480886,56.968671,2.254786,2.314715,0.303925
1,2,1789523833.454049587,3.007287,6.600176,56.933827,2.237633,2.312017,0.298776
1,2,1789523833.454823971,2.924836,6.583126,56.910423,2.245823,2.316095,0.302083
1,2,1789523833.455372810,2.976505,6.545086,56.868583,2.249678,2.319881,0.311835
1,2,1789523833.456112146,2.916218,6.516915,57.109855,2.250774,2.317458,0.305172
1,2,1789523833.458758116,3.007287,6.600176,56.933827,2.237633,2.312017,0.298776
1,2,1789523833.459522247,2.924836,6.583126,56.910423,2.245823,2.316095,0.302083
1,2,1789523833.460293293,2.992223,6.519347,56.991405,2.249684,2.313692,0.306439
1,2,1789523833.461045742,2.899063,6.541279,56.918481,2.248753,2.310781,0.312994
1,2,1789523833.463811874,3.007287,6.600176,56.933827,2.237633,2.312017,0.298776
1,2,1789523833.465264082,2.924836,6.583126,56.910423,2.245823,2.316095,0.302083
1,2,1789523833.465848923,3.041933,6.527153,57.103186,2.251733,2.319964,0.295047
1,2,1789523833.466302156,3.021693,6.541205,56.794401,2.2508,2.320734,0.306047
1,2,1789523833.468778849,3.007287,6.600176,56.933827,2.237633,2.312017,0.298776
1,2,1789523833.470549583,2.924836,6.583126,56.910423,2.245823,2.316095,0.302083
1,2,1789523833.471343756,2.956148,6.603265,56.944738,2.245563,2.31351,0.299821
1,2,1789523833.471855164,2.996813,6.558512,56.851611,2.246045,2.310232,0.305734
1,2,1789523833.473854542,3.007287,6.600176,56.933827,2.237633,2.312017,0.298776
1,2,1789523833.475080967,2.924836,6.583126,56.910423,2.245823,2.316095,0.302083
1,2,1789523833.475860119,2.901031,6.564622,56.850784,2.24835,2.315724,0.305666
1,2,1789523833.476635695,3.011754,6.549477,57.012573,2.251329,2.31638,0.296085
1,2,1789523833.478767395,3.007287,6.600176,56.933827,2.237633,2.312017,0.298776
1,2,1789523833.480344534,2.924836,6.583126,56.910423,2.245823,2.316095,0.302083
1,2,1789523833.480874300,2.868601,6.539653,57.10117,2.251056,2.312059,0.304805
1,2,1789523833.481302261,2.986714,6.608898,56.898599,2.249517,2.318679,0.300586
1,2,1789523833.483834028,3.007287,6.600176,56.933827,2.237633,2.312017,0.298776
1,2,1789523833.484504223,2.924836,6.583126,56.910423,2.245823,2.316095,0.302083
1,2,1789523833.485175848,2.887954,6.514713,56.948649,2.251733,2.312017,0.308617
1,2,1789523833.485928774,2.873385,6.564117,56.934994,2.246434,2.308621,0.305193
1,2,1789523833.488680363,3.007287,6.600176,56.933827,2.237633,2.312017,0.298776
1,2,1789523833.489626408,2.924836,6.583126,56.910423,2.245823,2.316095,0.302083
1,2,1789523833.490367413,2.942632,6.498265,56.780363,2.250918,2.314278,0.314551
1,2,1789523833.491111279,2.845675,6.519911,57.060655,2.252277,2.312816,0.302799
1,2,1789523833.493682384,3.007287,6.600176,56.933827,2.237633,2.312017,0.298776
1,2,1789523833.494671106,2.924836,6.583126,56.910423,2.245823,2.316095,0.302083
1,2,1789523833.495404243,2.979941,6.536135,56.885357,2.247518,2.31615,0.310299
1,2,1789523833.496856689,2.852313,6.516032,56.937552,2.248276,2.310422,0.31336
1,2,1789523833.498782396,3.007287,6.600176,56.933827,2.237633,2.312017,0.298776
1,2,1789523833.500319958,2.924836,6.583126,56.910423,2.245823,2.316095,0.302083
1,2,1789523833.500867128,3.030738,6.574243,57.046484,2.252166,2.316422,0.299886
1,2,1789523833.501318216,2.939332,6.488486,56.920807,2.247803,2.314221,0.309147
1,2,1789523833.503946304,3.007287,6.600176,56.933827,2.237633,2.312017,0.298776
1,2,1789523833.505583286,2.924836,6.583126,56.910423,2.245823,2.316095,0.302083
1,2,1789523833.506364822,2.99053,6.61186,56.914376,2.247638,2.317131,0.298577
1,2,1789523833.506962538,3.031695,6.532531,57.092854,2.251208,2.316106,0.299993
1,2,1789523833.508763790,3.007287,6.600176,56.933827,2.237633,2.312017,0.298776
1,2,1789523833.509632826,2.924836,6.583126,56.910423,2.245823,2.316095,0.302083
1,2,1789523833.510394096,2.969388,6.608305,56.91613,2.244688,2.314864,0.299513
1,2,1789523833.511044979,3.036494,6.621858,56.992096,2.241619,2.315144,0.300582
1,2,1789523833.513780594,3.007287,6.600176,56.933827,2.237633,2.312017,0.298776
1,2,1789523833.514545441,2.924836,6.583126,56.910423,2.245823,2.316095,0.302083
1,2,1789523833.515291452,2.900722,6.57876,56.888949,2.248004,2.309438,0.305513
1,2,1789523833.516047001,3.007815,6.608319,56.903761,2.25366,2.319116,0.297888
1,2,1789523833.518768311,3.007287,6.600176,56.933827,2.237633,2.312017,0.298776
1,2,1789523833.519670486,2.924836,6.583126,56.910423,2.245823,2.316095,0.302083
1,2,1789523833.520470619,2.864936,6.510632,56.927486,2.25266,2.311271,0.306851
1,2,1789523833.521221399,2.893427,6.610339,56.89481,2.246181,2.314359,0.303669
1,2,1789523833.523789644,3.007287,6.600176,56.933827,2.237633,2.312017,0.298776
1,2,1789523833.524588823,2.924836,6.583126,56.910423,2.245823,2.316095,0.302083
1,2,1789523833.525317430,2.902321,6.505681,56.901978,2.249565,2.313192,0.308738
1,2,1789523833.526073933,2.821729,6.550061,56.832353,2.251064,2.310335,0.311229
1,2,1789523833.528779984,3.007287,6.600176,56.933827,2.237633,2.312017,0.298776
1,2,1789523833.529594183,2.924836,6.583126,56.910423,2.245823,2.316095,0.302083
1,2,1789523833.530344248,2.981017,6.524449,56.953361,2.244664,2.3136,0.305921
1,2,1789523833.531093359,2.873644,6.488434,56.846257,2.254089,2.316628,0.309189
1,2,1789523833.533784389,3.007287,6.600176,56.933827,2.237633,2.312017,0.298776
1,2,1789523833.534618378,2.924836,6.583126,56.910423,2.245823,2.316095,0.302083
1,2,1789523833.535352945,3.018779,6.545891,56.959141,2.249256,2.309192,0.302973
1,2,1789523833.536101103,2.887449,6.488554,56.972082,2.249504,2.308932,0.311597
1,2,1789523833.538668871,3.007287,6.600176,56.933827,2.237633,2.312017,0.298776
1,2,1789523833.539450407,2.924836,6.583126,56.910423,2.245823,2.316095,0.302083
1,2,1789523833.540170431,3.006219,6.570947,56.852241,2.247635,2.317022,0.300746
1,2,1789523833.541242361,3.063052,6.514079,57.147437,2.250093,2.322055,0.299995
1,2,1789523833.543906927,3.007287,6.600176,56.933827,2.237633,2.312017,0.298776
1,2,1789523833.545408249,2.924836,6.583126,56.910423,2.245823,2.316095,0.302083
1,2,1789523833.546164513,2.945942,6.601495,56.762607,2.247803,2.316462,0.308769
1,2,1789523833.546705961,3.017349,6.566074,56.924627,2.244244,2.312702,0.305095
1,2,1789523833.548673868,3.007287,6.600176,56.933827,2.237633,2.312017,0.298776
1,2,1789523833.549809456,2.924836,6.583126,56.910423,2.245823,2.316095,0.302083
1,2,1789523833.550604820,2.921976,6.589933,57.064687,2.250494,2.317564,0.305685
1,2,1789523833.551318645,2.990545,6.612738,56.921708,2.248628,2.316948,0.297249
1,2,1789523833.553943396,3.007287,6.600176,56.933827,2.237633,2.312017,0.298776
1,2,1789523833.555408716,2.924836,6.583126,56.910423,2.245823,2.316095,0.302083
1,2,1789523833.556158066,2.854011,6.587894,56.849689,2.249277,2.310276,0.310244
1,2,1789523833.556704998,2.936496,6.599786,57.112896,2.251675,2.317091,0.294519
1,2,1789523833.558711767,3.007287,6.600176,56.933827,2.237633,2.312017,0.298776
1,2,1789523833.560272217,2.924836,6.583126,56.910423,2.245823,2.316095,0.302083
1,2,1789523833.560823202,2.878059,6.480804,56.936755,2.25648,2.31469,0.307327
1,2,1789523833.561269760,2.852585,6.626241,56.96768,2.246914,2.3062,0.30769
1,2,1789523833.564764738,3.007287,6.600176,56.933827,2.237633,2.312017,0.298776
1,2,1789523833.565358162,2.924836,6.583126,56.910423,2.245823,2.316095,0.302083
1,2,1789523833.565837383,2.913148,6.514452,57.137888,2.248119,2.310911,0.304567
1,2,1789523833.566270828,2.907153,6.50439,56.780532,2.256007,2.319331,0.309012
1,2,1789523833.569631815,3.007287,6.600176,56.933827,2.237633,2.312017,0.298776
1,2,1789523833.570269585,2.924836,6.583126,56.910423,2.245823,2.316095,0.302083
1,2,1789523833.570820808,3.059947,6.514452,56.911002,2.250411,2.319323,0.309315
1,2,1789523833.571256638,2.916628,6.512261,56.840575,2.245482,2.311939,0.311062
1,2,1789523833.575265169,3.007287,6.600176,56.933827,2.237633,2.312017,0.298776
1,2,1789523833.576041222,2.924836,6.583126,56.910423,2.245823,2.316095,0.302083
1,2,1789523833.576555729,3.041698,6.571141,56.884651,2.244962,2.313989,0.303415
1,2,1789523833.577011824,2.997731,6.485721,56.978397,2.251822,2.316028,0.304432
1,2,1789523833.578745842,3.007287,6.600176,56.933827,2.237633,2.312017,0.298776
1,2,1789523833.579537630,2.924836,6.583126,56.910423,2.245823,2.316095,0.302083
1,2,1789523833.580045223,3.045758,6.566122,57.054447,2.249707,2.317435,0.293134
1,2,1789523833.580782175,3.008544,6.572158,56.874245,2.248945,2.317682,0.303018
1,2,1789523833.583756208,3.007287,6.600176,56.933827,2.237633,2.312017,0.298776
1,2,1789523833.584517956,2.924836,6.583126,56.910423,2.245823,2.316095,0.302083
1,2,1789523833.585246563,2.934396,6.563826,56.918986,2.247937,2.314062,0.30145
1,2,1789523833.586678982,2.974219,6.590477,56.933975,2.245884,2.314966,0.299108
1,2,1789523833.589203358,3.007287,6.600176,56.933827,2.237633,2.312017,0.298776
1,2,1789523833.590028048,2.924836,6.583126,56.910423,2.245823,2.316095,0.302083
1,2,1789523833.590812206,2.905356,6.54771,56.819288,2.246648,2.313063,0.309222
1,2,1789523833.591539383,2.958271,6.570638,57.113083,2.252896,2.316638,0.294745
1,2,1789523833.593753815,3.007287,6.600176,56.933827,2.237633,2.312017,0.298776
1,2,1789523833.595200777,2.924836,6.583126,56.910423,2.245823,2.316095,0.302083
1,2,1789523833.595963478,2.902657,6.51235,56.813793,2.251977,2.314439,0.311974
1,2,1789523833.596707582,2.90184,6.571333,56.950763,2.248828,2.316981,0.304228
1,2,1789523833.598778963,3.007287,6.600176,56.933827,2.237633,2.312017,0.298776
1,2,1789523833.599419355,2.924836,6.583126,56.910423,2.245823,2.316095,0.302083
1,2,1789523833.600141048,2.88507,6.513857,57.032156,2.253992,2.313028,0.302476
1,2,1789523833.600908518,2.922527,6.521177,56.875538,2.246649,2.313815,0.309744
1,2,1789523833.603755236,3.007287,6.600176,56.933827,2.237633,2.312017,0.298776
1,2,1789523833.605548620,2.924836,6.583126,56.910423,2.245823,2.316095,0.302083
1,2,1789523833.606304169,2.995009,6.546286,56.833137,2.247743,2.320603,0.307025
1,2,1789523833.607040167,2.919389,6.48876,57.071975,2.24817,2.31156,0.304262
1,2,1789523833.609678030,3.007287,6.600176,56.933827,2.237633,2.312017,0.298776
1,2,1789523833.610348463,2.924836,6.583126,56.910423,2.245823,2.316095,0.302083
1,2,1789523833.610935450,2.963793,6.530057,56.943662,2.249677,2.315255,0.305731
1,2,1789523833.611372709,2.911436,6.499701,56.949222,2.251336,2.311505,0.309039
1,2,1789523833.613904953,3.007287,6.600176,56.933827,2.237633,2.312017,0.298776
1,2,1789523833.615163088,2.924836,6.583126,56.910423,2.245823,2.316095,0.302083
1,2,1789523833.615705490,3.009087,6.566963,57.137288,2.251422,2.318815,0.292651
1,2,1789523833.616160870,2.944685,6.545193,56.787764,2.250075,2.317143,0.307312
1,2,1789523833.618732691,3.007287,6.600176,56.933827,2.237633,2.312017,0.298776
1,2,1789523833.619499683,2.924836,6.583126,56.910423,2.245823,2.316095,0.302083
1,2,1789523833.620790958,2.992657,6.571534,56.827941,2.247657,2.315807,0.309036
1,2,1789523833.623690844,3.007287,6.600176,56.933827,2.237633,2.312017,0.298776
1,2,1789523833.624488592,2.924836,6.583126,56.910423,2.245823,2.316095,0.302083
1,2,1789523833.625798225,3.011424,6.607124,57.027115,2.24908,2.313877,0.298955
1,2,1789523833.629361868,3.007287,6.600176,56.933827,2.237633,2.312017,0.298776
1,2,1789523833.630120754,2.924836,6.583126,56.910423,2.245823,2.316095,0.302083
1,2,1789523833.630821466,2.983469,6.553139,56.792676,2.249206,2.316078,0.304324
1,2,1789523833.633775949,3.007287,6.600176,56.933827,2.237633,2.312017,0.298776
1,2,1789523833.634546995,2.924836,6.583126,56.910423,2.245823,2.316095,0.302083
1,2,1789523833.635691404,2.914225,6.533736,56.929793,2.249533,2.312867,0.308502
1,2,1789523833.638793468,3.007287,6.600176,56.933827,2.237633,2.312017,0.298776
1,2,1789523833.640011072,2.924836,6.583126,56.910423,2.245823,2.316095,0.302083
1,2,1789523833.640759468,2.84059,6.538166,57.103859,2.253356,2.313642,0.300611
1,2,1789523833.643671513,3.007287,6.600176,56.933827,2.237633,2.312017,0.298776
1,2,1789523833.644464970,2.924836,6.583126,56.910423,2.245823,2.316095,0.302083
1,2,1789523833.645665646,2.879102,6.516994,56.861843,2.256014,2.313876,0.30673
1,2,1789523833.648791313,3.007287,6.600176,56.933827,2.237633,2.312017,0.298776
1,2,1789523833.649802208,2.924836,6.583126,56.910423,2.245823,2.316095,0.302083
1,2,1789523833.650821447,2.969864,6.545958,56.887184,2.244863,2.314011,0.30515
1,2,1789523833.653832197,3.007287,6.600176,56.933827,2.237633,2.312017,0.298776
1,2,1789523833.654923201,2.924836,6.583126,56.910423,2.245823,2.316095,0.302083
1,2,1789523833.656168938,3.06804,6.520038,57.030338,2.248914,2.318247,0.302065
1,2,1789523833.658595562,3.007287,6.600176,56.933827,2.237633,2.312017,0.298776
1,2,1789523833.659380198,2.924836,6.583126,56.910423,2.245823,2.316095,0.302083
1,2,1789523833.660619974,3.089893,6.56722,56.947265,2.245098,2.316027,0.302064
1,2,1789523833.663665056,3.007287,6.600176,56.933827,2.237633,2.312017,0.298776
1,2,1789523833.664263248,2.924836,6.583126,56.910423,2.245823,2.316095,0.302083
1,2,1789523833.665745497,3.05492,6.580718,56.774306,2.242919,2.316852,0.298487
1,2,1789523833.668737650,3.007287,6.600176,56.933827,2.237633,2.312017,0.298776
1,2,1789523833.669884920,2.924836,6.583126,56.910423,2.245823,2.316095,0.302083
1,2,1789523833.670843124,2.872816,6.534305,56.858285,2.253198,2.312911,0.30424
1,2,1789523833.673676014,3.007287,6.600176,56.933827,2.237633,2.312017,0.298776
1,2,1789523833.675108194,2.924836,6.583126,56.910423,2.245823,2.316095,0.302083
1,2,1789523833.675688982,2.809139,6.611686,56.98223,2.24605,2.310187,0.305541
1,2,1789523833.678839207,3.007287,6.600176,56.933827,2.237633,2.312017,0.298776
1,2,1789523833.679581881,2.924836,6.583126,56.910423,2.245823,2.316095,0.302083
1,2,1789523833.680733204,2.870378,6.557294,56.912477,2.251465,2.315291,0.309428
1,2,1789523833.683763981,3.007287,6.600176,56.933827,2.237633,2.312017,0.298776
1,2,1789523833.684875488,2.924836,6.583126,56.910423,2.245823,2.316095,0.302083
1,2,1789523833.685952187,2.960328,6.553073,56.905857,2.24794,2.311071,0.304773
1,2,1789523833.688770771,3.007287,6.600176,56.933827,2.237633,2.312017,0.298776
1,2,1789523833.689395428,2.924836,6.583126,56.910423,2.245823,2.316095,0.302083
1,2,1789523833.690948009,3.047467,6.506573,56.95569,2.251549,2.31524,0.301596
1,2,1789523833.693849087,3.007287,6.600176,56.933827,2.237633,2.312017,0.298776
1,2,1789523833.694616079,2.924836,6.583126,56.910423,2.245823,2.316095,0.302083
1,2,1789523833.695824623,3.048316,6.527309,56.917975,2.246228,2.319264,0.301687
1,2,1789523833.698625565,3.007287,6.600176,56.933827,2.237633,2.312017,0.298776
1,2,1789523833.699689388,2.924836,6.583126,56.910423,2.245823,2.316095,0.302083
1,2,1789523833.700836420,2.950957,6.578574,56.924115,2.245675,2.314458,0.292653
1,2,1789523833.703717709,3.007287,6.600176,56.933827,2.237633,2.312017,0.298776
1,2,1789523833.705041409,2.924836,6.583126,56.910423,2.245823,2.316095,0.302083
1,2,1789523833.705569267,2.920593,6.614268,57.092697,2.251069,2.315046,0.293166
1,2,1789523833.708765984,3.007287,6.600176,56.933827,2.237633,2.312017,0.298776
1,2,1789523833.709953070,2.924836,6.583126,56.910423,2.245823,2.316095,0.302083
1,2,1789523833.710817575,2.853145,6.611544,56.959503,2.245952,2.312475,0.309224
1,2,1789523833.714011431,3.007287,6.600176,56.933827,2.237633,2.312017,0.298776
1,2,1789523833.714844942,2.924836,6.583126,56.910423,2.245823,2.316095,0.302083
1,2,1789523833.715581417,2.880094,6.552281,56.82392,2.251011,2.317463,0.312636
1,2,1789523833.718609571,3.007287,6.600176,56.933827,2.237633,2.312017,0.298776
1,2,1789523833.719311714,2.924836,6.583126,56.910423,2.245823,2.316095,0.302083
1,2,1789523833.720804214,2.913002,6.505862,56.860902,2.252768,2.313283,0.312264
1,2,1789523833.723648071,3.007287,6.600176,56.933827,2.237633,2.312017,0.298776
1,2,1789523833.724165201,2.924836,6.583126,56.910423,2.245823,2.316095,0.302083
1,2,1789523833.725832701,2.968269,6.495619,57.035623,2.251125,2.311704,0.304801
1,2,1789523833.728737354,3.007287,6.600176,56.933827,2.237633,2.312017,0.298776
1,2,1789523833.729289770,2.924836,6.583126,56.910423,2.245823,2.316095,0.302083
1,2,1789523833.730552673,2.999998,6.520157,56.90028,2.252282,2.317554,0.308082
1,2,1789523833.733791828,3.007287,6.600176,56.933827,2.237633,2.312017,0.298776
1,2,1789523833.734557867,2.924836,6.583126,56.910423,2.245823,2.316095,0.302083
1,2,1789523833.735821247,2.961933,6.605391,56.91943,2.244615,2.313515,0.307611
1,2,1789523833.738776684,3.007287,6.600176,56.933827,2.237633,2.312017,0.298776
1,2,1789523833.739875793,2.924836,6.583126,56.910423,2.245823,2.316095,0.302083
1,2,1789523833.740948677,2.948251,6.60569,57.06507,2.247573,2.315142,0.299562
1,2,1789523833.743937492,3.007287,6.600176,56.933827,2.237633,2.312017,0.298776
1,2,1789523833.744653463,2.924836,6.583126,56.910423,2.245823,2.316095,0.302083
1,2,1789523833.745735645,2.912835,6.583365,56.935934,2.24744,2.31099,0.305989
1,2,1789523833.748776436,3.007287,6.600176,56.933827,2.237633,2.312017,0.298776
1,2,1789523833.749629021,2.924836,6.583126,56.910423,2.245823,2.316095,0.302083
1,2,1789523833.750659227,2.910182,6.504906,56.876238,2.251785,2.312445,0.31005
1,2,1789523833.753757000,3.007287,6.600176,56.933827,2.237633,2.312017,0.298776
1,2,1789523833.754837751,2.924836,6.583126,56.910423,2.245823,2.316095,0.302083
1,2,1789523833.755559444,2.893738,6.447315,57.059633,2.251792,2.312549,0.308614
1,2,1789523833.759482861,3.007287,6.600176,56.933827,2.237633,2.312017,0.298776
1,2,1789523833.759985924,2.924836,6.583126,56.910423,2.245823,2.316095,0.302083
1,2,1789523833.760586500,2.934121,6.521012,56.965561,2.248236,2.314468,0.307841
1,2,1789523833.763762474,3.007287,6.600176,56.933827,2.237633,2.312017,0.298776
1,2,1789523833.764521360,2.924836,6.583126,56.910423,2.245823,2.316095,0.302083
1,2,1789523833.765811205,3.004267,6.563251,56.778308,2.24939,2.31704,0.307163
1,2,1789523833.768761158,3.007287,6.600176,56.933827,2.237633,2.312017,0.298776
1,2,1789523833.769531488,2.924836,6.583126,56.910423,2.245823,2.316095,0.302083
1,2,1789523833.770792007,3.024311,6.615128,56.825074,2.247302,2.317228,0.307121
1,2,1789523833.773780107,3.007287,6.600176,56.933827,2.237633,2.312017,0.298776
1,2,1789523833.774551153,2.924836,6.583126,56.910423,2.245823,2.316095,0.302083
1,2,1789523833.775792360,2.992198,6.568135,56.985535,2.253095,2.321904,0.303216
1,2,1789523833.778717756,3.007287,6.600176,56.933827,2.237633,2.312017,0.298776
1,2,1789523833.779287338,2.924836,6.583126,56.910423,2.245823,2.316095,0.302083
1,2,1789523833.780563116,2.903009,6.563334,56.883497,2.248976,2.318272,0.303012
1,2,1789523833.783675671,3.007287,6.600176,56.933827,2.237633,2.312017,0.298776
1,2,1789523833.784534454,2.924836,6.583126,56.910423,2.245823,2.316095,0.302083
1,2,1789523833.785777807,2.915476,6.527663,56.935993,2.249732,2.313083,0.300446
1,2,1789523833.788811445,3.007287,6.600176,56.933827,2.237633,2.312017,0.298776
1,2,1789523833.789962292,2.924836,6.583126,56.910423,2.245823,2.316095,0.302083
1,2,1789523833.791031599,2.877752,6.497588,57.080314,2.254273,2.311738,0.303482
1,2,1789523833.793977022,3.007287,6.600176,56.933827,2.237633,2.312017,0.298776
1,2,1789523833.794746876,2.924836,6.583126,56.910423,2.245823,2.316095,0.302083
1,2,1789523833.795787096,2.911508,6.514946,56.88129,2.248139,2.3146,0.313595
1,2,1789523833.798749924,3.007287,6.600176,56.933827,2.237633,2.312017,0.298776
1,2,1789523833.799578428,2.924836,6.583126,56.910423,2.245823,2.316095,0.302083
1,2,1789523833.800884008,2.971885,6.540776,56.922194,2.249575,2.315579,0.30993
1,2,1789523833.803749323,3.007287,6.600176,56.933827,2.237633,2.312017,0.298776
1,2,1789523833.804558516,2.924836,6.583126,56.910423,2.245823,2.316095,0.302083
1,2,1789523833.805886507,3.044718,6.535849,57.124877,2.247718,2.317861,0.296842
1,2,1789523833.808898449,3.007287,6.600176,56.933827,2.237633,2.312017,0.298776
1,2,1789523833.809708834,2.924836,6.583126,56.910423,2.245823,2.316095,0.302083
1,2,1789523833.810848951,3.027778,6.571402,56.915548,2.245005,2.313594,0.299229
1,2,1789523833.813705683,3.007287,6.600176,56.933827,2.237633,2.312017,0.298776
1,2,1789523833.814489365,2.924836,6.583126,56.910423,2.245823,2.316095,0.302083
1,2,1789523833.815767288,2.98198,6.554575,56.758561,2.248599,2.313931,0.300025
1,2,1789523833.818706989,3.007287,6.600176,56.933827,2.237633,2.312017,0.298776
1,2,1789523833.820050240,2.924836,6.583126,56.910423,2.245823,2.316095,0.302083
1,2,1789523833.820845842,2.895862,6.57611,56.878909,2.247653,2.315269,0.305702
1,2,1789523833.823693514,3.007287,6.600176,56.933827,2.237633,2.312017,0.298776
1,2,1789523833.824841738,2.924836,6.583126,56.910423,2.245823,2.316095,0.302083
1,2,1789523833.825698137,2.82067,6.577249,56.99548,2.249105,2.310322,0.308285
1,2,1789523833.829260588,3.007287,6.600176,56.933827,2.237633,2.312017,0.298776
1,2,1789523833.829805851,2.924836,6.583126,56.910423,2.245823,2.316095,0.302083
1,2,1789523833.830625772,2.908653,6.541478,56.855923,2.254259,2.317754,0.309297
1,2,1789523833.833588362,3.007287,6.600176,56.933827,2.237633,2.312017,0.298776
1,2,1789523833.834299564,2.924836,6.583126,56.910423,2.245823,2.316095,0.302083
1,2,1789523833.835574865,2.961199,6.48901,56.940775,2.248403,2.312236,0.309821
1,2,1789523833.839770555,3.007287,6.600176,56.933827,2.237633,2.312017,0.298776
1,2,1789523833.840363979,2.924836,6.583126,56.910423,2.245823,2.316095,0.302083
1,2,1789523833.840847731,3.024352,6.506951,57.031248,2.250637,2.315945,0.30241
1,2,1789523833.843765259,3.007287,6.600176,56.933827,2.237633,2.312017,0.298776
1,2,1789523833.844526052,2.924836,6.583126,56.910423,2.245823,2.316095,0.302083
1,2,1789523833.845817089,3.004736,6.593578,56.954135,2.249117,2.316081,0.300212
1,2,1789523833.848671436,3.007287,6.600176,56.933827,2.237633,2.312017,0.298776
1,2,1789523833.849208117,2.924836,6.583126,56.910423,2.245823,2.316095,0.302083
1,2,1789523833.850748301,3.039912,6.650628,56.899819,2.243569,2.316854,0.301086
1,2,1789523833.853815079,3.007287,6.600176,56.933827,2.237633,2.312017,0.298776
1,2,1789523833.855032206,2.924836,6.583126,56.910423,2.245823,2.316095,0.302083
1,2,1789523833.855970621,2.94596,6.607755,56.565817,2.248583,2.310947,0.307169
1,2,1789523833.858776569,3.007287,6.600176,56.933827,2.237633,2.312017,0.298776
1,2,1789523833.860320807,2.924836,6.583126,56.910423,2.245823,2.316095,0.302083
1,2,1789523833.861091137,2.849317,6.544831,56.972411,2.25186,2.310653,0.30556
1,2,1789523833.863716841,3.007287,6.600176,56.933827,2.237633,2.312017,0.298776
1,2,1789523833.864977360,2.924836,6.583126,56.910423,2.245823,2.316095,0.302083
1,2,1789523833.866050005,2.863347,6.498062,56.889943,2.249468,2.313336,0.313059
1,2,1789523833.868740082,3.007287,6.600176,56.933827,2.237633,2.312017,0.298776
1,2,1789523833.869517326,2.924836,6.583126,56.910423,2.245823,2.316095,0.302083
1,2,1789523833.871389389,2.902686,6.499564,56.845785,2.249734,2.312241,0.314497
1,2,1789523833.873787403,3.007287,6.600176,56.933827,2.237633,2.312017,0.298776
1,2,1789523833.874879122,2.924836,6.583126,56.910423,2.245823,2.316095,0.302083
1,2,1789523833.875944614,3.016849,6.545904,57.023979,2.246044,2.312929,0.303254
1,2,1789523833.879962683,3.007287,6.600176,56.933827,2.237633,2.312017,0.298776
1,2,1789523833.880729198,2.924836,6.583126,56.910423,2.245823,2.316095,0.302083
1,2,1789523833.881480455,3.022332,6.589879,56.810037,2.246726,2.313663,0.303112
1,2,1789523833.883747339,3.007287,6.600176,56.933827,2.237633,2.312017,0.298776
1,2,1789523833.885124207,2.924836,6.583126,56.910423,2.245823,2.316095,0.302083
1,2,1789523833.885744333,3.026769,6.629562,56.912213,2.24311,2.316443,0.303169
1,2,1789523833.888793945,3.007287,6.600176,56.933827,2.237633,2.312017,0.298776
1,2,1789523833.889565945,2.924836,6.583126,56.910423,2.245823,2.316095,0.302083
1,2,1789523833.890791416,2.970759,6.618812,57.118221,2.249764,2.315705,0.297799
1,2,1789523833.893749714,3.007287,6.600176,56.933827,2.237633,2.312017,0.298776
1,2,1789523833.894948006,2.924836,6.583126,56.910423,2.245823,2.316095,0.302083
1,2,1789523833.896291018,2.908285,6.529075,56.891641,2.254955,2.316902,0.3022
1,2,1789523833.899005651,3.007287,6.600176,56.933827,2.237633,2.312017,0.298776
1,2,1789523833.900099993,2.924836,6.583126,56.910423,2.245823,2.316095,0.302083
1,2,1789523833.901173353,2.876437,6.537425,56.917773,2.248078,2.309509,0.306318
1,2,1789523833.903893709,2.870415,6.504998,56.942575,2.255101,2.313698,0.310906
1,2,1789523833.904682636,2.924836,6.583126,56.910423,2.245823,2.316095,0.302083
1,2,1789523833.905760765,2.94814,6.465118,57.046669,2.252424,2.316994,0.306661
1,2,1789523833.910085201,2.94846,6.576382,56.91841,2.24657,2.314976,0.307223
1,2,1789523833.910882235,2.924836,6.583126,56.910423,2.245823,2.316095,0.302083
1,2,1789523833.911480904,2.922951,6.516339,56.973374,2.248475,2.313447,0.306764
1,2,1789523833.915137768,3.042748,6.577987,56.968138,2.244147,2.314502,0.303293
1,2,1789523833.915785313,2.924836,6.583126,56.910423,2.245823,2.316095,0.302083
1,2,1789523833.916240215,3.01999,6.514135,56.812397,2.252441,2.319895,0.305672
1,2,1789523833.918710232,2.911402,6.60382,56.938879,2.24695,2.310831,0.301712
1,2,1789523833.919404984,2.924836,6.583126,56.910423,2.245823,2.316095,0.302083
1,2,1789523833.921055794,3.050097,6.633883,56.838078,2.243164,2.31738,0.303458
1,2,1789523833.923861742,2.857421,6.605173,56.914949,2.240965,2.311523,0.304426
1,2,1789523833.924646854,2.924836,6.583126,56.910423,2.245823,2.316095,0.302083
1,2,1789523833.926061630,2.991974,6.601778,56.971577,2.250623,2.315987,0.299365
1,2,1789523833.928736925,2.882503,6.510055,56.749416,2.248732,2.311239,0.312142
1,2,1789523833.929389238,2.924836,6.583126,56.910423,2.245823,2.316095,0.302083
1,2,1789523833.930808306,2.964387,6.57084,56.888539,2.253862,2.318875,0.300233
1,2,1789523833.933946371,3.079028,6.491946,56.913727,2.247271,2.31602,0.304824
1,2,1789523833.934720278,2.924836,6.583126,56.910423,2.245823,2.316095,0.302083
1,2,1789523833.935811996,2.871629,6.531999,56.913497,2.249561,2.306471,0.309266
1,2,1789523833.939107895,3.008449,6.598075,56.760805,2.250198,2.319861,0.301926
1,2,1789523833.940156221,2.924836,6.583126,56.910423,2.245823,2.316095,0.302083
1,2,1789523833.940858603,2.904238,6.524248,57.086983,2.253548,2.318794,0.308526
1,2,1789523833.943676949,2.88746,6.62685,56.947474,2.253354,2.319009,0.308016
1,2,1789523833.944375515,2.924836,6.583126,56.910423,2.245823,2.316095,0.302083
1,2,1789523833.945822239,2.890837,6.573541,56.968309,2.248865,2.309826,0.308792
1,2,1789523833.948789597,2.90069,6.492686,56.838736,2.255084,2.313964,0.31004
1,2,1789523833.950507402,2.924836,6.583126,56.910423,2.245823,2.316095,0.302083
1,2,1789523833.951287270,3.007891,6.490853,56.90154,2.25482,2.31741,0.309015
1,2,1789523833.953960180,3.066747,6.458294,56.920611,2.253963,2.318368,0.303579
1,2,1789523833.954744101,2.924836,6.583126,56.910423,2.245823,2.316095,0.302083
1,2,1789523833.955812454,3.029212,6.551853,57.018464,2.243564,2.312262,0.30567
1,2,1789523833.958726168,3.01249,6.553222,56.714092,2.246881,2.315961,0.307729
1,2,1789523833.959846735,2.924836,6.583126,56.910423,2.245823,2.316095,0.302083
1,2,1789523833.960839272,3.042997,6.55439,56.996068,2.253937,2.315599,0.303414
1,2,1789523833.963698864,2.896758,6.583438,56.910553,2.249766,2.31672,0.302156
1,2,1789523833.964464664,2.924836,6.583126,56.910423,2.245823,2.316095,0.302083
1,2,1789523833.965919971,3.007657,6.597698,56.796927,2.246312,2.318055,0.301069
1,2,1789523833.968803883,2.929347,6.524056,56.826059,2.252528,2.317329,0.308106
1,2,1789523833.969590425,2.924836,6.583126,56.910423,2.245823,2.316095,0.302083
1,2,1789523833.970833302,2.887562,6.60128,56.86636,2.246287,2.307331,0.302566
1,2,1789523833.973702908,2.985816,6.499272,56.919932,2.25377,2.317536,0.308842
1,2,1789523833.974364758,2.924836,6.583126,56.910423,2.245823,2.316095,0.302083
1,2,1789523833.976801634,2.883889,6.494665,56.979256,2.253566,2.316399,0.304869
1,2,1789523833.978777647,3.028573,6.541322,56.943721,2.249479,2.317619,0.306032
1,2,1789523833.979552984,2.924836,6.583126,56.910423,2.245823,2.316095,0.302083
1,2,1789523833.980726719,2.908066,6.531825,56.864716,2.24496,2.308947,0.314242
1,2,1789523833.983916998,2.983215,6.630153,56.936768,2.247114,2.321855,0.301488
1,2,1789523833.985172987,2.924836,6.583126,56.910423,2.245823,2.316095,0.302083
1,2,1789523833.985942841,2.937645,6.47486,56.932015,2.253307,2.315725,0.310552
1,2,1789523833.988831282,2.913919,6.537808,56.797127,2.25095,2.315869,0.301128
1,2,1789523833.989739895,2.924836,6.583126,56.910423,2.245823,2.316095,0.302083
1,2,1789523833.990856647,3.02325,6.569648,57.113274,2.247549,2.314766,0.300878
1,2,1789523833.993709803,2.884357,6.456521,56.902652,2.254268,2.307038,0.308665
1,2,1789523833.994654417,2.924836,6.583126,56.910423,2.245823,2.316095,0.302083
1,2,1789523833.995993137,3.011586,6.610055,56.908107,2.243018,2.314081,0.300311
1,2,1789523833.998817682,2.95151,6.513724,56.915268,2.250289,2.3117,0.305082
1,2,1789523834.000787258,2.924836,6.583126,56.910423,2.245823,2.316095,0.302083
1,2,1789523834.001608372,3.037127,6.619701,56.891391,2.245456,2.318803,0.302012
1,2,1789523834.004227161,3.042769,6.619879,56.891248,2.24578,2.321436,0.302213
1,2,1789523834.005122423,2.924836,6.583126,56.910423,2.245823,2.316095,0.302083
1,2,1789523834.006011248,2.918359,6.603809,56.921498,2.245308,2.307176,0.302131
1,2,1789523834.008762121,2.964744,6.596714,56.778217,2.247997,2.317746,0.300911
1,2,1789523834.009371281,2.924836,6.583126,56.910423,2.245823,2.316095,0.302083
1,2,1789523834.010782480,2.932046,6.504362,56.87124,2.250469,2.316798,0.30123
1,2,1789523834.014116764,2.838168,6.514059,56.930217,2.254074,2.308546,0.308269
1,2,1789523834.015060663,2.924836,6.583126,56.910423,2.245823,2.316095,0.302083
1,2,1789523834.016749144,2.849668,6.533093,56.836037,2.245105,2.304762,0.313211
1,2,1789523834.018798351,2.911685,6.499469,56.936993,2.252939,2.312389,0.313285
1,2,1789523834.019578218,2.924836,6.583126,56.910423,2.245823,2.316095,0.302083
1,2,1789523834.021014690,2.936528,6.479703,56.715192,2.251159,2.315192,0.31471
1,2,1789523834.023781776,3.057235,6.577111,56.955473,2.248631,2.318219,0.301464
1,2,1789523834.025783300,2.924836,6.583126,56.910423,2.245823,2.316095,0.302083
1,2,1789523834.026526928,2.976691,6.564827,57.035239,2.249475,2.315817,0.304675
1,2,1789523834.028611898,2.94409,6.530649,56.744653,2.253633,2.319038,0.303694
1,2,1789523834.029585838,2.924836,6.583126,56.910423,2.245823,2.316095,0.302083
1,2,1789523834.030908346,3.032236,6.585484,56.873542,2.244026,2.314929,0.302269
1,2,1789523834.033758879,2.872101,6.53945,56.906417,2.252995,2.314197,0.305417
1,2,1789523834.035147429,2.924836,6.583126,56.910423,2.245823,2.316095,0.302083
1,2,1789523834.035882473,3.03514,6.560212,56.951665,2.254434,2.319299,0.299084
1,2,1789523834.038777590,2.913941,6.517193,56.886027,2.25334,2.310485,0.310063
1,2,1789523834.039559841,2.924836,6.583126,56.910423,2.245823,2.316095,0.302083
1,2,1789523834.040840387,2.964249,6.614268,57.154889,2.245474,2.31459,0.2974
1,2,1789523834.043600559,2.947452,6.51497,56.950647,2.250001,2.31452,0.310278
1,2,1789523834.044714928,2.924836,6.583126,56.910423,2.245823,2.316095,0.302083
1,2,1789523834.046728134,2.904378,6.556823,56.945564,2.249439,2.312694,0.3065
1,2,1789523834.048811674,3.002847,6.569135,56.700052,2.247597,2.316356,0.304574
1,2,1789523834.050009012,2.924836,6.583126,56.910423,2.245823,2.316095,0.302083
1,2,1789523834.051078796,2.870768,6.537258,56.914049,2.255182,2.310323,0.30995
1,2,1789523834.054156542,2.987717,6.599503,56.960508,2.250281,2.321808,0.298878
1,2,1789523834.055185318,2.924836,6.583126,56.910423,2.245823,2.316095,0.302083
1,2,1789523834.056572914,2.887751,6.521686,57.020279,2.24836,2.316633,0.307322
1,2,1789523834.059210300,2.886184,6.483421,56.879152,2.250699,2.313025,0.31213
1,2,1789523834.059967041,2.924836,6.583126,56.910423,2.245823,2.316095,0.302083
1,2,1789523834.060833454,2.927766,6.491677,56.949293,2.252418,2.314456,0.309457
1,2,1789523834.063977718,2.919163,6.507409,56.927994,2.251188,2.314459,0.307624
1,2,1789523834.064564466,2.924836,6.583126,56.910423,2.245823,2.316095,0.302083
1,2,1789523834.065662622,3.043403,6.500959,56.849489,2.252404,2.31809,0.305482
1,2,1789523834.069092274,3.051622,6.578455,56.971897,2.244482,2.318555,0.300124
1,2,1789523834.069899559,2.924836,6.583126,56.910423,2.245823,2.316095,0.302083
1,2,1789523834.071912289,3.057797,6.578197,56.90185,2.247035,2.31655,0.302729
1,2,1789523834.073809862,2.985375,6.624191,56.909632,2.244689,2.314643,0.301251
1,2,1789523834.074426174,2.924836,6.583126,56.910423,2.245823,2.316095,0.302083
1,2,1789523834.075923681,3.027289,6.604184,57.01113,2.249311,2.317744,0.301128
1,2,1789523834.079251051,2.852525,6.540151,56.902337,2.252084,2.315916,0.309018
1,2,1789523834.079744816,2.924836,6.583126,56.910423,2.245823,2.316095,0.302083
1,2,1789523834.080687046,2.938124,6.604905,56.810342,2.248554,2.316661,0.303473
1,2,1789523834.083792448,2.89443,6.487946,56.903376,2.255638,2.315582,0.30992
1,2,1789523834.084537029,2.924836,6.583126,56.910423,2.245823,2.316095,0.302083
1,2,1789523834.085786581,2.889694,6.571322,56.930709,2.250117,2.311698,0.308741
1,2,1789523834.088865042,3.008953,6.530204,56.941369,2.247332,2.317003,0.304499
1,2,1789523834.089732170,2.924836,6.583126,56.910423,2.245823,2.316095,0.302083
1,2,1789523834.090858459,2.924841,6.484749,57.082003,2.253237,2.313995,0.304962
1,2,1789523834.093826294,3.013938,6.586276,56.975331,2.249889,2.314946,0.301813
1,2,1789523834.095715046,2.924836,6.583126,56.910423,2.245823,2.316095,0.302083
1,2,1789523834.096219301,2.943125,6.485018,56.930596,2.249017,2.313803,0.30334
1,2,1789523834.098726511,2.882915,6.587616,56.861768,2.24793,2.311488,0.306158
1,2,1789523834.099523544,2.924836,6.583126,56.910423,2.245823,2.316095,0.302083
1,2,1789523834.100811720,3.025575,6.482231,56.883488,2.249115,2.318371,0.303546
1,2,1789523834.103951454,2.845621,6.515362,56.926988,2.254424,2.311147,0.306444
1,2,1789523834.105087519,2.924836,6.583126,56.910423,2.245823,2.316095,0.302083
1,2,1789523834.106369734,3.042893,6.59055,57.119954,2.241871,2.315641,0.293167
1,2,1789523834.108914375,2.964696,6.480451,56.886964,2.249502,2.315478,0.311529
1,2,1789523834.109753370,2.924836,6.583126,56.910423,2.245823,2.316095,0.302083
1,2,1789523834.110822678,3.019977,6.594538,56.948873,2.248791,2.316306,0.296809
1,2,1789523834.113681316,3.030647,6.552522,56.939336,2.250072,2.321436,0.303528
1,2,1789523834.114420414,2.924836,6.583126,56.910423,2.245823,2.316095,0.302083
1,2,1789523834.115816355,2.941128,6.593298,56.772909,2.246018,2.314602,0.303197
1,2,1789523834.118718386,3.008379,6.64839,56.846554,2.243919,2.316322,0.296594
1,2,1789523834.119870901,2.924836,6.583126,56.910423,2.245823,2.316095,0.302083
1,2,1789523834.121046543,2.908726,6.568871,56.854437,2.244869,2.313882,0.307882
1,2,1789523834.124094248,2.847587,6.525805,56.885565,2.24981,2.306889,0.303226
1,2,1789523834.124871254,2.924836,6.583126,56.910423,2.245823,2.316095,0.302083
1,2,1789523834.125974178,2.883153,6.494656,57.033485,2.254839,2.310886,0.303192
1,2,1789523834.129064560,2.903929,6.430665,56.86778,2.251703,2.312495,0.31708
1,2,1789523834.129765987,2.924836,6.583126,56.910423,2.245823,2.316095,0.302083
1,2,1789523834.130914211,2.894074,6.50152,56.875739,2.250779,2.313379,0.309848
1,2,1789523834.133696556,3.000975,6.527935,56.913301,2.249233,2.31608,0.304269
1,2,1789523834.134610891,2.924836,6.583126,56.910423,2.245823,2.316095,0.302083
1,2,1789523834.135914326,2.934049,6.499539,56.96144,2.250648,2.315766,0.311453
1,2,1789523834.139020443,3.012871,6.640687,56.690675,2.244377,2.318408,0.304431
1,2,1789523834.139524460,2.924836,6.583126,56.910423,2.245823,2.316095,0.302083
1,2,1789523834.140826225,2.987065,6.597504,57.133698,2.24762,2.316272,0.302057
1,2,1789523834.144576788,2.923976,6.570939,56.945527,2.252653,2.317586,0.300838
1,2,1789523834.145315409,2.924836,6.583126,56.910423,2.245823,2.316095,0.302083
1,2,1789523834.146060228,2.98795,6.628186,56.931023,2.246055,2.313084,0.302858
1,2,1789523834.148859739,2.915392,6.491267,56.848819,2.252115,2.314559,0.310679
1,2,1789523834.150180578,2.924836,6.583126,56.910423,2.245823,2.316095,0.302083
1,2,1789523834.151402235,2.991833,6.606041,56.909842,2.24911,2.31727,0.301721
1,2,1789523834.154075146,2.938062,6.512969,56.961672,2.252248,2.318957,0.311873
1,2,1789523834.154872179,2.924836,6.583126,56.910423,2.245823,2.316095,0.302083
1,2,1789523834.155839443,2.922238,6.563198,56.800167,2.247615,2.314122,0.308921
1,2,1789523834.158996820,3.026836,6.556517,56.679166,2.248222,2.314548,0.302958
1,2,1789523834.159782887,2.924836,6.583126,56.910423,2.245823,2.316095,0.302083
1,2,1789523834.160789013,2.88356,6.508255,56.966749,2.250616,2.309004,0.307995
1,2,1789523834.163756609,3.006618,6.583238,56.953874,2.252768,2.321567,0.300661
1,2,1789523834.164937735,2.924836,6.583126,56.910423,2.245823,2.316095,0.302083
1,2,1789523834.165943146,2.900145,6.485832,56.909328,2.252344,2.312536,0.307451
1,2,1789523834.168737650,2.907369,6.540086,56.826661,2.251002,2.316703,0.308348
1,2,1789523834.169521093,2.924836,6.583126,56.910423,2.245823,2.316095,0.302083
1,2,1789523834.170748711,2.944159,6.547945,56.884579,2.243333,2.311445,0.30923
1,2,1789523834.173775911,2.893914,6.495506,56.933913,2.254856,2.320543,0.312167
1,2,1789523834.174551249,2.924836,6.583126,56.910423,2.245823,2.316095,0.302083
1,2,1789523834.175702333,2.956536,6.515495,56.972397,2.250317,2.312676,0.306044
1,2,1789523834.178769827,3.020977,6.536631,56.920228,2.248428,2.317644,0.302873
1,2,1789523834.179841280,2.924836,6.583126,56.910423,2.245823,2.316095,0.302083
1,2,1789523834.180893183,3.051439,6.603755,56.926792,2.2441,2.32054,0.30114
1,2,1789523834.183876038,3.002955,6.579874,56.977456,2.247839,2.314511,0.297126
1,2,1789523834.184909105,2.924836,6.583126,56.910423,2.245823,2.316095,0.302083
1,2,1789523834.185935020,2.962069,6.556033,56.939289,2.248325,2.309748,0.302134
1,2,1789523834.188702106,2.922789,6.58625,56.914228,2.245557,2.312253,0.304124
1,2,1789523834.189423800,2.924836,6.583126,56.910423,2.245823,2.316095,0.302083
1,2,1789523834.190793037,2.955402,6.562664,57.122197,2.250476,2.320964,0.295183
1,2,1789523834.193773270,2.823053,6.508258,56.937526,2.253021,2.312045,0.307393
1,2,1789523834.194799900,2.924836,6.583126,56.910423,2.245823,2.316095,0.302083
1,2,1789523834.195774794,2.872386,6.609015,56.993381,2.246176,2.311864,0.307002
1,2,1789523834.198893070,2.906172,6.503842,56.903705,2.250494,2.316963,0.31029
1,2,1789523834.199653149,2.924836,6.583126,56.910423,2.245823,2.316095,0.302083
1,2,1789523834.200943947,2.911277,6.56797,56.881131,2.248407,2.31768,0.30747
1,2,1789523834.203694105,3.06952,6.590505,56.960889,2.250211,2.319396,0.298972
1,2,1789523834.204338551,2.924836,6.583126,56.910423,2.245823,2.316095,0.302083
1,2,1789523834.206554174,2.926513,6.53564,57.004357,2.248584,2.31096,0.302312
1,2,1789523834.208784342,2.959576,6.583323,56.715335,2.251555,2.31599,0.308274
1,2,1789523834.209554911,2.924836,6.583126,56.910423,2.245823,2.316095,0.302083
1,2,1789523834.210755110,2.949092,6.463819,56.948307,2.254327,2.313315,0.302741
1,2,1789523834.213698626,2.837597,6.53252,56.914496,2.253208,2.309992,0.310231
1,2,1789523834.215549231,2.924836,6.583126,56.910423,2.245823,2.316095,0.302083
1,2,1789523834.216261625,3.0349,6.475258,56.805005,2.248621,2.322025,0.307436
1,2,1789523834.218790054,2.929919,6.45191,56.852953,2.252154,2.313028,0.307348
1,2,1789523834.220160484,2.924836,6.583126,56.910423,2.245823,2.316095,0.302083
1,2,1789523834.220833778,2.993397,6.55364,56.850879,2.244335,2.311987,0.305501
1,2,1789523834.223807573,3.025495,6.533397,56.933623,2.252536,2.318432,0.305599
1,2,1789523834.224552631,2.924836,6.583126,56.910423,2.245823,2.316095,0.302083
1,2,1789523834.225819588,3.017558,6.590095,57.020649,2.252261,2.320963,0.295574
1,2,1789523834.228782892,3.003191,6.619073,56.724869,2.249065,2.316816,0.302318
1,2,1789523834.230514526,2.924836,6.583126,56.910423,2.245823,2.316095,0.302083
1,2,1789523834.231717110,2.904299,6.587833,56.874518,2.247874,2.309141,0.308165
1,2,1789523834.233921289,2.919429,6.555299,56.909805,2.250685,2.315697,0.301707
1,2,1789523834.234972477,2.924836,6.583126,56.910423,2.245823,2.316095,0.302083
1,2,1789523834.236048937,2.942455,6.54621,56.952092,2.2485,2.321064,0.305727
1,2,1789523834.238681078,2.885306,6.47841,56.907851,2.256072,2.313578,0.312657
1,2,1789523834.239828110,2.924836,6.583126,56.910423,2.245823,2.316095,0.302083
1,2,1789523834.240850925,2.878811,6.493041,57.102836,2.251245,2.308586,0.305757
1,2,1789523834.243946552,3.013602,6.531392,56.92173,2.248972,2.318919,0.304013
1,2,1789523834.244722128,2.924836,6.583126,56.910423,2.245823,2.316095,0.302083
1,2,1789523834.245732546,2.927155,6.483981,56.941993,2.251609,2.314518,0.304744
1,2,1789523834.249401569,2.999598,6.543327,56.715769,2.251875,2.321073,0.303288
1,2,1789523834.250172615,2.924836,6.583126,56.910423,2.245823,2.316095,0.302083
1,2,1789523834.250927448,2.955462,6.531731,56.927301,2.250703,2.316352,0.307291
1,2,1789523834.253953934,2.960091,6.543477,56.909735,2.250968,2.314786,0.301651
1,2,1789523834.254965305,2.924836,6.583126,56.910423,2.245823,2.316095,0.302083
1,2,1789523834.257113934,3.020113,6.596446,56.974145,2.245592,2.318823,0.307569
1,2,1789523834.259046316,2.885462,6.545963,56.88125,2.250204,2.31333,0.307129
1,2,1789523834.260425806,2.924836,6.583126,56.910423,2.245823,2.316095,0.302083
1,2,1789523834.261368513,2.999534,6.598797,56.983766,2.247625,2.31453,0.301154
1,2,1789523834.263849974,2.930411,6.53947,56.920943,2.250607,2.31598,0.309115
1,2,1789523834.265639305,2.924836,6.583126,56.910423,2.245823,2.316095,0.302083
1,2,1789523834.266376972,2.946861,6.52279,56.803238,2.25472,2.315651,0.305151
1,2,1789523834.268956184,2.988078,6.508578,56.870055,2.248486,2.314009,0.306276
1,2,1789523834.270334959,2.924836,6.583126,56.910423,2.245823,2.316095,0.302083
1,2,1789523834.271144152,2.925238,6.529263,56.907235,2.24716,2.314677,0.306188
1,2,1789523834.273769617,2.96922,6.574879,56.895135,2.251034,2.316386,0.298207
1,2,1789523834.274319172,2.924836,6.583126,56.910423,2.245823,2.316095,0.302083
1,2,1789523834.276076317,2.879287,6.519347,56.982252,2.250886,2.309829,0.305993
1,2,1789523834.278753519,2.926526,6.541987,56.858731,2.252308,2.318852,0.305215
1,2,1789523834.279377460,2.924836,6.583126,56.910423,2.245823,2.316095,0.302083
1,2,1789523834.283969164,2.899016,6.469078,56.830727,2.255534,2.315734,0.30512
1,2,1789523834.284497499,2.924836,6.583126,56.910423,2.245823,2.316095,0.302083
1,2,1789523834.288958549,2.951056,6.472742,56.86748,2.251621,2.316722,0.311094
1,2,1789523834.289739609,2.924836,6.583126,56.910423,2.245823,2.316095,0.302083
1,2,1789523834.293857098,3.021097,6.630966,56.958855,2.24801,2.321149,0.303699
1,2,1789523834.294613838,2.924836,6.583126,56.910423,2.245823,2.316095,0.302083
1,2,1789523834.298639059,2.982416,6.618366,56.808403,2.246839,2.318953,0.302453
1,2,1789523834.299263954,2.924836,6.583126,56.910423,2.245823,2.316095,0.302083
1,2,1789523834.304014683,2.83229,6.494828,56.920501,2.253991,2.310414,0.302226
1,2,1789523834.305068254,2.924836,6.583126,56.910423,2.245823,2.316095,0.302083
1,2,1789523834.308779240,2.92384,6.4692,56.878746,2.248674,2.311645,0.311846
1,2,1789523834.310332060,2.924836,6.583126,56.910423,2.245823,2.316095,0.302083
1,2,1789523834.314321041,3.057063,6.562538,56.910488,2.247975,2.318066,0.302534
1,2,1789523834.315092802,2.924836,6.583126,56.910423,2.245823,2.316095,0.302083
1,2,1789523834.319688082,3.024183,6.57344,56.759325,2.247333,2.3168,0.3008
1,2,1789523834.320994377,2.924836,6.583126,56.910423,2.245823,2.316095,0.302083
1,2,1789523834.326186657,2.857479,6.574213,56.93169,2.251884,2.313379,0.303422
1,2,1789523834.327071905,2.924836,6.583126,56.910423,2.245823,2.316095,0.302083
1,2,1789523834.329552650,2.871031,6.531385,56.918391,2.252795,2.314186,0.313289
1,2,1789523834.331492424,2.924836,6.583126,56.910423,2.245823,2.316095,0.302083
1,2,1789523834.334288836,2.99316,6.499774,56.932351,2.256034,2.321579,0.311304
1,2,1789523834.335253477,2.924836,6.583126,56.910423,2.245823,2.316095,0.302083
1,2,1789523834.339815378,3.048415,6.523348,56.728203,2.253251,2.31964,0.299219
1,2,1789523834.340696096,2.924836,6.583126,56.910423,2.245823,2.316095,0.302083
1,2,1789523834.344663620,3.048415,6.523348,56.728203,2.253251,2.31964,0.299219
1,2,1789523834.346682549,2.975527,6.548415,56.908307,2.253956,2.318983,0.307214
1,2,1789523834.349622726,3.048415,6.523348,56.728203,2.253251,2.31964,0.299219
1,2,1789523834.351888895,2.925616,6.484711,56.904174,2.253552,2.313774,0.310312
1,2,1789523834.354565859,3.048415,6.523348,56.728203,2.253251,2.31964,0.299219
1,2,1789523834.355428696,2.93466,6.458963,56.906629,2.254563,2.316361,0.312337
1,2,1789523834.359529734,3.048415,6.523348,56.728203,2.253251,2.31964,0.299219
1,2,1789523834.361542463,3.03249,6.528427,56.89245,2.24854,2.317949,0.303044
1,2,1789523834.364764452,3.048415,6.523348,56.728203,2.253251,2.31964,0.299219
1,2,1789523834.366068363,2.972277,6.585465,56.916122,2.25223,2.315359,0.299578
1,2,1789523834.370165110,3.048415,6.523348,56.728203,2.253251,2.31964,0.299219
1,2,1789523834.371590376,2.937495,6.538887,56.607384,2.248314,2.311611,0.310454
1,2,1789523834.374818325,3.048415,6.523348,56.728203,2.253251,2.31964,0.299219
1,2,1789523834.376214743,2.87134,6.518561,56.931388,2.250243,2.312209,0.309505
1,2,1789523834.379582644,3.048415,6.523348,56.728203,2.253251,2.31964,0.299219
1,2,1789523834.380973577,2.97646,6.527447,56.743557,2.246687,2.315167,0.308767
1,2,1789523834.384525061,3.048415,6.523348,56.728203,2.253251,2.31964,0.299219
1,2,1789523834.385416746,3.055288,6.644311,56.943551,2.241779,2.316712,0.299324
1,2,1789523834.389334440,3.048415,6.523348,56.728203,2.253251,2.31964,0.299219
1,2,1789523834.390338421,2.944671,6.607763,56.638881,2.245372,2.31504,0.306786
1,2,1789523834.395010710,3.048415,6.523348,56.728203,2.253251,2.31964,0.299219
1,2,1789523834.396504879,2.852931,6.52374,56.884275,2.246198,2.309146,0.308785
1,2,1789523834.399620533,3.048415,6.523348,56.728203,2.253251,2.31964,0.299219
1,2,1789523834.400601387,2.914724,6.513288,56.732195,2.245502,2.309768,0.312938
1,2,1789523834.404633045,3.048415,6.523348,56.728203,2.253251,2.31964,0.299219
1,2,1789523834.406685114,3.015263,6.582273,56.903537,2.242682,2.314911,0.309736
1,2,1789523834.409604073,3.048415,6.523348,56.728203,2.253251,2.31964,0.299219
1,2,1789523834.411834955,2.990984,6.593927,56.712933,2.245603,2.312931,0.300334
1,2,1789523834.414752007,3.048415,6.523348,56.728203,2.253251,2.31964,0.299219
1,2,1789523834.416177988,2.865469,6.585052,56.970032,2.244355,2.310253,0.303868
1,2,1789523834.419603109,3.048415,6.523348,56.728203,2.253251,2.31964,0.299219
1,2,1789523834.420799494,2.876037,6.586927,56.727344,2.24663,2.313447,0.315823
1,2,1789523834.425214052,3.048415,6.523348,56.728203,2.253251,2.31964,0.299219
1,2,1789523834.426459312,2.964146,6.565256,56.938112,2.247568,2.314257,0.307917
1,2,1789523834.429476261,3.048415,6.523348,56.728203,2.253251,2.31964,0.299219
1,2,1789523834.431421995,3.021177,6.545871,56.749276,2.245087,2.313801,0.300151
1,2,1789523834.436383963,3.048415,6.523348,56.728203,2.253251,2.31964,0.299219
1,2,1789523834.437622547,2.976521,6.599401,56.894476,2.245116,2.313993,0.297469
1,2,1789523834.439766645,3.048415,6.523348,56.728203,2.253251,2.31964,0.299219
1,2,1789523834.440722942,2.877391,6.527495,56.924019,2.249143,2.312789,0.310809
1,2,1789523834.444525719,3.048415,6.523348,56.728203,2.253251,2.31964,0.299219
1,2,1789523834.446403027,2.932566,6.494326,56.938087,2.249239,2.31289,0.308073
1,2,1789523834.449473619,3.048415,6.523348,56.728203,2.253251,2.31964,0.299219
1,2,1789523834.450865984,3.032162,6.582935,56.925834,2.245918,2.318252,0.300324
1,2,1789523834.455006123,3.048415,6.523348,56.728203,2.253251,2.31964,0.299219
1,2,1789523834.456396341,2.998771,6.644695,56.928349,2.248363,2.317228,0.301463
1,2,1789523834.459998369,3.048415,6.523348,56.728203,2.253251,2.31964,0.299219
1,2,1789523834.461797237,2.854444,6.5539,56.681602,2.254321,2.311429,0.310065
1,2,1789523834.464918375,3.048415,6.523348,56.728203,2.253251,2.31964,0.299219
1,2,1789523834.466875553,2.879137,6.483223,56.910168,2.249737,2.309714,0.307717
1,2,1789523834.469547033,3.048415,6.523348,56.728203,2.253251,2.31964,0.299219
1,2,1789523834.471835852,2.988877,6.529512,56.680886,2.249932,2.314492,0.310245
1,2,1789523834.474672079,3.048415,6.523348,56.728203,2.253251,2.31964,0.299219
1,2,1789523834.475733519,3.039164,6.582176,56.92197,2.247163,2.316592,0.303685
1,2,1789523834.479667187,3.048415,6.523348,56.728203,2.253251,2.31964,0.299219
1,2,1789523834.481171608,2.933635,6.564688,56.651379,2.247946,2.311845,0.308699
1,2,1789523834.484537601,3.048415,6.523348,56.728203,2.253251,2.31964,0.299219
1,2,1789523834.485942602,2.881894,6.517308,56.924824,2.249555,2.312,0.305216
1,2,1789523834.489749193,3.048415,6.523348,56.728203,2.253251,2.31964,0.299219
1,2,1789523834.491816044,2.983791,6.538104,56.72211,2.247231,2.315505,0.312971
1,2,1789523834.495913267,3.048415,6.523348,56.728203,2.253251,2.31964,0.299219
1,2,1789523834.497191429,3.023219,6.581492,56.935219,2.24848,2.316606,0.300157
1,2,1789523834.499625921,3.048415,6.523348,56.728203,2.253251,2.31964,0.299219
1,2,1789523834.501209259,2.981325,6.544573,56.687051,2.247731,2.315435,0.302163
1,2,1789523834.504574299,3.048415,6.523348,56.728203,2.253251,2.31964,0.299219
1,2,1789523834.506162882,2.907869,6.586275,56.92256,2.248821,2.312953,0.303508
1,2,1789523834.509845018,3.048415,6.523348,56.728203,2.253251,2.31964,0.299219
1,2,1789523834.510808468,2.902248,6.51947,56.734975,2.249873,2.312775,0.314987
1,2,1789523834.514720201,3.048415,6.523348,56.728203,2.253251,2.31964,0.299219
1,2,1789523834.516108513,2.966568,6.511298,56.937745,2.250528,2.31484,0.307988
1,2,1789523834.519585609,3.048415,6.523348,56.728203,2.253251,2.31964,0.299219
1,2,1789523834.520984411,3.005589,6.598272,56.963784,2.24826,2.31808,0.300651
1,2,1789523834.524422169,3.048415,6.523348,56.728203,2.253251,2.31964,0.299219
1,2,1789523834.525974989,2.946252,6.594491,56.902357,2.247005,2.316864,0.302918
1,2,1789523834.529507399,3.048415,6.523348,56.728203,2.253251,2.31964,0.299219
1,2,1789523834.530766249,2.887299,6.473257,56.875047,2.251753,2.31082,0.309238
1,2,1789523834.534537077,3.048415,6.523348,56.728203,2.253251,2.31964,0.299219
1,2,1789523834.535715342,2.937933,6.46954,56.89639,2.252209,2.313704,0.311407
1,2,1789523834.539613247,3.048415,6.523348,56.728203,2.253251,2.31964,0.299219
1,2,1789523834.540748119,3.036487,6.530643,56.775891,2.253105,2.319669,0.306024
1,2,1789523834.544640541,3.048415,6.523348,56.728203,2.253251,2.31964,0.299219
1,2,1789523834.546108723,2.994222,6.574329,56.890096,2.252577,2.31708,0.301074
1,2,1789523834.549531221,3.048415,6.523348,56.728203,2.253251,2.31964,0.299219
1,2,1789523834.551494837,2.906567,6.524248,56.581215,2.253857,2.312317,0.311642
1,2,1789523834.555384636,3.048415,6.523348,56.728203,2.253251,2.31964,0.299219
1,2,1789523834.556384802,2.946483,6.52415,56.936672,2.248294,2.317501,0.307533
1,2,1789523834.559523821,3.048415,6.523348,56.728203,2.253251,2.31964,0.299219
1,2,1789523834.561297655,2.991449,6.553966,56.76998,2.249857,2.319186,0.308074
1,3,1789523834.935102701,3.048415,6.523348,56.728203,2.253251,2.31964,0.299219
1,3,1789523834.936346769,2.851905,6.512026,56.925865,2.249795,2.308417,0.311576
1,3,1789523834.940023184,3.048415,6.523348,56.728203,2.253251,2.31964,0.299219
1,3,1789523834.941496611,2.995362,6.470135,56.813252,2.252766,2.316112,0.306015
1,3,1789523834.944256783,3.048415,6.523348,56.728203,2.253251,2.31964,0.299219
1,3,1789523834.945315123,3.044012,6.571507,56.940647,2.253048,2.318867,0.303963
1,3,1789523834.949547291,3.048415,6.523348,56.728203,2.253251,2.31964,0.299219
1,3,1789523834.951155663,2.916135,6.656891,56.601583,2.24494,2.313586,0.306288
1,3,1789523834.954518318,3.048415,6.523348,56.728203,2.253251,2.31964,0.299219
1,3,1789523834.955742359,2.859019,6.556094,56.924387,2.249538,2.316325,0.305192
1,3,1789523834.959385395,3.048415,6.523348,56.728203,2.253251,2.31964,0.299219
1,3,1789523834.960606575,2.94105,6.442749,56.810998,2.250611,2.312742,0.316459
1,3,1789523834.965264320,3.048415,6.523348,56.728203,2.253251,2.31964,0.299219
1,3,1789523834.966519833,2.96636,6.542473,56.962841,2.252205,2.313133,0.305767
1,3,1789523834.969501019,3.048415,6.523348,56.728203,2.253251,2.31964,0.299219
1,3,1789523834.970805407,2.932694,6.63523,56.635289,2.24248,2.314741,0.304291
1,3,1789523834.975503445,3.048415,6.523348,56.728203,2.253251,2.31964,0.299219
1,3,1789523834.976467133,2.91007,6.573448,56.955242,2.249175,2.313308,0.300652
1,3,1789523834.981802225,3.048415,6.523348,56.728203,2.253251,2.31964,0.299219
1,3,1789523834.982823610,2.935783,6.492758,56.749517,2.248232,2.314471,0.312715
1,3,1789523834.985262871,3.048415,6.523348,56.728203,2.253251,2.31964,0.299219
1,3,1789523834.986923456,2.905198,6.569583,56.951149,2.251019,2.314832,0.310301
1,3,1789523834.989646435,3.048415,6.523348,56.728203,2.253251,2.31964,0.299219
1,3,1789523834.991924286,2.936388,6.585368,56.878246,2.248729,2.314468,0.311229
1,3,1789523834.993397474,2.936388,6.585368,56.878246,2.248729,2.314468,0.311229
1,3,1789523834.994993925,2.962025,6.591535,56.94995,2.253035,2.317762,0.303665
1,3,1789523834.996407270,3.048415,6.523348,56.728203,2.253251,2.31964,0.299219
1,3,1789523834.997777700,2.936388,6.585368,56.878246,2.248729,2.314468,0.311229
1,3,1789523834.999128103,2.992418,6.586057,57.108433,2.246388,2.316021,0.297758
1,3,1789523835.000495911,3.048415,6.523348,56.728203,2.253251,2.31964,0.299219
1,3,1789523835.001870871,2.936388,6.585368,56.878246,2.248729,2.314468,0.311229
1,3,1789523835.003205538,3.019814,6.550719,56.931052,2.243576,2.314713,0.303533
1,3,1789523835.005207062,3.048415,6.523348,56.728203,2.253251,2.31964,0.299219
1,3,1789523835.006854057,2.936388,6.585368,56.878246,2.248729,2.314468,0.311229
1,3,1789523835.008208275,2.959813,6.496321,56.920522,2.250204,2.312478,0.302623
1,3,1789523835.009908676,3.048415,6.523348,56.728203,2.253251,2.31964,0.299219
1,3,1789523835.010891199,2.936388,6.585368,56.878246,2.248729,2.314468,0.311229
1,3,1789523835.012385845,2.887084,6.540803,56.920879,2.247179,2.311314,0.302474
1,3,1789523835.014181376,3.048415,6.523348,56.728203,2.253251,2.31964,0.299219
1,3,1789523835.015120983,2.936388,6.585368,56.878246,2.248729,2.314468,0.311229
1,3,1789523835.017401934,2.845352,6.521159,56.932882,2.251642,2.310577,0.310243
1,3,1789523835.018971682,3.048415,6.523348,56.728203,2.253251,2.31964,0.299219
1,3,1789523835.019973516,2.936388,6.585368,56.878246,2.248729,2.314468,0.311229
1,3,1789523835.022221804,2.910702,6.556749,56.871865,2.248788,2.315134,0.307262
1,3,1789523835.023883820,3.048415,6.523348,56.728203,2.253251,2.31964,0.299219
1,3,1789523835.025582314,2.936388,6.585368,56.878246,2.248729,2.314468,0.311229
1,3,1789523835.027390242,3.029655,6.543775,56.958458,2.250502,2.31668,0.30337
1,3,1789523835.029024601,3.048415,6.523348,56.728203,2.253251,2.31964,0.299219
1,3,1789523835.030425310,2.936388,6.585368,56.878246,2.248729,2.314468,0.311229
1,3,1789523835.032143116,3.083556,6.561873,57.020787,2.245655,2.318424,0.295679
1,3,1789523835.033806562,3.048415,6.523348,56.728203,2.253251,2.31964,0.299219
1,3,1789523835.034531355,2.936388,6.585368,56.878246,2.248729,2.314468,0.311229
1,3,1789523835.037619352,3.020579,6.594742,56.999802,2.251049,2.317549,0.299802
1,3,1789523835.039054632,3.048415,6.523348,56.728203,2.253251,2.31964,0.299219
1,3,1789523835.040915966,2.936388,6.585368,56.878246,2.248729,2.314468,0.311229
1,3,1789523835.042288303,2.923053,6.608928,56.937886,2.247714,2.318291,0.301873
1,3,1789523835.043880224,3.048415,6.523348,56.728203,2.253251,2.31964,0.299219
1,3,1789523835.044885874,2.936388,6.585368,56.878246,2.248729,2.314468,0.311229
1,3,1789523835.047221661,2.825623,6.596933,57.081965,2.248271,2.313879,0.304319
1,3,1789523835.048854589,3.048415,6.523348,56.728203,2.253251,2.31964,0.299219
1,3,1789523835.049547672,2.936388,6.585368,56.878246,2.248729,2.314468,0.311229
1,3,1789523835.052259922,2.830224,6.566501,56.910795,2.251413,2.306809,0.307294
1,3,1789523835.054018259,3.048415,6.523348,56.728203,2.253251,2.31964,0.299219
1,3,1789523835.054716349,2.936388,6.585368,56.878246,2.248729,2.314468,0.311229
1,3,1789523835.057269573,2.929828,6.448776,56.815496,2.252726,2.315577,0.313564
1,3,1789523835.058866501,3.048415,6.523348,56.728203,2.253251,2.31964,0.299219
1,3,1789523835.059627771,2.936388,6.585368,56.878246,2.248729,2.314468,0.311229
1,3,1789523835.062248945,3.031779,6.486304,56.853096,2.245304,2.315634,0.307735
1,3,1789523835.063908577,3.048415,6.523348,56.728203,2.253251,2.31964,0.299219
1,3,1789523835.064644098,2.936388,6.585368,56.878246,2.248729,2.314468,0.311229
1,3,1789523835.067196608,3.086762,6.491007,57.026345,2.249822,2.316226,0.299383
1,3,1789523835.069052458,3.048415,6.523348,56.728203,2.253251,2.31964,0.299219
1,3,1789523835.070044756,2.936388,6.585368,56.878246,2.248729,2.314468,0.311229
1,3,1789523835.072348595,3.003988,6.599372,56.809818,2.242463,2.31298,0.302888
1,3,1789523835.074108601,3.048415,6.523348,56.728203,2.253251,2.31964,0.299219
1,3,1789523835.074938774,2.936388,6.585368,56.878246,2.248729,2.314468,0.311229
1,3,1789523835.077249050,2.895313,6.670343,56.933655,2.243694,2.317194,0.298693
1,3,1789523835.078927517,3.048415,6.523348,56.728203,2.253251,2.31964,0.299219
1,3,1789523835.079935789,2.936388,6.585368,56.878246,2.248729,2.314468,0.311229
1,3,1789523835.082396984,2.827839,6.593134,56.992793,2.249463,2.312349,0.306672
1,3,1789523835.084070921,3.048415,6.523348,56.728203,2.253251,2.31964,0.299219
1,3,1789523835.084882736,2.936388,6.585368,56.878246,2.248729,2.314468,0.311229
1,3,1789523835.087621212,2.876975,6.542743,56.925406,2.24853,2.311517,0.305418
1,3,1789523835.089322090,3.048415,6.523348,56.728203,2.253251,2.31964,0.299219
1,3,1789523835.089978933,2.936388,6.585368,56.878246,2.248729,2.314468,0.311229
1,3,1789523835.092386007,2.959923,6.429177,56.944967,2.257384,2.318946,0.313502
1,3,1789523835.094216585,3.048415,6.523348,56.728203,2.253251,2.31964,0.299219
1,3,1789523835.095154762,2.936388,6.585368,56.878246,2.248729,2.314468,0.311229
1,3,1789523835.097193003,2.976578,6.492764,57.186523,2.247802,2.310774,0.30611
1,3,1789523835.099050522,3.048415,6.523348,56.728203,2.253251,2.31964,0.299219
1,3,1789523835.100020647,2.936388,6.585368,56.878246,2.248729,2.314468,0.311229
1,3,1789523835.102037191,3.036646,6.527928,56.95356,2.252397,2.322231,0.306937
1,3,1789523835.105802298,3.048415,6.523348,56.728203,2.253251,2.31964,0.299219
1,3,1789523835.106755018,2.936388,6.585368,56.878246,2.248729,2.314468,0.311229
1,3,1789523835.107708931,2.940069,6.625527,56.835832,2.248347,2.311761,0.307318
1,3,1789523835.109080791,3.048415,6.523348,56.728203,2.253251,2.31964,0.299219
1,3,1789523835.110023499,2.936388,6.585368,56.878246,2.248729,2.314468,0.311229
1,3,1789523835.112263918,2.978832,6.616271,56.769856,2.250682,2.320873,0.301748
1,3,1789523835.114072323,3.048415,6.523348,56.728203,2.253251,2.31964,0.299219
1,3,1789523835.115045309,2.936388,6.585368,56.878246,2.248729,2.314468,0.311229
1,3,1789523835.117259741,2.912436,6.520464,56.999192,2.253414,2.307589,0.304637
1,3,1789523835.119013786,3.048415,6.523348,56.728203,2.253251,2.31964,0.299219
1,3,1789523835.120380402,2.936388,6.585368,56.878246,2.248729,2.314468,0.311229
1,3,1789523835.122306347,3.001294,6.510127,56.858437,2.248513,2.318871,0.305311
1,3,1789523835.124122143,3.048415,6.523348,56.728203,2.253251,2.31964,0.299219
1,3,1789523835.125076771,2.936388,6.585368,56.878246,2.248729,2.314468,0.311229
1,3,1789523835.127363682,2.899588,6.479467,56.945198,2.248628,2.309777,0.312433
1,3,1789523835.129015446,3.048415,6.523348,56.728203,2.253251,2.31964,0.299219
1,3,1789523835.129969120,2.936388,6.585368,56.878246,2.248729,2.314468,0.311229
1,3,1789523835.132257700,2.955495,6.536096,57.008281,2.252106,2.319656,0.305825
1,3,1789523835.134003878,3.048415,6.523348,56.728203,2.253251,2.31964,0.299219
1,3,1789523835.134952307,2.936388,6.585368,56.878246,2.248729,2.314468,0.311229
1,3,1789523835.137385845,2.91111,6.61258,56.902182,2.241995,2.312686,0.302282
1,3,1789523835.138842821,3.048415,6.523348,56.728203,2.253251,2.31964,0.299219
1,3,1789523835.139771938,2.936388,6.585368,56.878246,2.248729,2.314468,0.311229
1,3,1789523835.142348528,2.978469,6.530632,56.854906,2.249649,2.309422,0.301796
1,3,1789523835.143966913,3.048415,6.523348,56.728203,2.253251,2.31964,0.299219
1,3,1789523835.144827604,2.936388,6.585368,56.878246,2.248729,2.314468,0.311229
1,3,1789523835.147494078,3.031015,6.573837,57.120142,2.247019,2.320893,0.293884
1,3,1789523835.148923397,3.048415,6.523348,56.728203,2.253251,2.31964,0.299219
1,3,1789523835.150251865,2.936388,6.585368,56.878246,2.248729,2.314468,0.311229
1,3,1789523835.153010368,2.992395,6.564105,56.934635,2.245229,2.315295,0.305823
1,3,1789523835.154133320,3.048415,6.523348,56.728203,2.253251,2.31964,0.299219
1,3,1789523835.155113697,2.936388,6.585368,56.878246,2.248729,2.314468,0.311229
1,3,1789523835.157867670,2.948433,6.545147,56.89957,2.251354,2.314132,0.300989
1,3,1789523835.158983707,3.048415,6.523348,56.728203,2.253251,2.31964,0.299219
1,3,1789523835.159952879,2.936388,6.585368,56.878246,2.248729,2.314468,0.311229
1,3,1789523835.162277460,2.873597,6.534381,56.962909,2.251253,2.312514,0.305723
1,3,1789523835.163859367,3.048415,6.523348,56.728203,2.253251,2.31964,0.299219
1,3,1789523835.164585829,2.936388,6.585368,56.878246,2.248729,2.314468,0.311229
1,3,1789523835.167099953,2.844166,6.520593,56.987626,2.248076,2.308963,0.309414
1,3,1789523835.169009209,3.048415,6.523348,56.728203,2.253251,2.31964,0.299219
1,3,1789523835.169943571,2.936388,6.585368,56.878246,2.248729,2.314468,0.311229
1,3,1789523835.172331095,2.967305,6.5301,56.94145,2.252912,2.318485,0.304604
1,3,1789523835.173944950,3.048415,6.523348,56.728203,2.253251,2.31964,0.299219
1,3,1789523835.175773621,2.936388,6.585368,56.878246,2.248729,2.314468,0.311229
1,3,1789523835.177250862,2.971576,6.569222,56.944648,2.247646,2.314459,0.306114
1,3,1789523835.178775549,3.048415,6.523348,56.728203,2.253251,2.31964,0.299219
1,3,1789523835.180755854,2.936388,6.585368,56.878246,2.248729,2.314468,0.311229
1,3,1789523835.183761835,3.084069,6.566837,57.026567,2.247382,2.321134,0.299711
1,3,1789523835.184640884,3.048415,6.523348,56.728203,2.253251,2.31964,0.299219
1,3,1789523835.185743570,2.936388,6.585368,56.878246,2.248729,2.314468,0.311229
1,3,1789523835.187410355,3.000744,6.596336,56.921272,2.24531,2.3158,0.303061
1,3,1789523835.189274549,3.048415,6.523348,56.728203,2.253251,2.31964,0.299219
1,3,1789523835.190223932,2.936388,6.585368,56.878246,2.248729,2.314468,0.311229
1,3,1789523835.192304134,2.882022,6.603631,56.910964,2.247006,2.309296,0.301511
1,3,1789523835.194061995,3.048415,6.523348,56.728203,2.253251,2.31964,0.299219
1,3,1789523835.195070267,2.936388,6.585368,56.878246,2.248729,2.314468,0.311229
1,3,1789523835.197362423,2.844907,6.52794,57.100679,2.251174,2.311374,0.298367
1,3,1789523835.198962688,3.048415,6.523348,56.728203,2.253251,2.31964,0.299219
1,3,1789523835.200055122,2.936388,6.585368,56.878246,2.248729,2.314468,0.311229
1,3,1789523835.202327490,2.87516,6.519753,56.938617,2.248005,2.311953,0.30815
1,3,1789523835.204103231,3.048415,6.523348,56.728203,2.253251,2.31964,0.299219
1,3,1789523835.205073118,2.936388,6.585368,56.878246,2.248729,2.314468,0.311229
1,3,1789523835.208007574,2.941042,6.488613,56.885673,2.250389,2.316007,0.310669
1,3,1789523835.209373713,3.048415,6.523348,56.728203,2.253251,2.31964,0.299219
1,3,1789523835.210139751,2.936388,6.585368,56.878246,2.248729,2.314468,0.311229
1,3,1789523835.212346315,3.015188,6.516665,56.630115,2.249895,2.313344,0.313505
1,3,1789523835.215714455,3.048415,6.523348,56.728203,2.253251,2.31964,0.299219
1,3,1789523835.216711760,2.936388,6.585368,56.878246,2.248729,2.314468,0.311229
1,3,1789523835.217659950,2.977894,6.545651,57.00102,2.251627,2.315844,0.300624
1,3,1789523835.218930483,3.048415,6.523348,56.728203,2.253251,2.31964,0.299219
1,3,1789523835.219881058,2.936388,6.585368,56.878246,2.248729,2.314468,0.311229
1,3,1789523835.222086430,2.93825,6.612331,56.849501,2.247425,2.315901,0.304638
1,3,1789523835.224030495,3.048415,6.523348,56.728203,2.253251,2.31964,0.299219
1,3,1789523835.224745274,2.936388,6.585368,56.878246,2.248729,2.314468,0.311229
1,3,1789523835.228130579,2.976551,6.59132,56.960241,2.25009,2.317253,0.30431
1,3,1789523835.229033709,3.048415,6.523348,56.728203,2.253251,2.31964,0.299219
1,3,1789523835.229975462,2.936388,6.585368,56.878246,2.248729,2.314468,0.311229
1,3,1789523835.232286692,2.920795,6.613173,57.067021,2.250061,2.315186,0.300744
1,3,1789523835.235601902,3.048415,6.523348,56.728203,2.253251,2.31964,0.299219
1,3,1789523835.236288786,2.936388,6.585368,56.878246,2.248729,2.314468,0.311229
1,3,1789523835.237381220,2.915667,6.519404,56.911731,2.253084,2.315422,0.30917
1,3,1789523835.239095926,3.048415,6.523348,56.728203,2.253251,2.31964,0.299219
1,3,1789523835.240330935,2.936388,6.585368,56.878246,2.248729,2.314468,0.311229
1,3,1789523835.242287636,2.908716,6.490406,56.953534,2.251448,2.312118,0.311972
1,3,1789523835.244072437,3.048415,6.523348,56.728203,2.253251,2.31964,0.299219
1,3,1789523835.245315313,2.936388,6.585368,56.878246,2.248729,2.314468,0.311229
1,3,1789523835.247249603,2.922729,6.489471,57.125069,2.25205,2.31438,0.308823
1,3,1789523835.249072790,3.048415,6.523348,56.728203,2.253251,2.31964,0.299219
1,3,1789523835.250014782,2.936388,6.585368,56.878246,2.248729,2.314468,0.311229
1,3,1789523835.252178907,2.973956,6.542585,56.953288,2.250911,2.315913,0.305941
1,3,1789523835.254028082,3.048415,6.523348,56.728203,2.253251,2.31964,0.299219
1,3,1789523835.255736113,2.936388,6.585368,56.878246,2.248729,2.314468,0.311229
1,3,1789523835.258280754,3.024698,6.55919,56.789986,2.245386,2.316255,0.302643
1,3,1789523835.259280682,3.048415,6.523348,56.728203,2.253251,2.31964,0.299219
1,3,1789523835.260231972,2.936388,6.585368,56.878246,2.248729,2.314468,0.311229
1,3,1789523835.262290716,3.032294,6.584843,56.69637,2.244343,2.31513,0.302017
1,3,1789523835.263818502,3.048415,6.523348,56.728203,2.253251,2.31964,0.299219
1,3,1789523835.264595270,2.936388,6.585368,56.878246,2.248729,2.314468,0.311229
1,3,1789523835.267158508,2.966419,6.55505,56.997781,2.247988,2.312804,0.298158
1,3,1789523835.268959522,3.048415,6.523348,56.728203,2.253251,2.31964,0.299219
1,3,1789523835.269929886,2.936388,6.585368,56.878246,2.248729,2.314468,0.311229
1,3,1789523835.272170782,2.867,6.500796,56.795711,2.251802,2.313842,0.306202
1,3,1789523835.274022102,3.048415,6.523348,56.728203,2.253251,2.31964,0.299219
1,3,1789523835.274671555,2.936388,6.585368,56.878246,2.248729,2.314468,0.311229
1,3,1789523835.277356386,2.864396,6.519415,56.9159,2.249634,2.313831,0.311724
1,3,1789523835.278864384,3.048415,6.523348,56.728203,2.253251,2.31964,0.299219
1,3,1789523835.279616594,2.936388,6.585368,56.878246,2.248729,2.314468,0.311229
1,3,1789523835.282064915,2.917366,6.528723,57.071281,2.255868,2.316071,0.310071
1,3,1789523835.285126448,3.048415,6.523348,56.728203,2.253251,2.31964,0.299219
1,3,1789523835.285843134,2.936388,6.585368,56.878246,2.248729,2.314468,0.311229
1,3,1789523835.287423372,3.002881,6.52687,56.982603,2.250495,2.318587,0.307274
1,3,1789523835.288919926,3.048415,6.523348,56.728203,2.253251,2.31964,0.299219
1,3,1789523835.289619207,2.936388,6.585368,56.878246,2.248729,2.314468,0.311229
1,3,1789523835.292242289,3.015283,6.549962,56.94043,2.247442,2.315168,0.303577
1,3,1789523835.294369221,3.048415,6.523348,56.728203,2.253251,2.31964,0.299219
1,3,1789523835.295221567,2.936388,6.585368,56.878246,2.248729,2.314468,0.311229
1,3,1789523835.297334194,3.035719,6.595648,57.107432,2.25007,2.317763,0.29723
1,3,1789523835.299100637,3.048415,6.523348,56.728203,2.253251,2.31964,0.299219
1,3,1789523835.300755501,2.936388,6.585368,56.878246,2.248729,2.314468,0.311229
1,3,1789523835.302858829,2.917264,6.616226,56.935607,2.243685,2.313464,0.299855
1,3,1789523835.304152727,3.048415,6.523348,56.728203,2.253251,2.31964,0.299219
1,3,1789523835.305123329,2.936388,6.585368,56.878246,2.248729,2.314468,0.311229
1,3,1789523835.307271481,2.877969,6.549957,56.894994,2.249022,2.312045,0.303796
1,3,1789523835.308999777,3.048415,6.523348,56.728203,2.253251,2.31964,0.299219
1,3,1789523835.310371161,2.936388,6.585368,56.878246,2.248729,2.314468,0.311229
1,3,1789523835.312244892,2.873709,6.547384,56.935157,2.246058,2.310855,0.305645
1,3,1789523835.314031839,3.048415,6.523348,56.728203,2.253251,2.31964,0.299219
1,3,1789523835.315560341,2.936388,6.585368,56.878246,2.248729,2.314468,0.311229
1,3,1789523835.317739964,2.88025,6.442797,57.019177,2.255258,2.311541,0.312424
1,3,1789523835.319193363,3.048415,6.523348,56.728203,2.253251,2.31964,0.299219
1,3,1789523835.320164680,2.936388,6.585368,56.878246,2.248729,2.314468,0.311229
1,3,1789523835.322276354,2.982305,6.530354,56.966453,2.246735,2.316113,0.30862
1,3,1789523835.323886395,3.048415,6.523348,56.728203,2.253251,2.31964,0.299219
1,3,1789523835.324980736,2.936388,6.585368,56.878246,2.248729,2.314468,0.311229
1,3,1789523835.327268839,2.98806,6.554803,56.910406,2.24694,2.309865,0.307639
1,3,1789523835.329046249,3.048415,6.523348,56.728203,2.253251,2.31964,0.299219
1,3,1789523835.330043554,2.936388,6.585368,56.878246,2.248729,2.314468,0.311229
1,3,1789523835.332231998,2.999368,6.585334,57.03401,2.250554,2.315668,0.297667
1,3,1789523835.333972692,3.048415,6.523348,56.728203,2.253251,2.31964,0.299219
1,3,1789523835.334937572,2.936388,6.585368,56.878246,2.248729,2.314468,0.311229
1,3,1789523835.337865114,2.971216,6.641396,56.925606,2.243187,2.316794,0.299691
1,3,1789523835.338961601,3.048415,6.523348,56.728203,2.253251,2.31964,0.299219
1,3,1789523835.340689898,2.936388,6.585368,56.878246,2.248729,2.314468,0.311229
1,3,1789523835.342138290,2.909715,6.566558,56.951663,2.251595,2.314031,0.304477
1,3,1789523835.343997955,2.94982,6.561238,56.919864,2.244608,2.315526,0.308345
1,3,1789523835.344813108,2.936388,6.585368,56.878246,2.248729,2.314468,0.311229
1,3,1789523835.347244263,2.93819,6.58453,57.126837,2.247765,2.316891,0.297668
1,3,1789523835.349008799,3.051654,6.591008,56.962768,2.244451,2.319821,0.300315
1,3,1789523835.349974155,2.936388,6.585368,56.878246,2.248729,2.314468,0.311229
1,3,1789523835.352419376,2.902015,6.483614,56.958086,2.254536,2.310448,0.308665
1,3,1789523835.354173183,2.979703,6.584513,56.992403,2.249938,2.318685,0.301211
1,3,1789523835.355182648,2.936388,6.585368,56.878246,2.248729,2.314468,0.311229
1,3,1789523835.357929945,2.940705,6.474755,56.875618,2.250733,2.316081,0.304172
1,3,1789523835.359085798,2.827112,6.57728,56.952612,2.246525,2.312054,0.304824
1,3,1789523835.360035419,2.936388,6.585368,56.878246,2.248729,2.314468,0.311229
1,3,1789523835.362324715,2.969768,6.501536,56.642877,2.246416,2.309661,0.309364
1,3,1789523835.364125490,2.860276,6.568169,56.924139,2.248816,2.312004,0.310573
1,3,1789523835.365654469,2.936388,6.585368,56.878246,2.248729,2.314468,0.311229
1,3,1789523835.367136002,3.034116,6.563847,56.991247,2.249028,2.319142,0.300675
1,3,1789523835.369066000,3.072608,6.531738,56.922388,2.248503,2.315502,0.310194
1,3,1789523835.370118380,2.936388,6.585368,56.878246,2.248729,2.314468,0.311229
1,3,1789523835.372607470,3.065356,6.6289,56.902867,2.245275,2.317947,0.303313
1,3,1789523835.375381947,3.025357,6.572245,56.913315,2.247949,2.313499,0.291627
1,3,1789523835.376245022,2.936388,6.585368,56.878246,2.248729,2.314468,0.311229
1,3,1789523835.377150774,2.99235,6.623151,56.983193,2.249168,2.315199,0.300697
1,3,1789523835.379187107,2.794185,6.599657,56.905516,2.250006,2.309261,0.303933
1,3,1789523835.380332947,2.936388,6.585368,56.878246,2.248729,2.314468,0.311229
1,3,1789523835.382280350,2.927435,6.560594,57.056383,2.254987,2.317508,0.300345
1,3,1789523835.384077311,2.8949,6.563798,56.946503,2.247347,2.313049,0.31322
1,3,1789523835.385578394,2.936388,6.585368,56.878246,2.248729,2.314468,0.311229
1,3,1789523835.387425900,2.811068,6.553239,56.947475,2.247927,2.307653,0.307147
1,3,1789523835.389453888,3.057159,6.530429,56.992075,2.249179,2.32213,0.307828
1,3,1789523835.390221834,2.936388,6.585368,56.878246,2.248729,2.314468,0.311229
1,3,1789523835.393004656,2.904519,6.468141,56.882333,2.25324,2.317987,0.308745
1,3,1789523835.393959522,3.025052,6.559362,56.945701,2.251186,2.313639,0.300674
1,3,1789523835.395720243,2.936388,6.585368,56.878246,2.248729,2.314468,0.311229
1,3,1789523835.397282600,2.954603,6.506116,57.072715,2.247848,2.31293,0.304841
1,3,1789523835.398853302,2.877424,6.596958,56.902455,2.245272,2.312219,0.296334
1,3,1789523835.399726391,2.936388,6.585368,56.878246,2.248729,2.314468,0.311229
1,3,1789523835.402165651,3.058556,6.534161,56.926341,2.248285,2.318973,0.307065
1,3,1789523835.404176712,2.916406,6.52213,56.921475,2.252167,2.313007,0.309186
1,3,1789523835.405114412,2.936388,6.585368,56.878246,2.248729,2.314468,0.311229
1,3,1789523835.407119036,3.041584,6.561576,56.841206,2.248627,2.317668,0.305833
1,3,1789523835.409113646,2.975226,6.449331,56.83417,2.253611,2.312912,0.307249
1,3,1789523835.409957409,2.936388,6.585368,56.878246,2.248729,2.314468,0.311229
1,3,1789523835.412357807,2.994373,6.579724,56.734281,2.251414,2.317445,0.302628
1,3,1789523835.414098501,3.005398,6.570583,56.883372,2.246653,2.316477,0.302807
1,3,1789523835.415619612,2.936388,6.585368,56.878246,2.248729,2.314468,0.311229
1,3,1789523835.417401075,2.871662,6.542983,56.974701,2.251477,2.316621,0.301679
1,3,1789523835.419319868,3.018956,6.68629,56.951916,2.243471,2.318939,0.298683
1,3,1789523835.420186520,2.936388,6.585368,56.878246,2.248729,2.314468,0.311229
1,3,1789523835.422953129,2.85918,6.570122,56.829186,2.250801,2.310561,0.309112
1,3,1789523835.424063921,2.889996,6.533651,56.982414,2.251853,2.315078,0.306608
1,3,1789523835.425053596,2.936388,6.585368,56.878246,2.248729,2.314468,0.311229
1,3,1789523835.427119017,2.906589,6.480776,56.89865,2.252854,2.313837,0.312804
1,3,1789523835.428880453,2.854843,6.44117,56.851888,2.257192,2.307306,0.318095
1,3,1789523835.429619312,2.936388,6.585368,56.878246,2.248729,2.314468,0.311229
1,3,1789523835.431921482,2.93996,6.504457,57.021921,2.247838,2.313253,0.308157
1,3,1789523835.433688402,2.970559,6.56674,56.942141,2.249864,2.31725,0.30477
1,3,1789523835.434713602,2.936388,6.585368,56.878246,2.248729,2.314468,0.311229
1,3,1789523835.436916113,3.041754,6.547637,56.905953,2.243457,2.315312,0.305473
1,3,1789523835.438644648,3.089749,6.585892,56.959237,2.248775,2.320059,0.298028
1,3,1789523835.439908028,2.936388,6.585368,56.878246,2.248729,2.314468,0.311229
1,3,1789523835.441945314,3.045861,6.538994,56.894851,2.24583,2.313758,0.304137
1,3,1789523835.443664551,2.918163,6.516511,56.948502,2.250754,2.312286,0.302499
1,3,1789523835.444293022,2.936388,6.585368,56.878246,2.248729,2.314468,0.311229
1,3,1789523835.446952105,2.995108,6.604702,57.142203,2.245525,2.313401,0.289048
1,3,1789523835.448648930,2.779959,6.53679,56.908773,2.250516,2.308171,0.312336
1,3,1789523835.449368238,2.936388,6.585368,56.878246,2.248729,2.314468,0.311229
1,3,1789523835.451938391,2.932943,6.56959,56.926774,2.250015,2.315555,0.300566
1,3,1789523835.453661203,2.98914,6.558919,56.936035,2.247389,2.319231,0.307175
1,3,1789523835.454362869,2.936388,6.585368,56.878246,2.248729,2.314468,0.311229
1,3,1789523835.456975222,2.900232,6.574532,56.763129,2.246301,2.311484,0.308678
1,3,1789523835.458664894,3.101975,6.534438,56.98151,2.245967,2.320456,0.294713
1,3,1789523835.459385157,2.936388,6.585368,56.878246,2.248729,2.314468,0.311229
1,3,1789523835.462830067,2.925666,6.531768,56.638787,2.246556,2.311332,0.312761
1,3,1789523835.463652372,2.931018,6.575926,56.933553,2.247904,2.314317,0.298773
1,3,1789523835.464280367,2.936388,6.585368,56.878246,2.248729,2.314468,0.311229
1,3,1789523835.466814995,2.920362,6.523769,57.021964,2.24961,2.312555,0.307963
1,3,1789523835.468711376,2.860449,6.608083,56.926879,2.247159,2.313436,0.306256
1,3,1789523835.469772577,2.936388,6.585368,56.878246,2.248729,2.314468,0.311229
1,3,1789523835.471992493,2.995481,6.540743,56.89293,2.249859,2.3149,0.302901
1,3,1789523835.473686218,2.967065,6.553066,57.010339,2.251162,2.316041,0.306697
1,3,1789523835.474411011,2.936388,6.585368,56.878246,2.248729,2.314468,0.311229
1,3,1789523835.477018356,3.013705,6.543421,56.928368,2.250206,2.315401,0.301793
1,3,1789523835.478589535,2.993073,6.522872,56.986625,2.251377,2.312022,0.303084
1,3,1789523835.479478121,2.936388,6.585368,56.878246,2.248729,2.314468,0.311229
1,3,1789523835.482042789,3.016877,6.62528,56.973538,2.24822,2.318546,0.294783
1,3,1789523835.483870506,2.914139,6.64822,56.928289,2.245684,2.309373,0.306573
1,3,1789523835.484312773,2.936388,6.585368,56.878246,2.248729,2.314468,0.311229
1,3,1789523835.487034798,2.966333,6.614898,56.954271,2.251951,2.317463,0.30027
1,3,1789523835.488986254,2.954944,6.627683,56.957633,2.250007,2.318247,0.302507
1,3,1789523835.489931107,2.973015,6.592319,56.58866,2.243341,2.316066,0.310695
1,3,1789523835.492733479,2.909522,6.617397,56.910885,2.24373,2.314734,0.302068
1,3,1789523835.493691206,2.954944,6.627683,56.957633,2.250007,2.318247,0.302507
1,3,1789523835.494561434,2.918083,6.492061,56.970718,2.248905,2.314164,0.305227
1,3,1789523835.496828318,2.888231,6.548496,56.714883,2.247347,2.310523,0.307552
1,3,1789523835.498514891,2.954944,6.627683,56.957633,2.250007,2.318247,0.302507
1,3,1789523835.499423981,2.871956,6.494937,56.84556,2.250974,2.308529,0.313914
1,3,1789523835.501969814,2.920268,6.488312,56.915631,2.251719,2.313558,0.305617
1,3,1789523835.503715038,2.954944,6.627683,56.957633,2.250007,2.318247,0.302507
1,3,1789523835.504430294,3.022379,6.597933,56.921724,2.24658,2.313085,0.303041
1,3,1789523835.506904364,2.964503,6.485694,56.899609,2.247696,2.316241,0.307716
1,3,1789523835.508914948,2.954944,6.627683,56.957633,2.250007,2.318247,0.302507
1,3,1789523835.509701967,3.033996,6.610337,56.718645,2.24622,2.319072,0.304697
1,3,1789523835.511976004,2.995062,6.49406,56.633469,2.25009,2.317552,0.31019
1,3,1789523835.513681650,2.954944,6.627683,56.957633,2.250007,2.318247,0.302507
1,3,1789523835.514405727,2.871161,6.528027,56.920766,2.250792,2.310581,0.30232
1,3,1789523835.516959190,2.989887,6.594251,56.991538,2.246572,2.31348,0.300066
1,3,1789523835.518682718,2.954944,6.627683,56.957633,2.250007,2.318247,0.302507
1,3,1789523835.519405127,2.849651,6.551429,56.803824,2.247789,2.3082,0.316729
1,3,1789523835.521923780,2.944012,6.581451,56.796804,2.250902,2.316354,0.306847
1,3,1789523835.523694515,2.954944,6.627683,56.957633,2.250007,2.318247,0.302507
1,3,1789523835.524487972,3.030153,6.598281,56.96385,2.247234,2.316969,0.300605
1,3,1789523835.527641296,2.965863,6.599522,56.960027,2.249332,2.316935,0.304093
1,3,1789523835.528617620,2.954944,6.627683,56.957633,2.250007,2.318247,0.302507
1,3,1789523835.529615879,3.029609,6.591888,56.90119,2.246438,2.315519,0.302095
1,3,1789523835.531920671,2.911624,6.516594,57.053427,2.254955,2.311476,0.304037
1,3,1789523835.533908129,2.954944,6.627683,56.957633,2.250007,2.318247,0.302507
1,3,1789523835.535040855,2.88261,6.538774,56.938294,2.251668,2.313246,0.301854
1,3,1789523835.536922216,2.953369,6.515305,56.980328,2.253894,2.319184,0.305825
1,3,1789523835.538861036,2.954944,6.627683,56.957633,2.250007,2.318247,0.302507
1,3,1789523835.539583683,2.896345,6.521618,56.804317,2.252531,2.315856,0.311958
1,3,1789523835.541946888,2.888121,6.503041,56.928893,2.252108,2.310197,0.307717
1,3,1789523835.543637514,2.954944,6.627683,56.957633,2.250007,2.318247,0.302507
1,3,1789523835.544640303,3.020126,6.529996,56.953989,2.251175,2.318189,0.306755
1,3,1789523835.546953201,2.921809,6.508607,57.141416,2.254113,2.31676,0.307482
1,3,1789523835.548657179,2.954944,6.627683,56.957633,2.250007,2.318247,0.302507
1,3,1789523835.549617767,3.020471,6.523574,56.874444,2.24845,2.316391,0.303278
1,3,1789523835.551803350,2.982416,6.60192,56.908219,2.243224,2.319328,0.307073
1,3,1789523835.553683519,2.954944,6.627683,56.957633,2.250007,2.318247,0.302507
1,3,1789523835.554761648,2.968764,6.613531,56.951025,2.246741,2.317038,0.304267
1,3,1789523835.556875706,2.978587,6.573315,56.821821,2.247731,2.313942,0.304803
1,3,1789523835.558649540,2.954944,6.627683,56.957633,2.250007,2.318247,0.302507
1,3,1789523835.559381723,2.864746,6.573002,56.767124,2.24925,2.309914,0.304969
1,3,1789523835.561938524,2.996559,6.55057,56.671098,2.248485,2.317641,0.304115
1,3,1789523835.563601971,2.954944,6.627683,56.957633,2.250007,2.318247,0.302507
1,3,1789523835.564614296,2.846172,6.466227,56.912993,2.251662,2.30952,0.315659
1,3,1789523835.566900969,2.932588,6.58407,57.004998,2.243225,2.311859,0.302657
1,3,1789523835.568700075,2.954944,6.627683,56.957633,2.250007,2.318247,0.302507
1,3,1789523835.569183350,3.036819,6.542637,56.906386,2.247562,2.319282,0.306165
1,3,1789523835.572543859,2.94459,6.534316,56.824793,2.24983,2.314623,0.300889
1,3,1789523835.573571682,2.954944,6.627683,56.957633,2.250007,2.318247,0.302507
1,3,1789523835.574308395,3.050211,6.643312,56.973682,2.24499,2.316804,0.300742
1,3,1789523835.577414751,2.879398,6.52011,56.927527,2.250254,2.308723,0.306588
1,3,1789523835.578655005,2.954944,6.627683,56.957633,2.250007,2.318247,0.302507
1,3,1789523835.579355240,2.845441,6.5872,56.974522,2.249293,2.313431,0.307061
1,3,1789523835.583565235,2.954944,6.627683,56.957633,2.250007,2.318247,0.302507
1,3,1789523835.584301472,2.821341,6.517888,56.934042,2.251321,2.314299,0.305341
1,3,1789523835.589945078,2.954944,6.627683,56.957633,2.250007,2.318247,0.302507
1,3,1789523835.590428591,3.062423,6.556472,56.935838,2.24491,2.31812,0.30703
1,3,1789523835.593569994,2.954944,6.627683,56.957633,2.250007,2.318247,0.302507
1,3,1789523835.594249010,3.054945,6.577462,56.899313,2.245423,2.315383,0.294883
1,3,1789523835.599466562,2.954944,6.627683,56.957633,2.250007,2.318247,0.302507
1,3,1789523835.600100040,2.929195,6.545135,56.659122,2.24721,2.314423,0.301998
1,3,1789523835.604258537,2.954944,6.627683,56.957633,2.250007,2.318247,0.302507
1,3,1789523835.604726315,2.882256,6.555285,56.934757,2.249142,2.315606,0.305838
1,3,1789523835.609162807,2.954944,6.627683,56.957633,2.250007,2.318247,0.302507
1,3,1789523835.609637022,2.938379,6.480446,56.722484,2.255701,2.317715,0.31361
1,3,1789523835.614458561,2.954944,6.627683,56.957633,2.250007,2.318247,0.302507
1,3,1789523835.615163088,3.025741,6.541426,56.910563,2.254664,2.318792,0.302654
1,3,1789523835.618688583,2.954944,6.627683,56.957633,2.250007,2.318247,0.302507
1,3,1789523835.619863033,3.063381,6.608199,56.911861,2.246755,2.317693,0.297088
1,3,1789523835.623675346,2.954944,6.627683,56.957633,2.250007,2.318247,0.302507
1,3,1789523835.625084877,2.959564,6.598544,57.023891,2.249976,2.315643,0.297036
1,3,1789523835.625579357,2.940171,6.583574,57.026696,2.249987,2.313339,0.298675
1,3,1789523835.625996351,2.923622,6.529215,56.930255,2.251355,2.315965,0.309157
1,3,1789523835.628844261,2.954944,6.627683,56.957633,2.250007,2.318247,0.302507
1,3,1789523835.629785538,2.959564,6.598544,57.023891,2.249976,2.315643,0.297036
1,3,1789523835.630204439,2.874086,6.518338,56.93983,2.248608,2.31267,0.315104
1,3,1789523835.633630753,2.954944,6.627683,56.957633,2.250007,2.318247,0.302507
1,3,1789523835.634212971,2.860943,6.481304,57.077742,2.250048,2.309564,0.307772
1,3,1789523835.634757519,2.959564,6.598544,57.023891,2.249976,2.315643,0.297036
1,3,1789523835.638820171,2.954944,6.627683,56.957633,2.250007,2.318247,0.302507
1,3,1789523835.639518261,2.959564,6.598544,57.023891,2.249976,2.315643,0.297036
1,3,1789523835.639944792,2.894481,6.53395,56.906014,2.248931,2.309293,0.304709
1,3,1789523835.643631458,2.954944,6.627683,56.957633,2.250007,2.318247,0.302507
1,3,1789523835.644390106,2.959564,6.598544,57.023891,2.249976,2.315643,0.297036
1,3,1789523835.644901037,3.019652,6.534506,56.787608,2.246117,2.31712,0.307383
1,3,1789523835.648717642,2.954944,6.627683,56.957633,2.250007,2.318247,0.302507
1,3,1789523835.649420500,2.959564,6.598544,57.023891,2.249976,2.315643,0.297036
1,3,1789523835.649865866,3.045677,6.580669,56.669528,2.242579,2.311667,0.308465
1,3,1789523835.653761387,2.954944,6.627683,56.957633,2.250007,2.318247,0.302507
1,3,1789523835.654985666,2.959564,6.598544,57.023891,2.249976,2.315643,0.297036
1,3,1789523835.655893564,3.055719,6.565494,57.025784,2.251919,2.31735,0.298692
1,3,1789523835.658939362,2.954944,6.627683,56.957633,2.250007,2.318247,0.302507
1,3,1789523835.660564184,2.959564,6.598544,57.023891,2.249976,2.315643,0.297036
1,3,1789523835.661155224,2.92735,6.595543,56.818841,2.24803,2.31343,0.302633
1,3,1789523835.663875341,2.954944,6.627683,56.957633,2.250007,2.318247,0.302507
1,3,1789523835.665528774,2.959564,6.598544,57.023891,2.249976,2.315643,0.297036
1,3,1789523835.666061640,2.840266,6.55703,56.889575,2.249263,2.312511,0.306315
1,3,1789523835.668997288,2.954944,6.627683,56.957633,2.250007,2.318247,0.302507
1,3,1789523835.670254707,2.959564,6.598544,57.023891,2.249976,2.315643,0.297036
1,3,1789523835.670859098,2.816079,6.539988,57.052787,2.252136,2.311574,0.30955
1,3,1789523835.673862457,2.954944,6.627683,56.957633,2.250007,2.318247,0.302507
1,3,1789523835.675636768,2.959564,6.598544,57.023891,2.249976,2.315643,0.297036
1,3,1789523835.676167011,2.953563,6.563383,56.958527,2.250787,2.318532,0.309535
1,3,1789523835.678888559,2.954944,6.627683,56.957633,2.250007,2.318247,0.302507
1,3,1789523835.680603504,2.959564,6.598544,57.023891,2.249976,2.315643,0.297036
1,3,1789523835.681139231,3.008799,6.519352,56.968415,2.252894,2.317003,0.303912
1,3,1789523835.683891296,2.954944,6.627683,56.957633,2.250007,2.318247,0.302507
1,3,1789523835.685148478,2.959564,6.598544,57.023891,2.249976,2.315643,0.297036
1,3,1789523835.685857296,3.036408,6.559939,57.147939,2.247322,2.317476,0.293501
1,3,1789523835.688907623,2.954944,6.627683,56.957633,2.250007,2.318247,0.302507
1,3,1789523835.689949036,2.959564,6.598544,57.023891,2.249976,2.315643,0.297036
1,3,1789523835.690652370,2.982941,6.571832,56.975611,2.251256,2.319543,0.302544
1,3,1789523835.693915844,2.954944,6.627683,56.957633,2.250007,2.318247,0.302507
1,3,1789523835.694819927,2.959564,6.598544,57.023891,2.249976,2.315643,0.297036
1,3,1789523835.695622206,2.938389,6.578612,56.786059,2.246325,2.313936,0.305709
1,3,1789523835.699864149,2.954944,6.627683,56.957633,2.250007,2.318247,0.302507
1,3,1789523835.700771809,2.959564,6.598544,57.023891,2.249976,2.315643,0.297036
1,3,1789523835.701680422,2.877983,6.55176,56.634699,2.249376,2.309631,0.309711
1,3,1789523835.703934908,2.954944,6.627683,56.957633,2.250007,2.318247,0.302507
1,3,1789523835.704837084,2.959564,6.598544,57.023891,2.249976,2.315643,0.297036
1,3,1789523835.705754042,2.897397,6.528001,57.022179,2.254296,2.318577,0.308671
1,3,1789523835.708938837,2.954944,6.627683,56.957633,2.250007,2.318247,0.302507
1,3,1789523835.709810972,2.959564,6.598544,57.023891,2.249976,2.315643,0.297036
1,3,1789523835.710697174,2.922507,6.574313,56.813694,2.245286,2.315561,0.31182
1,3,1789523835.713936329,2.954944,6.627683,56.957633,2.250007,2.318247,0.302507
1,3,1789523835.714835167,2.959564,6.598544,57.023891,2.249976,2.315643,0.297036
1,3,1789523835.715687990,2.984982,6.495126,56.960955,2.25723,2.316645,0.305123
1,3,1789523835.719144821,2.954944,6.627683,56.957633,2.250007,2.318247,0.302507
1,3,1789523835.720107555,2.959564,6.598544,57.023891,2.249976,2.315643,0.297036
1,3,1789523835.720975161,3.025592,6.585878,57.088218,2.249202,2.314667,0.302623
1,3,1789523835.724863529,2.954944,6.627683,56.957633,2.250007,2.318247,0.302507
1,3,1789523835.725552797,2.959564,6.598544,57.023891,2.249976,2.315643,0.297036
1,3,1789523835.726070166,2.983241,6.546893,56.930053,2.250662,2.316229,0.30902
1,3,1789523835.728935719,2.954944,6.627683,56.957633,2.250007,2.318247,0.302507
1,3,1789523835.730630875,2.959564,6.598544,57.023891,2.249976,2.315643,0.297036
1,3,1789523835.731543779,2.971929,6.603051,56.967612,2.250047,2.317161,0.302972
1,3,1789523835.733887911,2.954944,6.627683,56.957633,2.250007,2.318247,0.302507
1,3,1789523835.734784603,2.959564,6.598544,57.023891,2.249976,2.315643,0.297036
1,3,1789523835.735427856,2.886188,6.572688,56.975794,2.248565,2.314585,0.302061
1,3,1789523835.739005089,2.954944,6.627683,56.957633,2.250007,2.318247,0.302507
1,3,1789523835.739914656,2.897644,6.543854,56.911026,2.248837,2.314155,0.308483
1,3,1789523835.741260767,2.959564,6.598544,57.023891,2.249976,2.315643,0.297036
1,3,1789523835.744018316,2.954944,6.627683,56.957633,2.250007,2.318247,0.302507
1,3,1789523835.745541811,2.959564,6.598544,57.023891,2.249976,2.315643,0.297036
1,3,1789523835.746398211,2.879594,6.482271,56.809671,2.253598,2.312269,0.309152
1,3,1789523835.748900652,2.954944,6.627683,56.957633,2.250007,2.318247,0.302507
1,3,1789523835.749804258,2.959564,6.598544,57.023891,2.249976,2.315643,0.297036
1,3,1789523835.750365973,2.948981,6.49226,56.716138,2.249819,2.315846,0.309283
1,3,1789523835.753774881,2.954944,6.627683,56.957633,2.250007,2.318247,0.302507
1,3,1789523835.754935741,2.959564,6.598544,57.023891,2.249976,2.315643,0.297036
1,3,1789523835.755813122,2.989454,6.525173,57.015705,2.248857,2.313209,0.304005
1,3,1789523835.758871317,2.954944,6.627683,56.957633,2.250007,2.318247,0.302507
1,3,1789523835.759576797,2.959564,6.598544,57.023891,2.249976,2.315643,0.297036
1,3,1789523835.760425806,3.064003,6.603358,56.755075,2.246001,2.320977,0.304466
1,3,1789523835.763874769,2.954944,6.627683,56.957633,2.250007,2.318247,0.302507
1,3,1789523835.765596628,2.959564,6.598544,57.023891,2.249976,2.315643,0.297036
1,3,1789523835.766134501,2.987623,6.666918,56.918091,2.23823,2.312151,0.300287
1,3,1789523835.768905878,2.954944,6.627683,56.957633,2.250007,2.318247,0.302507
1,3,1789523835.771058321,2.959564,6.598544,57.023891,2.249976,2.315643,0.297036
1,3,1789523835.771910429,2.948585,6.587226,57.006249,2.248765,2.313523,0.297496
1,3,1789523835.773942947,2.954944,6.627683,56.957633,2.250007,2.318247,0.302507
1,3,1789523835.774970770,2.959564,6.598544,57.023891,2.249976,2.315643,0.297036
1,3,1789523835.775489807,2.871288,6.574802,56.954325,2.247672,2.311441,0.299826
1,3,1789523835.778912783,2.954944,6.627683,56.957633,2.250007,2.318247,0.302507
1,3,1789523835.779834509,2.959564,6.598544,57.023891,2.249976,2.315643,0.297036
1,3,1789523835.780679941,2.918241,6.474802,56.912104,2.250121,2.311441,0.303166
1,3,1789523835.784002781,2.954944,6.627683,56.957633,2.250007,2.318247,0.302507
1,3,1789523835.784865141,2.921821,6.482912,57.126224,2.251911,2.31371,0.303457
1,3,1789523835.785936356,2.959564,6.598544,57.023891,2.249976,2.315643,0.297036
1,3,1789523835.789122343,2.954944,6.627683,56.957633,2.250007,2.318247,0.302507
1,3,1789523835.790689945,2.959564,6.598544,57.023891,2.249976,2.315643,0.297036
1,3,1789523835.791261196,2.959779,6.560648,56.930278,2.245537,2.315106,0.309023
1,3,1789523835.793970585,2.954944,6.627683,56.957633,2.250007,2.318247,0.302507
1,3,1789523835.795614243,2.959564,6.598544,57.023891,2.249976,2.315643,0.297036
1,3,1789523835.796150923,3.024227,6.536454,56.749461,2.247773,2.318301,0.306874
1,3,1789523835.798917055,2.954944,6.627683,56.957633,2.250007,2.318247,0.302507
1,3,1789523835.800612688,2.959564,6.598544,57.023891,2.249976,2.315643,0.297036
1,3,1789523835.801488876,2.968008,6.583108,56.630492,2.249913,2.313054,0.307245
1,3,1789523835.803900242,2.954944,6.627683,56.957633,2.250007,2.318247,0.302507
1,3,1789523835.805185318,2.959564,6.598544,57.023891,2.249976,2.315643,0.297036
1,3,1789523835.806066990,2.956046,6.597291,57.063235,2.251888,2.316073,0.298455
1,3,1789523835.808915615,2.954944,6.627683,56.957633,2.250007,2.318247,0.302507
1,3,1789523835.809687614,2.959564,6.598544,57.023891,2.249976,2.315643,0.297036
1,3,1789523835.810366392,2.915104,6.561305,56.846738,2.253722,2.315548,0.309034
1,3,1789523835.814070463,2.954944,6.627683,56.957633,2.250007,2.318247,0.302507
1,3,1789523835.814958334,2.959564,6.598544,57.023891,2.249976,2.315643,0.297036
1,3,1789523835.815540314,2.898938,6.52426,56.957743,2.252584,2.315428,0.30881
1,3,1789523835.819706202,2.954944,6.627683,56.957633,2.250007,2.318247,0.302507
1,3,1789523835.820605516,2.959564,6.598544,57.023891,2.249976,2.315643,0.297036
1,3,1789523835.821480274,2.90755,6.542304,57.038106,2.246841,2.313572,0.306398
1,3,1789523835.823938847,2.954944,6.627683,56.957633,2.250007,2.318247,0.302507
1,3,1789523835.824826956,2.959564,6.598544,57.023891,2.249976,2.315643,0.297036
1,3,1789523835.825690031,2.93248,6.486481,56.869104,2.251642,2.314353,0.3118
1,3,1789523835.828925371,2.954944,6.627683,56.957633,2.250007,2.318247,0.302507
1,3,1789523835.829988718,2.959564,6.598544,57.023891,2.249976,2.315643,0.297036
1,3,1789523835.830523729,2.904022,6.485622,56.924991,2.250381,2.307678,0.305014
1,3,1789523835.833741426,2.954944,6.627683,56.957633,2.250007,2.318247,0.302507
1,3,1789523835.835203648,2.959564,6.598544,57.023891,2.249976,2.315643,0.297036
1,3,1789523835.836085320,2.998783,6.528607,57.127084,2.250892,2.322218,0.298729
1,3,1789523835.839200020,2.954944,6.627683,56.957633,2.250007,2.318247,0.302507
1,3,1789523835.840122461,2.959564,6.598544,57.023891,2.249976,2.315643,0.297036
1,3,1789523835.841591597,2.982803,6.588205,56.941246,2.244832,2.314194,0.30381
1,3,1789523835.843908072,2.954944,6.627683,56.957633,2.250007,2.318247,0.302507
1,3,1789523835.845863819,2.959564,6.598544,57.023891,2.249976,2.315643,0.297036
1,3,1789523835.846526623,3.022838,6.598221,56.914934,2.24985,2.320824,0.299423
1,3,1789523835.848786592,2.954944,6.627683,56.957633,2.250007,2.318247,0.302507
1,3,1789523835.849518299,2.959564,6.598544,57.023891,2.249976,2.315643,0.297036
1,3,1789523835.850042582,2.9072,6.592248,56.943937,2.247987,2.313132,0.305321
1,3,1789523835.853730917,2.954944,6.627683,56.957633,2.250007,2.318247,0.302507
1,3,1789523835.854772568,2.959564,6.598544,57.023891,2.249976,2.315643,0.297036
1,3,1789523835.855382681,2.882752,6.542462,56.912661,2.250467,2.315444,0.303587
1,3,1789523835.858753443,2.954944,6.627683,56.957633,2.250007,2.318247,0.302507
1,3,1789523835.859944820,2.959564,6.598544,57.023891,2.249976,2.315643,0.297036
1,3,1789523835.860859632,2.877862,6.500846,56.809453,2.255325,2.31448,0.309134
1,3,1789523835.863885880,2.954944,6.627683,56.957633,2.250007,2.318247,0.302507
1,3,1789523835.864794016,2.959564,6.598544,57.023891,2.249976,2.315643,0.297036
1,3,1789523835.865671158,2.93123,6.555249,56.937021,2.246117,2.31283,0.30709
1,3,1789523835.868876219,2.954944,6.627683,56.957633,2.250007,2.318247,0.302507
1,3,1789523835.870287180,2.959564,6.598544,57.023891,2.249976,2.315643,0.297036
1,3,1789523835.871179342,3.051493,6.547086,57.078431,2.252493,2.325366,0.303689
1,3,1789523835.873898506,2.954944,6.627683,56.957633,2.250007,2.318247,0.302507
1,3,1789523835.875376463,3.028352,6.609163,56.906013,2.24005,2.314971,0.305186
1,3,1789523835.875998974,2.959564,6.598544,57.023891,2.249976,2.315643,0.297036
1,3,1789523835.879839182,2.954944,6.627683,56.957633,2.250007,2.318247,0.302507
1,3,1789523835.880738735,2.959564,6.598544,57.023891,2.249976,2.315643,0.297036
1,3,1789523835.881688595,3.053381,6.574738,56.91756,2.246986,2.317811,0.294912
1,3,1789523835.884663343,2.954944,6.627683,56.957633,2.250007,2.318247,0.302507
1,3,1789523835.885586023,2.88851,6.539047,57.104856,2.246487,2.308002,0.294681
1,3,1789523835.886470795,2.959564,6.598544,57.023891,2.249976,2.315643,0.297036
1,3,1789523835.889232635,2.954944,6.627683,56.957633,2.250007,2.318247,0.302507
1,3,1789523835.890589952,2.959564,6.598544,57.023891,2.249976,2.315643,0.297036
1,3,1789523835.891500950,2.853234,6.583817,56.860096,2.244036,2.311093,0.305073
1,3,1789523835.893928051,2.954944,6.627683,56.957633,2.250007,2.318247,0.302507
1,3,1789523835.894658566,2.959564,6.598544,57.023891,2.249976,2.315643,0.297036
1,3,1789523835.895693541,2.878053,6.536324,56.761571,2.246104,2.30945,0.313701
1,3,1789523835.898888350,2.954944,6.627683,56.957633,2.250007,2.318247,0.302507
1,3,1789523835.899806738,2.959564,6.598544,57.023891,2.249976,2.315643,0.297036
1,3,1789523835.900726557,2.964475,6.495932,56.630987,2.247591,2.312338,0.314063
1,3,1789523835.904308796,2.954944,6.627683,56.957633,2.250007,2.318247,0.302507
1,3,1789523835.905462742,2.959564,6.598544,57.023891,2.249976,2.315643,0.297036
1,3,1789523835.906353235,3.024436,6.527691,57.042771,2.249493,2.315717,0.303742
1,3,1789523835.909184217,2.954944,6.627683,56.957633,2.250007,2.318247,0.302507
1,3,1789523835.910070419,2.959564,6.598544,57.023891,2.249976,2.315643,0.297036
1,3,1789523835.911009789,3.03365,6.563111,56.848439,2.246423,2.31768,0.304498
1,3,1789523835.913877010,2.954944,6.627683,56.957633,2.250007,2.318247,0.302507
1,3,1789523835.914762020,2.959564,6.598544,57.023891,2.249976,2.315643,0.297036
1,3,1789523835.915988684,2.971293,6.54954,56.919724,2.251081,2.314883,0.302086
1,3,1789523835.920093536,2.954944,6.627683,56.957633,2.250007,2.318247,0.302507
1,3,1789523835.920915604,2.959564,6.598544,57.023891,2.249976,2.315643,0.297036
1,3,1789523835.921477079,2.949328,6.6527,57.011558,2.245435,2.31655,0.294927
1,3,1789523835.924952984,2.954944,6.627683,56.957633,2.250007,2.318247,0.302507
1,3,1789523835.925525904,2.959564,6.598544,57.023891,2.249976,2.315643,0.297036
1,3,1789523835.926050901,2.848758,6.584961,56.89887,2.252139,2.31207,0.306077
1,3,1789523835.928843737,2.954944,6.627683,56.957633,2.250007,2.318247,0.302507
1,3,1789523835.930364132,2.959564,6.598544,57.023891,2.249976,2.315643,0.297036
1,3,1789523835.930911779,2.905708,6.51665,56.931915,2.250789,2.318051,0.310537
1,3,1789523835.934051037,2.954944,6.627683,56.957633,2.250007,2.318247,0.302507
1,3,1789523835.934953213,2.959564,6.598544,57.023891,2.249976,2.315643,0.297036
1,3,1789523835.935816526,2.934266,6.470252,57.137831,2.250278,2.311195,0.310864
1,3,1789523835.938890457,2.954944,6.627683,56.957633,2.250007,2.318247,0.302507
1,3,1789523835.939784050,2.959564,6.598544,57.023891,2.249976,2.315643,0.297036
1,3,1789523835.940661192,2.991682,6.475344,56.935001,2.255474,2.317634,0.306648
1,3,1789523835.943844557,2.954944,6.627683,56.957633,2.250007,2.318247,0.302507
1,3,1789523835.944742441,2.959564,6.598544,57.023891,2.249976,2.315643,0.297036
1,3,1789523835.945617914,2.979825,6.547269,56.816235,2.249709,2.313568,0.307301
1,3,1789523835.948878288,2.954944,6.627683,56.957633,2.250007,2.318247,0.302507
1,3,1789523835.949824572,2.959564,6.598544,57.023891,2.249976,2.315643,0.297036
1,3,1789523835.950697422,2.991837,6.568992,56.650487,2.248907,2.317687,0.308783
1,3,1789523835.954009295,2.954944,6.627683,56.957633,2.250007,2.318247,0.302507
1,3,1789523835.955333710,2.959564,6.598544,57.023891,2.249976,2.315643,0.297036
1,3,1789523835.955910444,2.975189,6.614191,57.00193,2.248675,2.314687,0.300765
1,3,1789523835.958981514,2.954944,6.627683,56.957633,2.250007,2.318247,0.302507
1,3,1789523835.959890604,2.959564,6.598544,57.023891,2.249976,2.315643,0.297036
1,3,1789523835.960760832,2.981798,6.546311,56.805609,2.248721,2.314825,0.306598
1,3,1789523835.963849306,2.954944,6.627683,56.957633,2.250007,2.318247,0.302507
1,3,1789523835.964744091,2.959564,6.598544,57.023891,2.249976,2.315643,0.297036
1,3,1789523835.965608597,2.900841,6.503141,56.995282,2.255633,2.311905,0.308698
1,3,1789523835.968920946,2.954944,6.627683,56.957633,2.250007,2.318247,0.302507
1,3,1789523835.970749378,2.959564,6.598544,57.023891,2.249976,2.315643,0.297036
1,3,1789523835.971573830,2.924095,6.49475,57.065633,2.253138,2.316711,0.312758
1,3,1789523835.973909140,2.954944,6.627683,56.957633,2.250007,2.318247,0.302507
1,3,1789523835.975322485,2.959564,6.598544,57.023891,2.249976,2.315643,0.297036
1,3,1789523835.976208448,2.882856,6.566616,56.918555,2.247776,2.317188,0.313629
1,3,1789523835.978915691,2.954944,6.627683,56.957633,2.250007,2.318247,0.302507
1,3,1789523835.980191469,2.959564,6.598544,57.023891,2.249976,2.315643,0.297036
1,3,1789523835.981059074,2.999068,6.593347,56.90007,2.248165,2.318976,0.301693
1,3,1789523835.983923435,2.954944,6.627683,56.957633,2.250007,2.318247,0.302507
1,3,1789523835.984811544,2.959564,6.598544,57.023891,2.249976,2.315643,0.297036
1,3,1789523835.985685349,3.019359,6.590791,57.158706,2.246109,2.312652,0.293756
1,3,1789523835.988991261,2.954944,6.627683,56.957633,2.250007,2.318247,0.302507
1,3,1789523835.990240097,2.959564,6.598544,57.023891,2.249976,2.315643,0.297036
1,3,1789523835.991102457,3.074312,6.5543,56.951747,2.250999,2.322847,0.29965
1,3,1789523835.995022774,2.954944,6.627683,56.957633,2.250007,2.318247,0.302507
1,3,1789523835.995914221,2.959564,6.598544,57.023891,2.249976,2.315643,0.297036
1,3,1789523835.996544361,2.987142,6.566386,56.830529,2.245607,2.310822,0.304138
1,3,1789523835.998989820,2.954944,6.627683,56.957633,2.250007,2.318247,0.302507
1,3,1789523836.000038385,2.959564,6.598544,57.023891,2.249976,2.315643,0.297036
1,3,1789523836.000931263,2.920637,6.527996,56.795381,2.251344,2.315331,0.30606
1,3,1789523836.004213572,2.954944,6.627683,56.957633,2.250007,2.318247,0.302507
1,3,1789523836.005568743,2.959564,6.598544,57.023891,2.249976,2.315643,0.297036
1,3,1789523836.006135464,2.848482,6.538711,57.015519,2.249445,2.30827,0.309214
1,3,1789523836.008956909,2.954944,6.627683,56.957633,2.250007,2.318247,0.302507
1,3,1789523836.010367632,2.959564,6.598544,57.023891,2.249976,2.315643,0.297036
1,3,1789523836.010934114,2.897657,6.5573,56.903114,2.248175,2.314313,0.309348
1,3,1789523836.015101910,2.954944,6.627683,56.957633,2.250007,2.318247,0.302507
1,3,1789523836.015690565,2.959564,6.598544,57.023891,2.249976,2.315643,0.297036
1,3,1789523836.016229868,2.95732,6.511325,56.911121,2.247623,2.308983,0.308204
1,3,1789523836.018928289,2.954944,6.627683,56.957633,2.250007,2.318247,0.302507
1,3,1789523836.020358086,2.959564,6.598544,57.023891,2.249976,2.315643,0.297036
1,3,1789523836.020988226,3.051108,6.554468,57.04094,2.247483,2.316586,0.29647
1,3,1789523836.023875475,2.954944,6.627683,56.957633,2.250007,2.318247,0.302507
1,3,1789523836.025299549,2.959564,6.598544,57.023891,2.249976,2.315643,0.297036
1,3,1789523836.025874138,3.080781,6.580887,56.90521,2.245756,2.31822,0.305136
1,3,1789523836.028838873,2.954944,6.627683,56.957633,2.250007,2.318247,0.302507
1,3,1789523836.029763699,2.959564,6.598544,57.023891,2.249976,2.315643,0.297036
1,3,1789523836.030762911,3.009159,6.618746,56.918558,2.244504,2.312268,0.300788
1,3,1789523836.033874035,2.954944,6.627683,56.957633,2.250007,2.318247,0.302507
1,3,1789523836.035535097,2.959564,6.598544,57.023891,2.249976,2.315643,0.297036
1,3,1789523836.036177397,2.936422,6.60683,57.086766,2.250865,2.316526,0.295592
1,3,1789523836.038954735,2.954944,6.627683,56.957633,2.250007,2.318247,0.302507
1,3,1789523836.039739847,2.959564,6.598544,57.023891,2.249976,2.315643,0.297036
1,3,1789523836.040276051,2.796548,6.565561,56.965678,2.250485,2.303717,0.306326
1,3,1789523836.043760538,2.954944,6.627683,56.957633,2.250007,2.318247,0.302507
1,3,1789523836.044833899,2.959564,6.598544,57.023891,2.249976,2.315643,0.297036
1,3,1789523836.045337200,2.920751,6.466978,56.802463,2.252537,2.319822,0.311501
1,3,1789523836.048771143,2.954944,6.627683,56.957633,2.250007,2.318247,0.302507
1,3,1789523836.049650192,2.959564,6.598544,57.023891,2.249976,2.315643,0.297036
1,3,1789523836.050174713,2.907577,6.467864,56.756072,2.248649,2.304634,0.315997
1,3,1789523836.054188490,2.954944,6.627683,56.957633,2.250007,2.318247,0.302507
1,3,1789523836.054936886,2.959564,6.598544,57.023891,2.249976,2.315643,0.297036
1,3,1789523836.055463076,3.065556,6.497272,57.018575,2.252282,2.320184,0.300744
1,3,1789523836.058887720,2.954944,6.627683,56.957633,2.250007,2.318247,0.302507
1,3,1789523836.059694290,2.959564,6.598544,57.023891,2.249976,2.315643,0.297036
1,3,1789523836.060216904,3.035335,6.595823,56.812748,2.244246,2.313353,0.304864
1,3,1789523836.063787699,2.954944,6.627683,56.957633,2.250007,2.318247,0.302507
1,3,1789523836.064971924,2.959564,6.598544,57.023891,2.249976,2.315643,0.297036
1,3,1789523836.065582037,3.06647,6.604892,56.901921,2.249598,2.323329,0.297284
1,3,1789523836.068947792,2.954944,6.627683,56.957633,2.250007,2.318247,0.302507
1,3,1789523836.069840431,2.959564,6.598544,57.023891,2.249976,2.315643,0.297036
1,3,1789523836.070739269,2.93782,6.647971,57.057719,2.245346,2.315346,0.294578
1,3,1789523836.073940516,2.954944,6.627683,56.957633,2.250007,2.318247,0.302507
1,3,1789523836.075194120,2.959564,6.598544,57.023891,2.249976,2.315643,0.297036
1,3,1789523836.075766087,2.882016,6.563243,56.901738,2.251895,2.310085,0.301794
1,3,1789523836.078921795,2.954944,6.627683,56.957633,2.250007,2.318247,0.302507
1,3,1789523836.080188513,2.959564,6.598544,57.023891,2.249976,2.315643,0.297036
1,3,1789523836.081063509,2.922926,6.49292,56.959326,2.256035,2.319188,0.304322
1,3,1789523836.083899736,2.954944,6.627683,56.957633,2.250007,2.318247,0.302507
1,3,1789523836.084887266,2.959564,6.598544,57.023891,2.249976,2.315643,0.297036
1,3,1789523836.085678816,2.949063,6.537853,57.162095,2.244697,2.311877,0.308292
1,3,1789523836.088944435,2.954944,6.627683,56.957633,2.250007,2.318247,0.302507
1,3,1789523836.089833021,2.959564,6.598544,57.023891,2.249976,2.315643,0.297036
1,3,1789523836.090703249,3.024948,6.512863,56.925354,2.252387,2.317557,0.306287
1,3,1789523836.093869209,2.954944,6.627683,56.957633,2.250007,2.318247,0.302507
1,3,1789523836.094737768,2.959564,6.598544,57.023891,2.249976,2.315643,0.297036
1,3,1789523836.095613003,3.026433,6.567188,56.812728,2.246851,2.316912,0.305358
1,3,1789523836.098751307,2.954944,6.627683,56.957633,2.250007,2.318247,0.302507
1,3,1789523836.099685669,2.959564,6.598544,57.023891,2.249976,2.315643,0.297036
1,3,1789523836.100203753,3.0015,6.566364,56.647997,2.246892,2.317489,0.307184
1,3,1789523836.104038239,2.954944,6.627683,56.957633,2.250007,2.318247,0.302507
1,3,1789523836.104932308,2.96991,6.581194,57.045576,2.249247,2.317121,0.293245
1,3,1789523836.106520891,2.959564,6.598544,57.023891,2.249976,2.315643,0.297036
1,3,1789523836.108910561,2.954944,6.627683,56.957633,2.250007,2.318247,0.302507
1,3,1789523836.109807014,2.959564,6.598544,57.023891,2.249976,2.315643,0.297036
1,3,1789523836.110463858,2.902092,6.56486,56.894595,2.248659,2.310364,0.303292
1,3,1789523836.114027023,2.954944,6.627683,56.957633,2.250007,2.318247,0.302507
1,3,1789523836.115028381,2.959564,6.598544,57.023891,2.249976,2.315643,0.297036
1,3,1789523836.115991354,2.881037,6.487731,56.914806,2.255982,2.315694,0.311308
1,3,1789523836.118895531,2.954944,6.627683,56.957633,2.250007,2.318247,0.302507
1,3,1789523836.119783640,2.959564,6.598544,57.023891,2.249976,2.315643,0.297036
1,3,1789523836.120712042,2.921396,6.545778,57.051879,2.247865,2.317461,0.309736
1,3,1789523836.123974800,2.954944,6.627683,56.957633,2.250007,2.318247,0.302507
1,3,1789523836.125207901,2.959564,6.598544,57.023891,2.249976,2.315643,0.297036
1,3,1789523836.126075029,2.950617,6.515488,56.9005,2.249335,2.308906,0.313362
1,3,1789523836.128926039,2.954944,6.627683,56.957633,2.250007,2.318247,0.302507
1,3,1789523836.129828930,2.959564,6.598544,57.023891,2.249976,2.315643,0.297036
1,3,1789523836.130566120,3.041891,6.514146,56.932654,2.254001,2.319194,0.305145
1,3,1789523836.133871078,2.954944,6.627683,56.957633,2.250007,2.318247,0.302507
1,3,1789523836.134767532,2.959564,6.598544,57.023891,2.249976,2.315643,0.297036
1,3,1789523836.135501862,3.004474,6.592859,56.879754,2.244565,2.313866,0.306141
1,3,1789523836.138931751,2.954944,6.627683,56.957633,2.250007,2.318247,0.302507
1,3,1789523836.141009331,2.959564,6.598544,57.023891,2.249976,2.315643,0.297036
1,3,1789523836.141573668,3.00104,6.589279,56.918424,2.251618,2.319107,0.301517
1,3,1789523836.143781185,2.954944,6.627683,56.957633,2.250007,2.318247,0.302507
1,3,1789523836.145308495,2.959564,6.598544,57.023891,2.249976,2.315643,0.297036
1,3,1789523836.146169901,2.922993,6.597664,56.954108,2.249033,2.310357,0.305545
1,3,1789523836.148923159,2.954944,6.627683,56.957633,2.250007,2.318247,0.302507
1,3,1789523836.150308847,2.959564,6.598544,57.023891,2.249976,2.315643,0.297036
1,3,1789523836.150886059,2.863408,6.537412,56.905589,2.251007,2.31069,0.310596
1,3,1789523836.153954983,2.954944,6.627683,56.957633,2.250007,2.318247,0.302507
1,3,1789523836.154903412,2.959564,6.598544,57.023891,2.249976,2.315643,0.297036
1,3,1789523836.155721188,2.876192,6.489884,57.028453,2.248621,2.314563,0.306507
1,3,1789523836.158886909,2.954944,6.627683,56.957633,2.250007,2.318247,0.302507
1,3,1789523836.159796000,2.959564,6.598544,57.023891,2.249976,2.315643,0.297036
1,3,1789523836.160694122,2.88511,6.504281,56.814417,2.246309,2.30438,0.311362
1,3,1789523836.164049387,2.954944,6.627683,56.957633,2.250007,2.318247,0.302507
1,3,1789523836.165553331,2.959564,6.598544,57.023891,2.249976,2.315643,0.297036
1,3,1789523836.166110039,3.023667,6.508294,56.875857,2.25004,2.319648,0.304629
1,3,1789523836.168885231,2.954944,6.627683,56.957633,2.250007,2.318247,0.302507
1,3,1789523836.169958591,2.959564,6.598544,57.023891,2.249976,2.315643,0.297036
1,3,1789523836.170821667,3.032121,6.607897,57.058818,2.239048,2.312175,0.295322
1,3,1789523836.173913002,2.954944,6.627683,56.957633,2.250007,2.318247,0.302507
1,3,1789523836.175482512,2.959564,6.598544,57.023891,2.249976,2.315643,0.297036
1,3,1789523836.176352739,3.0436,6.584984,56.933486,2.252076,2.318887,0.299226
1,3,1789523836.178920031,2.954944,6.627683,56.957633,2.250007,2.318247,0.302507
1,3,1789523836.179803848,2.959564,6.598544,57.023891,2.249976,2.315643,0.297036
1,3,1789523836.180321693,2.976334,6.593071,56.989875,2.249187,2.321523,0.29984
1,3,1789523836.183931112,2.954944,6.627683,56.957633,2.250007,2.318247,0.302507
1,3,1789523836.184672117,2.959564,6.598544,57.023891,2.249976,2.315643,0.297036
1,3,1789523836.185194016,2.893297,6.605128,57.103312,2.243795,2.312358,0.299936
1,3,1789523836.188909531,2.954944,6.627683,56.957633,2.250007,2.318247,0.302507
1,3,1789523836.189922333,2.959564,6.598544,57.023891,2.249976,2.315643,0.297036
1,3,1789523836.190429688,2.898106,6.53141,56.880799,2.254694,2.315812,0.307136
1,3,1789523836.193928003,2.954944,6.627683,56.957633,2.250007,2.318247,0.302507
1,3,1789523836.194728136,2.959564,6.598544,57.023891,2.249976,2.315643,0.297036
1,3,1789523836.195289135,2.91989,6.550472,56.803243,2.247963,2.311974,0.310751
1,3,1789523836.198852539,2.954944,6.627683,56.957633,2.250007,2.318247,0.302507
1,3,1789523836.199625731,2.959564,6.598544,57.023891,2.249976,2.315643,0.297036
1,3,1789523836.200229883,2.963998,6.49533,56.70731,2.25179,2.315119,0.309479
1,3,1789523836.204946518,2.954944,6.627683,56.957633,2.250007,2.318247,0.302507
1,3,1789523836.205553293,2.959564,6.598544,57.023891,2.249976,2.315643,0.297036
1,3,1789523836.206063509,3.04298,6.520285,57.067611,2.250267,2.31918,0.302169
1,3,1789523836.208876610,2.954944,6.627683,56.957633,2.250007,2.318247,0.302507
1,3,1789523836.209913254,3.028573,6.612459,56.806235,2.243671,2.313654,0.306637
1,3,1789523836.210607290,2.959564,6.598544,57.023891,2.249976,2.315643,0.297036
1,3,1789523836.213929892,2.954944,6.627683,56.957633,2.250007,2.318247,0.302507
1,3,1789523836.214872599,2.959564,6.598544,57.023891,2.249976,2.315643,0.297036
1,3,1789523836.215748549,2.991959,6.577798,56.911848,2.252677,2.319358,0.297284
1,3,1789523836.218920469,2.954944,6.627683,56.957633,2.250007,2.318247,0.302507
1,3,1789523836.220885515,2.959564,6.598544,57.023891,2.249976,2.315643,0.297036
1,3,1789523836.221763849,2.89654,6.609434,57.095704,2.24517,2.310791,0.300827
1,3,1789523836.224005461,2.954944,6.627683,56.957633,2.250007,2.318247,0.302507
1,3,1789523836.224949360,2.959564,6.598544,57.023891,2.249976,2.315643,0.297036
1,3,1789523836.225602388,2.899648,6.553744,56.931939,2.25099,2.313703,0.309859
1,3,1789523836.229014158,2.954944,6.627683,56.957633,2.250007,2.318247,0.302507
1,3,1789523836.229951382,2.959564,6.598544,57.023891,2.249976,2.315643,0.297036
1,3,1789523836.230510235,2.927191,6.516695,56.963409,2.255249,2.312404,0.306117
1,3,1789523836.233794451,2.954944,6.627683,56.957633,2.250007,2.318247,0.302507
1,3,1789523836.235270262,2.959564,6.598544,57.023891,2.249976,2.315643,0.297036
1,3,1789523836.236406803,2.959774,6.54772,57.168191,2.252018,2.312371,0.300019
1,3,1789523836.238867283,2.954944,6.627683,56.957633,2.250007,2.318247,0.302507
1,3,1789523836.239947796,2.959564,6.598544,57.023891,2.249976,2.315643,0.297036
1,3,1789523836.240479708,2.99267,6.507558,56.965137,2.253629,2.31976,0.3082
1,3,1789523836.243740320,2.954944,6.627683,56.957633,2.250007,2.318247,0.302507
1,3,1789523836.244715691,2.953011,6.570424,56.782186,2.246104,2.315436,0.309486
1,3,1789523836.245290041,2.959564,6.598544,57.023891,2.249976,2.315643,0.297036
1,3,1789523836.248752356,2.954944,6.627683,56.957633,2.250007,2.318247,0.302507
1,3,1789523836.249412060,2.977878,6.541482,56.690999,2.253807,2.319345,0.30511
1,3,1789523836.250091553,2.959564,6.598544,57.023891,2.249976,2.315643,0.297036
1,3,1789523836.255042553,2.954944,6.627683,56.957633,2.250007,2.318247,0.302507
1,3,1789523836.255838871,2.950423,6.613338,57.069825,2.248075,2.316016,0.296641
1,3,1789523836.256368160,2.959564,6.598544,57.023891,2.249976,2.315643,0.297036
1,3,1789523836.258858204,2.954944,6.627683,56.957633,2.250007,2.318247,0.302507
1,3,1789523836.259784698,2.959564,6.598544,57.023891,2.249976,2.315643,0.297036
1,3,1789523836.260588884,2.920057,6.549998,56.796756,2.251196,2.314195,0.306716
1,3,1789523836.263676167,2.954944,6.627683,56.957633,2.250007,2.318247,0.302507
1,3,1789523836.264640570,2.959564,6.598544,57.023891,2.249976,2.315643,0.297036
1,3,1789523836.265515089,2.885905,6.513124,57.010443,2.250089,2.311898,0.306461
1,3,1789523836.268859863,2.954944,6.627683,56.957633,2.250007,2.318247,0.302507
1,3,1789523836.270268440,2.959564,6.598544,57.023891,2.249976,2.315643,0.297036
1,3,1789523836.270918608,2.926395,6.5114,57.069276,2.248993,2.313722,0.308696
1,3,1789523836.273851633,2.954944,6.627683,56.957633,2.250007,2.318247,0.302507
1,3,1789523836.275740623,2.959564,6.598544,57.023891,2.249976,2.315643,0.297036
1,3,1789523836.276274920,2.939246,6.532003,57.004831,2.247513,2.313439,0.302945
1,3,1789523836.278917551,2.954944,6.627683,56.957633,2.250007,2.318247,0.302507
1,3,1789523836.279818535,2.959564,6.598544,57.023891,2.249976,2.315643,0.297036
1,3,1789523836.280599117,2.976437,6.55332,56.925197,2.248573,2.312943,0.299385
1,3,1789523836.283936501,2.954944,6.627683,56.957633,2.250007,2.318247,0.302507
1,3,1789523836.285468817,2.959564,6.598544,57.023891,2.249976,2.315643,0.297036
1,3,1789523836.286170006,3.021532,6.548229,56.611195,2.244806,2.31685,0.313605
1,3,1789523836.286983252,2.93509,6.56536,56.957499,2.241498,2.310009,0.301932
1,3,1789523836.290035486,2.997893,6.515497,56.919373,2.253475,2.315431,0.302085
1,3,1789523836.290722132,2.954944,6.627683,56.957633,2.250007,2.318247,0.302507
1,3,1789523836.291255951,2.959564,6.598544,57.023891,2.249976,2.315643,0.297036
1,3,1789523836.291786671,3.018727,6.617729,56.950336,2.244472,2.317556,0.303927
1,3,1789523836.292276144,3.029993,6.574015,56.818356,2.245718,2.318311,0.303096
1,3,1789523836.293979645,2.954944,6.627683,56.957633,2.250007,2.318247,0.302507
1,3,1789523836.294763327,2.959564,6.598544,57.023891,2.249976,2.315643,0.297036
1,3,1789523836.295556068,2.936386,6.596773,56.878635,2.248056,2.31692,0.299544
1,3,1789523836.296916962,3.010838,6.616983,56.959795,2.246077,2.315336,0.303753
1,3,1789523836.298975229,2.954944,6.627683,56.957633,2.250007,2.318247,0.302507
1,3,1789523836.299736738,2.959564,6.598544,57.023891,2.249976,2.315643,0.297036
1,3,1789523836.300303698,2.898095,6.535914,56.669346,2.253494,2.310662,0.308192
1,3,1789523836.300949574,2.901911,6.587312,56.787038,2.252097,2.316385,0.306464
1,3,1789523836.304049730,2.954944,6.627683,56.957633,2.250007,2.318247,0.302507
1,3,1789523836.304886818,2.959564,6.598544,57.023891,2.249976,2.315643,0.297036
1,3,1789523836.305674553,2.879894,6.533493,57.02061,2.249934,2.315679,0.307339
1,3,1789523836.306614637,2.832046,6.591292,56.726803,2.249083,2.308768,0.308767
1,3,1789523836.308792353,2.954944,6.627683,56.957633,2.250007,2.318247,0.302507
1,3,1789523836.310684204,2.959564,6.598544,57.023891,2.249976,2.315643,0.297036
1,3,1789523836.311565638,2.903892,6.535112,56.81522,2.250228,2.312714,0.312619
1,3,1789523836.312219858,2.888006,6.486696,56.98612,2.251413,2.311878,0.308925
1,3,1789523836.313920259,2.954944,6.627683,56.957633,2.250007,2.318247,0.302507
1,3,1789523836.315801620,2.959564,6.598544,57.023891,2.249976,2.315643,0.297036
1,3,1789523836.316589832,3.018042,6.494486,56.941985,2.254248,2.319036,0.305227
1,3,1789523836.317113161,2.961545,6.484085,56.833442,2.246039,2.315002,0.313004
1,3,1789523836.319108248,2.954944,6.627683,56.957633,2.250007,2.318247,0.302507
1,3,1789523836.320767641,2.959564,6.598544,57.023891,2.249976,2.315643,0.297036
1,3,1789523836.321641445,3.045042,6.5492,57.033823,2.246697,2.311534,0.303447
1,3,1789523836.322497606,3.018979,6.546538,56.931874,2.243794,2.311972,0.30378
1,3,1789523836.323900938,2.954944,6.627683,56.957633,2.250007,2.318247,0.302507
1,3,1789523836.325391531,2.959564,6.598544,57.023891,2.249976,2.315643,0.297036
1,3,1789523836.326287508,3.071377,6.574898,56.937885,2.251453,2.321714,0.308586
1,3,1789523836.327153206,3.059976,6.559881,57.074606,2.251793,2.318393,0.294272
1,3,1789523836.328921795,2.954944,6.627683,56.957633,2.250007,2.318247,0.302507
1,3,1789523836.330415249,2.959564,6.598544,57.023891,2.249976,2.315643,0.297036
1,3,1789523836.331302881,2.978811,6.59905,56.950635,2.248325,2.316829,0.30405
1,3,1789523836.332174063,2.935224,6.626275,56.937791,2.242255,2.31248,0.301155
1,3,1789523836.334027290,2.954944,6.627683,56.957633,2.250007,2.318247,0.302507
1,3,1789523836.334904909,2.959564,6.598544,57.023891,2.249976,2.315643,0.297036
1,3,1789523836.335757017,2.878411,6.595552,57.104419,2.245544,2.308691,0.294178
1,3,1789523836.336639404,2.91097,6.50057,56.898105,2.254293,2.317972,0.306709
1,3,1789523836.338914394,2.954944,6.627683,56.957633,2.250007,2.318247,0.302507
1,3,1789523836.339873314,2.959564,6.598544,57.023891,2.249976,2.315643,0.297036
1,3,1789523836.340755701,2.876575,6.502166,56.934803,2.253739,2.312496,0.305729
1,3,1789523836.341623306,2.863285,6.547754,57.101449,2.245133,2.312045,0.298943
1,3,1789523836.346112013,2.954944,6.627683,56.957633,2.250007,2.318247,0.302507
1,3,1789523836.347033739,2.959564,6.598544,57.023891,2.249976,2.315643,0.297036
1,3,1789523836.347777367,2.918303,6.56121,56.806339,2.24272,2.311448,0.312734
1,3,1789523836.348298311,2.875145,6.501992,56.922004,2.25694,2.307336,0.308898
1,3,1789523836.349002600,2.954944,6.627683,56.957633,2.250007,2.318247,0.302507
1,3,1789523836.350736856,2.959564,6.598544,57.023891,2.249976,2.315643,0.297036
1,3,1789523836.351628065,2.988987,6.491998,56.777426,2.252951,2.318203,0.313114
1,3,1789523836.352493286,2.984027,6.544554,56.828835,2.249668,2.323776,0.310623
1,3,1789523836.353914261,2.954944,6.627683,56.957633,2.250007,2.318247,0.302507
1,3,1789523836.355758429,2.959564,6.598544,57.023891,2.249976,2.315643,0.297036
1,3,1789523836.356631994,2.987498,6.569168,57.051437,2.246305,2.30969,0.302444
1,3,1789523836.357501268,2.988174,6.580835,56.734158,2.242037,2.308524,0.313834
1,3,1789523836.359150887,2.954944,6.627683,56.957633,2.250007,2.318247,0.302507
1,3,1789523836.360561848,2.959564,6.598544,57.023891,2.249976,2.315643,0.297036
1,3,1789523836.361460686,2.99276,6.567951,56.828066,2.247276,2.318982,0.303417
1,3,1789523836.362069607,3.068098,6.527286,56.937236,2.253966,2.326547,0.296756
1,3,1789523836.365896463,2.954944,6.627683,56.957633,2.250007,2.318247,0.302507
1,3,1789523836.366772652,2.959564,6.598544,57.023891,2.249976,2.315643,0.297036
1,3,1789523836.367331266,2.914884,6.569042,56.919982,2.249371,2.312977,0.307997
1,3,1789523836.367858171,2.973997,6.589584,56.857091,2.242317,2.313716,0.297415
1,3,1789523836.368881464,2.954944,6.627683,56.957633,2.250007,2.318247,0.302507
1,3,1789523836.369754553,2.932477,6.595909,57.08468,2.245446,2.315156,0.30029
1,3,1789523836.371057510,2.959564,6.598544,57.023891,2.249976,2.315643,0.297036
1,3,1789523836.372131824,2.950198,6.532841,56.89828,2.250422,2.313018,0.300102
1,3,1789523836.376116037,2.954944,6.627683,56.957633,2.250007,2.318247,0.302507
1,3,1789523836.377024174,2.959564,6.598544,57.023891,2.249976,2.315643,0.297036
1,3,1789523836.377625942,2.904238,6.525117,56.899032,2.254523,2.312,0.306504
1,3,1789523836.378123283,2.938216,6.570667,57.104926,2.249702,2.317436,0.301695
1,3,1789523836.378880501,2.954944,6.627683,56.957633,2.250007,2.318247,0.302507
1,3,1789523836.380106449,2.959564,6.598544,57.023891,2.249976,2.315643,0.297036
1,3,1789523836.380968094,2.970231,6.52681,56.98061,2.249264,2.314929,0.305551
1,3,1789523836.382227898,2.896977,6.562302,56.957758,2.249245,2.310447,0.308105
1,3,1789523836.384055376,2.954944,6.627683,56.957633,2.250007,2.318247,0.302507
1,3,1789523836.384956598,2.959564,6.598544,57.023891,2.249976,2.315643,0.297036
1,3,1789523836.385850668,2.965354,6.51797,57.125938,2.25035,2.315014,0.309371
1,3,1789523836.387110710,2.946346,6.503276,56.906548,2.254609,2.320289,0.306417
1,3,1789523836.389013767,2.954944,6.627683,56.957633,2.250007,2.318247,0.302507
1,3,1789523836.390863180,2.941238,6.544451,56.948339,2.25167,2.317375,0.308903
1,3,1789523836.391798496,2.959564,6.598544,57.023891,2.249976,2.315643,0.297036
1,3,1789523836.392371178,2.929239,6.515556,57.118245,2.24488,2.309824,0.30382
1,3,1789523836.394006968,2.954944,6.627683,56.957633,2.250007,2.318247,0.302507
1,3,1789523836.395466805,2.959564,6.598544,57.023891,2.249976,2.315643,0.297036
1,3,1789523836.396365881,2.993808,6.597492,56.763914,2.246008,2.317439,0.303739
1,3,1789523836.397263288,3.010242,6.525482,56.927418,2.25369,2.318817,0.301598
1,3,1789523836.399100065,2.954944,6.627683,56.957633,2.250007,2.318247,0.302507
1,3,1789523836.400363207,2.959564,6.598544,57.023891,2.249976,2.315643,0.297036
1,3,1789523836.401263952,2.978869,6.576413,56.785108,2.252318,2.313544,0.305001
1,3,1789523836.402129650,3.01586,6.586396,56.907848,2.244401,2.312916,0.30012
1,3,1789523836.404185057,2.954944,6.627683,56.957633,2.250007,2.318247,0.302507
1,3,1789523836.405543566,2.959564,6.598544,57.023891,2.249976,2.315643,0.297036
1,3,1789523836.406433105,2.983561,6.586765,57.060774,2.249664,2.318796,0.297263
1,3,1789523836.407284498,3.03245,6.607535,56.881011,2.244853,2.314704,0.300917
1,3,1789523836.409724712,2.954944,6.627683,56.957633,2.250007,2.318247,0.302507
1,3,1789523836.410536289,2.959564,6.598544,57.023891,2.249976,2.315643,0.297036
1,3,1789523836.411074877,2.915297,6.554331,56.863498,2.249362,2.313554,0.307704
1,3,1789523836.411590099,3.016868,6.595813,56.908938,2.248493,2.319077,0.307498
1,3,1789523836.413946390,2.954944,6.627683,56.957633,2.250007,2.318247,0.302507
1,3,1789523836.414813757,2.959564,6.598544,57.023891,2.249976,2.315643,0.297036
1,3,1789523836.415725708,2.930738,6.513151,56.907767,2.247096,2.31292,0.306429
1,3,1789523836.417039871,2.914568,6.553719,56.923607,2.247726,2.313003,0.310475
1,3,1789523836.418864965,2.954944,6.627683,56.957633,2.250007,2.318247,0.302507
1,3,1789523836.420683146,2.959564,6.598544,57.023891,2.249976,2.315643,0.297036
1,3,1789523836.421977520,2.872665,6.508084,57.039051,2.250964,2.310543,0.306769
1,3,1789523836.422607422,2.823987,6.510826,56.903559,2.255345,2.311485,0.303322
1,3,1789523836.424107075,2.954944,6.627683,56.957633,2.250007,2.318247,0.302507
1,3,1789523836.424986839,2.959564,6.598544,57.023891,2.249976,2.315643,0.297036
1,3,1789523836.426204920,2.918625,6.510115,56.912272,2.24998,2.317446,0.303766
1,3,1789523836.427071810,2.862104,6.486275,57.031171,2.24889,2.311419,0.301853
1,3,1789523836.430963755,2.954944,6.627683,56.957633,2.250007,2.318247,0.302507
1,3,1789523836.431540728,2.959564,6.598544,57.023891,2.249976,2.315643,0.297036
1,3,1789523836.432051182,3.007067,6.519041,56.950862,2.253858,2.316852,0.30457
1,3,1789523836.432560682,2.954328,6.536378,56.939518,2.244973,2.309014,0.308429
1,3,1789523836.433967352,2.954944,6.627683,56.957633,2.250007,2.318247,0.302507
1,3,1789523836.435822964,2.959564,6.598544,57.023891,2.249976,2.315643,0.297036
1,3,1789523836.436708212,3.022163,6.553843,56.977461,2.252027,2.317153,0.309683
1,3,1789523836.437315702,3.049637,6.539184,56.981915,2.250996,2.318047,0.30673
1,3,1789523836.438924551,2.954944,6.627683,56.957633,2.250007,2.318247,0.302507
1,3,1789523836.440880060,2.959564,6.598544,57.023891,2.249976,2.315643,0.297036
1,3,1789523836.441750765,2.999401,6.619675,57.026117,2.250378,2.322009,0.305203
1,3,1789523836.442591906,3.058567,6.613142,57.146759,2.244315,2.322969,0.293127
1,3,1789523836.443872452,2.954944,6.627683,56.957633,2.250007,2.318247,0.302507
1,3,1789523836.444735527,2.959564,6.598544,57.023891,2.249976,2.315643,0.297036
1,3,1789523836.445594072,2.874803,6.615391,56.971081,2.251178,2.31603,0.304951
1,3,1789523836.446977377,2.97265,6.595807,56.953148,2.246981,2.316273,0.299581
1,3,1789523836.448895931,2.954944,6.627683,56.957633,2.250007,2.318247,0.302507
1,3,1789523836.450738668,2.959564,6.598544,57.023891,2.249976,2.315643,0.297036
1,3,1789523836.451612949,2.873043,6.586748,56.917464,2.251493,2.315563,0.306482
1,3,1789523836.452322245,2.910331,6.543233,56.81348,2.250423,2.315176,0.305635
1,3,1789523836.453979492,2.954944,6.627683,56.957633,2.250007,2.318247,0.302507
1,3,1789523836.454853058,2.959564,6.598544,57.023891,2.249976,2.315643,0.297036
1,3,1789523836.455727577,2.854427,6.52188,57.002327,2.251312,2.308358,0.306748
1,3,1789523836.456597567,2.790688,6.571533,56.696832,2.250333,2.306994,0.307271
1,3,1789523836.459189177,2.954944,6.627683,56.957633,2.250007,2.318247,0.302507
1,3,1789523836.460065126,2.959564,6.598544,57.023891,2.249976,2.315643,0.297036
1,3,1789523836.460923433,2.891016,6.448646,56.837375,2.253766,2.310408,0.308995
1,3,1789523836.461780071,2.88698,6.527233,56.994712,2.252705,2.319784,0.303033
1,3,1789523836.464071512,2.954944,6.627683,56.957633,2.250007,2.318247,0.302507
1,3,1789523836.465668440,2.959564,6.598544,57.023891,2.249976,2.315643,0.297036
1,3,1789523836.466554403,2.998798,6.474821,56.960447,2.250614,2.319158,0.305289
1,3,1789523836.467150927,2.977492,6.556883,56.86897,2.243467,2.313232,0.311368
1,3,1789523836.469137430,2.954944,6.627683,56.957633,2.250007,2.318247,0.302507
1,3,1789523836.470018625,2.959564,6.598544,57.023891,2.249976,2.315643,0.297036
1,3,1789523836.470819950,3.03538,6.573325,57.118842,2.244374,2.315577,0.304645
1,3,1789523836.471394300,3.100581,6.507194,56.928848,2.25113,2.320798,0.309046
1,3,1789523836.474117517,2.954944,6.627683,56.957633,2.250007,2.318247,0.302507
1,3,1789523836.475008965,2.959564,6.598544,57.023891,2.249976,2.315643,0.297036
1,3,1789523836.475838900,2.98871,6.579806,56.92085,2.250765,2.314979,0.302691
1,3,1789523836.476478815,3.027341,6.575876,57.129894,2.244798,2.316376,0.293689
1,3,1789523836.480612040,2.954944,6.627683,56.957633,2.250007,2.318247,0.302507
1,3,1789523836.481207848,2.959564,6.598544,57.023891,2.249976,2.315643,0.297036
1,3,1789523836.481849670,2.936538,6.605958,56.931334,2.244383,2.313609,0.297138
1,3,1789523836.482382536,2.955392,6.560884,56.918366,2.250102,2.315644,0.295818
1,3,1789523836.483947039,2.954944,6.627683,56.957633,2.250007,2.318247,0.302507
1,3,1789523836.485042095,2.959564,6.598544,57.023891,2.249976,2.315643,0.297036
1,3,1789523836.485928535,2.847733,6.569284,57.094569,2.247267,2.311424,0.300299
1,3,1789523836.486737967,2.881686,6.559645,56.922989,2.250849,2.312484,0.303827
1,3,1789523836.490212440,2.954944,6.627683,56.957633,2.250007,2.318247,0.302507
1,3,1789523836.491124392,2.959564,6.598544,57.023891,2.249976,2.315643,0.297036
1,3,1789523836.491996527,2.875535,6.547773,56.940596,2.251876,2.314079,0.309478
1,3,1789523836.492733002,2.873859,6.587887,57.082107,2.246989,2.313347,0.304458
1,3,1789523836.494097471,3.035694,6.555381,56.901401,2.250768,2.315832,0.296322
1,3,1789523836.495029688,2.959564,6.598544,57.023891,2.249976,2.315643,0.297036
1,3,1789523836.495877981,2.930837,6.555521,56.822392,2.24838,2.312998,0.311198
1,3,1789523836.496745110,2.916577,6.549271,56.951216,2.251171,2.313502,0.31031
1,3,1789523836.498925686,2.877985,6.575967,56.872962,2.251232,2.314729,0.307769
1,3,1789523836.500174284,2.959564,6.598544,57.023891,2.249976,2.315643,0.297036
1,3,1789523836.501051426,2.997132,6.528427,56.730697,2.251171,2.313913,0.31233
1,3,1789523836.501916170,2.935016,6.488012,56.817666,2.252313,2.314276,0.314638
1,3,1789523836.503814697,2.882324,6.49525,56.926704,2.253252,2.314769,0.30682
1,3,1789523836.504586935,2.959564,6.598544,57.023891,2.249976,2.315643,0.297036
1,3,1789523836.505190611,2.982381,6.535784,57.017937,2.248788,2.312791,0.305356
1,3,1789523836.506294727,3.022309,6.460587,56.790545,2.252168,2.318257,0.309738
1,3,1789523836.508920670,2.98083,6.46534,56.912182,2.251711,2.313332,0.303508
1,3,1789523836.510182142,2.959564,6.598544,57.023891,2.249976,2.315643,0.297036
1,3,1789523836.511085749,3.03306,6.587379,56.854825,2.248611,2.321888,0.302903
1,3,1789523836.511955023,3.01793,6.578405,57.02912,2.247448,2.31654,0.300747
1,3,1789523836.513959646,3.007937,6.598595,56.893933,2.248886,2.312854,0.303043
1,3,1789523836.515813112,2.959564,6.598544,57.023891,2.249976,2.315643,0.297036
1,3,1789523836.516695023,2.926451,6.635063,56.956373,2.244409,2.308273,0.294499
1,3,1789523836.517536402,2.987745,6.607878,56.833572,2.248507,2.313326,0.300065
1,3,1789523836.518901587,2.923297,6.598072,56.896367,2.244555,2.314104,0.298689
1,3,1789523836.520269394,2.959564,6.598544,57.023891,2.249976,2.315643,0.297036
1,3,1789523836.521144867,2.942637,6.54449,57.075296,2.251354,2.312819,0.294088
1,3,1789523836.522026062,2.959461,6.649963,56.875702,2.245029,2.316875,0.297402
1,3,1789523836.523793936,2.878419,6.51237,56.953584,2.252021,2.309862,0.30552
1,3,1789523836.525204897,2.959564,6.598544,57.023891,2.249976,2.315643,0.297036
1,3,1789523836.526081085,2.890111,6.552936,56.948164,2.250356,2.315775,0.308541
1,3,1789523836.526959419,2.881758,6.591282,57.088528,2.246732,2.314094,0.30265
1,3,1789523836.528911591,2.930454,6.500987,56.938866,2.250685,2.312917,0.308528
1,3,1789523836.529860258,2.959564,6.598544,57.023891,2.249976,2.315643,0.297036
1,3,1789523836.530746937,2.893479,6.500278,56.975204,2.253004,2.315375,0.314255
1,3,1789523836.532110453,2.898075,6.491748,56.922501,2.252154,2.312372,0.309932
1,3,1789523836.533956528,2.990695,6.576346,56.907953,2.246162,2.31641,0.306671
1,3,1789523836.534839392,2.959564,6.598544,57.023891,2.249976,2.315643,0.297036
1,3,1789523836.535534859,2.933699,6.509209,57.140499,2.254422,2.315937,0.306792
1,3,1789523836.537151814,2.855641,6.458043,56.948063,2.254378,2.310639,0.308316
1,3,1789523836.539427280,3.044171,6.577649,56.882076,2.249318,2.317781,0.302062
1,3,1789523836.540315151,2.950326,6.57453,56.96403,2.25039,2.313446,0.306422
1,3,1789523836.541201830,2.959564,6.598544,57.023891,2.249976,2.315643,0.297036
1,3,1789523836.542071342,2.934487,6.507856,57.132659,2.247618,2.314326,0.301592
1,3,1789523836.544634104,2.920133,6.537577,56.93637,2.250903,2.313098,0.30671
1,3,1789523836.545412064,3.051198,6.568205,56.784636,2.25104,2.323511,0.305934
1,3,1789523836.546251059,2.959564,6.598544,57.023891,2.249976,2.315643,0.297036
1,3,1789523836.547134638,2.991732,6.595288,56.915289,2.246259,2.312861,0.304884
1,3,1789523836.548954010,2.873749,6.503074,56.918089,2.250221,2.314594,0.307245
1,3,1789523836.549900293,2.959564,6.598544,57.023891,2.249976,2.315643,0.297036
1,3,1789523836.550824881,3.011829,6.643546,56.812343,2.244752,2.316016,0.304619
1,3,1789523836.551454306,3.051937,6.660456,56.768404,2.244417,2.319851,0.306681
1,3,1789523836.553879261,2.942746,6.524812,56.92363,2.248625,2.315168,0.310897
1,3,1789523836.554791927,2.959564,6.598544,57.023891,2.249976,2.315643,0.297036
1,3,1789523836.555746317,3.011261,6.595363,57.037814,2.253362,2.320177,0.294495
1,3,1789523836.556406975,3.01854,6.632731,56.834849,2.246762,2.317551,0.301293
1,3,1789523836.559812069,3.062992,6.572847,56.96213,2.24497,2.316832,0.299659
1,3,1789523836.560724497,2.959564,6.598544,57.023891,2.249976,2.315643,0.297036
1,3,1789523836.561584234,2.891869,6.552357,56.874986,2.253233,2.312226,0.308918
1,3,1789523836.562171221,2.943606,6.557805,56.983451,2.250045,2.312967,0.294827
1,3,1789523836.563898325,2.993705,6.608373,56.981508,2.248834,2.316308,0.299804
1,3,1789523836.565716743,2.959564,6.598544,57.023891,2.249976,2.315643,0.297036
1,3,1789523836.566554546,2.851654,6.485641,56.968254,2.252122,2.314182,0.309633
1,3,1789523836.567085028,2.899078,6.503315,56.8673,2.250824,2.314401,0.30444
1,3,1789523836.568873882,2.819545,6.553845,56.92764,2.251492,2.312791,0.306873
1,3,1789523836.569841862,2.959564,6.598544,57.023891,2.249976,2.315643,0.297036
1,3,1789523836.570688486,2.877856,6.465247,57.074005,2.252881,2.314327,0.312004
1,3,1789523836.571272135,2.882436,6.468904,56.904551,2.25005,2.31149,0.310401
1,3,1789523836.573925972,2.880547,6.496921,56.95928,2.252309,2.312025,0.309566
1,3,1789523836.575100899,2.959564,6.598544,57.023891,2.249976,2.315643,0.297036
1,3,1789523836.575621128,2.933842,6.524565,56.901999,2.24766,2.310787,0.308435
1,3,1789523836.576014042,2.921993,6.506399,56.855291,2.247933,2.314778,0.308839
1,3,1789523836.578658104,3.076076,6.507395,56.937146,2.252154,2.316056,0.301738
1,3,1789523836.579337835,2.959564,6.598544,57.023891,2.249976,2.315643,0.297036
1,3,1789523836.579993010,3.030169,6.54891,56.91228,2.249979,2.318137,0.303735
1,3,1789523836.580845118,2.982088,6.552732,56.891132,2.242399,2.312608,0.307582
1,3,1789523836.583615541,3.047803,6.592847,56.961042,2.243523,2.31605,0.298762
1,3,1789523836.585014582,2.959564,6.598544,57.023891,2.249976,2.315643,0.297036
1,3,1789523836.585684061,3.052983,6.538467,56.922544,2.250017,2.319654,0.304607
1,3,1789523836.586324215,3.0471,6.591474,56.930023,2.246074,2.317876,0.302986
1,3,1789523836.588708162,2.831738,6.606301,56.952452,2.247831,2.314102,0.30478
1,3,1789523836.589375496,3.009566,6.60092,56.981693,2.25025,2.318714,0.300227
1,3,1789523836.590319395,2.959564,6.598544,57.023891,2.249976,2.315643,0.297036
1,3,1789523836.590988398,3.008944,6.579396,56.571755,2.246527,2.31547,0.30571
1,3,1789523836.593666315,2.900851,6.543662,56.913473,2.249777,2.3102,0.309628
1,3,1789523836.594331741,2.959564,6.598544,57.023891,2.249976,2.315643,0.297036
1,3,1789523836.594995975,2.913966,6.592927,56.917418,2.25153,2.3113,0.305973
1,3,1789523836.595927238,2.987843,6.538067,56.96089,2.254667,2.316369,0.298779
1,3,1789523836.598688364,2.977214,6.483016,56.950516,2.249525,2.313346,0.310261
1,3,1789523836.599259377,2.959564,6.598544,57.023891,2.249976,2.315643,0.297036
1,3,1789523836.599791050,2.877047,6.579739,56.564896,2.248094,2.314384,0.313134
1,3,1789523836.600786924,2.900543,6.59754,56.854207,2.247166,2.316772,0.307864
1,3,1789523836.603775024,2.98634,6.600869,56.977998,2.247043,2.312238,0.303193
1,3,1789523836.604462385,2.959564,6.598544,57.023891,2.249976,2.315643,0.297036
1,3,1789523836.605143070,2.849544,6.534461,56.986809,2.249038,2.312129,0.309153
1,3,1789523836.606079340,2.840833,6.581677,56.756221,2.25109,2.309817,0.315983
1,3,1789523836.608848810,2.897815,6.607442,56.951266,2.246758,2.313555,0.297925
1,3,1789523836.610250473,2.959564,6.598544,57.023891,2.249976,2.315643,0.297036
1,3,1789523836.610939026,2.923156,6.493681,56.815953,2.248274,2.31401,0.313508
1,3,1789523836.611385345,2.917834,6.512739,57.022835,2.256482,2.318124,0.309115
1,3,1789523836.614286423,2.883071,6.527293,56.93313,2.249459,2.315788,0.311021
1,3,1789523836.614711761,3.021339,6.516044,56.960642,2.246333,2.316375,0.304965
1,3,1789523836.615095139,2.959564,6.598544,57.023891,2.249976,2.315643,0.297036
1,3,1789523836.615748882,2.928416,6.516481,56.879733,2.249414,2.309792,0.312024
1,3,1789523836.618727207,2.920419,6.458239,56.934455,2.251668,2.315041,0.312169
1,3,1789523836.620249510,2.959564,6.598544,57.023891,2.249976,2.315643,0.297036
1,3,1789523836.620947123,3.005013,6.548817,57.0531,2.245171,2.310835,0.297717
1,3,1789523836.621471882,3.052838,6.468984,56.931979,2.254889,2.321232,0.305169
1,3,1789523836.623661757,3.034576,6.557189,57.04645,2.248873,2.319141,0.300311
1,3,1789523836.624217749,3.002809,6.565445,56.947205,2.24944,2.315244,0.301812
1,3,1789523836.624740124,3.02664,6.575136,56.913665,2.247043,2.316927,0.298323
1,3,1789523836.628631115,3.034576,6.557189,57.04645,2.248873,2.319141,0.300311
1,3,1789523836.629190207,2.951716,6.639804,56.928745,2.243182,2.31502,0.301536
1,3,1789523836.629790306,2.95546,6.607285,56.903757,2.243394,2.314429,0.303552
1,3,1789523836.633791447,3.034576,6.557189,57.04645,2.248873,2.319141,0.300311
1,3,1789523836.634683609,2.889659,6.626463,56.964187,2.247184,2.311441,0.306021
1,3,1789523836.635358810,2.87076,6.571463,57.108705,2.250158,2.30957,0.303215
1,3,1789523836.638634682,3.034576,6.557189,57.04645,2.248873,2.319141,0.300311
1,3,1789523836.639420748,2.892902,6.479836,56.94946,2.251879,2.308094,0.308894
1,3,1789523836.640835047,2.847328,6.529328,56.979333,2.255056,2.312341,0.310309
1,3,1789523836.643720150,3.034576,6.557189,57.04645,2.248873,2.319141,0.300311
1,3,1789523836.644409180,2.993806,6.503862,57.006097,2.250308,2.31609,0.304225
1,3,1789523836.644963264,2.907191,6.517619,56.788245,2.246926,2.315445,0.313679
1,3,1789523836.648648739,3.034576,6.557189,57.04645,2.248873,2.319141,0.300311
1,3,1789523836.649707079,3.074518,6.61917,56.890311,2.24407,2.317958,0.301264
1,3,1789523836.650344849,2.999035,6.511952,56.750544,2.248858,2.315743,0.31347
1,3,1789523836.653651953,3.034576,6.557189,57.04645,2.248873,2.319141,0.300311
1,3,1789523836.654770374,2.901822,6.609834,56.946847,2.246135,2.312667,0.307099
1,3,1789523836.655421972,3.051677,6.569194,57.028225,2.249103,2.316885,0.300253
1,3,1789523836.658622980,3.034576,6.557189,57.04645,2.248873,2.319141,0.300311
1,3,1789523836.659636259,2.851465,6.522077,56.98491,2.253256,2.307677,0.307417
1,3,1789523836.660267115,3.04301,6.609352,56.807513,2.245531,2.318143,0.301896
1,3,1789523836.663789988,3.034576,6.557189,57.04645,2.248873,2.319141,0.300311
1,3,1789523836.664469957,2.940898,6.532,56.948848,2.246221,2.313413,0.302854
1,3,1789523836.664877415,2.974042,6.582552,56.87823,2.246031,2.315541,0.29926
1,3,1789523836.669615269,3.034576,6.557189,57.04645,2.248873,2.319141,0.300311
1,3,1789523836.670110464,3.047759,6.585662,56.91614,2.243021,2.315472,0.305878
1,3,1789523836.670638800,2.874824,6.5308,57.030833,2.25343,2.311583,0.301358
1,3,1789523836.673625231,3.034576,6.557189,57.04645,2.248873,2.319141,0.300311
1,3,1789523836.674293041,2.876867,6.505739,56.957874,2.251237,2.314315,0.30887
1,3,1789523836.674953222,2.94286,6.561486,56.934503,2.247531,2.313662,0.305493
1,3,1789523836.678708792,3.034576,6.557189,57.04645,2.248873,2.319141,0.300311
1,3,1789523836.679148912,2.906273,6.544423,56.928535,2.251747,2.313433,0.301565
1,3,1789523836.679544926,2.910432,6.474426,56.915423,2.250444,2.31396,0.311692
1,3,1789523836.683650732,3.034576,6.557189,57.04645,2.248873,2.319141,0.300311
1,3,1789523836.684601545,2.912105,6.558247,56.931958,2.250116,2.315477,0.303988
1,3,1789523836.685047150,2.987454,6.508499,57.097711,2.251394,2.316036,0.303249
1,3,1789523836.688683748,3.034576,6.557189,57.04645,2.248873,2.319141,0.300311
1,3,1789523836.689359188,2.977466,6.516481,56.755099,2.249656,2.314403,0.310162
1,3,1789523836.690142393,3.020401,6.570871,56.949699,2.248242,2.318141,0.303771
1,3,1789523836.693629980,3.034576,6.557189,57.04645,2.248873,2.319141,0.300311
1,3,1789523836.694760084,3.037553,6.564615,56.930326,2.249037,2.319786,0.30349
1,3,1789523836.695161343,3.000852,6.582015,56.776,2.248538,2.317098,0.305571
1,3,1789523836.699663401,3.034576,6.557189,57.04645,2.248873,2.319141,0.300311
1,3,1789523836.700792313,2.986104,6.604047,56.954875,2.249411,2.316892,0.29463
1,3,1789523836.701198339,3.012688,6.637246,56.798089,2.246553,2.316759,0.301473
1,3,1789523836.703718901,3.034576,6.557189,57.04645,2.248873,2.319141,0.300311
1,3,1789523836.705174208,2.84972,6.546229,56.917781,2.250918,2.308988,0.306155
1,3,1789523836.705907106,2.949376,6.577974,57.008348,2.252113,2.317366,0.299302
1,3,1789523836.708653212,3.034576,6.557189,57.04645,2.248873,2.319141,0.300311
1,3,1789523836.709349155,2.917557,6.560655,56.842205,2.248866,2.31498,0.306083
1,3,1789523836.709937572,2.942474,6.499982,56.791042,2.250304,2.312432,0.315243
1,3,1789523836.713658094,3.034576,6.557189,57.04645,2.248873,2.319141,0.300311
1,3,1789523836.714492083,3.059258,6.559299,56.955386,2.246941,2.321527,0.301901
1,3,1789523836.715101957,2.864528,6.518659,56.95453,2.248625,2.308115,0.312028
1,3,1789523836.718757629,3.034576,6.557189,57.04645,2.248873,2.319141,0.300311
1,3,1789523836.719457388,3.000287,6.577986,56.897283,2.25364,2.323384,0.30037
1,3,1789523836.720123291,2.949731,6.474306,57.075734,2.255534,2.317473,0.307379
1,3,1789523836.723757505,3.034576,6.557189,57.04645,2.248873,2.319141,0.300311
1,3,1789523836.724429131,2.884891,6.523613,56.940241,2.258734,2.31263,0.303038
1,3,1789523836.728962660,3.034576,6.557189,57.04645,2.248873,2.319141,0.300311
1,3,1789523836.729656458,2.911592,6.463514,56.924834,2.254386,2.313751,0.311741
1,3,1789523836.733567238,3.034576,6.557189,57.04645,2.248873,2.319141,0.300311
1,3,1789523836.734225988,2.990974,6.50393,56.932738,2.252252,2.315413,0.304813
1,3,1789523836.738672733,3.034576,6.557189,57.04645,2.248873,2.319141,0.300311
1,3,1789523836.739230871,3.008711,6.557177,56.925288,2.251197,2.31992,0.300196
1,3,1789523836.743621588,3.034576,6.557189,57.04645,2.248873,2.319141,0.300311
1,3,1789523836.744809389,2.94087,6.568422,56.915279,2.249323,2.313915,0.298971
1,3,1789523836.748871088,3.034576,6.557189,57.04645,2.248873,2.319141,0.300311
1,3,1789523836.750112295,2.891838,6.553577,56.922377,2.24778,2.314634,0.309835
1,3,1789523836.753858805,3.034576,6.557189,57.04645,2.248873,2.319141,0.300311
1,3,1789523836.754633188,2.935989,6.524171,56.900836,2.251532,2.314042,0.307988
1,3,1789523836.758762598,3.034576,6.557189,57.04645,2.248873,2.319141,0.300311
1,3,1789523836.759476662,3.05841,6.538698,56.900942,2.24677,2.314401,0.302108
1,3,1789523836.763860941,3.034576,6.557189,57.04645,2.248873,2.319141,0.300311
1,3,1789523836.764935493,3.006434,6.622419,56.944687,2.247834,2.315629,0.299933
1,3,1789523836.769167185,3.034576,6.557189,57.04645,2.248873,2.319141,0.300311
1,3,1789523836.770969152,2.869899,6.555125,56.936187,2.24882,2.309807,0.306116
1,3,1789523836.775142670,3.034576,6.557189,57.04645,2.248873,2.319141,0.300311
1,3,1789523836.776077271,2.887187,6.517919,56.928307,2.248575,2.313118,0.313716
1,3,1789523836.779959202,3.034576,6.557189,57.04645,2.248873,2.319141,0.300311
1,3,1789523836.781023502,3.006934,6.591743,57.011844,2.251337,2.319879,0.301855
1,3,1789523836.784182787,3.034576,6.557189,57.04645,2.248873,2.319141,0.300311
1,3,1789523836.785249949,3.070801,6.609517,56.902517,2.245485,2.319369,0.297267
1,3,1789523836.789193153,3.034576,6.557189,57.04645,2.248873,2.319141,0.300311
1,3,1789523836.790270805,2.884701,6.578795,56.935251,2.251934,2.316047,0.306047
1,3,1789523836.794989586,3.034576,6.557189,57.04645,2.248873,2.319141,0.300311
1,3,1789523836.795776844,2.862846,6.50822,56.925397,2.250333,2.305265,0.304855
1,3,1789523836.799648285,3.034576,6.557189,57.04645,2.248873,2.319141,0.300311
1,3,1789523836.800315142,2.978877,6.479604,56.786401,2.246547,2.314985,0.312688
1,3,1789523836.804126263,3.034576,6.557189,57.04645,2.248873,2.319141,0.300311
1,3,1789523836.805145741,3.073047,6.60674,56.9238,2.242191,2.321165,0.299283
1,3,1789523836.809922934,3.034576,6.557189,57.04645,2.248873,2.319141,0.300311
1,3,1789523836.810834885,2.911345,6.583525,56.889734,2.248449,2.316771,0.300746
1,3,1789523836.814720869,3.034576,6.557189,57.04645,2.248873,2.319141,0.300311
1,3,1789523836.815621853,2.8708,6.521296,56.925805,2.253849,2.311266,0.311764
1,3,1789523836.819160938,3.034576,6.557189,57.04645,2.248873,2.319141,0.300311
1,3,1789523836.821052074,2.933731,6.497816,56.801674,2.251914,2.317266,0.310554
1,3,1789523836.824867249,3.034576,6.557189,57.04645,2.248873,2.319141,0.300311
1,3,1789523836.825879812,3.007944,6.536448,56.958878,2.249082,2.317892,0.309904
1,3,1789523836.828911543,3.034576,6.557189,57.04645,2.248873,2.319141,0.300311
1,3,1789523836.829990149,2.98641,6.573864,56.931766,2.246745,2.311,0.303386
1,3,1789523836.834367990,3.034576,6.557189,57.04645,2.248873,2.319141,0.300311
1,3,1789523836.835557222,2.900611,6.604572,56.965074,2.247303,2.311225,0.3067
1,3,1789523836.840640783,3.034576,6.557189,57.04645,2.248873,2.319141,0.300311
1,3,1789523836.841574430,2.840773,6.566578,56.926154,2.244287,2.308044,0.311504
1,3,1789523836.844050169,3.034576,6.557189,57.04645,2.248873,2.319141,0.300311
1,3,1789523836.845724583,2.909101,6.544556,56.958951,2.247843,2.306741,0.302511
1,3,1789523836.849357843,3.034576,6.557189,57.04645,2.248873,2.319141,0.300311
1,3,1789523836.850428343,3.008498,6.555254,56.907038,2.246275,2.312728,0.305783
1,3,1789523836.854685783,3.034576,6.557189,57.04645,2.248873,2.319141,0.300311
1,3,1789523836.855552435,2.990215,6.620173,56.916425,2.246852,2.315461,0.299696
1,3,1789523836.860393524,3.034576,6.557189,57.04645,2.248873,2.319141,0.300311
1,3,1789523836.861514807,2.853136,6.535488,56.911999,2.251013,2.313925,0.302989
1,3,1789523836.864427090,3.034576,6.557189,57.04645,2.248873,2.319141,0.300311
1,3,1789523836.865516901,2.913332,6.482515,56.912027,2.254832,2.316638,0.309669
1,3,1789523836.869847536,3.034576,6.557189,57.04645,2.248873,2.319141,0.300311
1,3,1789523836.870982885,3.084033,6.547387,56.855039,2.249839,2.320233,0.303093
1,3,1789523836.874254704,3.034576,6.557189,57.04645,2.248873,2.319141,0.300311
1,3,1789523836.875352859,3.031204,6.581988,56.955863,2.250745,2.321006,0.301955
1,3,1789523836.881068707,3.034576,6.557189,57.04645,2.248873,2.319141,0.300311
1,3,1789523836.881895542,2.897024,6.544614,56.941714,2.252431,2.315505,0.298232
1,3,1789523836.885078669,3.034576,6.557189,57.04645,2.248873,2.319141,0.300311
1,3,1789523836.886110783,2.900119,6.484074,56.895788,2.254888,2.315087,0.311022
1,3,1789523836.890657425,3.034576,6.557189,57.04645,2.248873,2.319141,0.300311
1,3,1789523836.891372442,3.016918,6.500467,56.918921,2.252766,2.318487,0.308321
1,3,1789523836.894270897,3.034576,6.557189,57.04645,2.248873,2.319141,0.300311
1,3,1789523836.895328522,3.007158,6.528459,56.980698,2.25246,2.314473,0.299451
1,3,1789523836.899221182,3.034576,6.557189,57.04645,2.248873,2.319141,0.300311
1,3,1789523836.900318861,2.964614,6.593199,56.917113,2.248535,2.315126,0.306287
1,3,1789523836.904306412,3.034576,6.557189,57.04645,2.248873,2.319141,0.300311
1,3,1789523836.905693769,2.907423,6.568271,56.958752,2.249715,2.316675,0.303343
1,3,1789523836.909158707,3.034576,6.557189,57.04645,2.248873,2.319141,0.300311
1,3,1789523836.910873890,2.904901,6.490589,56.948977,2.252129,2.316641,0.309488
1,3,1789523836.914110661,3.034576,6.557189,57.04645,2.248873,2.319141,0.300311
1,3,1789523836.914908886,2.999969,6.518309,56.925091,2.248672,2.311507,0.30544
1,3,1789523836.919315815,3.034576,6.557189,57.04645,2.248873,2.319141,0.300311
1,3,1789523836.920429230,2.986888,6.609335,56.907336,2.249505,2.312414,0.29951
1,3,1789523836.924201727,3.034576,6.557189,57.04645,2.248873,2.319141,0.300311
1,3,1789523836.925266027,2.922235,6.608697,56.877981,2.245765,2.316829,0.305146
1,3,1789523836.929132700,3.034576,6.557189,57.04645,2.248873,2.319141,0.300311
1,3,1789523836.930191278,2.886656,6.506194,56.959878,2.251554,2.312829,0.303933
1,3,1789523836.934146166,3.034576,6.557189,57.04645,2.248873,2.319141,0.300311
1,4,1789523837.283923388,3.034576,6.557189,57.04645,2.248873,2.319141,0.300311
1,4,1789523837.284895658,2.838876,6.626651,56.977094,2.248567,2.30632,0.307738
1,4,1789523837.289095879,3.034576,6.557189,57.04645,2.248873,2.319141,0.300311
1,4,1789523837.289841890,2.881555,6.487531,56.930551,2.251758,2.30816,0.308654
1,4,1789523837.294067144,3.034576,6.557189,57.04645,2.248873,2.319141,0.300311
1,4,1789523837.295161486,2.974978,6.511842,56.945154,2.249222,2.311712,0.306421
1,4,1789523837.298941135,3.034576,6.557189,57.04645,2.248873,2.319141,0.300311
1,4,1789523837.300245047,3.04627,6.614208,56.849452,2.244985,2.315498,0.298593
1,4,1789523837.304206371,3.034576,6.557189,57.04645,2.248873,2.319141,0.300311
1,4,1789523837.305138826,2.938816,6.56555,56.934927,2.250867,2.315942,0.305954
1,4,1789523837.309242725,3.034576,6.557189,57.04645,2.248873,2.319141,0.300311
1,4,1789523837.310280800,2.873404,6.472258,56.908989,2.255322,2.313161,0.307306
1,4,1789523837.314232588,3.034576,6.557189,57.04645,2.248873,2.319141,0.300311
1,4,1789523837.315298557,2.978893,6.508533,56.907223,2.251419,2.317335,0.306571
1,4,1789523837.319212198,3.034576,6.557189,57.04645,2.248873,2.319141,0.300311
1,4,1789523837.320282936,3.050502,6.595503,56.963624,2.250035,2.318155,0.30058
1,4,1789523837.323973894,3.034576,6.557189,57.04645,2.248873,2.319141,0.300311
1,4,1789523837.324773550,2.960775,6.55831,56.926727,2.246135,2.312191,0.300296
1,4,1789523837.329174995,3.034576,6.557189,57.04645,2.248873,2.319141,0.300311
1,4,1789523837.330231905,2.867957,6.542189,56.915886,2.251456,2.315213,0.305645
1,4,1789523837.334459305,3.034576,6.557189,57.04645,2.248873,2.319141,0.300311
1,4,1789523837.335941553,2.904572,6.510798,56.916693,2.249692,2.316092,0.306493
1,4,1789523837.338924646,3.034576,6.557189,57.04645,2.248873,2.319141,0.300311
1,4,1789523837.339734077,2.969427,6.532336,56.908727,2.248747,2.315304,0.307231
1,4,1789523837.344027758,3.034576,6.557189,57.04645,2.248873,2.319141,0.300311
1,4,1789523837.345274687,3.025382,6.572219,56.980006,2.252456,2.315638,0.298912
1,4,1789523837.349027872,3.034576,6.557189,57.04645,2.248873,2.319141,0.300311
1,4,1789523837.349771738,2.916621,6.61151,56.956433,2.248402,2.313234,0.307319
1,4,1789523837.354467392,3.034576,6.557189,57.04645,2.248873,2.319141,0.300311
1,4,1789523837.355578423,2.818701,6.561023,56.949226,2.250682,2.311865,0.30869
1,4,1789523837.360717058,3.034576,6.557189,57.04645,2.248873,2.319141,0.300311
1,4,1789523837.361410618,2.964458,6.465807,56.96211,2.254337,2.318426,0.312341
1,4,1789523837.363962173,3.034576,6.557189,57.04645,2.248873,2.319141,0.300311
1,4,1789523837.365500212,3.035785,6.542489,56.956984,2.251122,2.320965,0.302891
1,4,1789523837.369597912,3.034576,6.557189,57.04645,2.248873,2.319141,0.300311
1,4,1789523837.370716095,2.954211,6.599827,56.887738,2.252913,2.312987,0.298899
1,4,1789523837.375131845,3.034576,6.557189,57.04645,2.248873,2.319141,0.300311
1,4,1789523837.376018763,2.89956,6.484564,56.90914,2.252966,2.313655,0.307451
1,4,1789523837.379053116,3.034576,6.557189,57.04645,2.248873,2.319141,0.300311
1,4,1789523837.379839897,2.942649,6.461242,56.875244,2.254301,2.318257,0.304194
1,4,1789523837.383953571,3.034576,6.557189,57.04645,2.248873,2.319141,0.300311
1,4,1789523837.384872913,3.03033,6.534353,56.879386,2.247724,2.323311,0.307248
1,4,1789523837.389199734,3.034576,6.557189,57.04645,2.248873,2.319141,0.300311
1,4,1789523837.390276432,3.009827,6.57074,56.880132,2.25474,2.322432,0.301244
1,4,1789523837.394204378,3.034576,6.557189,57.04645,2.248873,2.319141,0.300311
1,4,1789523837.395041466,2.939532,6.533865,56.905596,2.255644,2.315824,0.299028
1,4,1789523837.399201393,3.034576,6.557189,57.04645,2.248873,2.319141,0.300311
1,4,1789523837.400260687,2.86746,6.519008,56.912983,2.253487,2.311548,0.309509
1,4,1789523837.404033899,3.034576,6.557189,57.04645,2.248873,2.319141,0.300311
1,4,1789523837.404794693,2.966132,6.47896,56.889994,2.251399,2.312519,0.307077
1,4,1789523837.409099340,3.034576,6.557189,57.04645,2.248873,2.319141,0.300311
1,4,1789523837.410310745,3.036996,6.539899,56.894887,2.24846,2.316158,0.30438
1,4,1789523837.414068460,3.034576,6.557189,57.04645,2.248873,2.319141,0.300311
1,4,1789523837.416015387,2.954692,6.628152,56.96712,2.249685,2.311844,0.295828
1,4,1789523837.419564486,3.034576,6.557189,57.04645,2.248873,2.319141,0.300311
1,4,1789523837.421258926,2.84243,6.616456,56.933336,2.244136,2.308295,0.309884
1,4,1789523837.424462557,3.034576,6.557189,57.04645,2.248873,2.319141,0.300311
1,4,1789523837.425571442,2.903987,6.495223,56.932216,2.251896,2.312045,0.310155
1,4,1789523837.429677248,3.034576,6.557189,57.04645,2.248873,2.319141,0.300311
1,4,1789523837.430837154,3.009909,6.499889,56.959191,2.251797,2.315544,0.30392
1,4,1789523837.436008215,3.034576,6.557189,57.04645,2.248873,2.319141,0.300311
1,4,1789523837.436687469,3.011743,6.630397,56.936122,2.24801,2.317332,0.300566
1,4,1789523837.439151049,3.034576,6.557189,57.04645,2.248873,2.319141,0.300311
1,4,1789523837.440780878,2.921801,6.587229,56.885717,2.246584,2.317654,0.298235
1,4,1789523837.444192410,3.034576,6.557189,57.04645,2.248873,2.319141,0.300311
1,4,1789523837.445956707,2.917849,6.461837,56.958851,2.255625,2.312879,0.309551
1,4,1789523837.449077845,3.034576,6.557189,57.04645,2.248873,2.319141,0.300311
1,4,1789523837.450613737,2.930931,6.530139,56.881858,2.25103,2.312311,0.307521
1,4,1789523837.454161644,3.034576,6.557189,57.04645,2.248873,2.319141,0.300311
1,4,1789523837.455229521,3.027209,6.602428,56.885706,2.24701,2.317567,0.304299
1,4,1789523837.459080935,3.034576,6.557189,57.04645,2.248873,2.319141,0.300311
1,4,1789523837.460618734,3.002495,6.550329,56.939073,2.248787,2.315868,0.296655
1,4,1789523837.464108229,3.034576,6.557189,57.04645,2.248873,2.319141,0.300311
1,4,1789523837.465185881,2.932397,6.526652,56.98485,2.254511,2.317965,0.308558
1,4,1789523837.469119310,3.034576,6.557189,57.04645,2.248873,2.319141,0.300311
1,4,1789523837.470179796,2.853965,6.542639,56.943171,2.248893,2.312927,0.311085
1,4,1789523837.474217176,3.034576,6.557189,57.04645,2.248873,2.319141,0.300311
1,4,1789523837.475295544,2.938426,6.597854,56.970468,2.247401,2.316425,0.310876
1,4,1789523837.479089260,3.034576,6.557189,57.04645,2.248873,2.319141,0.300311
1,4,1789523837.480152607,3.098651,6.568695,57.014297,2.246424,2.319894,0.297648
1,4,1789523837.484083891,3.034576,6.557189,57.04645,2.248873,2.319141,0.300311
1,4,1789523837.485146761,2.879148,6.600602,56.949986,2.24856,2.311376,0.30292
1,4,1789523837.489264011,3.034576,6.557189,57.04645,2.248873,2.319141,0.300311
1,4,1789523837.490247488,2.800311,6.602917,56.895763,2.245206,2.306706,0.309491
1,4,1789523837.494102240,3.034576,6.557189,57.04645,2.248873,2.319141,0.300311
1,4,1789523837.495288849,2.936633,6.496728,56.983851,2.246051,2.311332,0.307444
1,4,1789523837.499163866,3.034576,6.557189,57.04645,2.248873,2.319141,0.300311
1,4,1789523837.500226021,3.096181,6.567027,56.958486,2.243794,2.318458,0.303617
1,4,1789523837.504561186,3.034576,6.557189,57.04645,2.248873,2.319141,0.300311
1,4,1789523837.505766630,2.940037,6.655505,56.889657,2.243906,2.314754,0.294094
1,4,1789523837.509000301,3.034576,6.557189,57.04645,2.248873,2.319141,0.300311
1,4,1789523837.510019064,2.801442,6.563709,56.909311,2.251741,2.308031,0.306448
1,4,1789523837.514117479,3.034576,6.557189,57.04645,2.248873,2.319141,0.300311
1,4,1789523837.514932156,2.927495,6.475607,56.966435,2.253661,2.316477,0.314877
1,4,1789523837.519117832,3.034576,6.557189,57.04645,2.248873,2.319141,0.300311
1,4,1789523837.520366430,3.074458,6.543523,56.932084,2.246219,2.317733,0.29851
1,4,1789523837.524065971,3.034576,6.557189,57.04645,2.248873,2.319141,0.300311
1,4,1789523837.524799585,2.971395,6.60559,56.91321,2.249775,2.314407,0.303577
1,4,1789523837.529712677,3.034576,6.557189,57.04645,2.248873,2.319141,0.300311
1,4,1789523837.530668020,2.877013,6.559715,56.940706,2.250208,2.310018,0.302974
1,4,1789523837.534123421,3.034576,6.557189,57.04645,2.248873,2.319141,0.300311
1,4,1789523837.534867048,2.91833,6.482529,56.954493,2.25288,2.317979,0.313287
1,4,1789523837.539129972,3.034576,6.557189,57.04645,2.248873,2.319141,0.300311
1,4,1789523837.540214539,2.975598,6.507074,56.867646,2.250427,2.31651,0.304952
1,4,1789523837.544231892,3.034576,6.557189,57.04645,2.248873,2.319141,0.300311
1,4,1789523837.545783758,2.984328,6.577494,56.927043,2.251359,2.315055,0.306748
1,4,1789523837.549169302,3.034576,6.557189,57.04645,2.248873,2.319141,0.300311
1,4,1789523837.550223827,2.962436,6.573387,56.963539,2.250031,2.314134,0.300119
1,4,1789523837.554138422,3.034576,6.557189,57.04645,2.248873,2.319141,0.300311
1,4,1789523837.555609226,2.869935,6.517136,56.950573,2.250874,2.31338,0.303932
1,4,1789523837.559001923,3.034576,6.557189,57.04645,2.248873,2.319141,0.300311
1,4,1789523837.559875727,2.873495,6.478387,56.889748,2.250948,2.317553,0.313497
1,4,1789523837.564102411,3.034576,6.557189,57.04645,2.248873,2.319141,0.300311
1,4,1789523837.565165520,3.041297,6.522704,56.941941,2.254515,2.3179,0.304936
1,4,1789523837.568928719,3.034576,6.557189,57.04645,2.248873,2.319141,0.300311
1,4,1789523837.569895983,3.030093,6.551113,56.944537,2.247443,2.315217,0.300192
1,4,1789523837.574058294,3.034576,6.557189,57.04645,2.248873,2.319141,0.300311
1,4,1789523837.574747801,2.88227,6.612658,56.954291,2.248833,2.314578,0.306029
1,4,1789523837.579068661,3.034576,6.557189,57.04645,2.248873,2.319141,0.300311
1,4,1789523837.580793858,2.866538,6.531862,56.935829,2.251853,2.311572,0.306157
1,4,1789523837.585066080,3.034576,6.557189,57.04645,2.248873,2.319141,0.300311
1,4,1789523837.586085320,2.967584,6.50903,56.959163,2.248214,2.316106,0.310015
1,4,1789523837.589339972,3.034576,6.557189,57.04645,2.248873,2.319141,0.300311
1,4,1789523837.590411425,2.970011,6.511237,57.014338,2.251489,2.317135,0.309654
1,4,1789523837.591531277,2.963852,6.507956,56.977774,2.251427,2.316914,0.310066
1,4,1789523837.593812943,3.008123,6.5402,56.928,2.250146,2.315537,0.301582
1,4,1789523837.594861269,3.034576,6.557189,57.04645,2.248873,2.319141,0.300311
1,4,1789523837.595902681,2.970011,6.511237,57.014338,2.251489,2.317135,0.309654
1,4,1789523837.597574472,3.002027,6.563928,56.790692,2.249413,2.315641,0.302933
1,4,1789523837.599422216,3.034576,6.557189,57.04645,2.248873,2.319141,0.300311
1,4,1789523837.600247860,2.970011,6.511237,57.014338,2.251489,2.317135,0.309654
1,4,1789523837.602491140,2.99824,6.65757,56.983407,2.244135,2.316129,0.300835
1,4,1789523837.604341269,3.034576,6.557189,57.04645,2.248873,2.319141,0.300311
1,4,1789523837.605220079,2.970011,6.511237,57.014338,2.251489,2.317135,0.309654
1,4,1789523837.607558727,2.892059,6.544306,56.837843,2.253052,2.312977,0.309093
1,4,1789523837.609200954,3.034576,6.557189,57.04645,2.248873,2.319141,0.300311
1,4,1789523837.610717535,2.970011,6.511237,57.014338,2.251489,2.317135,0.309654
1,4,1789523837.612496138,2.869798,6.519457,56.932249,2.251251,2.317207,0.310609
1,4,1789523837.614060879,3.034576,6.557189,57.04645,2.248873,2.319141,0.300311
1,4,1789523837.615113020,2.970011,6.511237,57.014338,2.251489,2.317135,0.309654
1,4,1789523837.617264271,2.884349,6.50198,57.030903,2.25049,2.314889,0.308061
1,4,1789523837.618957758,3.034576,6.557189,57.04645,2.248873,2.319141,0.300311
1,4,1789523837.620186090,2.970011,6.511237,57.014338,2.251489,2.317135,0.309654
1,4,1789523837.622387886,2.952775,6.483244,56.891369,2.252178,2.315018,0.308212
1,4,1789523837.624354362,2.880162,6.546746,56.950031,2.252801,2.311576,0.309279
1,4,1789523837.625278473,2.970011,6.511237,57.014338,2.251489,2.317135,0.309654
1,4,1789523837.627522230,2.994284,6.553441,56.885952,2.244656,2.312892,0.304202
1,4,1789523837.629111528,2.933175,6.525995,56.930531,2.247722,2.315621,0.303295
1,4,1789523837.630173445,2.970011,6.511237,57.014338,2.251489,2.317135,0.309654
1,4,1789523837.634117842,3.023971,6.529465,57.097515,2.250519,2.320692,0.303575
1,4,1789523837.635189772,3.008453,6.604672,56.993817,2.249675,2.314671,0.301605
1,4,1789523837.636402845,2.970011,6.511237,57.014338,2.251489,2.317135,0.309654
1,4,1789523837.638081789,2.961582,6.624954,56.967711,2.243784,2.314623,0.302717
1,4,1789523837.639835119,2.959262,6.60626,56.941183,2.244966,2.311939,0.303398
1,4,1789523837.640906811,2.970011,6.511237,57.014338,2.251489,2.317135,0.309654
1,4,1789523837.642160416,2.963234,6.515461,56.867589,2.256139,2.318411,0.304991
1,4,1789523837.644190311,2.898026,6.522581,56.938466,2.248364,2.314592,0.302265
1,4,1789523837.645015478,2.970011,6.511237,57.014338,2.251489,2.317135,0.309654
1,4,1789523837.649158955,2.89891,6.551189,56.870237,2.249657,2.314865,0.306174
1,4,1789523837.649988174,2.861258,6.465856,56.897778,2.251979,2.317119,0.312658
1,4,1789523837.650683880,2.970011,6.511237,57.014338,2.251489,2.317135,0.309654
1,4,1789523837.652391434,2.877899,6.515418,57.000291,2.252425,2.313361,0.306017
1,4,1789523837.654296160,3.018516,6.526813,56.905213,2.253683,2.315288,0.30493
1,4,1789523837.654978037,2.970011,6.511237,57.014338,2.251489,2.317135,0.309654
1,4,1789523837.659001589,3.072159,6.558198,56.930929,2.249128,2.317345,0.303671
1,4,1789523837.659933329,2.970011,6.511237,57.014338,2.251489,2.317135,0.309654
1,4,1789523837.664154768,2.885864,6.591361,56.933344,2.251574,2.311994,0.298202
1,4,1789523837.665741920,2.970011,6.511237,57.014338,2.251489,2.317135,0.309654
1,4,1789523837.669189215,2.850481,6.52125,56.907649,2.250682,2.31252,0.306146
1,4,1789523837.670394897,2.970011,6.511237,57.014338,2.251489,2.317135,0.309654
1,4,1789523837.674540997,3.00555,6.490035,56.974928,2.252218,2.316,0.30822
1,4,1789523837.675581694,2.970011,6.511237,57.014338,2.251489,2.317135,0.309654
1,4,1789523837.679167986,3.056972,6.538857,56.965503,2.248101,2.320724,0.29635
1,4,1789523837.680332184,2.970011,6.511237,57.014338,2.251489,2.317135,0.309654
1,4,1789523837.684282541,2.946624,6.616265,56.951036,2.25042,2.318484,0.298269
1,4,1789523837.685431242,2.970011,6.511237,57.014338,2.251489,2.317135,0.309654
1,4,1789523837.689419270,2.871056,6.530333,56.908556,2.252789,2.315334,0.306994
1,4,1789523837.690360546,2.970011,6.511237,57.014338,2.251489,2.317135,0.309654
1,4,1789523837.695112944,2.953224,6.482025,56.972943,2.257973,2.319407,0.307221
1,4,1789523837.695803404,2.970011,6.511237,57.014338,2.251489,2.317135,0.309654
1,4,1789523837.699239254,3.038604,6.499517,56.914201,2.251751,2.322989,0.30578
1,4,1789523837.700044870,2.970011,6.511237,57.014338,2.251489,2.317135,0.309654
1,4,1789523837.704097271,3.046877,6.56581,56.881611,2.251963,2.31869,0.295805
1,4,1789523837.705165386,2.970011,6.511237,57.014338,2.251489,2.317135,0.309654
1,4,1789523837.710157394,2.936691,6.519623,56.937462,2.25596,2.314789,0.301568
1,4,1789523837.711008549,2.970011,6.511237,57.014338,2.251489,2.317135,0.309654
1,4,1789523837.714217186,2.841063,6.482395,56.984874,2.252375,2.312003,0.314176
1,4,1789523837.715276718,2.970011,6.511237,57.014338,2.251489,2.317135,0.309654
1,4,1789523837.719295025,2.935715,6.526988,56.93419,2.249014,2.316238,0.311816
1,4,1789523837.720223427,2.970011,6.511237,57.014338,2.251489,2.317135,0.309654
1,4,1789523837.724284887,3.032218,6.569095,56.949115,2.248193,2.319388,0.297468
1,4,1789523837.725209951,2.970011,6.511237,57.014338,2.251489,2.317135,0.309654
1,4,1789523837.729325294,2.977685,6.598786,56.974269,2.246386,2.315774,0.301167
1,4,1789523837.730368853,2.970011,6.511237,57.014338,2.251489,2.317135,0.309654
1,4,1789523837.734152555,2.857291,6.581865,56.930648,2.24267,2.308033,0.308314
1,4,1789523837.735682726,2.970011,6.511237,57.014338,2.251489,2.317135,0.309654
1,4,1789523837.739523649,2.884493,6.505839,56.953312,2.247039,2.315834,0.306126
1,4,1789523837.740606785,2.970011,6.511237,57.014338,2.251489,2.317135,0.309654
1,4,1789523837.744105101,3.055885,6.514774,56.959273,2.252383,2.318736,0.2982
1,4,1789523837.745287657,2.970011,6.511237,57.014338,2.251489,2.317135,0.309654
1,4,1789523837.749290228,2.999922,6.613688,56.956433,2.252165,2.316133,0.301565
1,4,1789523837.750246763,2.970011,6.511237,57.014338,2.251489,2.317135,0.309654
1,4,1789523837.754856586,2.840401,6.595749,56.923331,2.251133,2.316678,0.304292
1,4,1789523837.755998373,2.970011,6.511237,57.014338,2.251489,2.317135,0.309654
1,4,1789523837.759399414,2.912707,6.514523,56.955441,2.252021,2.317905,0.307655
1,4,1789523837.760576010,2.970011,6.511237,57.014338,2.251489,2.317135,0.309654
1,4,1789523837.764192581,2.995359,6.505706,56.981642,2.252279,2.316031,0.306439
1,4,1789523837.765332222,2.970011,6.511237,57.014338,2.251489,2.317135,0.309654
1,4,1789523837.769195318,2.969081,6.56885,56.925992,2.244732,2.312137,0.305863
1,4,1789523837.770352602,2.970011,6.511237,57.014338,2.251489,2.317135,0.309654
1,4,1789523837.774270058,2.9164,6.59949,56.946681,2.248459,2.311644,0.300827
1,4,1789523837.775406361,2.970011,6.511237,57.014338,2.251489,2.317135,0.309654
1,4,1789523837.779260635,2.921907,6.504284,56.952537,2.250461,2.312206,0.3052
1,4,1789523837.780854464,2.970011,6.511237,57.014338,2.251489,2.317135,0.309654
1,4,1789523837.785652637,2.902869,6.546507,56.93927,2.249209,2.314578,0.308735
1,4,1789523837.786301374,2.970011,6.511237,57.014338,2.251489,2.317135,0.309654
1,4,1789523837.790081978,2.998378,6.57053,56.929121,2.247948,2.314053,0.30201
1,4,1789523837.791053057,2.970011,6.511237,57.014338,2.251489,2.317135,0.309654
1,4,1789523837.794116259,2.974803,6.577566,56.949476,2.247192,2.314759,0.303188
1,4,1789523837.795065880,2.970011,6.511237,57.014338,2.251489,2.317135,0.309654
1,4,1789523837.799143076,2.907667,6.571423,56.953877,2.246875,2.312829,0.299749
1,4,1789523837.800313234,2.970011,6.511237,57.014338,2.251489,2.317135,0.309654
1,4,1789523837.804352045,2.862482,6.526996,56.926872,2.250142,2.312969,0.306588
1,4,1789523837.805826187,2.970011,6.511237,57.014338,2.251489,2.317135,0.309654
1,4,1789523837.809136152,2.958744,6.480739,56.876473,2.24985,2.312894,0.304368
1,4,1789523837.810322285,2.970011,6.511237,57.014338,2.251489,2.317135,0.309654
1,4,1789523837.814128637,3.039075,6.563036,56.970953,2.250917,2.316782,0.305368
1,4,1789523837.815318346,2.970011,6.511237,57.014338,2.251489,2.317135,0.309654
1,4,1789523837.819206476,2.967049,6.60939,56.908155,2.246002,2.313432,0.300193
1,4,1789523837.820120096,2.970011,6.511237,57.014338,2.251489,2.317135,0.309654
1,4,1789523837.825145960,2.878516,6.560862,56.941484,2.248633,2.314957,0.304055
1,4,1789523837.825837851,2.970011,6.511237,57.014338,2.251489,2.317135,0.309654
1,4,1789523837.830327034,2.900813,6.477919,56.930236,2.250545,2.312715,0.309045
1,4,1789523837.831019402,2.970011,6.511237,57.014338,2.251489,2.317135,0.309654
1,4,1789523837.834125519,3.028485,6.556617,56.966213,2.247556,2.315558,0.308288
1,4,1789523837.834973097,2.970011,6.511237,57.014338,2.251489,2.317135,0.309654
1,4,1789523837.839660406,2.996717,6.594666,56.978867,2.247551,2.316833,0.29823
1,4,1789523837.841007948,2.970011,6.511237,57.014338,2.251489,2.317135,0.309654
1,4,1789523837.844016552,2.874914,6.606606,56.942093,2.246128,2.309296,0.297526
1,4,1789523837.845775366,2.970011,6.511237,57.014338,2.251489,2.317135,0.309654
1,4,1789523837.849101782,2.912151,6.552222,56.926599,2.243167,2.310858,0.312262
1,4,1789523837.850197077,2.970011,6.511237,57.014338,2.251489,2.317135,0.309654
1,4,1789523837.854209900,2.968983,6.545328,56.989625,2.245494,2.314756,0.305299
1,4,1789523837.855751514,2.970011,6.511237,57.014338,2.251489,2.317135,0.309654
1,4,1789523837.859106779,3.031647,6.570075,56.927745,2.245295,2.316624,0.301468
1,4,1789523837.859862566,2.970011,6.511237,57.014338,2.251489,2.317135,0.309654
1,4,1789523837.863925219,2.955827,6.574535,56.906962,2.251031,2.31042,0.299178
1,4,1789523837.865483999,2.970011,6.511237,57.014338,2.251489,2.317135,0.309654
1,4,1789523837.869046211,2.901157,6.540424,56.93981,2.25036,2.313515,0.308983
1,4,1789523837.870208263,2.970011,6.511237,57.014338,2.251489,2.317135,0.309654
1,4,1789523837.873898983,2.929298,6.521027,56.986532,2.251145,2.313633,0.309247
1,4,1789523837.875972509,2.970011,6.511237,57.014338,2.251489,2.317135,0.309654
1,4,1789523837.879089594,3.005473,6.575608,56.988432,2.24515,2.317741,0.304729
1,4,1789523837.881002188,2.970011,6.511237,57.014338,2.251489,2.317135,0.309654
1,4,1789523837.884090185,3.00495,6.632747,56.969268,2.245824,2.317322,0.297921
1,4,1789523837.885146618,2.970011,6.511237,57.014338,2.251489,2.317135,0.309654
1,4,1789523837.889517784,2.902982,6.61604,56.963921,2.245958,2.313924,0.30621
1,4,1789523837.890567064,2.970011,6.511237,57.014338,2.251489,2.317135,0.309654
1,4,1789523837.894067049,2.842362,6.556918,56.976962,2.245351,2.305826,0.308017
1,4,1789523837.895867348,2.970011,6.511237,57.014338,2.251489,2.317135,0.309654
1,4,1789523837.899190903,2.941371,6.538752,56.955938,2.242163,2.31172,0.307322
1,4,1789523837.900152683,2.970011,6.511237,57.014338,2.251489,2.317135,0.309654
1,4,1789523837.904032946,3.062254,6.618563,56.962538,2.240531,2.317337,0.299804
1,4,1789523837.904975176,2.970011,6.511237,57.014338,2.251489,2.317135,0.309654
1,4,1789523837.909693003,2.921589,6.61683,56.94996,2.247256,2.316865,0.297406
1,4,1789523837.910672426,2.970011,6.511237,57.014338,2.251489,2.317135,0.309654
1,4,1789523837.914191246,2.843493,6.547758,56.980914,2.252267,2.311703,0.305128
1,4,1789523837.915238857,2.970011,6.511237,57.014338,2.251489,2.317135,0.309654
1,4,1789523837.919204712,2.956447,6.501369,56.909913,2.249023,2.311783,0.30776
1,4,1789523837.921056032,2.970011,6.511237,57.014338,2.251489,2.317135,0.309654
1,4,1789523837.923946142,3.036119,6.542377,56.969471,2.249175,2.320215,0.304918
1,4,1789523837.925003767,2.970011,6.511237,57.014338,2.251489,2.317135,0.309654
1,4,1789523837.929370403,2.975649,6.578283,56.920198,2.246899,2.314602,0.296194
1,4,1789523837.930470467,2.970011,6.511237,57.014338,2.251489,2.317135,0.309654
1,4,1789523837.934118032,2.857132,6.565095,56.962177,2.250686,2.308422,0.304616
1,4,1789523837.936233044,2.970011,6.511237,57.014338,2.251489,2.317135,0.309654
1,4,1789523837.939500332,2.926198,6.495203,56.918594,2.24539,2.313018,0.313635
1,4,1789523837.940586805,2.970011,6.511237,57.014338,2.251489,2.317135,0.309654
1,4,1789523837.944765806,3.024754,6.540336,56.924735,2.252709,2.318473,0.299753
1,4,1789523837.945725441,2.970011,6.511237,57.014338,2.251489,2.317135,0.309654
1,4,1789523837.949203491,3.012559,6.58496,56.969048,2.249536,2.315154,0.303822
1,4,1789523837.950301170,2.970011,6.511237,57.014338,2.251489,2.317135,0.309654
1,4,1789523837.954385519,2.961807,6.611837,57.009074,2.251555,2.317718,0.305736
1,4,1789523837.955085039,2.970011,6.511237,57.014338,2.251489,2.317135,0.309654
1,4,1789523837.958983898,2.915169,6.524746,56.91688,2.250322,2.315675,0.300412
1,4,1789523837.960789680,2.970011,6.511237,57.014338,2.251489,2.317135,0.309654
1,4,1789523837.964224815,2.878412,6.48261,56.9714,2.252625,2.311349,0.311402
1,4,1789523837.965170860,2.970011,6.511237,57.014338,2.251489,2.317135,0.309654
1,4,1789523837.969211340,3.027878,6.563062,56.904523,2.2461,2.315044,0.304377
1,4,1789523837.970307350,2.970011,6.511237,57.014338,2.251489,2.317135,0.309654
1,4,1789523837.975275278,3.031024,6.619563,56.977931,2.249041,2.324288,0.298331
1,4,1789523837.976099491,2.970011,6.511237,57.014338,2.251489,2.317135,0.309654
1,4,1789523837.979255438,2.902458,6.532003,56.89902,2.250838,2.315766,0.300853
1,4,1789523837.980395317,2.970011,6.511237,57.014338,2.251489,2.317135,0.309654
1,4,1789523837.984624147,2.913562,6.484489,56.952176,2.252904,2.308149,0.310653
1,4,1789523837.986970663,2.970011,6.511237,57.014338,2.251489,2.317135,0.309654
1,4,1789523837.989825964,3.010097,6.527871,56.957186,2.253073,2.316191,0.308596
1,4,1789523837.990911484,2.970011,6.511237,57.014338,2.251489,2.317135,0.309654
1,4,1789523837.994244099,2.998169,6.596955,56.973128,2.249531,2.316404,0.300472
1,4,1789523837.995364666,2.970011,6.511237,57.014338,2.251489,2.317135,0.309654
1,4,1789523837.999262810,2.919303,6.583541,56.907799,2.247118,2.313609,0.306144
1,4,1789523838.000304699,2.970011,6.511237,57.014338,2.251489,2.317135,0.309654
1,4,1789523838.004394293,2.887175,6.568864,56.94073,2.246835,2.311034,0.309194
1,4,1789523838.005887032,2.970011,6.511237,57.014338,2.251489,2.317135,0.309654
1,4,1789523838.009186745,2.965697,6.493161,56.934884,2.247523,2.310497,0.305768
1,4,1789523838.010317564,2.970011,6.511237,57.014338,2.251489,2.317135,0.309654
1,4,1789523838.014227390,2.970575,6.576883,56.913268,2.245241,2.312286,0.303594
1,4,1789523838.016225100,2.970011,6.511237,57.014338,2.251489,2.317135,0.309654
1,4,1789523838.019157648,2.976895,6.625481,56.938741,2.246354,2.316478,0.302204
1,4,1789523838.020256519,2.970011,6.511237,57.014338,2.251489,2.317135,0.309654
1,4,1789523838.024625063,3.003659,6.528017,56.978157,2.251831,2.318987,0.298306
1,4,1789523838.025747061,2.970011,6.511237,57.014338,2.251489,2.317135,0.309654
1,4,1789523838.029304028,2.882988,6.466006,56.903763,2.254856,2.316845,0.304352
1,4,1789523838.031276941,2.970011,6.511237,57.014338,2.251489,2.317135,0.309654
1,4,1789523838.034069777,2.921059,6.565474,56.920735,2.2538,2.31503,0.308679
1,4,1789523838.035139322,2.970011,6.511237,57.014338,2.251489,2.317135,0.309654
1,4,1789523838.039580107,3.03397,6.59963,56.980821,2.250156,2.318859,0.305784
1,4,1789523838.040274143,2.970011,6.511237,57.014338,2.251489,2.317135,0.309654
1,4,1789523838.044183254,3.014309,6.55152,56.971605,2.251361,2.315562,0.29961
1,4,1789523838.046106100,2.970011,6.511237,57.014338,2.251489,2.317135,0.309654
1,4,1789523838.050170660,2.821912,6.50591,56.900323,2.253925,2.307839,0.306924
1,4,1789523838.051150799,2.970011,6.511237,57.014338,2.251489,2.317135,0.309654
1,4,1789523838.053815842,2.907597,6.521598,56.889746,2.251831,2.308956,0.312315
1,4,1789523838.054595947,2.970011,6.511237,57.014338,2.251489,2.317135,0.309654
1,4,1789523838.058981895,3.088681,6.500912,56.930383,2.250033,2.314304,0.303277
1,4,1789523838.059787750,2.970011,6.511237,57.014338,2.251489,2.317135,0.309654
1,4,1789523838.063653469,3.036023,6.571177,56.958684,2.249848,2.320209,0.297702
1,4,1789523838.064213991,2.970011,6.511237,57.014338,2.251489,2.317135,0.309654
1,4,1789523838.069000721,2.838179,6.579821,56.938523,2.254638,2.313072,0.301687
1,4,1789523838.070055485,2.970011,6.511237,57.014338,2.251489,2.317135,0.309654
1,4,1789523838.073842525,2.882295,6.524648,56.966488,2.252286,2.313011,0.314244
1,4,1789523838.074370384,2.970011,6.511237,57.014338,2.251489,2.317135,0.309654
1,4,1789523838.079682112,3.024656,6.501067,56.952191,2.253081,2.315926,0.305456
1,4,1789523838.080457687,2.970011,6.511237,57.014338,2.251489,2.317135,0.309654
1,4,1789523838.084630013,3.026213,6.593847,56.943508,2.246505,2.318553,0.299678
1,4,1789523838.087014675,2.970011,6.511237,57.014338,2.251489,2.317135,0.309654
1,4,1789523838.089362144,2.952823,6.625918,56.764219,2.245753,2.31004,0.302925
1,4,1789523838.091253996,2.913721,6.589749,56.91103,2.245032,2.316891,0.302536
1,4,1789523838.094142675,2.952823,6.625918,56.764219,2.245753,2.31004,0.302925
1,4,1789523838.095317602,2.883684,6.536601,56.94036,2.249991,2.314474,0.309462
1,4,1789523838.099110365,2.952823,6.625918,56.764219,2.245753,2.31004,0.302925
1,4,1789523838.100357771,2.923957,6.471074,56.919249,2.251628,2.311832,0.307884
1,4,1789523838.105388403,2.952823,6.625918,56.764219,2.245753,2.31004,0.302925
1,4,1789523838.105922699,3.000486,6.576628,56.96304,2.253252,2.318363,0.306317
1,4,1789523838.109701633,2.952823,6.625918,56.764219,2.245753,2.31004,0.302925
1,4,1789523838.110232353,3.042858,6.617058,56.894111,2.248945,2.31961,0.297767
1,4,1789523838.113688469,2.952823,6.625918,56.764219,2.245753,2.31004,0.302925
1,4,1789523838.114682436,2.915186,6.552197,56.946736,2.254504,2.31836,0.301781
1,4,1789523838.118912220,2.952823,6.625918,56.764219,2.245753,2.31004,0.302925
1,4,1789523838.119607449,2.889117,6.426777,56.919576,2.256198,2.317661,0.308894
1,4,1789523838.123726845,2.952823,6.625918,56.764219,2.245753,2.31004,0.302925
1,4,1789523838.124944925,2.986976,6.553913,57.038921,2.254075,2.326063,0.308234
1,4,1789523838.128751040,2.952823,6.625918,56.764219,2.245753,2.31004,0.302925
1,4,1789523838.130130291,3.074044,6.60279,56.921442,2.24759,2.321689,0.297744
1,4,1789523838.134944916,2.952823,6.625918,56.764219,2.245753,2.31004,0.302925
1,4,1789523838.135504961,2.960869,6.522185,56.931433,2.253709,2.316621,0.303953
1,4,1789523838.139656544,2.952823,6.625918,56.764219,2.245753,2.31004,0.302925
1,4,1789523838.140509844,2.909598,6.508189,56.898957,2.249939,2.314689,0.306918
1,4,1789523838.144984722,2.952823,6.625918,56.764219,2.245753,2.31004,0.302925
1,4,1789523838.145976543,2.934501,6.526606,56.931985,2.246101,2.314631,0.310237
1,4,1789523838.149626732,2.952823,6.625918,56.764219,2.245753,2.31004,0.302925
1,4,1789523838.150392771,2.999291,6.559577,56.913302,2.245766,2.316629,0.304212
1,4,1789523838.153866053,2.952823,6.625918,56.764219,2.245753,2.31004,0.302925
1,4,1789523838.154634953,2.951005,6.579229,56.950443,2.251818,2.316789,0.29787
1,4,1789523838.158860445,2.952823,6.625918,56.764219,2.245753,2.31004,0.302925
1,4,1789523838.159963608,2.843573,6.565481,56.980819,2.252669,2.314576,0.311372
1,4,1789523838.164299726,2.952823,6.625918,56.764219,2.245753,2.31004,0.302925
1,4,1789523838.165097475,2.893248,6.528097,56.925131,2.250093,2.314073,0.311675
1,4,1789523838.168945551,2.952823,6.625918,56.764219,2.245753,2.31004,0.302925
1,4,1789523838.169777155,3.00815,6.518284,56.904039,2.248025,2.315017,0.304251
1,4,1789523838.174478769,2.952823,6.625918,56.764219,2.245753,2.31004,0.302925
1,4,1789523838.175345898,3.040745,6.584045,56.941583,2.244949,2.314937,0.2981
1,4,1789523838.178738832,2.952823,6.625918,56.764219,2.245753,2.31004,0.302925
1,4,1789523838.179542780,2.919008,6.566998,56.952424,2.243192,2.31385,0.305081
1,4,1789523838.183666229,2.952823,6.625918,56.764219,2.245753,2.31004,0.302925
1,4,1789523838.184534550,2.864914,6.533886,56.913918,2.249981,2.314207,0.304308
1,4,1789523838.188798189,2.952823,6.625918,56.764219,2.245753,2.31004,0.302925
1,4,1789523838.189614534,2.942953,6.545861,56.955351,2.251067,2.317015,0.301286
1,4,1789523838.193718195,2.952823,6.625918,56.764219,2.245753,2.31004,0.302925
1,4,1789523838.194811821,3.019964,6.621767,56.975356,2.250072,2.323584,0.302614
1,4,1789523838.198810101,2.952823,6.625918,56.764219,2.245753,2.31004,0.302925
1,4,1789523838.199614286,2.973216,6.592047,56.960159,2.252707,2.316619,0.298059
1,4,1789523838.204001188,2.952823,6.625918,56.764219,2.245753,2.31004,0.302925
1,4,1789523838.204627752,2.850391,6.488103,56.919988,2.254115,2.312368,0.308241
1,4,1789523838.208680868,2.952823,6.625918,56.764219,2.245753,2.31004,0.302925
1,4,1789523838.210195303,2.925859,6.519317,56.901391,2.249824,2.31263,0.308234
1,4,1789523838.213736773,2.952823,6.625918,56.764219,2.245753,2.31004,0.302925
1,4,1789523838.214690924,3.019678,6.559266,56.985905,2.249262,2.316333,0.302957
1,4,1789523838.220131159,2.952823,6.625918,56.764219,2.245753,2.31004,0.302925
1,4,1789523838.220660210,3.007877,6.554402,56.937797,2.250146,2.31533,0.301805
1,4,1789523838.223785162,2.952823,6.625918,56.764219,2.245753,2.31004,0.302925
1,4,1789523838.224619627,2.896081,6.541336,56.917515,2.251392,2.317181,0.300878
1,4,1789523838.228712082,2.952823,6.625918,56.764219,2.245753,2.31004,0.302925
1,4,1789523838.229523897,2.892592,6.554198,56.96916,2.257164,2.319174,0.310383
1,4,1789523838.233802557,2.952823,6.625918,56.764219,2.245753,2.31004,0.302925
1,4,1789523838.234636307,2.953142,6.497161,56.986816,2.255414,2.317385,0.303857
1,4,1789523838.238959551,2.952823,6.625918,56.764219,2.245753,2.31004,0.302925
1,4,1789523838.239803314,3.013945,6.554583,56.977104,2.254021,2.31995,0.303643
1,4,1789523838.243972063,2.952823,6.625918,56.764219,2.245753,2.31004,0.302925
1,4,1789523838.244841814,2.950491,6.613407,56.950819,2.247108,2.315101,0.297813
1,4,1789523838.248675585,2.952823,6.625918,56.764219,2.245753,2.31004,0.302925
1,4,1789523838.249503851,2.860716,6.545459,56.919813,2.245377,2.30599,0.30724
1,4,1789523838.253707170,2.952823,6.625918,56.764219,2.245753,2.31004,0.302925
1,4,1789523838.254493237,2.901163,6.470833,56.906186,2.248094,2.305534,0.310834
1,4,1789523838.258739948,2.952823,6.625918,56.764219,2.245753,2.31004,0.302925
1,4,1789523838.259558678,3.005849,6.578629,56.92874,2.246834,2.316084,0.301969
1,4,1789523838.264868975,2.952823,6.625918,56.764219,2.245753,2.31004,0.302925
1,4,1789523838.265692472,3.005997,6.611906,56.937249,2.247279,2.318048,0.301488
1,4,1789523838.269813538,2.952823,6.625918,56.764219,2.245753,2.31004,0.302925
1,4,1789523838.270564795,2.881921,6.525712,56.92985,2.256861,2.314549,0.302556
1,4,1789523838.274148464,2.952823,6.625918,56.764219,2.245753,2.31004,0.302925
1,4,1789523838.274658203,2.857143,6.501912,56.922782,2.256989,2.31106,0.30981
1,4,1789523838.279114246,2.952823,6.625918,56.764219,2.245753,2.31004,0.302925
1,4,1789523838.279697657,2.98738,6.547458,56.940422,2.251639,2.31815,0.309919
1,4,1789523838.283936262,2.952823,6.625918,56.764219,2.245753,2.31004,0.302925
1,4,1789523838.284579515,3.011281,6.574106,56.928297,2.252539,2.31926,0.301982
1,4,1789523838.288772345,2.952823,6.625918,56.764219,2.245753,2.31004,0.302925
1,4,1789523838.290578604,2.968458,6.548241,56.873755,2.253011,2.315719,0.296431
1,4,1789523838.293710709,2.952823,6.625918,56.764219,2.245753,2.31004,0.302925
1,4,1789523838.295414925,2.918754,6.520848,56.881756,2.251498,2.314815,0.307768
1,4,1789523838.298721790,2.952823,6.625918,56.764219,2.245753,2.31004,0.302925
1,4,1789523838.299493313,2.969709,6.50672,56.934718,2.24947,2.319766,0.306605
1,4,1789523838.304994106,2.952823,6.625918,56.764219,2.245753,2.31004,0.302925
1,4,1789523838.305528164,2.962588,6.554683,56.943676,2.250589,2.318404,0.299868
1,4,1789523838.308830976,2.952823,6.625918,56.764219,2.245753,2.31004,0.302925
1,4,1789523838.309930563,3.02106,6.587454,56.962356,2.250905,2.323817,0.300394
1,4,1789523838.313798428,2.952823,6.625918,56.764219,2.245753,2.31004,0.302925
1,4,1789523838.314692497,2.953918,6.575187,56.982997,2.252052,2.321679,0.301478
1,4,1789523838.318790436,2.952823,6.625918,56.764219,2.245753,2.31004,0.302925
1,4,1789523838.319920540,2.87087,6.519496,56.929487,2.25673,2.314409,0.308411
1,4,1789523838.323786974,2.952823,6.625918,56.764219,2.245753,2.31004,0.302925
1,4,1789523838.324553490,2.928241,6.503215,56.977672,2.251697,2.310555,0.309276
1,4,1789523838.328718424,2.952823,6.625918,56.764219,2.245753,2.31004,0.302925
1,4,1789523838.329972267,3.08346,6.570102,56.913456,2.243883,2.315795,0.30426
1,4,1789523838.333738327,2.952823,6.625918,56.764219,2.245753,2.31004,0.302925
1,4,1789523838.334522009,2.948337,6.61115,56.937226,2.24641,2.315506,0.301156
1,4,1789523838.338780880,2.952823,6.625918,56.764219,2.245753,2.31004,0.302925
1,4,1789523838.339556932,2.864826,6.525951,56.88441,2.250754,2.309257,0.302737
1,4,1789523838.344654083,2.952823,6.625918,56.764219,2.245753,2.31004,0.302925
1,4,1789523838.345120668,2.894812,6.471216,56.923662,2.254269,2.311365,0.310654
1,4,1789523838.348637342,2.952823,6.625918,56.764219,2.245753,2.31004,0.302925
1,4,1789523838.350180387,3.051775,6.561482,56.922628,2.251206,2.324055,0.305016
1,4,1789523838.353777885,2.952823,6.625918,56.764219,2.245753,2.31004,0.302925
1,4,1789523838.354406357,2.994284,6.612074,56.935873,2.252821,2.321467,0.2948
1,4,1789523838.358746052,2.952823,6.625918,56.764219,2.245753,2.31004,0.302925
1,4,1789523838.359776020,2.877337,6.560428,56.906316,2.248623,2.314612,0.305354
1,4,1789523838.363741875,2.952823,6.625918,56.764219,2.245753,2.31004,0.302925
1,4,1789523838.364514589,2.90366,6.507244,56.990042,2.250893,2.313533,0.305504
1,4,1789523838.369645119,2.952823,6.625918,56.764219,2.245753,2.31004,0.302925
1,4,1789523838.370147228,3.002752,6.512991,57.0019,2.250175,2.318243,0.307766
1,4,1789523838.373767853,2.952823,6.625918,56.764219,2.245753,2.31004,0.302925
1,4,1789523838.374744892,2.966877,6.558613,56.87999,2.246139,2.314635,0.300429
1,4,1789523838.378916025,2.952823,6.625918,56.764219,2.245753,2.31004,0.302925
1,4,1789523838.379896879,2.919399,6.61623,56.939197,2.24495,2.308975,0.301681
1,4,1789523838.383686304,2.952823,6.625918,56.764219,2.245753,2.31004,0.302925
1,4,1789523838.384783268,2.900438,6.527049,56.967467,2.251022,2.312999,0.308822
1,4,1789523838.388700962,2.952823,6.625918,56.764219,2.245753,2.31004,0.302925
1,4,1789523838.389284134,2.905111,6.531728,56.930839,2.251759,2.311408,0.308992
1,4,1789523838.393733740,2.952823,6.625918,56.764219,2.245753,2.31004,0.302925
1,4,1789523838.394273996,2.96546,6.565231,56.960678,2.24919,2.315898,0.304586
1,4,1789523838.398585558,2.952823,6.625918,56.764219,2.245753,2.31004,0.302925
1,4,1789523838.399151325,3.043601,6.580105,56.952795,2.251633,2.316867,0.299491
1,4,1789523838.404078960,2.952823,6.625918,56.764219,2.245753,2.31004,0.302925
1,4,1789523838.404825926,2.953342,6.56393,56.933531,2.249192,2.317282,0.305237
1,4,1789523838.408823967,2.952823,6.625918,56.764219,2.245753,2.31004,0.302925
1,4,1789523838.409668207,2.903869,6.525046,56.921125,2.247762,2.314822,0.303118
1,4,1789523838.413995504,2.952823,6.625918,56.764219,2.245753,2.31004,0.302925
1,4,1789523838.414955378,3.002154,6.533247,56.929159,2.249685,2.318445,0.302705
1,4,1789523838.419219017,2.952823,6.625918,56.764219,2.245753,2.31004,0.302925
1,4,1789523838.421201944,3.073176,6.53076,56.942634,2.246877,2.31608,0.305279
1,4,1789523838.424911499,2.952823,6.625918,56.764219,2.245753,2.31004,0.302925
1,4,1789523838.425834894,2.964777,6.622641,56.992066,2.253116,2.322814,0.301194
1,4,1789523838.429020643,2.952823,6.625918,56.764219,2.245753,2.31004,0.302925
1,4,1789523838.429797411,2.906517,6.536669,56.95092,2.25451,2.321738,0.298889
1,4,1789523838.434247732,2.952823,6.625918,56.764219,2.245753,2.31004,0.302925
1,4,1789523838.436074018,2.898471,6.466594,56.947246,2.258672,2.313089,0.314066
1,4,1789523838.439107656,2.952823,6.625918,56.764219,2.245753,2.31004,0.302925
1,4,1789523838.439939499,3.028845,6.541272,56.985303,2.252056,2.319054,0.309014
1,4,1789523838.444048405,2.952823,6.625918,56.764219,2.245753,2.31004,0.302925
1,4,1789523838.445083857,2.992457,6.598911,56.957435,2.247664,2.317304,0.296408
1,4,1789523838.448900461,2.952823,6.625918,56.764219,2.245753,2.31004,0.302925
1,4,1789523838.449723721,2.859692,6.552765,56.887704,2.24877,2.306704,0.310567
1,4,1789523838.453960419,2.952823,6.625918,56.764219,2.245753,2.31004,0.302925
1,4,1789523838.454934359,2.89446,6.526947,56.914922,2.249404,2.309267,0.31056
1,4,1789523838.459017992,2.952823,6.625918,56.764219,2.245753,2.31004,0.302925
1,4,1789523838.460305691,2.982523,6.510052,56.907328,2.248215,2.316157,0.306549
1,4,1789523838.464013815,2.952823,6.625918,56.764219,2.245753,2.31004,0.302925
1,4,1789523838.464985847,3.014537,6.557232,56.888202,2.246002,2.313918,0.299683
1,4,1789523838.469070435,2.952823,6.625918,56.764219,2.245753,2.31004,0.302925
1,4,1789523838.470041513,2.952418,6.621249,56.928726,2.247289,2.315427,0.295527
1,4,1789523838.474007845,2.952823,6.625918,56.764219,2.245753,2.31004,0.302925
1,4,1789523838.474976540,2.894618,6.573836,56.954199,2.248251,2.31713,0.306481
1,4,1789523838.479326487,2.952823,6.625918,56.764219,2.245753,2.31004,0.302925
1,4,1789523838.480531693,2.903092,6.484757,56.919414,2.24941,2.313399,0.30811
1,4,1789523838.483845949,2.952823,6.625918,56.764219,2.245753,2.31004,0.302925
1,4,1789523838.484616756,3.008398,6.569877,56.910441,2.244354,2.311448,0.301732
1,4,1789523838.489089727,2.952823,6.625918,56.764219,2.245753,2.31004,0.302925
1,4,1789523838.489770174,2.978754,6.63339,56.943495,2.242012,2.314616,0.299043
1,4,1789523838.494909763,2.952823,6.625918,56.764219,2.245753,2.31004,0.302925
1,4,1789523838.495753527,2.889061,6.536369,56.942373,2.249003,2.310886,0.304312
1,4,1789523838.498781681,2.952823,6.625918,56.764219,2.245753,2.31004,0.302925
1,4,1789523838.499498844,2.875594,6.475333,56.955281,2.253751,2.310676,0.312972
1,4,1789523838.504073381,2.952823,6.625918,56.764219,2.245753,2.31004,0.302925
1,4,1789523838.505057096,3.013718,6.536404,56.943391,2.252299,2.3163,0.305641
1,4,1789523838.509279251,2.952823,6.625918,56.764219,2.245753,2.31004,0.302925
1,4,1789523838.510101080,3.033222,6.578748,56.947463,2.253567,2.32003,0.302413
1,4,1789523838.513784647,2.952823,6.625918,56.764219,2.245753,2.31004,0.302925
1,4,1789523838.514673233,2.978731,6.537227,56.976365,2.254343,2.318579,0.303064
1,4,1789523838.519239187,2.952823,6.625918,56.764219,2.245753,2.31004,0.302925
1,4,1789523838.520816088,2.887229,6.517743,56.926927,2.254083,2.316269,0.307007
1,4,1789523838.524064064,2.952823,6.625918,56.764219,2.245753,2.31004,0.302925
1,4,1789523838.525110722,2.914363,6.506166,56.950888,2.253098,2.314175,0.310371
1,4,1789523838.529330254,2.952823,6.625918,56.764219,2.245753,2.31004,0.302925
1,4,1789523838.530307055,3.057631,6.542673,56.913399,2.245586,2.316283,0.298295
1,4,1789523838.533951044,2.952823,6.625918,56.764219,2.245753,2.31004,0.302925
1,4,1789523838.535259247,3.013359,6.609784,56.977856,2.244007,2.321969,0.298131
1,4,1789523838.538967371,2.952823,6.625918,56.764219,2.245753,2.31004,0.302925
1,4,1789523838.539951563,2.882466,6.633833,56.953306,2.244147,2.31235,0.30509
1,4,1789523838.543941259,2.952823,6.625918,56.764219,2.245753,2.31004,0.302925
1,4,1789523838.544842720,2.857753,6.481302,56.938085,2.252964,2.309086,0.307598
1,4,1789523838.549102068,2.952823,6.625918,56.764219,2.245753,2.31004,0.302925
1,4,1789523838.549993038,2.96126,6.497036,56.953931,2.251178,2.312966,0.306257
1,4,1789523838.554271460,2.952823,6.625918,56.764219,2.245753,2.31004,0.302925
1,4,1789523838.555543661,3.042665,6.648576,56.980512,2.24771,2.316229,0.298987
1,4,1789523838.558949471,2.952823,6.625918,56.764219,2.245753,2.31004,0.302925
1,4,1789523838.559943914,2.905531,6.609227,56.903336,2.246111,2.30893,0.302567
1,4,1789523838.564072371,2.952823,6.625918,56.764219,2.245753,2.31004,0.302925
1,4,1789523838.565502405,2.868551,6.501843,56.916662,2.25049,2.30713,0.311554
1,4,1789523838.569890261,2.952823,6.625918,56.764219,2.245753,2.31004,0.302925
1,4,1789523838.570701122,2.957239,6.540424,57.014324,2.252505,2.316818,0.309429
1,4,1789523838.573830843,2.952823,6.625918,56.764219,2.245753,2.31004,0.302925
1,4,1789523838.574589014,2.958168,6.588954,56.923795,2.250398,2.316756,0.304748
1,4,1789523838.578982830,2.952823,6.625918,56.764219,2.245753,2.31004,0.302925
1,4,1789523838.579968452,2.969024,6.545651,56.894071,2.251663,2.317549,0.297788
1,4,1789523838.584046364,2.952823,6.625918,56.764219,2.245753,2.31004,0.302925
1,4,1789523838.585309029,2.9329,6.533926,56.942958,2.251452,2.316504,0.30534
1,4,1789523838.589025259,2.952823,6.625918,56.764219,2.245753,2.31004,0.302925
1,4,1789523838.590345144,2.917036,6.519476,56.913821,2.250818,2.314839,0.310504
1,4,1789523838.593999863,2.952823,6.625918,56.764219,2.245753,2.31004,0.302925
1,4,1789523838.594965696,2.959432,6.508172,56.919546,2.25113,2.314676,0.302155
1,4,1789523838.600136757,2.952823,6.625918,56.764219,2.245753,2.31004,0.302925
1,4,1789523838.601147652,3.052736,6.56548,56.944417,2.248075,2.32005,0.294508
1,4,1789523838.604861736,2.952823,6.625918,56.764219,2.245753,2.31004,0.302925
1,4,1789523838.605909109,2.962151,6.625707,56.958552,2.248325,2.316431,0.302945
1,4,1789523838.610045671,2.952823,6.625918,56.764219,2.245753,2.31004,0.302925
1,4,1789523838.611059427,2.883573,6.532863,56.931907,2.249571,2.311352,0.309692
1,4,1789523838.614480972,2.952823,6.625918,56.764219,2.245753,2.31004,0.302925
1,4,1789523838.615111589,2.976069,6.480834,56.951993,2.249494,2.314881,0.305328
1,4,1789523838.618962288,2.952823,6.625918,56.764219,2.245753,2.31004,0.302925
1,4,1789523838.619834661,3.047091,6.569974,56.937008,2.247202,2.31884,0.301677
1,4,1789523838.624066114,2.952823,6.625918,56.764219,2.245753,2.31004,0.302925
1,4,1789523838.625670433,2.954841,6.633006,56.95704,2.250458,2.319898,0.302271
1,4,1789523838.629035234,2.952823,6.625918,56.764219,2.245753,2.31004,0.302925
1,4,1789523838.629789352,2.87789,6.574348,56.965547,2.251212,2.316608,0.301618
1,4,1789523838.631991863,2.875322,6.544815,56.938705,2.252804,2.317263,0.30252
1,4,1789523838.635054111,2.872341,6.504027,57.104039,2.251184,2.308157,0.306433
1,4,1789523838.636032581,2.952823,6.625918,56.764219,2.245753,2.31004,0.302925
1,4,1789523838.636979342,2.87789,6.574348,56.965547,2.251212,2.316608,0.301618
1,4,1789523838.637894630,2.952441,6.468849,56.936412,2.253144,2.315786,0.307398
1,4,1789523838.638994932,2.952823,6.625918,56.764219,2.245753,2.31004,0.302925
1,4,1789523838.639935493,2.87789,6.574348,56.965547,2.251212,2.316608,0.301618
1,4,1789523838.641626835,2.95272,6.567757,56.864977,2.246676,2.312126,0.308509
1,4,1789523838.644034386,2.952823,6.625918,56.764219,2.245753,2.31004,0.302925
1,4,1789523838.645006895,2.87789,6.574348,56.965547,2.251212,2.316608,0.301618
1,4,1789523838.646362543,2.964531,6.579668,56.630341,2.248217,2.313293,0.313295
1,4,1789523838.648804426,2.952823,6.625918,56.764219,2.245753,2.31004,0.302925
1,4,1789523838.649556875,2.87789,6.574348,56.965547,2.251212,2.316608,0.301618
1,4,1789523838.651201725,2.994192,6.60497,57.022463,2.246496,2.318319,0.30253
1,4,1789523838.654044390,2.952823,6.625918,56.764219,2.245753,2.31004,0.302925
1,4,1789523838.655405283,2.87789,6.574348,56.965547,2.251212,2.316608,0.301618
1,4,1789523838.656352043,2.97243,6.591902,56.774009,2.243645,2.31113,0.303594
1,4,1789523838.658928156,2.952823,6.625918,56.764219,2.245753,2.31004,0.302925
1,4,1789523838.659617901,2.87789,6.574348,56.965547,2.251212,2.316608,0.301618
1,4,1789523838.660960674,2.977343,6.505362,56.908631,2.251362,2.313764,0.294943
1,4,1789523838.663842916,2.952823,6.625918,56.764219,2.245753,2.31004,0.302925
1,4,1789523838.664759874,2.87789,6.574348,56.965547,2.251212,2.316608,0.301618
1,4,1789523838.667651653,2.957023,6.568331,57.147049,2.245729,2.314463,0.298576
1,4,1789523838.669158220,2.952823,6.625918,56.764219,2.245753,2.31004,0.302925
1,4,1789523838.670109510,2.87789,6.574348,56.965547,2.251212,2.316608,0.301618
1,4,1789523838.671104908,2.909344,6.552507,56.947251,2.249327,2.312581,0.307618
1,4,1789523838.674037218,2.952823,6.625918,56.764219,2.245753,2.31004,0.302925
1,4,1789523838.675651789,2.87789,6.574348,56.965547,2.251212,2.316608,0.301618
1,4,1789523838.676596642,2.878148,6.52164,56.928482,2.250952,2.313162,0.307691
1,4,1789523838.678862333,2.952823,6.625918,56.764219,2.245753,2.31004,0.302925
1,4,1789523838.679687738,2.87789,6.574348,56.965547,2.251212,2.316608,0.301618
1,4,1789523838.681071043,2.883378,6.556495,57.054938,2.243344,2.312648,0.30509
1,4,1789523838.683977127,2.952823,6.625918,56.764219,2.245753,2.31004,0.302925
1,4,1789523838.684933901,2.87789,6.574348,56.965547,2.251212,2.316608,0.301618
1,4,1789523838.687093973,2.958081,6.541471,56.941706,2.250599,2.31537,0.304387
1,4,1789523838.689028025,2.952823,6.625918,56.764219,2.245753,2.31004,0.302925
1,4,1789523838.690000534,2.87789,6.574348,56.965547,2.251212,2.316608,0.301618
1,4,1789523838.691349983,3.029472,6.567634,56.861465,2.248147,2.318664,0.30699
1,4,1789523838.695019960,2.952823,6.625918,56.764219,2.245753,2.31004,0.302925
1,4,1789523838.695724964,2.87789,6.574348,56.965547,2.251212,2.316608,0.301618
1,4,1789523838.696324587,3.047914,6.59751,56.701868,2.243305,2.316941,0.305776
1,4,1789523838.699051619,2.952823,6.625918,56.764219,2.245753,2.31004,0.302925
1,4,1789523838.700022459,2.87789,6.574348,56.965547,2.251212,2.316608,0.301618
1,4,1789523838.701217175,2.937381,6.548134,57.034438,2.25306,2.313827,0.29785
1,4,1789523838.704020977,2.952823,6.625918,56.764219,2.245753,2.31004,0.302925
1,4,1789523838.705792427,2.87789,6.574348,56.965547,2.251212,2.316608,0.301618
1,4,1789523838.706794739,2.825873,6.605521,56.794418,2.248133,2.311449,0.310633
1,4,1789523838.708930016,2.952823,6.625918,56.764219,2.245753,2.31004,0.302925
1,4,1789523838.710257053,2.87789,6.574348,56.965547,2.251212,2.316608,0.301618
1,4,1789523838.711245537,2.817373,6.563515,56.88873,2.249434,2.3082,0.311304
1,4,1789523838.715108395,2.952823,6.625918,56.764219,2.245753,2.31004,0.302925
1,4,1789523838.716084957,2.87789,6.574348,56.965547,2.251212,2.316608,0.301618
1,4,1789523838.716961622,2.920755,6.492633,57.000852,2.250527,2.31574,0.306835
1,4,1789523838.719070196,2.952823,6.625918,56.764219,2.245753,2.31004,0.302925
1,4,1789523838.720056772,2.87789,6.574348,56.965547,2.251212,2.316608,0.301618
1,4,1789523838.721414328,3.056967,6.508932,56.943516,2.245116,2.314284,0.305781
1,4,1789523838.723976612,2.952823,6.625918,56.764219,2.245753,2.31004,0.302925
1,4,1789523838.725211620,2.87789,6.574348,56.965547,2.251212,2.316608,0.301618
1,4,1789523838.726225376,3.167377,6.512082,56.938226,2.248856,2.322806,0.303301
1,4,1789523838.729141235,2.952823,6.625918,56.764219,2.245753,2.31004,0.302925
1,4,1789523838.730899572,2.87789,6.574348,56.965547,2.251212,2.316608,0.301618
1,4,1789523838.731913328,2.959141,6.513749,56.832552,2.248656,2.313891,0.3121
1,4,1789523838.732556343,3.027618,6.58509,57.136394,2.246285,2.315214,0.297737
1,4,1789523838.733530521,2.915498,6.587298,56.651495,2.248511,2.314427,0.308922
1,4,1789523838.734558821,2.952823,6.625918,56.764219,2.245753,2.31004,0.302925
1,4,1789523838.735508680,2.87789,6.574348,56.965547,2.251212,2.316608,0.301618
1,4,1789523838.736552715,2.933626,6.633058,57.003862,2.248227,2.315047,0.301941
1,4,1789523838.737368584,2.902628,6.628741,56.871746,2.250794,2.317247,0.300922
1,4,1789523838.739011526,2.952823,6.625918,56.764219,2.245753,2.31004,0.302925
1,4,1789523838.739978313,2.87789,6.574348,56.965547,2.251212,2.316608,0.301618
1,4,1789523838.740815401,3.011908,6.608156,56.808524,2.246535,2.317191,0.302417
1,4,1789523838.741375208,2.79505,6.599737,56.753527,2.251296,2.309593,0.307978
1,4,1789523838.744136095,2.952823,6.625918,56.764219,2.245753,2.31004,0.302925
1,4,1789523838.745234489,2.87789,6.574348,56.965547,2.251212,2.316608,0.301618
1,4,1789523838.746009350,3.065154,6.563573,57.006917,2.248946,2.315864,0.298415
1,4,1789523838.746650934,2.840804,6.49842,56.759445,2.25406,2.316424,0.31315
1,4,1789523838.749047756,2.952823,6.625918,56.764219,2.245753,2.31004,0.302925
1,4,1789523838.750091314,2.87789,6.574348,56.965547,2.251212,2.316608,0.301618
1,4,1789523838.750914812,2.949976,6.485318,57.022967,2.24835,2.310695,0.302575
1,4,1789523838.752161980,3.001445,6.502964,57.101493,2.252521,2.315704,0.305709
1,4,1789523838.754284382,2.952823,6.625918,56.764219,2.245753,2.31004,0.302925
1,4,1789523838.755161762,2.87789,6.574348,56.965547,2.251212,2.316608,0.301618
1,4,1789523838.756120682,2.909548,6.518525,56.897657,2.245663,2.315801,0.3062
1,4,1789523838.757076502,3.077341,6.470596,56.880668,2.251628,2.317353,0.307737
1,4,1789523838.760514259,2.952823,6.625918,56.764219,2.245753,2.31004,0.302925
1,4,1789523838.761511564,2.87789,6.574348,56.965547,2.251212,2.316608,0.301618
1,4,1789523838.762532949,2.80322,6.533359,56.857817,2.247794,2.302523,0.308874
1,4,1789523838.763126850,3.074659,6.536217,56.993307,2.247996,2.319217,0.296143
1,4,1789523838.764304399,2.952823,6.625918,56.764219,2.245753,2.31004,0.302925
1,4,1789523838.765253305,2.960134,6.546612,57.091167,2.248453,2.317332,0.305016
1,4,1789523838.766196251,2.87789,6.574348,56.965547,2.251212,2.316608,0.301618
1,4,1789523838.767139912,2.958184,6.66456,57.043973,2.240507,2.314115,0.297616
1,4,1789523838.769077539,2.952823,6.625918,56.764219,2.245753,2.31004,0.302925
1,4,1789523838.770775318,2.87789,6.574348,56.965547,2.251212,2.316608,0.301618
1,4,1789523838.771523237,2.983418,6.61463,56.956139,2.241244,2.314347,0.301312
1,4,1789523838.772336245,2.878284,6.626653,56.884262,2.249812,2.313194,0.302572
1,4,1789523838.774008751,2.952823,6.625918,56.764219,2.245753,2.31004,0.302925
1,4,1789523838.775680780,2.87789,6.574348,56.965547,2.251212,2.316608,0.301618
1,4,1789523838.776329994,3.108123,6.553211,56.832772,2.251219,2.321156,0.300772
1,4,1789523838.776993752,2.879556,6.576628,56.928584,2.249641,2.314549,0.30156
1,4,1789523838.779103994,2.952823,6.625918,56.764219,2.245753,2.31004,0.302925
1,4,1789523838.780110598,2.87789,6.574348,56.965547,2.251212,2.316608,0.301618
1,4,1789523838.780972242,3.013922,6.564165,56.792914,2.248094,2.314259,0.304258
1,4,1789523838.781651258,2.961486,6.485794,56.902668,2.253528,2.317784,0.30372
1,4,1789523838.784075499,2.952823,6.625918,56.764219,2.245753,2.31004,0.302925
1,4,1789523838.785094500,2.87789,6.574348,56.965547,2.251212,2.316608,0.301618
1,4,1789523838.785869122,2.918489,6.574866,57.060621,2.250174,2.316992,0.296962
1,4,1789523838.786642790,2.959559,6.461706,56.982758,2.252294,2.31265,0.313074
1,4,1789523838.789492846,2.952823,6.625918,56.764219,2.245753,2.31004,0.302925
1,4,1789523838.791053772,2.87789,6.574348,56.965547,2.251212,2.316608,0.301618
1,4,1789523838.792028189,2.762545,6.576253,56.759597,2.250817,2.308146,0.311889
1,4,1789523838.794036627,2.952823,6.625918,56.764219,2.245753,2.31004,0.302925
1,4,1789523838.795028687,2.87789,6.574348,56.965547,2.251212,2.316608,0.301618
1,4,1789523838.795770168,2.812986,6.517676,56.904539,2.254544,2.31187,0.310054
1,4,1789523838.799021244,2.952823,6.625918,56.764219,2.245753,2.31004,0.302925
1,4,1789523838.799992800,2.990274,6.545423,57.067173,2.245779,2.318851,0.307816
1,4,1789523838.800964594,2.87789,6.574348,56.965547,2.251212,2.316608,0.301618
1,4,1789523838.804058313,2.952823,6.625918,56.764219,2.245753,2.31004,0.302925
1,4,1789523838.806214094,2.87789,6.574348,56.965547,2.251212,2.316608,0.301618
1,4,1789523838.807156563,3.074268,6.513631,56.986514,2.247122,2.313513,0.303356
1,4,1789523838.809525251,2.952823,6.625918,56.764219,2.245753,2.31004,0.302925
1,4,1789523838.810514927,2.87789,6.574348,56.965547,2.251212,2.316608,0.301618
1,4,1789523838.811496258,3.137247,6.537917,56.966454,2.249203,2.323299,0.297316
1,4,1789523838.814520121,2.952823,6.625918,56.764219,2.245753,2.31004,0.302925
1,4,1789523838.815638542,2.87789,6.574348,56.965547,2.251212,2.316608,0.301618
1,4,1789523838.816219091,2.923296,6.576521,57.147126,2.244358,2.309148,0.297977
1,4,1789523838.819129705,2.952823,6.625918,56.764219,2.245753,2.31004,0.302925
1,4,1789523838.820112705,2.87789,6.574348,56.965547,2.251212,2.316608,0.301618
1,4,1789523838.820792437,2.868436,6.588494,56.906742,2.250921,2.317923,0.299734
1,4,1789523838.823995113,2.952823,6.625918,56.764219,2.245753,2.31004,0.302925
1,4,1789523838.825400352,2.87789,6.574348,56.965547,2.251212,2.316608,0.301618
1,4,1789523838.826220989,2.80815,6.567159,56.845844,2.250499,2.3071,0.31351
1,4,1789523838.831003666,2.952823,6.625918,56.764219,2.245753,2.31004,0.302925
1,4,1789523838.831986189,2.87789,6.574348,56.965547,2.251212,2.316608,0.301618
1,4,1789523838.832941294,2.895543,6.505855,56.891761,2.251198,2.316437,0.314556
1,4,1789523838.834262609,2.952823,6.625918,56.764219,2.245753,2.31004,0.302925
1,4,1789523838.835913897,2.87789,6.574348,56.965547,2.251212,2.316608,0.301618
1,4,1789523838.836849213,2.922681,6.466911,57.070912,2.251214,2.314975,0.310107
1,4,1789523838.839733601,2.952823,6.625918,56.764219,2.245753,2.31004,0.302925
1,4,1789523838.840708017,2.87789,6.574348,56.965547,2.251212,2.316608,0.301618
1,4,1789523838.841694355,3.024563,6.518261,56.982834,2.251864,2.318651,0.307476
1,4,1789523838.844137430,2.952823,6.625918,56.764219,2.245753,2.31004,0.302925
1,4,1789523838.845074892,2.87789,6.574348,56.965547,2.251212,2.316608,0.301618
1,4,1789523838.846021652,3.038603,6.597002,56.92975,2.248473,2.316395,0.302569
1,4,1789523838.851532221,2.952823,6.625918,56.764219,2.245753,2.31004,0.302925
1,4,1789523838.852355003,2.87789,6.574348,56.965547,2.251212,2.316608,0.301618
1,4,1789523838.852946997,2.991234,6.62851,57.085886,2.249629,2.316898,0.295006
1,4,1789523838.854282856,2.952823,6.625918,56.764219,2.245753,2.31004,0.302925
1,4,1789523838.855219364,2.904464,6.608023,56.923977,2.250658,2.318212,0.292718
1,4,1789523838.855922461,2.87789,6.574348,56.965547,2.251212,2.316608,0.301618
1,4,1789523838.859008074,2.952823,6.625918,56.764219,2.245753,2.31004,0.302925
1,4,1789523838.860654116,2.87789,6.574348,56.965547,2.251212,2.316608,0.301618
1,4,1789523838.861233234,2.870214,6.516892,56.943336,2.249574,2.313004,0.30526
1,4,1789523838.863977909,2.952823,6.625918,56.764219,2.245753,2.31004,0.302925
1,4,1789523838.864938498,2.87789,6.574348,56.965547,2.251212,2.316608,0.301618
1,4,1789523838.865702868,2.972575,6.485547,57.1317,2.250894,2.316391,0.307381
1,4,1789523838.868951082,2.952823,6.625918,56.764219,2.245753,2.31004,0.302925
1,4,1789523838.870079279,2.87789,6.574348,56.965547,2.251212,2.316608,0.301618
1,4,1789523838.870880604,2.923909,6.470075,56.997962,2.254509,2.314192,0.310918
1,4,1789523838.874057293,2.952823,6.625918,56.764219,2.245753,2.31004,0.302925
1,4,1789523838.874853373,2.87789,6.574348,56.965547,2.251212,2.316608,0.301618
1,4,1789523838.875608206,2.98455,6.571133,56.855347,2.249628,2.319707,0.303031
1,4,1789523838.878999949,2.952823,6.625918,56.764219,2.245753,2.31004,0.302925
1,4,1789523838.879812241,2.87789,6.574348,56.965547,2.251212,2.316608,0.301618
1,4,1789523838.880377293,2.956416,6.625062,56.65202,2.243482,2.316757,0.309433
1,4,1789523838.883952141,2.952823,6.625918,56.764219,2.245753,2.31004,0.302925
1,4,1789523838.884775162,2.990151,6.627962,56.988662,2.247998,2.31563,0.298228
1,4,1789523838.885347366,2.87789,6.574348,56.965547,2.251212,2.316608,0.301618
1,4,1789523838.889082670,2.952823,6.625918,56.764219,2.245753,2.31004,0.302925
1,4,1789523838.890771627,2.87789,6.574348,56.965547,2.251212,2.316608,0.301618
1,4,1789523838.891460896,2.985146,6.580099,56.800147,2.248549,2.317881,0.297116
1,4,1789523838.894017458,2.952823,6.625918,56.764219,2.245753,2.31004,0.302925
1,4,1789523838.894999027,2.87789,6.574348,56.965547,2.251212,2.316608,0.301618
1,4,1789523838.895807743,2.94023,6.541318,56.939627,2.246751,2.311384,0.302621
1,4,1789523838.899015188,2.952823,6.625918,56.764219,2.245753,2.31004,0.302925
1,4,1789523838.900586128,2.932798,6.481956,57.076693,2.254443,2.314533,0.307636
1,4,1789523838.901199102,2.87789,6.574348,56.965547,2.251212,2.316608,0.301618
1,4,1789523838.904380083,2.952823,6.625918,56.764219,2.245753,2.31004,0.302925
1,4,1789523838.905027628,2.87789,6.574348,56.965547,2.251212,2.316608,0.301618
1,4,1789523838.906113863,2.873776,6.539059,56.918017,2.245533,2.31138,0.312796
1,4,1789523838.909048557,2.952823,6.625918,56.764219,2.245753,2.31004,0.302925
1,4,1789523838.910070419,2.87789,6.574348,56.965547,2.251212,2.316608,0.301618
1,4,1789523838.911028385,2.882455,6.516988,56.859514,2.249227,2.312181,0.305119
1,4,1789523838.913980722,2.952823,6.625918,56.764219,2.245753,2.31004,0.302925
1,4,1789523838.914946556,2.87789,6.574348,56.965547,2.251212,2.316608,0.301618
1,4,1789523838.915913105,2.964407,6.579657,57.09023,2.245005,2.313733,0.297795
1,4,1789523838.919035435,2.952823,6.625918,56.764219,2.245753,2.31004,0.302925
1,4,1789523838.920954227,2.87789,6.574348,56.965547,2.251212,2.316608,0.301618
1,4,1789523838.921757221,3.032627,6.602856,56.911799,2.243118,2.311938,0.302538
1,4,1789523838.924045801,2.952823,6.625918,56.764219,2.245753,2.31004,0.302925
1,4,1789523838.925016403,2.87789,6.574348,56.965547,2.251212,2.316608,0.301618
1,4,1789523838.925962210,3.096735,6.563057,56.813157,2.251466,2.319562,0.299867
1,4,1789523838.928887129,2.952823,6.625918,56.764219,2.245753,2.31004,0.302925
1,4,1789523838.930101395,2.87789,6.574348,56.965547,2.251212,2.316608,0.301618
1,4,1789523838.930714130,2.992007,6.581664,56.776835,2.245647,2.317862,0.306239
1,4,1789523838.933877945,2.952823,6.625918,56.764219,2.245753,2.31004,0.302925
1,4,1789523838.935832739,2.87789,6.574348,56.965547,2.251212,2.316608,0.301618
1,4,1789523838.936793566,2.887761,6.584174,57.017763,2.249775,2.312106,0.304816
1,4,1789523838.938963890,2.952823,6.625918,56.764219,2.245753,2.31004,0.302925
1,4,1789523838.940838337,2.87789,6.574348,56.965547,2.251212,2.316608,0.301618
1,4,1789523838.941773415,2.799841,6.557041,56.763764,2.251918,2.312276,0.315193
1,4,1789523838.944357157,2.952823,6.625918,56.764219,2.245753,2.31004,0.302925
1,4,1789523838.945073605,2.87789,6.574348,56.965547,2.251212,2.316608,0.301618
1,4,1789523838.945661545,2.798176,6.539835,56.939948,2.247967,2.307045,0.308299
1,4,1789523838.948925257,2.952823,6.625918,56.764219,2.245753,2.31004,0.302925
1,4,1789523838.949718952,2.87789,6.574348,56.965547,2.251212,2.316608,0.301618
1,4,1789523838.950282097,2.975782,6.501602,57.076149,2.252885,2.317244,0.301458
1,4,1789523838.954130888,2.952823,6.625918,56.764219,2.245753,2.31004,0.302925
1,4,1789523838.955566168,2.87789,6.574348,56.965547,2.251212,2.316608,0.301618
1,4,1789523838.956519604,3.061305,6.543273,56.978979,2.247519,2.318353,0.304883
1,4,1789523838.958952904,2.952823,6.625918,56.764219,2.245753,2.31004,0.302925
1,4,1789523838.959855080,2.87789,6.574348,56.965547,2.251212,2.316608,0.301618
1,4,1789523838.960820198,3.105783,6.581815,56.991136,2.247989,2.318578,0.300517
1,4,1789523838.965370417,2.952823,6.625918,56.764219,2.245753,2.31004,0.302925
1,4,1789523838.966266155,2.87789,6.574348,56.965547,2.251212,2.316608,0.301618
1,4,1789523838.967031240,2.978701,6.601631,56.97476,2.250321,2.315727,0.301411
1,4,1789523838.969032526,2.952823,6.625918,56.764219,2.245753,2.31004,0.302925
1,4,1789523838.970421076,2.87789,6.574348,56.965547,2.251212,2.316608,0.301618
1,4,1789523838.971030235,2.796714,6.60142,56.941974,2.253272,2.310659,0.303543
1,4,1789523838.973893166,2.952823,6.625918,56.764219,2.245753,2.31004,0.302925
1,4,1789523838.974921227,2.87789,6.574348,56.965547,2.251212,2.316608,0.301618
1,4,1789523838.975552797,2.810938,6.541519,56.884614,2.252218,2.319442,0.309948
1,4,1789523838.978866339,2.952823,6.625918,56.764219,2.245753,2.31004,0.302925
1,4,1789523838.979631901,2.87789,6.574348,56.965547,2.251212,2.316608,0.301618
1,4,1789523838.980191708,2.880887,6.551704,56.923463,2.246454,2.310469,0.310097
1,4,1789523838.983937263,2.952823,6.625918,56.764219,2.245753,2.31004,0.302925
1,4,1789523838.985007524,2.87789,6.574348,56.965547,2.251212,2.316608,0.301618
1,4,1789523838.985595465,3.020198,6.48996,57.057375,2.25511,2.318819,0.30159
1,4,1789523838.989136696,2.952823,6.625918,56.764219,2.245753,2.31004,0.302925
1,4,1789523838.989972591,2.87789,6.574348,56.965547,2.251212,2.316608,0.301618
1,4,1789523838.990918398,3.089124,6.493969,56.843481,2.246655,2.318355,0.307824
1,4,1789523838.993988514,2.952823,6.625918,56.764219,2.245753,2.31004,0.302925
1,4,1789523838.995003462,2.87789,6.574348,56.965547,2.251212,2.316608,0.301618
1,4,1789523838.995999813,3.041606,6.563201,56.945781,2.24705,2.316033,0.301049
1,4,1789523838.999030828,2.952823,6.625918,56.764219,2.245753,2.31004,0.302925
1,4,1789523839.000024557,2.87789,6.574348,56.965547,2.251212,2.316608,0.301618
1,4,1789523839.000971317,2.971653,6.587055,57.062908,2.248725,2.318511,0.298629
1,4,1789523839.004103899,2.952823,6.625918,56.764219,2.245753,2.31004,0.302925
1,4,1789523839.005186558,2.87789,6.574348,56.965547,2.251212,2.316608,0.301618
1,4,1789523839.006104946,2.869263,6.614939,56.900549,2.248596,2.312514,0.301052
1,4,1789523839.008998871,2.952823,6.625918,56.764219,2.245753,2.31004,0.302925
1,4,1789523839.011050224,2.87789,6.574348,56.965547,2.251212,2.316608,0.301618
1,4,1789523839.011801958,2.939582,6.570161,56.958938,2.252278,2.319239,0.303732
1,4,1789523839.014649868,2.952823,6.625918,56.764219,2.245753,2.31004,0.302925
1,4,1789523839.015234470,2.916145,6.512533,57.203213,2.255491,2.311728,0.304698
1,4,1789523839.015800238,2.87789,6.574348,56.965547,2.251212,2.316608,0.301618
1,4,1789523839.019598246,2.952823,6.625918,56.764219,2.245753,2.31004,0.302925
1,4,1789523839.020318031,2.87789,6.574348,56.965547,2.251212,2.316608,0.301618
1,4,1789523839.021035194,2.948443,6.461003,56.977284,2.259751,2.31787,0.309969
1,4,1789523839.024004936,2.952823,6.625918,56.764219,2.245753,2.31004,0.302925
1,4,1789523839.026154518,2.87789,6.574348,56.965547,2.251212,2.316608,0.301618
1,4,1789523839.027161837,2.938039,6.561728,56.82384,2.246578,2.316138,0.312497
1,4,1789523839.028990030,2.952823,6.625918,56.764219,2.245753,2.31004,0.302925
1,4,1789523839.031015158,2.87789,6.574348,56.965547,2.251212,2.316608,0.301618
1,4,1789523839.031849623,3.02666,6.557778,56.599699,2.246634,2.318007,0.312228
1,4,1789523839.033988953,2.952823,6.625918,56.764219,2.245753,2.31004,0.302925
1,4,1789523839.034977436,2.87789,6.574348,56.965547,2.251212,2.316608,0.301618
1,4,1789523839.035647631,2.964488,6.602664,57.01725,2.249405,2.314041,0.298587
1,4,1789523839.038940191,2.952823,6.625918,56.764219,2.245753,2.31004,0.302925
1,4,1789523839.040060520,2.87789,6.574348,56.965547,2.251212,2.316608,0.301618
1,4,1789523839.040641785,2.969862,6.570222,56.791036,2.24673,2.318034,0.303406
1,4,1789523839.044057369,2.952823,6.625918,56.764219,2.245753,2.31004,0.302925
1,4,1789523839.045978785,2.87789,6.574348,56.965547,2.251212,2.316608,0.301618
1,4,1789523839.046578884,2.942735,6.539553,56.952873,2.247678,2.314439,0.305541
1,4,1789523839.048979998,2.952823,6.625918,56.764219,2.245753,2.31004,0.302925
1,4,1789523839.049947977,2.854382,6.525602,57.051988,2.249476,2.310591,0.302982
1,4,1789523839.050878525,2.87789,6.574348,56.965547,2.251212,2.316608,0.301618
1,4,1789523839.054074287,2.952823,6.625918,56.764219,2.245753,2.31004,0.302925
1,4,1789523839.055081129,2.881244,6.536361,56.941429,2.24643,2.311779,0.309908
1,4,1789523839.056006670,2.87789,6.574348,56.965547,2.251212,2.316608,0.301618
1,4,1789523839.060164690,2.952823,6.625918,56.764219,2.245753,2.31004,0.302925
1,4,1789523839.060797691,2.87789,6.574348,56.965547,2.251212,2.316608,0.301618
1,4,1789523839.061345577,2.912339,6.544443,56.926915,2.247509,2.307939,0.306037
1,4,1789523839.064015150,2.952823,6.625918,56.764219,2.245753,2.31004,0.302925
1,4,1789523839.064824343,2.994815,6.578783,57.104678,2.246537,2.317245,0.301561
1,4,1789523839.065385580,2.87789,6.574348,56.965547,2.251212,2.316608,0.301618
1,4,1789523839.069052935,2.952823,6.625918,56.764219,2.245753,2.31004,0.302925
1,4,1789523839.070014715,2.994048,6.595462,56.921342,2.245943,2.313742,0.302865
1,4,1789523839.070951939,2.87789,6.574348,56.965547,2.251212,2.316608,0.301618
1,4,1789523839.073991776,2.952823,6.625918,56.764219,2.245753,2.31004,0.302925
1,4,1789523839.076108456,2.87789,6.574348,56.965547,2.251212,2.316608,0.301618
1,4,1789523839.077052593,3.025118,6.586343,56.834817,2.245702,2.317895,0.295497
1,4,1789523839.079004049,2.952823,6.625918,56.764219,2.245753,2.31004,0.302925
1,4,1789523839.081238270,2.87789,6.574348,56.965547,2.251212,2.316608,0.301618
1,4,1789523839.081866980,2.948445,6.546454,56.732325,2.246522,2.309891,0.306792
1,4,1789523839.083963633,2.952823,6.625918,56.764219,2.245753,2.31004,0.302925
1,4,1789523839.085495234,2.87789,6.574348,56.965547,2.251212,2.316608,0.301618
1,4,1789523839.086354971,2.921881,6.576211,57.038141,2.249545,2.316894,0.300505
1,4,1789523839.089196444,2.952823,6.625918,56.764219,2.245753,2.31004,0.302925
1,4,1789523839.090090752,2.87789,6.574348,56.965547,2.251212,2.316608,0.301618
1,4,1789523839.091022730,2.878239,6.556654,56.794578,2.248193,2.311441,0.311038
1,4,1789523839.093894482,2.978321,6.570831,56.958422,2.249277,2.311183,0.302561
1,4,1789523839.094917536,2.87789,6.574348,56.965547,2.251212,2.316608,0.301618
1,4,1789523839.095631123,2.912556,6.513107,56.894324,2.249719,2.311871,0.303552
1,4,1789523839.098881006,2.873179,6.563929,56.918523,2.25063,2.310627,0.306754
1,4,1789523839.099766731,2.87789,6.574348,56.965547,2.251212,2.316608,0.301618
1,4,1789523839.100427151,2.997743,6.509867,57.076806,2.248833,2.318398,0.302049
1,4,1789523839.103897572,2.887929,6.479805,57.002624,2.252241,2.312487,0.301562
1,4,1789523839.105123043,2.87789,6.574348,56.965547,2.251212,2.316608,0.301618
1,4,1789523839.105798960,2.997838,6.523924,56.969374,2.246855,2.310783,0.309976
1,4,1789523839.108966589,2.970766,6.496217,56.922645,2.250179,2.317337,0.310649
1,4,1789523839.110086203,2.87789,6.574348,56.965547,2.251212,2.316608,0.301618
1,4,1789523839.110823393,3.093,6.567899,56.916799,2.249015,2.324791,0.30132
1,4,1789523839.113981724,3.020982,6.571099,56.93506,2.250517,2.31943,0.300394
1,4,1789523839.114916325,2.87789,6.574348,56.965547,2.251212,2.316608,0.301618
1,4,1789523839.115804434,2.934321,6.565266,57.137973,2.249883,2.308524,0.297994
1,4,1789523839.119493961,2.956152,6.609582,56.978441,2.252502,2.317716,0.297866
1,4,1789523839.120327473,2.87789,6.574348,56.965547,2.251212,2.316608,0.301618
1,4,1789523839.120971203,2.938959,6.604072,56.920988,2.253384,2.320484,0.303193
1,4,1789523839.124264002,2.896377,6.502256,56.926348,2.251445,2.314443,0.306552
1,4,1789523839.125142574,2.87789,6.574348,56.965547,2.251212,2.316608,0.301618
1,4,1789523839.125750065,2.860907,6.523518,56.817814,2.255843,2.311068,0.320156
1,4,1789523839.129052162,2.92533,6.507148,56.947462,2.25053,2.317262,0.308519
1,4,1789523839.130036592,2.9376,6.514786,56.964856,2.250677,2.316602,0.30762
1,4,1789523839.130644560,2.910141,6.490465,56.683879,2.250508,2.317455,0.312669
1,4,1789523839.134030104,2.92533,6.507148,56.947462,2.25053,2.317262,0.308519
1,4,1789523839.135006428,2.982617,6.473336,57.045684,2.253498,2.314532,0.305709
1,4,1789523839.136333942,2.983591,6.57444,56.959515,2.249365,2.316576,0.303865
1,4,1789523839.139231443,2.92533,6.507148,56.947462,2.25053,2.317262,0.308519
1,4,1789523839.140022278,2.982188,6.601166,56.95983,2.245146,2.315326,0.297767
1,4,1789523839.140650988,3.017554,6.510556,56.753427,2.246201,2.312412,0.308959
1,4,1789523839.144073486,2.92533,6.507148,56.947462,2.25053,2.317262,0.308519
1,4,1789523839.145254850,3.039821,6.564289,56.920917,2.252262,2.322669,0.303702
1,4,1789523839.145940304,2.897594,6.566494,56.987038,2.248053,2.312632,0.309243
1,4,1789523839.150087595,2.92533,6.507148,56.947462,2.25053,2.317262,0.308519
1,4,1789523839.151064634,2.874738,6.519448,56.952646,2.25088,2.307326,0.310679
1,4,1789523839.151812077,2.989118,6.623126,56.886735,2.244012,2.316753,0.304783
1,4,1789523839.154356003,2.92533,6.507148,56.947462,2.25053,2.317262,0.308519
1,4,1789523839.156131983,2.915148,6.531716,56.922232,2.247873,2.314139,0.309819
1,4,1789523839.157107353,2.955257,6.597547,56.914147,2.247696,2.312993,0.298009
1,4,1789523839.159108877,2.92533,6.507148,56.947462,2.25053,2.317262,0.308519
1,4,1789523839.160636902,3.070236,6.599005,56.951418,2.244582,2.315707,0.298484
1,4,1789523839.161670923,2.915747,6.523363,56.902312,2.252874,2.318217,0.303308
1,4,1789523839.163962841,2.92533,6.507148,56.947462,2.25053,2.317262,0.308519
1,4,1789523839.164970160,2.9362,6.579118,56.961162,2.24892,2.314333,0.304633
1,4,1789523839.165819645,2.873332,6.541407,56.558183,2.244617,2.307544,0.31431
1,4,1789523839.169079304,2.92533,6.507148,56.947462,2.25053,2.317262,0.308519
1,4,1789523839.171357155,2.839022,6.550377,56.89,2.250079,2.311994,0.306557
1,4,1789523839.172226906,2.936463,6.446483,56.902836,2.254615,2.316212,0.303826
1,4,1789523839.174023151,2.92533,6.507148,56.947462,2.25053,2.317262,0.308519
1,4,1789523839.175008774,2.92268,6.524439,56.934967,2.254479,2.315264,0.306056
1,4,1789523839.175699234,2.981911,6.571418,56.896988,2.244455,2.315715,0.305549
1,4,1789523839.178885221,2.92533,6.507148,56.947462,2.25053,2.317262,0.308519
1,4,1789523839.179843903,3.069903,6.501296,56.935537,2.248469,2.316376,0.306885
1,4,1789523839.180729389,3.010219,6.5523,56.721556,2.250085,2.317075,0.31269
1,4,1789523839.184000015,2.92533,6.507148,56.947462,2.25053,2.317262,0.308519
1,4,1789523839.186315298,3.033307,6.608996,56.9501,2.246518,2.315282,0.291382
1,4,1789523839.186997175,3.008059,6.640487,57.037439,2.246637,2.318688,0.300019
1,4,1789523839.189035892,2.92533,6.507148,56.947462,2.25053,2.317262,0.308519
1,4,1789523839.190322876,2.871161,6.61768,56.894392,2.245433,2.315413,0.303468
1,4,1789523839.191219807,2.9181,6.620868,56.801534,2.24541,2.316182,0.303687
1,4,1789523839.193966150,2.92533,6.507148,56.947462,2.25053,2.317262,0.308519
1,4,1789523839.195556164,2.931448,6.533242,56.918565,2.250767,2.309899,0.306908
1,4,1789523839.196215630,2.905323,6.566555,56.910184,2.247402,2.309935,0.301283
1,4,1789523839.199049473,2.92533,6.507148,56.947462,2.25053,2.317262,0.308519
1,4,1789523839.200100422,2.993931,6.519476,56.955147,2.247746,2.313293,0.307046
1,4,1789523839.200885057,2.884055,6.536053,57.041776,2.249647,2.309528,0.302234
1,4,1789523839.204125404,2.92533,6.507148,56.947462,2.25053,2.317262,0.308519
1,4,1789523839.205708265,2.959692,6.629834,56.929841,2.245845,2.316497,0.302439
1,4,1789523839.206366539,2.894604,6.502156,56.950376,2.250142,2.312992,0.309951
1,4,1789523839.209102631,2.92533,6.507148,56.947462,2.25053,2.317262,0.308519
1,4,1789523839.210164785,2.969489,6.629921,56.936108,2.249058,2.316639,0.300432
1,4,1789523839.210994720,2.953746,6.502015,56.928293,2.246471,2.3148,0.307983
1,4,1789523839.214025974,2.92533,6.507148,56.947462,2.25053,2.317262,0.308519
1,4,1789523839.215837002,2.910053,6.493873,56.95911,2.252169,2.310251,0.309299
1,4,1789523839.216542959,2.960178,6.559917,57.088644,2.24454,2.310152,0.302546
1,4,1789523839.219027996,2.92533,6.507148,56.947462,2.25053,2.317262,0.308519
1,4,1789523839.220074654,2.910844,6.535005,56.927952,2.24827,2.30964,0.306944
1,4,1789523839.220941782,3.023549,6.594313,56.929324,2.24651,2.316754,0.302362
1,4,1789523839.224123716,2.92533,6.507148,56.947462,2.25053,2.317262,0.308519
1,4,1789523839.225193739,2.999328,6.637688,56.923113,2.240782,2.319638,0.30454
1,4,1789523839.225997925,2.955069,6.613748,56.822104,2.247725,2.31054,0.304372
1,4,1789523839.228962421,2.92533,6.507148,56.947462,2.25053,2.317262,0.308519
1,4,1789523839.230323315,3.052999,6.597216,56.943627,2.243626,2.320707,0.300044
1,4,1789523839.231258631,2.925166,6.574947,56.728948,2.253376,2.314226,0.304801
1,4,1789523839.234024286,2.92533,6.507148,56.947462,2.25053,2.317262,0.308519
1,4,1789523839.234993696,2.913892,6.469166,56.995212,2.254212,2.3165,0.303299
1,4,1789523839.236043453,2.922887,6.543014,57.062947,2.250385,2.315977,0.30462
1,4,1789523839.239034653,2.92533,6.507148,56.947462,2.25053,2.317262,0.308519
1,4,1789523839.240003109,2.839548,6.537371,56.924854,2.25075,2.311824,0.305057
1,4,1789523839.240959883,2.895,6.4883,56.856032,2.250785,2.312796,0.315215
1,4,1789523839.243970394,2.92533,6.507148,56.947462,2.25053,2.317262,0.308519
1,4,1789523839.245240688,2.966007,6.560559,56.919033,2.246161,2.312391,0.307444
1,4,1789523839.245917797,2.913843,6.470036,56.951237,2.253244,2.314801,0.310858
1,4,1789523839.248975039,2.92533,6.507148,56.947462,2.25053,2.317262,0.308519
1,4,1789523839.250337124,3.096241,6.530826,56.996552,2.248118,2.315549,0.303978
1,4,1789523839.251271963,2.943567,6.574961,57.085777,2.250433,2.316571,0.301214
1,4,1789523839.253983974,2.92533,6.507148,56.947462,2.25053,2.317262,0.308519
1,4,1789523839.256095171,2.984628,6.582519,56.941426,2.247943,2.315661,0.297997
1,4,1789523839.256959438,2.953699,6.537789,56.976413,2.255703,2.319146,0.303116
1,4,1789523839.259149551,2.92533,6.507148,56.947462,2.25053,2.317262,0.308519
1,4,1789523839.260117531,2.804132,6.582239,56.915364,2.251516,2.311226,0.310671
1,4,1789523839.260959387,3.012879,6.61088,56.98345,2.246607,2.321943,0.301742
1,4,1789523839.263986588,2.92533,6.507148,56.947462,2.25053,2.317262,0.308519
1,4,1789523839.264935732,2.950245,6.488999,56.910934,2.249067,2.313193,0.314728
1,4,1789523839.265959740,3.038982,6.573692,57.130712,2.249575,2.319957,0.294578
1,4,1789523839.269027948,2.92533,6.507148,56.947462,2.25053,2.317262,0.308519
1,4,1789523839.270401239,3.111017,6.513768,56.922838,2.249985,2.31988,0.298922
1,4,1789523839.271351576,2.966591,6.593524,56.948632,2.244359,2.314236,0.296445
1,4,1789523839.274056196,2.92533,6.507148,56.947462,2.25053,2.317262,0.308519
1,4,1789523839.274887085,2.966858,6.570703,56.894477,2.248367,2.317567,0.297969
1,4,1789523839.275479794,2.898097,6.494333,56.79965,2.253182,2.310356,0.308425
1,4,1789523839.278939486,2.92533,6.507148,56.947462,2.25053,2.317262,0.308519
1,4,1789523839.279919386,2.867437,6.597352,56.89993,2.250779,2.315489,0.307124
1,4,1789523839.280876875,2.858119,6.496037,56.767127,2.250105,2.318632,0.312423
1,4,1789523839.283930540,2.92533,6.507148,56.947462,2.25053,2.317262,0.308519
1,4,1789523839.284919739,2.909294,6.476455,56.954209,2.255653,2.314319,0.312675
1,4,1789523839.285897255,2.883098,6.531897,57.010246,2.247618,2.311387,0.306208
1,5,1789523839.633844376,2.92533,6.507148,56.947462,2.25053,2.317262,0.308519
1,5,1789523839.634655476,2.937458,6.607475,56.943118,2.25249,2.31667,0.298979
1,5,1789523839.639211893,2.92533,6.507148,56.947462,2.25053,2.317262,0.308519
1,5,1789523839.640096188,2.930886,6.496452,56.894833,2.253818,2.312566,0.304007
1,5,1789523839.644004107,2.92533,6.507148,56.947462,2.25053,2.317262,0.308519
1,5,1789523839.645888567,2.933677,6.442096,56.875608,2.251929,2.316993,0.3105
1,5,1789523839.648977041,2.92533,6.507148,56.947462,2.25053,2.317262,0.308519
1,5,1789523839.650832653,3.00103,6.594354,56.946811,2.251415,2.320751,0.30199
1,5,1789523839.654062986,2.92533,6.507148,56.947462,2.25053,2.317262,0.308519
1,5,1789523839.655991793,2.997176,6.618256,56.982655,2.250341,2.3162,0.30047
1,5,1789523839.658854485,2.92533,6.507148,56.947462,2.25053,2.317262,0.308519
1,5,1789523839.659787178,2.94894,6.545601,56.920397,2.249742,2.313195,0.302358
1,5,1789523839.662939548,2.905461,6.567,57.004567,2.251609,2.311925,0.30233
1,5,1789523839.664355516,2.92533,6.507148,56.947462,2.25053,2.317262,0.308519
1,5,1789523839.665716648,2.94894,6.545601,56.920397,2.249742,2.313195,0.302358
1,5,1789523839.666524887,2.893198,6.542757,57.078371,2.24721,2.313,0.302229
1,5,1789523839.667474985,2.828702,6.507942,56.94092,2.251369,2.308041,0.309192
1,5,1789523839.669767618,2.92533,6.507148,56.947462,2.25053,2.317262,0.308519
1,5,1789523839.670744658,2.94894,6.545601,56.920397,2.249742,2.313195,0.302358
1,5,1789523839.672260284,2.925149,6.547997,56.858529,2.243708,2.314636,0.310783
1,5,1789523839.673938274,2.92533,6.507148,56.947462,2.25053,2.317262,0.308519
1,5,1789523839.675318718,2.94894,6.545601,56.920397,2.249742,2.313195,0.302358
1,5,1789523839.677221298,2.95298,6.534587,57.072603,2.244297,2.31017,0.304356
1,5,1789523839.678938150,2.92533,6.507148,56.947462,2.25053,2.317262,0.308519
1,5,1789523839.680547237,2.94894,6.545601,56.920397,2.249742,2.313195,0.302358
1,5,1789523839.683491230,3.096445,6.546183,56.901122,2.249153,2.321095,0.296853
1,5,1789523839.684230089,2.92533,6.507148,56.947462,2.25053,2.317262,0.308519
1,5,1789523839.684836388,2.94894,6.545601,56.920397,2.249742,2.313195,0.302358
1,5,1789523839.687216759,2.995099,6.615417,56.84385,2.241539,2.306907,0.300048
1,5,1789523839.688807964,2.92533,6.507148,56.947462,2.25053,2.317262,0.308519
1,5,1789523839.689513206,2.94894,6.545601,56.920397,2.249742,2.313195,0.302358
1,5,1789523839.692089081,3.012019,6.547411,56.853065,2.252251,2.318013,0.301459
1,5,1789523839.694028139,2.92533,6.507148,56.947462,2.25053,2.317262,0.308519
1,5,1789523839.695482016,2.94894,6.545601,56.920397,2.249742,2.313195,0.302358
1,5,1789523839.697233438,2.853616,6.61068,57.041805,2.245948,2.313976,0.302386
1,5,1789523839.699127197,2.92533,6.507148,56.947462,2.25053,2.317262,0.308519
1,5,1789523839.700156212,2.94894,6.545601,56.920397,2.249742,2.313195,0.302358
1,5,1789523839.702125072,2.849744,6.572007,56.807852,2.250532,2.310197,0.313356
1,5,1789523839.703840256,2.92533,6.507148,56.947462,2.25053,2.317262,0.308519
1,5,1789523839.705246925,2.94894,6.545601,56.920397,2.249742,2.313195,0.302358
1,5,1789523839.707255363,2.930285,6.516132,56.927626,2.252023,2.318607,0.307801
1,5,1789523839.709041595,2.92533,6.507148,56.947462,2.25053,2.317262,0.308519
1,5,1789523839.710133314,2.94894,6.545601,56.920397,2.249742,2.313195,0.302358
1,5,1789523839.712850094,2.93019,6.519426,56.919281,2.25142,2.309394,0.307382
1,5,1789523839.713937759,2.92533,6.507148,56.947462,2.25053,2.317262,0.308519
1,5,1789523839.715288877,2.94894,6.545601,56.920397,2.249742,2.313195,0.302358
1,5,1789523839.717084169,3.094204,6.501149,56.939212,2.255874,2.325572,0.304152
1,5,1789523839.719020844,2.92533,6.507148,56.947462,2.25053,2.317262,0.308519
1,5,1789523839.720803738,2.94894,6.545601,56.920397,2.249742,2.313195,0.302358
1,5,1789523839.722462177,3.039629,6.611391,57.003692,2.247829,2.316527,0.302204
1,5,1789523839.724711180,2.92533,6.507148,56.947462,2.25053,2.317262,0.308519
1,5,1789523839.725582361,2.94894,6.545601,56.920397,2.249742,2.313195,0.302358
1,5,1789523839.727140188,3.008111,6.593729,56.684812,2.251719,2.323712,0.307415
1,5,1789523839.729076624,2.92533,6.507148,56.947462,2.25053,2.317262,0.308519
1,5,1789523839.730564117,2.94894,6.545601,56.920397,2.249742,2.313195,0.302358
1,5,1789523839.732180595,2.833965,6.620564,56.927491,2.249424,2.309588,0.306102
1,5,1789523839.733851910,2.92533,6.507148,56.947462,2.25053,2.317262,0.308519
1,5,1789523839.734780788,2.94894,6.545601,56.920397,2.249742,2.313195,0.302358
1,5,1789523839.737122297,2.882851,6.523588,56.833996,2.252953,2.320424,0.307519
1,5,1789523839.739126205,2.92533,6.507148,56.947462,2.25053,2.317262,0.308519
1,5,1789523839.740598679,2.94894,6.545601,56.920397,2.249742,2.313195,0.302358
1,5,1789523839.742013216,2.87172,6.488323,56.820855,2.249215,2.307292,0.309848
1,5,1789523839.743870974,2.92533,6.507148,56.947462,2.25053,2.317262,0.308519
1,5,1789523839.744698286,2.94894,6.545601,56.920397,2.249742,2.313195,0.302358
1,5,1789523839.748076200,3.002844,6.418875,57.022191,2.258687,2.318955,0.303242
1,5,1789523839.748969555,2.92533,6.507148,56.947462,2.25053,2.317262,0.308519
1,5,1789523839.750530005,2.94894,6.545601,56.920397,2.249742,2.313195,0.302358
1,5,1789523839.752245903,3.039423,6.551464,56.873258,2.243226,2.316633,0.308556
1,5,1789523839.754072666,2.92533,6.507148,56.947462,2.25053,2.317262,0.308519
1,5,1789523839.755607605,2.94894,6.545601,56.920397,2.249742,2.313195,0.302358
1,5,1789523839.757107258,3.026429,6.560736,56.871184,2.245403,2.315809,0.307015
1,5,1789523839.760391712,2.92533,6.507148,56.947462,2.25053,2.317262,0.308519
1,5,1789523839.761119604,2.94894,6.545601,56.920397,2.249742,2.313195,0.302358
1,5,1789523839.762112141,2.968753,6.602966,57.062713,2.251348,2.316881,0.298193
1,5,1789523839.764096975,2.92533,6.507148,56.947462,2.25053,2.317262,0.308519
1,5,1789523839.765095711,2.94894,6.545601,56.920397,2.249742,2.313195,0.302358
1,5,1789523839.767065287,2.89778,6.621793,56.939579,2.248368,2.313864,0.302384
1,5,1789523839.769035816,2.92533,6.507148,56.947462,2.25053,2.317262,0.308519
1,5,1789523839.769977808,2.94894,6.545601,56.920397,2.249742,2.313195,0.302358
1,5,1789523839.772215366,2.896079,6.519434,56.888563,2.252175,2.317922,0.306465
1,5,1789523839.774043083,2.92533,6.507148,56.947462,2.25053,2.317262,0.308519
1,5,1789523839.775223732,2.94894,6.545601,56.920397,2.249742,2.313195,0.302358
1,5,1789523839.777301073,2.8797,6.475622,57.040828,2.248913,2.310441,0.308127
1,5,1789523839.778895617,2.92533,6.507148,56.947462,2.25053,2.317262,0.308519
1,5,1789523839.780114174,2.94894,6.545601,56.920397,2.249742,2.313195,0.302358
1,5,1789523839.782270908,2.887825,6.481983,56.990811,2.253891,2.311162,0.305819
1,5,1789523839.784162045,2.92533,6.507148,56.947462,2.25053,2.317262,0.308519
1,5,1789523839.785133600,2.94894,6.545601,56.920397,2.249742,2.313195,0.302358
1,5,1789523839.788191557,2.886656,6.515842,56.801781,2.247239,2.313504,0.316217
1,5,1789523839.789431334,2.92533,6.507148,56.947462,2.25053,2.317262,0.308519
1,5,1789523839.790326118,2.94894,6.545601,56.920397,2.249742,2.313195,0.302358
1,5,1789523839.792259693,2.935072,6.582256,56.873399,2.24221,2.313447,0.308055
1,5,1789523839.795029163,2.92533,6.507148,56.947462,2.25053,2.317262,0.308519
1,5,1789523839.795702696,2.94894,6.545601,56.920397,2.249742,2.313195,0.302358
1,5,1789523839.797188282,3.033909,6.613545,57.035694,2.245317,2.317052,0.298878
1,5,1789523839.798789263,2.92533,6.507148,56.947462,2.25053,2.317262,0.308519
1,5,1789523839.799736500,2.94894,6.545601,56.920397,2.249742,2.313195,0.302358
1,5,1789523839.802492619,2.992796,6.609966,56.852353,2.244019,2.31175,0.300061
1,5,1789523839.805567265,2.92533,6.507148,56.947462,2.25053,2.317262,0.308519
1,5,1789523839.806389332,2.94894,6.545601,56.920397,2.249742,2.313195,0.302358
1,5,1789523839.807136536,2.93946,6.557699,56.929345,2.247803,2.315832,0.296297
1,5,1789523839.808900118,2.92533,6.507148,56.947462,2.25053,2.317262,0.308519
1,5,1789523839.809647799,2.94894,6.545601,56.920397,2.249742,2.313195,0.302358
1,5,1789523839.813366175,2.83097,6.543029,57.090159,2.248947,2.308697,0.303292
1,5,1789523839.814149141,2.92533,6.507148,56.947462,2.25053,2.317262,0.308519
1,5,1789523839.816033602,2.94894,6.545601,56.920397,2.249742,2.313195,0.302358
1,5,1789523839.817555904,2.812797,6.520813,56.92079,2.25104,2.307249,0.314111
1,5,1789523839.818972111,2.92533,6.507148,56.947462,2.25053,2.317262,0.308519
1,5,1789523839.819935560,2.94894,6.545601,56.920397,2.249742,2.313195,0.302358
1,5,1789523839.822340250,2.880833,6.527933,56.906438,2.250765,2.314725,0.311673
1,5,1789523839.824040413,2.92533,6.507148,56.947462,2.25053,2.317262,0.308519
1,5,1789523839.825015783,2.94894,6.545601,56.920397,2.249742,2.313195,0.302358
1,5,1789523839.827260017,3.019313,6.603991,57.102228,2.242207,2.316813,0.305942
1,5,1789523839.829070091,2.92533,6.507148,56.947462,2.25053,2.317262,0.308519
1,5,1789523839.830080032,2.94894,6.545601,56.920397,2.249742,2.313195,0.302358
1,5,1789523839.832181692,3.069159,6.572821,56.979979,2.250118,2.316302,0.299036
1,5,1789523839.834033966,2.92533,6.507148,56.947462,2.25053,2.317262,0.308519
1,5,1789523839.834667444,2.94894,6.545601,56.920397,2.249742,2.313195,0.302358
1,5,1789523839.837111473,3.099007,6.603156,56.852051,2.248519,2.321321,0.294916
1,5,1789523839.838877678,2.92533,6.507148,56.947462,2.25053,2.317262,0.308519
1,5,1789523839.839603424,2.94894,6.545601,56.920397,2.249742,2.313195,0.302358
1,5,1789523839.842286110,2.906801,6.56147,56.863155,2.251484,2.310821,0.301015
1,5,1789523839.844033003,2.92533,6.507148,56.947462,2.25053,2.317262,0.308519
1,5,1789523839.844994783,2.94894,6.545601,56.920397,2.249742,2.313195,0.302358
1,5,1789523839.847285748,2.827277,6.568947,56.994018,2.254103,2.317207,0.301998
1,5,1789523839.848803997,2.92533,6.507148,56.947462,2.25053,2.317262,0.308519
1,5,1789523839.850028276,2.94894,6.545601,56.920397,2.249742,2.313195,0.302358
1,5,1789523839.852252722,2.822791,6.594082,56.865753,2.247552,2.313536,0.314997
1,5,1789523839.853972435,2.92533,6.507148,56.947462,2.25053,2.317262,0.308519
1,5,1789523839.855610371,2.94894,6.545601,56.920397,2.249742,2.313195,0.302358
1,5,1789523839.857197285,2.937644,6.49859,56.88984,2.251272,2.318256,0.313577
1,5,1789523839.859122038,2.92533,6.507148,56.947462,2.25053,2.317262,0.308519
1,5,1789523839.860106945,2.94894,6.545601,56.920397,2.249742,2.313195,0.302358
1,5,1789523839.862327576,3.040467,6.534849,57.127017,2.250283,2.31794,0.298215
1,5,1789523839.863979340,2.92533,6.507148,56.947462,2.25053,2.317262,0.308519
1,5,1789523839.864939928,2.94894,6.545601,56.920397,2.249742,2.313195,0.302358
1,5,1789523839.867255211,3.042026,6.516533,56.983628,2.256317,2.318639,0.30187
1,5,1789523839.869048595,2.92533,6.507148,56.947462,2.25053,2.317262,0.308519
1,5,1789523839.870002508,2.94894,6.545601,56.920397,2.249742,2.313195,0.302358
1,5,1789523839.872199774,3.036022,6.594906,56.916509,2.247813,2.32274,0.300727
1,5,1789523839.874022245,2.92533,6.507148,56.947462,2.25053,2.317262,0.308519
1,5,1789523839.875037432,2.94894,6.545601,56.920397,2.249742,2.313195,0.302358
1,5,1789523839.877058744,2.910801,6.633072,57.013127,2.247305,2.31027,0.295292
1,5,1789523839.878924847,2.92533,6.507148,56.947462,2.25053,2.317262,0.308519
1,5,1789523839.880012274,2.94894,6.545601,56.920397,2.249742,2.313195,0.302358
1,5,1789523839.882315874,2.901398,6.586591,56.948281,2.255643,2.319156,0.30267
1,5,1789523839.884027243,2.92533,6.507148,56.947462,2.25053,2.317262,0.308519
1,5,1789523839.884997368,2.94894,6.545601,56.920397,2.249742,2.313195,0.302358
1,5,1789523839.887251139,2.857296,6.549967,56.944179,2.24581,2.312439,0.317779
1,5,1789523839.889055967,2.92533,6.507148,56.947462,2.25053,2.317262,0.308519
1,5,1789523839.889880657,2.94894,6.545601,56.920397,2.249742,2.313195,0.302358
1,5,1789523839.892279148,2.939031,6.439569,56.919179,2.254107,2.316651,0.314605
1,5,1789523839.894931793,2.92533,6.507148,56.947462,2.25053,2.317262,0.308519
1,5,1789523839.895627260,2.94894,6.545601,56.920397,2.249742,2.313195,0.302358
1,5,1789523839.898103952,2.997196,6.453825,56.950487,2.257226,2.315524,0.304465
1,5,1789523839.899201393,2.92533,6.507148,56.947462,2.25053,2.317262,0.308519
1,5,1789523839.899837017,2.94894,6.545601,56.920397,2.249742,2.313195,0.302358
1,5,1789523839.902363062,3.004971,6.538819,56.985946,2.251731,2.316143,0.303024
1,5,1789523839.905125141,2.92533,6.507148,56.947462,2.25053,2.317262,0.308519
1,5,1789523839.905942678,2.94894,6.545601,56.920397,2.249742,2.313195,0.302358
1,5,1789523839.907371283,2.992473,6.637489,56.920159,2.248222,2.320329,0.302574
1,5,1789523839.909244061,2.92533,6.507148,56.947462,2.25053,2.317262,0.308519
1,5,1789523839.910205364,2.94894,6.545601,56.920397,2.249742,2.313195,0.302358
1,5,1789523839.912870646,2.966511,6.661637,57.05839,2.24591,2.317015,0.301228
1,5,1789523839.914803505,2.92533,6.507148,56.947462,2.25053,2.317262,0.308519
1,5,1789523839.915481567,2.94894,6.545601,56.920397,2.249742,2.313195,0.302358
1,5,1789523839.917065620,2.909975,6.650655,56.914406,2.241251,2.309542,0.297564
1,5,1789523839.919062853,2.92533,6.507148,56.947462,2.25053,2.317262,0.308519
1,5,1789523839.920426846,2.94894,6.545601,56.920397,2.249742,2.313195,0.302358
1,5,1789523839.922397137,2.923302,6.456229,56.907249,2.253559,2.313167,0.306321
1,5,1789523839.924106836,2.92533,6.507148,56.947462,2.25053,2.317262,0.308519
1,5,1789523839.925393820,2.94894,6.545601,56.920397,2.249742,2.313195,0.302358
1,5,1789523839.927160025,2.919792,6.479088,57.003677,2.244716,2.311932,0.308409
1,5,1789523839.929142952,2.92533,6.507148,56.947462,2.25053,2.317262,0.308519
1,5,1789523839.930763483,2.94894,6.545601,56.920397,2.249742,2.313195,0.302358
1,5,1789523839.932269812,2.93088,6.461813,56.931959,2.253979,2.312033,0.310155
1,5,1789523839.933841705,2.92533,6.507148,56.947462,2.25053,2.317262,0.308519
1,5,1789523839.934519529,2.94894,6.545601,56.920397,2.249742,2.313195,0.302358
1,5,1789523839.937129736,2.941393,6.60465,56.783694,2.244969,2.310521,0.303663
1,5,1789523839.939033031,2.92533,6.507148,56.947462,2.25053,2.317262,0.308519
1,5,1789523839.939988136,2.94894,6.545601,56.920397,2.249742,2.313195,0.302358
1,5,1789523839.942122936,2.990182,6.658096,56.852822,2.241267,2.316154,0.300645
1,5,1789523839.944676399,2.92533,6.507148,56.947462,2.25053,2.317262,0.308519
1,5,1789523839.945502520,2.94894,6.545601,56.920397,2.249742,2.313195,0.302358
1,5,1789523839.947080374,2.957833,6.587036,56.993069,2.248081,2.311451,0.300829
1,5,1789523839.948963881,2.92533,6.507148,56.947462,2.25053,2.317262,0.308519
1,5,1789523839.949806929,2.94894,6.545601,56.920397,2.249742,2.313195,0.302358
1,5,1789523839.952074528,3.012977,6.559021,56.890279,2.24638,2.317808,0.301462
1,5,1789523839.954299927,2.92533,6.507148,56.947462,2.25053,2.317262,0.308519
1,5,1789523839.955127478,2.94894,6.545601,56.920397,2.249742,2.313195,0.302358
1,5,1789523839.957177639,2.884623,6.502471,56.926749,2.251132,2.308634,0.306154
1,5,1789523839.958967924,2.92533,6.507148,56.947462,2.25053,2.317262,0.308519
1,5,1789523839.959682703,2.94894,6.545601,56.920397,2.249742,2.313195,0.302358
1,5,1789523839.962089062,2.866799,6.528738,57.134983,2.254378,2.316353,0.303074
1,5,1789523839.964001894,2.92533,6.507148,56.947462,2.25053,2.317262,0.308519
1,5,1789523839.965832233,2.94894,6.545601,56.920397,2.249742,2.313195,0.302358
1,5,1789523839.967432976,2.858637,6.600469,56.949344,2.246967,2.312699,0.31482
1,5,1789523839.968868017,2.92533,6.507148,56.947462,2.25053,2.317262,0.308519
1,5,1789523839.969922066,2.94894,6.545601,56.920397,2.249742,2.313195,0.302358
1,5,1789523839.972412825,2.917078,6.577164,56.89613,2.250517,2.313445,0.310644
1,5,1789523839.975878716,2.92533,6.507148,56.947462,2.25053,2.317262,0.308519
1,5,1789523839.976516008,2.94894,6.545601,56.920397,2.249742,2.313195,0.302358
1,5,1789523839.977359056,2.960998,6.543327,57.089654,2.253231,2.317159,0.297874
1,5,1789523839.979014158,2.92533,6.507148,56.947462,2.25053,2.317262,0.308519
1,5,1789523839.979970932,2.94894,6.545601,56.920397,2.249742,2.313195,0.302358
1,5,1789523839.982212067,2.99346,6.561202,56.998411,2.24969,2.314926,0.298773
1,5,1789523839.984154224,2.92533,6.507148,56.947462,2.25053,2.317262,0.308519
1,5,1789523839.984995604,2.94894,6.545601,56.920397,2.249742,2.313195,0.302358
1,5,1789523839.987502337,3.024033,6.522675,56.836929,2.250695,2.319806,0.303439
1,5,1789523839.989274979,2.92533,6.507148,56.947462,2.25053,2.317262,0.308519
1,5,1789523839.990864754,2.94894,6.545601,56.920397,2.249742,2.313195,0.302358
1,5,1789523839.993119001,2.942953,6.558264,56.900304,2.245826,2.309428,0.307028
1,5,1789523839.994201422,2.92533,6.507148,56.947462,2.25053,2.317262,0.308519
1,5,1789523839.995163441,2.94894,6.545601,56.920397,2.249742,2.313195,0.302358
1,5,1789523839.997302532,2.885808,6.603297,56.99255,2.249907,2.313067,0.300499
1,5,1789523839.999029398,2.92533,6.507148,56.947462,2.25053,2.317262,0.308519
1,5,1789523839.999998093,2.94894,6.545601,56.920397,2.249742,2.313195,0.302358
1,5,1789523840.002228260,2.878056,6.544175,56.806564,2.252122,2.317884,0.313525
1,5,1789523840.005119562,2.92533,6.507148,56.947462,2.25053,2.317262,0.308519
1,5,1789523840.006217241,2.94894,6.545601,56.920397,2.249742,2.313195,0.302358
1,5,1789523840.007197857,2.89022,6.555142,56.944204,2.247173,2.312484,0.305617
1,5,1789523840.009283781,2.92533,6.507148,56.947462,2.25053,2.317262,0.308519
1,5,1789523840.010216951,2.94894,6.545601,56.920397,2.249742,2.313195,0.302358
1,5,1789523840.012182951,3.0056,6.474694,57.116634,2.255447,2.319566,0.297907
1,5,1789523840.014021397,2.92533,6.507148,56.947462,2.25053,2.317262,0.308519
1,5,1789523840.015038490,2.94894,6.545601,56.920397,2.249742,2.313195,0.302358
1,5,1789523840.017407179,3.022016,6.547347,56.978595,2.251242,2.316469,0.304312
1,5,1789523840.019033194,2.92533,6.507148,56.947462,2.25053,2.317262,0.308519
1,5,1789523840.020018578,2.94894,6.545601,56.920397,2.249742,2.313195,0.302358
1,5,1789523840.023026466,3.071388,6.624883,56.899874,2.246813,2.325005,0.302154
1,5,1789523840.024296999,2.92533,6.507148,56.947462,2.25053,2.317262,0.308519
1,5,1789523840.025270939,2.94894,6.545601,56.920397,2.249742,2.313195,0.302358
1,5,1789523840.027328968,2.999246,6.630692,57.040791,2.247391,2.317233,0.302081
1,5,1789523840.028959751,2.92533,6.507148,56.947462,2.25053,2.317262,0.308519
1,5,1789523840.030526161,2.94894,6.545601,56.920397,2.249742,2.313195,0.302358
1,5,1789523840.032340527,2.89517,6.608456,56.987753,2.249365,2.312866,0.297329
1,5,1789523840.034455776,2.92533,6.507148,56.947462,2.25053,2.317262,0.308519
1,5,1789523840.035247087,2.94894,6.545601,56.920397,2.249742,2.313195,0.302358
1,5,1789523840.037222862,2.870623,6.528213,56.800376,2.256316,2.318498,0.303485
1,5,1789523840.039154291,2.92533,6.507148,56.947462,2.25053,2.317262,0.308519
1,5,1789523840.040147543,2.94894,6.545601,56.920397,2.249742,2.313195,0.302358
1,5,1789523840.042300463,2.855897,6.512378,56.929747,2.249161,2.309823,0.3082
1,5,1789523840.043961048,2.92533,6.507148,56.947462,2.25053,2.317262,0.308519
1,5,1789523840.044923067,2.94894,6.545601,56.920397,2.249742,2.313195,0.302358
1,5,1789523840.047248363,2.990779,6.479082,57.006539,2.252663,2.318954,0.304931
1,5,1789523840.049005270,2.92533,6.507148,56.947462,2.25053,2.317262,0.308519
1,5,1789523840.049952984,2.94894,6.545601,56.920397,2.249742,2.313195,0.302358
1,5,1789523840.052390575,3.0327,6.551714,56.962441,2.245824,2.314941,0.305807
1,5,1789523840.054013014,2.92533,6.507148,56.947462,2.25053,2.317262,0.308519
1,5,1789523840.054929972,2.94894,6.545601,56.920397,2.249742,2.313195,0.302358
1,5,1789523840.057190180,3.088374,6.626697,56.931652,2.245174,2.318523,0.303983
1,5,1789523840.059037209,2.92533,6.507148,56.947462,2.25053,2.317262,0.308519
1,5,1789523840.060006857,2.94894,6.545601,56.920397,2.249742,2.313195,0.302358
1,5,1789523840.062070608,2.978237,6.606886,56.906747,2.24722,2.315391,0.299498
1,5,1789523840.065791130,2.92533,6.507148,56.947462,2.25053,2.317262,0.308519
1,5,1789523840.066401243,2.94894,6.545601,56.920397,2.249742,2.313195,0.302358
1,5,1789523840.067284584,2.887211,6.589517,56.912152,2.246692,2.311816,0.296573
1,5,1789523840.068954468,2.92533,6.507148,56.947462,2.25053,2.317262,0.308519
1,5,1789523840.069908381,2.94894,6.545601,56.920397,2.249742,2.313195,0.302358
1,5,1789523840.072270155,2.827144,6.509808,56.931637,2.252391,2.306451,0.302918
1,5,1789523840.073998451,2.92533,6.507148,56.947462,2.25053,2.317262,0.308519
1,5,1789523840.074923992,2.94894,6.545601,56.920397,2.249742,2.313195,0.302358
1,5,1789523840.077287912,2.918889,6.490106,56.880368,2.246925,2.314892,0.307099
1,5,1789523840.079190016,2.92533,6.507148,56.947462,2.25053,2.317262,0.308519
1,5,1789523840.080795050,2.94894,6.545601,56.920397,2.249742,2.313195,0.302358
1,5,1789523840.082690001,2.948177,6.494587,56.966323,2.245966,2.312135,0.314343
1,5,1789523840.084430933,2.92533,6.507148,56.947462,2.25053,2.317262,0.308519
1,5,1789523840.085556507,2.94894,6.545601,56.920397,2.249742,2.313195,0.302358
1,5,1789523840.087645531,2.992824,6.525064,56.836692,2.247556,2.313494,0.308663
1,5,1789523840.089122295,2.92533,6.507148,56.947462,2.25053,2.317262,0.308519
1,5,1789523840.089834452,2.94894,6.545601,56.920397,2.249742,2.313195,0.302358
1,5,1789523840.092410088,3.014847,6.542795,56.902393,2.248251,2.315379,0.303087
1,5,1789523840.094053984,2.92533,6.507148,56.947462,2.25053,2.317262,0.308519
1,5,1789523840.095029593,2.94894,6.545601,56.920397,2.249742,2.313195,0.302358
1,5,1789523840.097241879,2.95643,6.582228,57.003776,2.24863,2.315166,0.302181
1,5,1789523840.099080801,2.92533,6.507148,56.947462,2.25053,2.317262,0.308519
1,5,1789523840.100194216,2.94894,6.545601,56.920397,2.249742,2.313195,0.302358
1,5,1789523840.102395535,2.873885,6.633128,56.88398,2.248672,2.311079,0.302128
1,5,1789523840.104388952,2.92533,6.507148,56.947462,2.25053,2.317262,0.308519
1,5,1789523840.105043411,2.94894,6.545601,56.920397,2.249742,2.313195,0.302358
1,5,1789523840.107498646,2.867015,6.579901,56.896156,2.25296,2.313326,0.304474
1,5,1789523840.110569477,2.92533,6.507148,56.947462,2.25053,2.317262,0.308519
1,5,1789523840.111165762,2.94894,6.545601,56.920397,2.249742,2.313195,0.302358
1,5,1789523840.112050295,2.944437,6.587893,57.14904,2.24556,2.315813,0.299917
1,5,1789523840.114943743,2.92533,6.507148,56.947462,2.25053,2.317262,0.308519
1,5,1789523840.115616798,2.94894,6.545601,56.920397,2.249742,2.313195,0.302358
1,5,1789523840.117143631,2.941512,6.462573,56.9282,2.252019,2.309196,0.313494
1,5,1789523840.119151831,2.92533,6.507148,56.947462,2.25053,2.317262,0.308519
1,5,1789523840.120540619,2.94894,6.545601,56.920397,2.249742,2.313195,0.302358
1,5,1789523840.122402668,2.990884,6.499063,56.925809,2.251182,2.318918,0.3068
1,5,1789523840.123988628,2.92533,6.507148,56.947462,2.25053,2.317262,0.308519
1,5,1789523840.124949694,2.94894,6.545601,56.920397,2.249742,2.313195,0.302358
1,5,1789523840.127312660,2.936023,6.548672,56.999974,2.242745,2.313524,0.299758
1,5,1789523840.128941536,2.92533,6.507148,56.947462,2.25053,2.317262,0.308519
1,5,1789523840.129844427,2.94894,6.545601,56.920397,2.249742,2.313195,0.302358
1,5,1789523840.132227182,2.93596,6.571464,56.92163,2.250058,2.315504,0.297189
1,5,1789523840.134044886,2.857531,6.495686,57.001692,2.253939,2.30943,0.306557
1,5,1789523840.135017633,2.94894,6.545601,56.920397,2.249742,2.313195,0.302358
1,5,1789523840.137225389,2.975994,6.678623,56.793005,2.240791,2.315507,0.303925
1,5,1789523840.139114380,2.980559,6.540363,56.954838,2.249568,2.320185,0.307471
1,5,1789523840.140125751,2.94894,6.545601,56.920397,2.249742,2.313195,0.302358
1,5,1789523840.142378807,2.96305,6.563864,56.873758,2.248188,2.315022,0.3085
1,5,1789523840.144519329,3.041867,6.546567,57.014116,2.249917,2.320115,0.297575
1,5,1789523840.145208597,2.94894,6.545601,56.920397,2.249742,2.313195,0.302358
1,5,1789523840.147403240,2.969867,6.526643,57.044425,2.249921,2.315709,0.298695
1,5,1789523840.149078131,2.978054,6.537612,56.958885,2.25435,2.317854,0.303716
1,5,1789523840.149935722,2.94894,6.545601,56.920397,2.249742,2.313195,0.302358
1,5,1789523840.152270317,2.943206,6.485794,56.87088,2.251289,2.313957,0.306853
1,5,1789523840.154064655,2.893026,6.527104,56.980607,2.255258,2.317776,0.305717
1,5,1789523840.156087875,2.94894,6.545601,56.920397,2.249742,2.313195,0.302358
1,5,1789523840.157334089,2.891732,6.48392,56.929308,2.253636,2.317178,0.302774
1,5,1789523840.159184217,2.896823,6.507613,56.917883,2.256083,2.318046,0.313491
1,5,1789523840.160167456,2.940757,6.481328,56.897463,2.254422,2.318024,0.312502
1,5,1789523840.162267208,2.864082,6.569996,57.055202,2.249519,2.313445,0.299094
1,5,1789523840.163949251,2.931689,6.490811,56.938999,2.254973,2.318006,0.315261
1,5,1789523840.164954662,3.002908,6.50044,56.975936,2.254084,2.318792,0.309108
1,5,1789523840.167106867,2.960565,6.630695,56.915296,2.24781,2.317227,0.299062
1,5,1789523840.168859243,2.931689,6.490811,56.938999,2.254973,2.318006,0.315261
1,5,1789523840.170252323,3.045709,6.57187,56.991162,2.249181,2.317756,0.300428
1,5,1789523840.172698736,3.024216,6.58048,56.955839,2.251689,2.319507,0.301759
1,5,1789523840.174166203,2.931689,6.490811,56.938999,2.254973,2.318006,0.315261
1,5,1789523840.175064802,2.874038,6.613925,56.958291,2.248569,2.315708,0.302679
1,5,1789523840.177540064,3.057306,6.533696,57.049257,2.24796,2.319207,0.30231
1,5,1789523840.179117680,2.931689,6.490811,56.938999,2.254973,2.318006,0.315261
1,5,1789523840.180985928,2.856718,6.558203,56.937353,2.249576,2.31341,0.307245
1,5,1789523840.182225227,2.985713,6.546827,57.016392,2.25165,2.318621,0.298822
1,5,1789523840.184205532,2.931689,6.490811,56.938999,2.254973,2.318006,0.315261
1,5,1789523840.186215401,2.955966,6.505648,56.965804,2.249141,2.314397,0.301996
1,5,1789523840.188150167,2.856401,6.531047,56.860429,2.256049,2.309404,0.30521
1,5,1789523840.188878536,2.931689,6.490811,56.938999,2.254973,2.318006,0.315261
1,5,1789523840.189755440,3.079263,6.568037,56.910753,2.243539,2.315762,0.296419
1,5,1789523840.192296028,2.824941,6.554217,56.900649,2.251496,2.314875,0.307709
1,5,1789523840.194034100,2.931689,6.490811,56.938999,2.254973,2.318006,0.315261
1,5,1789523840.195268869,2.944559,6.640873,56.932725,2.247116,2.318871,0.29842
1,5,1789523840.197390795,2.835092,6.577807,56.982271,2.249079,2.310338,0.311824
1,5,1789523840.199064255,2.931689,6.490811,56.938999,2.254973,2.318006,0.315261
1,5,1789523840.200043917,2.877693,6.520279,56.912553,2.254814,2.316134,0.303645
1,5,1789523840.203381538,3.08449,6.537678,56.858424,2.247989,2.321484,0.311607
1,5,1789523840.204423189,2.931689,6.490811,56.938999,2.254973,2.318006,0.315261
1,5,1789523840.205262184,2.975255,6.502333,56.974122,2.253535,2.316117,0.307597
1,5,1789523840.207186937,3.110508,6.553599,57.011288,2.247964,2.314828,0.30126
1,5,1789523840.209501982,2.931689,6.490811,56.938999,2.254973,2.318006,0.315261
1,5,1789523840.210303783,3.033065,6.530255,56.938318,2.253425,2.3192,0.302683
1,5,1789523840.212285519,3.103866,6.543637,57.136427,2.25071,2.322624,0.286647
1,5,1789523840.213962317,2.931689,6.490811,56.938999,2.254973,2.318006,0.315261
1,5,1789523840.215325117,2.941773,6.594233,56.928321,2.251854,2.317504,0.301646
1,5,1789523840.217195511,2.91641,6.589836,56.885248,2.246316,2.312804,0.297368
1,5,1789523840.218970537,2.931689,6.490811,56.938999,2.254973,2.318006,0.315261
1,5,1789523840.219782591,2.915668,6.536756,56.917777,2.254769,2.313555,0.306714
1,5,1789523840.222189665,2.797729,6.593331,56.836639,2.249205,2.309547,0.307638
1,5,1789523840.224045515,2.931689,6.490811,56.938999,2.254973,2.318006,0.315261
1,5,1789523840.225336075,2.964495,6.493941,56.950478,2.255632,2.319117,0.310728
1,5,1789523840.227295637,2.83274,6.60212,56.861074,2.246111,2.310964,0.305554
1,5,1789523840.230166674,2.931689,6.490811,56.938999,2.254973,2.318006,0.315261
1,5,1789523840.230808258,2.962678,6.531128,56.932015,2.251987,2.320989,0.304803
1,5,1789523840.232161522,2.93528,6.514978,56.955664,2.252622,2.316279,0.307625
1,5,1789523840.234011889,2.931689,6.490811,56.938999,2.254973,2.318006,0.315261
1,5,1789523840.234958649,2.991079,6.569407,56.930945,2.253444,2.320269,0.303822
1,5,1789523840.237400532,3.049646,6.493156,56.989261,2.251896,2.321816,0.306105
1,5,1789523840.239036560,2.931689,6.490811,56.938999,2.254973,2.318006,0.315261
1,5,1789523840.239993572,3.020261,6.520278,56.885831,2.252563,2.315086,0.304452
1,5,1789523840.242109299,3.082896,6.541329,56.851574,2.24775,2.317677,0.306684
1,5,1789523840.243988991,2.931689,6.490811,56.938999,2.254973,2.318006,0.315261
1,5,1789523840.244979382,2.956192,6.511588,56.972544,2.255426,2.3186,0.300671
1,5,1789523840.247096777,2.967514,6.575827,56.985296,2.248792,2.314042,0.296096
1,5,1789523840.249037743,2.931689,6.490811,56.938999,2.254973,2.318006,0.315261
1,5,1789523840.249824047,2.865819,6.548706,56.901933,2.250645,2.314354,0.302483
1,5,1789523840.252377748,2.851254,6.687668,56.903626,2.247405,2.313748,0.296737
1,5,1789523840.254303217,2.931689,6.490811,56.938999,2.254973,2.318006,0.315261
1,5,1789523840.255645037,2.981929,6.538901,56.945638,2.248224,2.315374,0.307026
1,5,1789523840.257310390,2.805568,6.630725,56.939837,2.247135,2.310585,0.30816
1,5,1789523840.259501457,2.931689,6.490811,56.938999,2.254973,2.318006,0.315261
1,5,1789523840.260334730,3.080231,6.575967,57.024153,2.246965,2.323428,0.298345
1,5,1789523840.262302399,2.891993,6.532341,57.079572,2.247937,2.315393,0.309409
1,5,1789523840.264129877,2.931689,6.490811,56.938999,2.254973,2.318006,0.315261
1,5,1789523840.265591383,2.902037,6.588199,56.955313,2.250843,2.316075,0.294819
1,5,1789523840.267389536,2.904559,6.468538,56.997846,2.250955,2.310786,0.310503
1,5,1789523840.269011259,2.931689,6.490811,56.938999,2.254973,2.318006,0.315261
1,5,1789523840.269976139,2.824133,6.56262,56.901358,2.251972,2.307284,0.313348
1,5,1789523840.272100687,2.950307,6.463802,56.912327,2.247846,2.310327,0.309387
1,5,1789523840.273975849,2.931689,6.490811,56.938999,2.254973,2.318006,0.315261
1,5,1789523840.274693727,2.974868,6.498511,57.015123,2.251506,2.312477,0.303633
1,5,1789523840.277365446,2.990029,6.532015,56.950105,2.248694,2.313377,0.303676
1,5,1789523840.280008554,2.931689,6.490811,56.938999,2.254973,2.318006,0.315261
1,5,1789523840.280792713,3.045787,6.558141,56.987852,2.245948,2.315742,0.304239
1,5,1789523840.282316685,2.964585,6.668437,56.930794,2.241219,2.313569,0.302599
1,5,1789523840.284063816,2.931689,6.490811,56.938999,2.254973,2.318006,0.315261
1,5,1789523840.285626650,2.888093,6.683751,56.910956,2.242039,2.307378,0.300942
1,5,1789523840.287374258,2.964182,6.61612,56.819043,2.251651,2.314743,0.302781
1,5,1789523840.289372683,2.931689,6.490811,56.938999,2.254973,2.318006,0.315261
1,5,1789523840.290363789,2.838913,6.598056,56.954877,2.245355,2.31119,0.306124
1,5,1789523840.292164087,2.956406,6.619819,56.984636,2.249183,2.319337,0.302093
1,5,1789523840.294143915,2.931689,6.490811,56.938999,2.254973,2.318006,0.315261
1,5,1789523840.295108318,2.984233,6.542782,57.007467,2.247691,2.319415,0.299236
1,5,1789523840.297358036,2.887175,6.53393,57.061396,2.25185,2.313643,0.309423
1,5,1789523840.299205780,2.931689,6.490811,56.938999,2.254973,2.318006,0.315261
1,5,1789523840.300165653,3.02037,6.533148,56.949114,2.248336,2.314343,0.303161
1,5,1789523840.302285910,2.874808,6.45516,56.870453,2.26008,2.312373,0.312456
1,5,1789523840.304230213,2.931689,6.490811,56.938999,2.254973,2.318006,0.315261
1,5,1789523840.305119514,2.952629,6.649377,56.940331,2.246299,2.314774,0.302906
1,5,1789523840.307539225,2.86966,6.520153,56.942108,2.25092,2.310393,0.310208
1,5,1789523840.309130669,2.931689,6.490811,56.938999,2.254973,2.318006,0.315261
1,5,1789523840.310122490,2.903555,6.652874,56.968401,2.247786,2.314079,0.296771
1,5,1789523840.312610626,2.990428,6.537488,57.113333,2.25075,2.31626,0.307263
1,5,1789523840.314033508,2.931689,6.490811,56.938999,2.254973,2.318006,0.315261
1,5,1789523840.315375090,2.922821,6.537259,56.964164,2.248631,2.313597,0.306728
1,5,1789523840.317327499,3.083187,6.595186,56.973748,2.246734,2.319994,0.301401
1,5,1789523840.319142342,2.931689,6.490811,56.938999,2.254973,2.318006,0.315261
1,5,1789523840.320124388,2.889132,6.496389,56.966083,2.251327,2.316079,0.308412
1,5,1789523840.322179317,3.111617,6.555226,56.884556,2.24512,2.318347,0.297901
1,5,1789523840.324024677,2.931689,6.490811,56.938999,2.254973,2.318006,0.315261
1,5,1789523840.325122118,3.038042,6.569477,56.869813,2.24591,2.31428,0.299821
1,5,1789523840.327327967,2.97347,6.547438,56.993159,2.249126,2.317498,0.289612
1,5,1789523840.329080820,2.931689,6.490811,56.938999,2.254973,2.318006,0.315261
1,5,1789523840.330658913,3.014707,6.595365,56.94297,2.246873,2.317855,0.305307
1,5,1789523840.332304239,2.879242,6.573779,56.957564,2.249237,2.310688,0.301848
1,5,1789523840.335776806,2.931689,6.490811,56.938999,2.254973,2.318006,0.315261
1,5,1789523840.336755753,2.870868,6.528663,57.024518,2.255325,2.312394,0.303383
1,5,1789523840.337712288,2.822571,6.530608,56.743593,2.253196,2.309964,0.314051
1,5,1789523840.339684725,2.931689,6.490811,56.938999,2.254973,2.318006,0.315261
1,5,1789523840.340289831,2.908139,6.461961,56.937826,2.250493,2.317516,0.314638
1,5,1789523840.342218399,2.940477,6.566384,56.936714,2.248638,2.320877,0.307706
1,5,1789523840.344011307,2.931689,6.490811,56.938999,2.254973,2.318006,0.315261
1,5,1789523840.345869064,3.031125,6.595681,56.918972,2.250737,2.32117,0.30211
1,5,1789523840.347320318,3.023567,6.525058,57.048767,2.247169,2.316278,0.307772
1,5,1789523840.349051714,2.931689,6.490811,56.938999,2.254973,2.318006,0.315261
1,5,1789523840.350021362,2.96087,6.576911,56.933964,2.247527,2.314882,0.305211
1,5,1789523840.352299690,3.112044,6.517584,56.890062,2.252015,2.323877,0.302222
1,5,1789523840.354099751,2.931689,6.490811,56.938999,2.254973,2.318006,0.315261
1,5,1789523840.355078936,2.902027,6.555296,56.960786,2.248121,2.3124,0.30428
1,5,1789523840.358303070,3.025073,6.600664,57.00246,2.250528,2.314518,0.295097
1,5,1789523840.359336138,2.931689,6.490811,56.938999,2.254973,2.318006,0.315261
1,5,1789523840.360274792,2.922451,6.531638,56.898087,2.249162,2.312557,0.299925
1,5,1789523840.362212420,2.965207,6.601697,57.086926,2.251351,2.322503,0.296413
1,5,1789523840.364015818,2.931689,6.490811,56.938999,2.254973,2.318006,0.315261
1,5,1789523840.365247726,2.907636,6.536431,56.989151,2.248311,2.312998,0.310829
1,5,1789523840.367254019,2.833246,6.631124,56.901216,2.249043,2.3122,0.301331
1,5,1789523840.369256973,2.931689,6.490811,56.938999,2.254973,2.318006,0.315261
1,5,1789523840.370918036,2.987956,6.582395,56.935627,2.248236,2.311334,0.2998
1,5,1789523840.372580767,2.927143,6.557177,56.821276,2.247144,2.315299,0.310733
1,5,1789523840.374517679,2.931689,6.490811,56.938999,2.254973,2.318006,0.315261
1,5,1789523840.375565767,3.014031,6.614308,56.985042,2.244732,2.318597,0.302416
1,5,1789523840.377156496,2.907124,6.487701,56.875028,2.250076,2.306626,0.3148
1,5,1789523840.378936768,2.931689,6.490811,56.938999,2.254973,2.318006,0.315261
1,5,1789523840.379768372,2.867142,6.571586,56.9292,2.24987,2.313181,0.301823
1,5,1789523840.382230043,3.010377,6.488285,56.98561,2.252192,2.319976,0.3035
1,5,1789523840.383877516,2.931689,6.490811,56.938999,2.254973,2.318006,0.315261
1,5,1789523840.384598970,2.864059,6.503852,56.946514,2.25315,2.310929,0.307117
1,5,1789523840.387199640,2.987935,6.537884,56.817308,2.242038,2.30956,0.30772
1,5,1789523840.389127493,2.931689,6.490811,56.938999,2.254973,2.318006,0.315261
1,5,1789523840.390128613,2.985205,6.505548,56.909077,2.25004,2.316088,0.307684
1,5,1789523840.392269135,3.001282,6.539075,56.882505,2.25045,2.3133,0.301992
1,5,1789523840.393935919,2.931689,6.490811,56.938999,2.254973,2.318006,0.315261
1,5,1789523840.394727945,3.028154,6.654184,56.960259,2.245935,2.315831,0.297849
1,5,1789523840.397107601,3.001532,6.64018,57.044725,2.243082,2.314257,0.29825
1,5,1789523840.399407148,2.931689,6.490811,56.938999,2.254973,2.318006,0.315261
1,5,1789523840.400201559,2.862864,6.634624,56.932875,2.246784,2.309849,0.303557
1,5,1789523840.402347088,2.912913,6.615632,56.917386,2.247541,2.31351,0.306137
1,5,1789523840.404248714,2.931689,6.490811,56.938999,2.254973,2.318006,0.315261
1,5,1789523840.405383348,2.851836,6.4922,56.961875,2.255171,2.310313,0.304949
1,5,1789523840.407353163,2.87658,6.610211,56.929301,2.247168,2.313053,0.307798
1,5,1789523840.408978462,2.931689,6.490811,56.938999,2.254973,2.318006,0.315261
1,5,1789523840.410755634,2.989274,6.495346,56.931007,2.249787,2.314525,0.309743
1,5,1789523840.412258625,2.845095,6.518704,56.890154,2.249973,2.311504,0.312859
1,5,1789523840.413881779,2.931689,6.490811,56.938999,2.254973,2.318006,0.315261
1,5,1789523840.414836645,3.071149,6.584942,56.96458,2.24684,2.317157,0.301213
1,5,1789523840.417154312,2.902044,6.501047,56.928525,2.250423,2.311548,0.307675
1,5,1789523840.419116497,2.931689,6.490811,56.938999,2.254973,2.318006,0.315261
1,5,1789523840.420086622,2.934781,6.597605,56.907864,2.248717,2.31584,0.30027
1,5,1789523840.422496319,2.956908,6.513768,56.930493,2.247382,2.31289,0.303052
1,5,1789523840.424238443,2.931689,6.490811,56.938999,2.254973,2.318006,0.315261
1,5,1789523840.425928116,2.873387,6.516878,56.979471,2.252481,2.316051,0.304859
1,5,1789523840.427306890,3.060575,6.56852,56.529181,2.245525,2.317982,0.308683
1,5,1789523840.429331303,2.931689,6.490811,56.938999,2.254973,2.318006,0.315261
1,5,1789523840.430232525,2.966408,6.494087,56.982649,2.251747,2.317963,0.313442
1,5,1789523840.432235241,3.005075,6.588757,56.935096,2.249001,2.314244,0.29975
1,5,1789523840.434047222,2.931689,6.490811,56.938999,2.254973,2.318006,0.315261
1,5,1789523840.435319185,3.014211,6.555072,56.962465,2.251453,2.318504,0.300027
1,5,1789523840.438571930,3.016623,6.608781,56.855089,2.247513,2.319468,0.302692
1,5,1789523840.439608574,2.931689,6.490811,56.938999,2.254973,2.318006,0.315261
1,5,1789523840.440572739,2.967549,6.62752,56.983449,2.250301,2.318516,0.301176
1,5,1789523840.442278862,2.908031,6.59382,56.876799,2.248346,2.312202,0.303883
1,5,1789523840.444681644,2.931689,6.490811,56.938999,2.254973,2.318006,0.315261
1,5,1789523840.445482016,2.954722,6.576315,56.953481,2.252056,2.315038,0.299675
1,5,1789523840.449348450,2.931689,6.490811,56.938999,2.254973,2.318006,0.315261
1,5,1789523840.450473309,2.940992,6.530139,56.979021,2.250368,2.316845,0.310752
1,5,1789523840.454119444,2.931689,6.490811,56.938999,2.254973,2.318006,0.315261
1,5,1789523840.455094099,2.933343,6.522048,56.955041,2.249243,2.313972,0.300887
1,5,1789523840.459223747,2.931689,6.490811,56.938999,2.254973,2.318006,0.315261
1,5,1789523840.460093021,3.006893,6.63949,56.957715,2.245645,2.318159,0.302594
1,5,1789523840.464053154,2.931689,6.490811,56.938999,2.254973,2.318006,0.315261
1,5,1789523840.465070009,3.001168,6.620013,56.998224,2.248438,2.315756,0.298456
1,5,1789523840.469320536,2.931689,6.490811,56.938999,2.254973,2.318006,0.315261
1,5,1789523840.470319986,2.858566,6.511782,56.945453,2.253333,2.30773,0.306014
1,5,1789523840.473873615,2.931689,6.490811,56.938999,2.254973,2.318006,0.315261
1,5,1789523840.475407124,2.888178,6.517182,56.985262,2.251782,2.310165,0.308004
1,5,1789523840.479018211,2.931689,6.490811,56.938999,2.254973,2.318006,0.315261
1,5,1789523840.479992390,3.036933,6.619895,56.975303,2.245457,2.318799,0.302133
1,5,1789523840.484249353,2.931689,6.490811,56.938999,2.254973,2.318006,0.315261
1,5,1789523840.485090256,2.979658,6.603112,56.890758,2.249397,2.314464,0.295012
1,5,1789523840.489314795,2.931689,6.490811,56.938999,2.254973,2.318006,0.315261
1,5,1789523840.490165234,2.865841,6.471967,56.884854,2.254648,2.30338,0.308678
1,5,1789523840.495167732,2.931689,6.490811,56.938999,2.254973,2.318006,0.315261
1,5,1789523840.495798826,2.908613,6.533502,56.987612,2.253427,2.318491,0.310383
1,5,1789523840.499146223,2.931689,6.490811,56.938999,2.254973,2.318006,0.315261
1,5,1789523840.500119925,3.016492,6.561872,56.912565,2.251601,2.319524,0.303973
1,5,1789523840.504126787,2.931689,6.490811,56.938999,2.254973,2.318006,0.315261
1,5,1789523840.505105734,2.958833,6.471463,56.938916,2.256091,2.312151,0.302494
1,5,1789523840.509173155,2.931689,6.490811,56.938999,2.254973,2.318006,0.315261
1,5,1789523840.510593176,2.98742,6.539431,56.894049,2.251129,2.312867,0.303386
1,5,1789523840.515272856,2.931689,6.490811,56.938999,2.254973,2.318006,0.315261
1,5,1789523840.515913963,2.918303,6.591194,56.969304,2.255074,2.322802,0.304658
1,5,1789523840.519155025,2.931689,6.490811,56.938999,2.254973,2.318006,0.315261
1,5,1789523840.520125389,2.965299,6.48574,56.906827,2.253195,2.319338,0.306622
1,5,1789523840.524064541,2.931689,6.490811,56.938999,2.254973,2.318006,0.315261
1,5,1789523840.525651693,3.008642,6.514786,56.986716,2.253105,2.314987,0.303508
1,5,1789523840.529234171,2.931689,6.490811,56.938999,2.254973,2.318006,0.315261
1,5,1789523840.530807972,3.043564,6.625712,56.983895,2.245268,2.322875,0.302103
1,5,1789523840.534257174,2.931689,6.490811,56.938999,2.254973,2.318006,0.315261
1,5,1789523840.535844088,2.880416,6.59343,56.966726,2.248397,2.312103,0.301824
1,5,1789523840.540071011,2.931689,6.490811,56.938999,2.254973,2.318006,0.315261
1,5,1789523840.540874481,2.819329,6.531497,56.971403,2.248043,2.306005,0.310561
1,5,1789523840.545283079,2.931689,6.490811,56.938999,2.254973,2.318006,0.315261
1,5,1789523840.545932293,2.986912,6.56646,56.999362,2.244955,2.310808,0.305049
1,5,1789523840.548846483,2.931689,6.490811,56.938999,2.254973,2.318006,0.315261
1,5,1789523840.550682068,3.068852,6.643481,56.940532,2.242048,2.317665,0.30355
1,5,1789523840.555692434,2.931689,6.490811,56.938999,2.254973,2.318006,0.315261
1,5,1789523840.556550026,2.869023,6.609925,56.93635,2.249446,2.311238,0.300001
1,5,1789523840.559249401,2.931689,6.490811,56.938999,2.254973,2.318006,0.315261
1,5,1789523840.560206175,2.830099,6.538285,56.936787,2.252386,2.307416,0.306245
1,5,1789523840.564196348,2.931689,6.490811,56.938999,2.254973,2.318006,0.315261
1,5,1789523840.565793753,2.973602,6.50718,56.970595,2.252029,2.316313,0.31139
1,5,1789523840.569020271,2.931689,6.490811,56.938999,2.254973,2.318006,0.315261
1,5,1789523840.569983959,3.05182,6.555935,56.94297,2.249771,2.316365,0.299256
1,5,1789523840.574295759,2.931689,6.490811,56.938999,2.254973,2.318006,0.315261
1,5,1789523840.575253963,2.961512,6.5614,56.934456,2.25137,2.312521,0.299212
1,5,1789523840.580785990,2.931689,6.490811,56.938999,2.254973,2.318006,0.315261
1,5,1789523840.581470251,2.92531,6.563339,56.936313,2.246338,2.31557,0.300802
1,5,1789523840.584205151,2.931689,6.490811,56.938999,2.254973,2.318006,0.315261
1,5,1789523840.585174084,2.916007,6.540993,56.996113,2.252314,2.321301,0.304075
1,5,1789523840.589601994,2.931689,6.490811,56.938999,2.254973,2.318006,0.315261
1,5,1789523840.590697050,3.00437,6.503908,56.92405,2.250627,2.32082,0.305857
1,5,1789523840.594275951,2.931689,6.490811,56.938999,2.254973,2.318006,0.315261
1,5,1789523840.595279455,3.031145,6.572464,56.971617,2.252134,2.317898,0.299772
1,5,1789523840.599775076,2.931689,6.490811,56.938999,2.254973,2.318006,0.315261
1,5,1789523840.600755692,3.010708,6.630213,56.94652,2.248329,2.317165,0.301259
1,5,1789523840.604248524,2.931689,6.490811,56.938999,2.254973,2.318006,0.315261
1,5,1789523840.604914665,2.875328,6.520685,56.943818,2.249969,2.312324,0.305477
1,5,1789523840.609191895,2.931689,6.490811,56.938999,2.254973,2.318006,0.315261
1,5,1789523840.610417604,2.909334,6.491659,56.959837,2.252447,2.311925,0.309969
1,5,1789523840.614130735,2.931689,6.490811,56.938999,2.254973,2.318006,0.315261
1,5,1789523840.614792585,3.001431,6.560656,56.971919,2.247375,2.311582,0.305448
1,5,1789523840.619101286,2.931689,6.490811,56.938999,2.254973,2.318006,0.315261
1,5,1789523840.620719671,3.024333,6.637045,56.958672,2.24522,2.316104,0.303022
1,5,1789523840.624279261,2.931689,6.490811,56.938999,2.254973,2.318006,0.315261
1,5,1789523840.625236988,2.865992,6.572409,57.00287,2.251178,2.312828,0.301267
1,5,1789523840.629181623,2.931689,6.490811,56.938999,2.254973,2.318006,0.315261
1,5,1789523840.630821943,2.892066,6.547992,56.958063,2.248295,2.313903,0.308779
1,5,1789523840.634146214,2.931689,6.490811,56.938999,2.254973,2.318006,0.315261
1,5,1789523840.635803461,2.970453,6.550034,56.91187,2.246227,2.311379,0.308788
1,5,1789523840.639151335,2.931689,6.490811,56.938999,2.254973,2.318006,0.315261
1,5,1789523840.640001774,3.06276,6.586522,56.967571,2.247229,2.318292,0.297193
1,5,1789523840.644183159,2.931689,6.490811,56.938999,2.254973,2.318006,0.315261
1,5,1789523840.645166397,2.926303,6.561159,56.942503,2.252096,2.314802,0.29861
1,5,1789523840.649100304,2.931689,6.490811,56.938999,2.254973,2.318006,0.315261
1,5,1789523840.650930166,2.86675,6.522553,56.900608,2.250675,2.312873,0.307672
1,5,1789523840.655169964,2.931689,6.490811,56.938999,2.254973,2.318006,0.315261
1,5,1789523840.656142235,2.96814,6.496373,56.998116,2.256658,2.319606,0.305411
1,5,1789523840.659087181,2.931689,6.490811,56.938999,2.254973,2.318006,0.315261
1,5,1789523840.660063744,3.031788,6.522211,56.920941,2.25389,2.319606,0.303566
1,5,1789523840.664046526,2.931689,6.490811,56.938999,2.254973,2.318006,0.315261
1,5,1789523840.665000916,2.986098,6.604207,56.963494,2.250048,2.316852,0.30025
1,5,1789523840.669044018,2.931689,6.490811,56.938999,2.254973,2.318006,0.315261
1,5,1789523840.669997215,2.898345,6.52336,56.953293,2.250311,2.31492,0.305881
1,5,1789523840.674802542,2.931689,6.490811,56.938999,2.254973,2.318006,0.315261
1,5,1789523840.676039457,2.88987,6.482297,56.915809,2.252628,2.317023,0.306116
1,5,1789523840.679023266,2.931689,6.490811,56.938999,2.254973,2.318006,0.315261
1,5,1789523840.679826260,2.979042,6.538338,56.946728,2.250152,2.315429,0.307717
1,5,1789523840.683958292,2.931689,6.490811,56.938999,2.254973,2.318006,0.315261
1,5,1789523840.685015440,3.044083,6.59104,56.987055,2.248003,2.317928,0.303758
1,5,1789523840.689410925,2.931689,6.490811,56.938999,2.254973,2.318006,0.315261
1,5,1789523840.690379858,2.987909,6.630672,56.918163,2.247761,2.3181,0.294976
1,5,1789523840.694187403,2.931689,6.490811,56.938999,2.254973,2.318006,0.315261
1,5,1789523840.695146084,2.881028,6.52889,56.955707,2.248543,2.3135,0.3012
1,5,1789523840.698923826,2.931689,6.490811,56.938999,2.254973,2.318006,0.315261
1,5,1789523840.699729204,2.936212,6.504537,56.950315,2.2498,2.318114,0.310514
1,5,1789523840.704374552,2.931689,6.490811,56.938999,2.254973,2.318006,0.315261
1,5,1789523840.705349922,3.094748,6.564081,56.96139,2.248251,2.316662,0.299182
1,5,1789523840.708834410,2.931689,6.490811,56.938999,2.254973,2.318006,0.315261
1,5,1789523840.710224867,3.017739,6.598117,56.945158,2.247906,2.317621,0.300602
1,5,1789523840.713967562,2.931689,6.490811,56.938999,2.254973,2.318006,0.315261
1,5,1789523840.714965820,2.879625,6.56346,56.970954,2.251914,2.314904,0.30501
1,5,1789523840.719072819,2.931689,6.490811,56.938999,2.254973,2.318006,0.315261
1,5,1789523840.720067978,2.889071,6.501166,56.936065,2.252705,2.312356,0.312651
1,5,1789523840.723979712,2.931689,6.490811,56.938999,2.254973,2.318006,0.315261
1,5,1789523840.724791765,3.045563,6.497438,56.939504,2.247127,2.313614,0.309188
1,5,1789523840.728978634,2.931689,6.490811,56.938999,2.254973,2.318006,0.315261
1,5,1789523840.729820728,2.970382,6.577247,56.945222,2.242992,2.311029,0.300046
1,5,1789523840.734087467,2.931689,6.490811,56.938999,2.254973,2.318006,0.315261
1,5,1789523840.735071421,2.878447,6.598901,56.961183,2.2482,2.312308,0.304277
1,5,1789523840.740284443,2.931689,6.490811,56.938999,2.254973,2.318006,0.315261
1,5,1789523840.741039038,2.897314,6.505693,56.959166,2.25312,2.312728,0.309526
1,5,1789523840.744096756,2.931689,6.490811,56.938999,2.254973,2.318006,0.315261
1,5,1789523840.745548964,2.95279,6.533834,57.012699,2.252035,2.314178,0.308109
1,5,1789523840.748974085,2.931689,6.490811,56.938999,2.254973,2.318006,0.315261
1,5,1789523840.749809980,3.013149,6.606453,56.949042,2.244878,2.318813,0.303271
1,5,1789523840.755116701,2.931689,6.490811,56.938999,2.254973,2.318006,0.315261
1,5,1789523840.755810261,3.000083,6.619502,56.940077,2.245524,2.314152,0.296797
1,5,1789523840.759982347,2.931689,6.490811,56.938999,2.254973,2.318006,0.315261
1,5,1789523840.760682821,2.909346,6.541516,56.922224,2.24746,2.309138,0.303119
1,5,1789523840.765048265,2.931689,6.490811,56.938999,2.254973,2.318006,0.315261
1,5,1789523840.765728235,2.836499,6.525789,57.002702,2.251442,2.308759,0.307001
1,5,1789523840.768843174,2.931689,6.490811,56.938999,2.254973,2.318006,0.315261
1,5,1789523840.769773006,2.961561,6.550623,56.949131,2.24885,2.314145,0.309083
1,5,1789523840.774140120,2.931689,6.490811,56.938999,2.254973,2.318006,0.315261
1,5,1789523840.775146484,3.05764,6.600241,56.981752,2.249156,2.317066,0.30014
1,5,1789523840.778885365,2.931689,6.490811,56.938999,2.254973,2.318006,0.315261
1,5,1789523840.779604673,2.914796,6.608137,56.980701,2.251896,2.317147,0.305344
1,5,1789523840.783904552,2.931689,6.490811,56.938999,2.254973,2.318006,0.315261
1,5,1789523840.784624577,2.8716,6.555448,56.948748,2.25076,2.311218,0.308376
1,5,1789523840.788991213,2.931689,6.490811,56.938999,2.254973,2.318006,0.315261
1,5,1789523840.789668322,2.943445,6.476339,56.931686,2.248175,2.314915,0.304236
1,5,1789523840.794065714,2.931689,6.490811,56.938999,2.254973,2.318006,0.315261
1,5,1789523840.795111656,3.048317,6.56111,57.077817,2.245381,2.320474,0.302763
1,5,1789523840.798108339,3.042857,6.529938,56.997038,2.248558,2.321742,0.304947
1,5,1789523840.799519777,2.931689,6.490811,56.938999,2.254973,2.318006,0.315261
1,5,1789523840.800232887,3.048317,6.56111,57.077817,2.245381,2.320474,0.302763
1,5,1789523840.800938606,3.008725,6.573768,56.806773,2.245069,2.308092,0.306532
1,5,1789523840.804179192,2.931689,6.490811,56.938999,2.254973,2.318006,0.315261
1,5,1789523840.805491686,3.048317,6.56111,57.077817,2.245381,2.320474,0.302763
1,5,1789523840.806460142,2.99996,6.582154,56.91124,2.251144,2.318624,0.296809
1,5,1789523840.808912277,2.931689,6.490811,56.938999,2.254973,2.318006,0.315261
1,5,1789523840.809875727,3.048317,6.56111,57.077817,2.245381,2.320474,0.302763
1,5,1789523840.811113834,2.876904,6.626281,57.022919,2.246246,2.311575,0.301864
1,5,1789523840.815141201,2.931689,6.490811,56.938999,2.254973,2.318006,0.315261
1,5,1789523840.816052675,3.048317,6.56111,57.077817,2.245381,2.320474,0.302763
1,5,1789523840.816837311,2.913877,6.551857,56.92731,2.251253,2.316161,0.307127
1,5,1789523840.818878651,2.931689,6.490811,56.938999,2.254973,2.318006,0.315261
1,5,1789523840.820304871,3.048317,6.56111,57.077817,2.245381,2.320474,0.302763
1,5,1789523840.821033478,2.912039,6.497266,56.924819,2.253883,2.315195,0.30564
1,5,1789523840.824065208,2.931689,6.490811,56.938999,2.254973,2.318006,0.315261
1,5,1789523840.825007677,3.048317,6.56111,57.077817,2.245381,2.320474,0.302763
1,5,1789523840.825953960,2.969306,6.533247,57.102113,2.249423,2.315699,0.299889
1,5,1789523840.829060555,2.931689,6.490811,56.938999,2.254973,2.318006,0.315261
1,5,1789523840.830025911,3.048317,6.56111,57.077817,2.245381,2.320474,0.302763
1,5,1789523840.830981493,3.042387,6.544981,56.899422,2.246632,2.319329,0.307705
1,5,1789523840.834039211,2.931689,6.490811,56.938999,2.254973,2.318006,0.315261
1,5,1789523840.835015774,3.048317,6.56111,57.077817,2.245381,2.320474,0.302763
1,5,1789523840.835981846,3.039443,6.580662,56.810886,2.24164,2.314963,0.30395
1,5,1789523840.838977098,2.931689,6.490811,56.938999,2.254973,2.318006,0.315261
1,5,1789523840.839704037,3.048317,6.56111,57.077817,2.245381,2.320474,0.302763
1,5,1789523840.840932608,3.032187,6.576524,56.655994,2.246102,2.316999,0.300176
1,5,1789523840.843907595,2.931689,6.490811,56.938999,2.254973,2.318006,0.315261
1,5,1789523840.844609261,3.048317,6.56111,57.077817,2.245381,2.320474,0.302763
1,5,1789523840.846003771,2.938305,6.557147,57.000344,2.25067,2.311212,0.299582
1,5,1789523840.849021196,2.931689,6.490811,56.938999,2.254973,2.318006,0.315261
1,5,1789523840.849984169,3.048317,6.56111,57.077817,2.245381,2.320474,0.302763
1,5,1789523840.851323843,2.916037,6.54963,56.777744,2.24992,2.31798,0.306893
1,5,1789523840.854030132,2.931689,6.490811,56.938999,2.254973,2.318006,0.315261
1,5,1789523840.855008602,3.048317,6.56111,57.077817,2.245381,2.320474,0.302763
1,5,1789523840.856353998,2.848211,6.529629,56.919108,2.251514,2.310701,0.307293
1,5,1789523840.858994246,2.931689,6.490811,56.938999,2.254973,2.318006,0.315261
1,5,1789523840.859987020,3.048317,6.56111,57.077817,2.245381,2.320474,0.302763
1,5,1789523840.861325264,2.893819,6.564434,57.022661,2.246736,2.312401,0.302124
1,5,1789523840.863819838,2.931689,6.490811,56.938999,2.254973,2.318006,0.315261
1,5,1789523840.864891291,3.048317,6.56111,57.077817,2.245381,2.320474,0.302763
1,5,1789523840.865859985,2.940333,6.518968,56.893081,2.25205,2.31468,0.309095
1,5,1789523840.868931770,2.931689,6.490811,56.938999,2.254973,2.318006,0.315261
1,5,1789523840.869984865,3.048317,6.56111,57.077817,2.245381,2.320474,0.302763
1,5,1789523840.870888233,2.994099,6.550093,56.952768,2.243938,2.31547,0.305629
1,5,1789523840.873895407,2.931689,6.490811,56.938999,2.254973,2.318006,0.315261
1,5,1789523840.874743223,3.048317,6.56111,57.077817,2.245381,2.320474,0.302763
1,5,1789523840.875855207,3.014845,6.571583,57.172579,2.247929,2.315486,0.303216
1,5,1789523840.878814697,2.931689,6.490811,56.938999,2.254973,2.318006,0.315261
1,5,1789523840.879583836,3.048317,6.56111,57.077817,2.245381,2.320474,0.302763
1,5,1789523840.881114006,2.97483,6.5842,56.94483,2.249615,2.316413,0.300266
1,5,1789523840.884212255,2.931689,6.490811,56.938999,2.254973,2.318006,0.315261
1,5,1789523840.885093212,3.048317,6.56111,57.077817,2.245381,2.320474,0.302763
1,5,1789523840.887010336,2.912059,6.600575,56.788138,2.247539,2.313788,0.300814
1,5,1789523840.889047623,2.931689,6.490811,56.938999,2.254973,2.318006,0.315261
1,5,1789523840.889975548,3.048317,6.56111,57.077817,2.245381,2.320474,0.302763
1,5,1789523840.891336679,2.868608,6.515539,56.733918,2.254038,2.308566,0.313756
1,5,1789523840.894008875,2.931689,6.490811,56.938999,2.254973,2.318006,0.315261
1,5,1789523840.895964146,3.048317,6.56111,57.077817,2.245381,2.320474,0.302763
1,5,1789523840.897077560,2.903436,6.546763,57.023162,2.248564,2.314558,0.30885
1,5,1789523840.899642944,2.931689,6.490811,56.938999,2.254973,2.318006,0.315261
1,5,1789523840.900666475,3.048317,6.56111,57.077817,2.245381,2.320474,0.302763
1,5,1789523840.901622534,2.93505,6.462827,56.814067,2.253996,2.312671,0.312215
1,5,1789523840.904012203,2.931689,6.490811,56.938999,2.254973,2.318006,0.315261
1,5,1789523840.904986620,3.048317,6.56111,57.077817,2.245381,2.320474,0.302763
1,5,1789523840.906363249,2.986686,6.510799,56.971508,2.250166,2.318628,0.306184
1,5,1789523840.908976316,2.931689,6.490811,56.938999,2.254973,2.318006,0.315261
1,5,1789523840.910715818,3.048317,6.56111,57.077817,2.245381,2.320474,0.302763
1,5,1789523840.911303997,3.002114,6.586516,57.054139,2.24765,2.31428,0.304627
1,5,1789523840.913942337,2.931689,6.490811,56.938999,2.254973,2.318006,0.315261
1,5,1789523840.914902449,3.048317,6.56111,57.077817,2.245381,2.320474,0.302763
1,5,1789523840.916969538,2.985791,6.627865,56.965782,2.249306,2.320126,0.301998
1,5,1789523840.918991804,2.931689,6.490811,56.938999,2.254973,2.318006,0.315261
1,5,1789523840.920632362,3.048317,6.56111,57.077817,2.245381,2.320474,0.302763
1,5,1789523840.921240568,2.906471,6.626969,56.921566,2.250729,2.314566,0.302795
1,5,1789523840.924091578,2.931689,6.490811,56.938999,2.254973,2.318006,0.315261
1,5,1789523840.925054789,3.048317,6.56111,57.077817,2.245381,2.320474,0.302763
1,5,1789523840.927077532,2.883923,6.593803,56.921174,2.250019,2.314041,0.302648
1,5,1789523840.928972721,2.931689,6.490811,56.938999,2.254973,2.318006,0.315261
1,5,1789523840.929944038,3.048317,6.56111,57.077817,2.245381,2.320474,0.302763
1,5,1789523840.930870295,2.89962,6.501812,56.937652,2.252724,2.316934,0.308126
1,5,1789523840.934012175,2.931689,6.490811,56.938999,2.254973,2.318006,0.315261
1,5,1789523840.934988737,3.048317,6.56111,57.077817,2.245381,2.320474,0.302763
1,5,1789523840.936006546,2.933642,6.500048,56.932461,2.246458,2.313037,0.310504
1,5,1789523840.939032555,2.931689,6.490811,56.938999,2.254973,2.318006,0.315261
1,5,1789523840.940064192,3.048317,6.56111,57.077817,2.245381,2.320474,0.302763
1,5,1789523840.941430569,3.002253,6.500237,56.814246,2.251504,2.317007,0.30663
1,5,1789523840.944000244,2.931689,6.490811,56.938999,2.254973,2.318006,0.315261
1,5,1789523840.944983482,3.048317,6.56111,57.077817,2.245381,2.320474,0.302763
1,5,1789523840.946301699,2.991791,6.591954,56.996072,2.242329,2.314398,0.297127
1,5,1789523840.949030876,2.931689,6.490811,56.938999,2.254973,2.318006,0.315261
1,5,1789523840.950804234,3.048317,6.56111,57.077817,2.245381,2.320474,0.302763
1,5,1789523840.951549530,3.053814,6.596705,56.81565,2.246828,2.316627,0.301021
1,5,1789523840.954036713,2.931689,6.490811,56.938999,2.254973,2.318006,0.315261
1,5,1789523840.955548525,3.048317,6.56111,57.077817,2.245381,2.320474,0.302763
1,5,1789523840.956536293,3.02858,6.58509,56.962549,2.249196,2.316473,0.299739
1,5,1789523840.958906174,2.931689,6.490811,56.938999,2.254973,2.318006,0.315261
1,5,1789523840.959928989,3.048317,6.56111,57.077817,2.245381,2.320474,0.302763
1,5,1789523840.961271048,2.927817,6.550319,57.017088,2.250542,2.312208,0.298506
1,5,1789523840.964033127,2.931689,6.490811,56.938999,2.254973,2.318006,0.315261
1,5,1789523840.966031313,3.048317,6.56111,57.077817,2.245381,2.320474,0.302763
1,5,1789523840.966685772,2.920349,6.510949,56.936428,2.255805,2.320302,0.307628
1,5,1789523840.969123840,2.931689,6.490811,56.938999,2.254973,2.318006,0.315261
1,5,1789523840.970320702,3.048317,6.56111,57.077817,2.245381,2.320474,0.302763
1,5,1789523840.971334696,2.859567,6.527487,56.936674,2.247552,2.309689,0.31266
1,5,1789523840.974034071,2.931689,6.490811,56.938999,2.254973,2.318006,0.315261
1,5,1789523840.975676298,3.048317,6.56111,57.077817,2.245381,2.320474,0.302763
1,5,1789523840.976699591,2.931161,6.541037,57.111542,2.252255,2.316507,0.306031
1,5,1789523840.978996992,2.931689,6.490811,56.938999,2.254973,2.318006,0.315261
1,5,1789523840.980671644,3.048317,6.56111,57.077817,2.245381,2.320474,0.302763
1,5,1789523840.981630325,2.974909,6.564153,56.908941,2.243966,2.312379,0.306947
1,5,1789523840.983964205,2.931689,6.490811,56.938999,2.254973,2.318006,0.315261
1,5,1789523840.985807419,3.048317,6.56111,57.077817,2.245381,2.320474,0.302763
1,5,1789523840.987413168,3.036995,6.532174,56.850621,2.247313,2.315988,0.305888
1,5,1789523840.989265680,2.931689,6.490811,56.938999,2.254973,2.318006,0.315261
1,5,1789523840.990276098,3.048317,6.56111,57.077817,2.245381,2.320474,0.302763
1,5,1789523840.991998196,3.050556,6.543504,56.632322,2.248522,2.318414,0.309342
1,5,1789523840.994129419,2.931689,6.490811,56.938999,2.254973,2.318006,0.315261
1,5,1789523840.994928122,3.048317,6.56111,57.077817,2.245381,2.320474,0.302763
1,5,1789523840.996303320,2.933498,6.598559,57.036352,2.245502,2.313298,0.298881
1,5,1789523840.999129057,2.931689,6.490811,56.938999,2.254973,2.318006,0.315261
1,5,1789523841.000085831,3.048317,6.56111,57.077817,2.245381,2.320474,0.302763
1,5,1789523841.001066446,2.849192,6.517575,56.770978,2.255438,2.310879,0.307788
1,5,1789523841.004544735,2.931689,6.490811,56.938999,2.254973,2.318006,0.315261
1,5,1789523841.006066799,3.048317,6.56111,57.077817,2.245381,2.320474,0.302763
1,5,1789523841.006844044,2.811545,6.55541,56.922642,2.246047,2.310951,0.309544
1,5,1789523841.008875608,2.931689,6.490811,56.938999,2.254973,2.318006,0.315261
1,5,1789523841.009845495,3.048317,6.56111,57.077817,2.245381,2.320474,0.302763
1,5,1789523841.011007309,2.881972,6.489401,56.936828,2.248251,2.310898,0.313107
1,5,1789523841.013821602,2.931689,6.490811,56.938999,2.254973,2.318006,0.315261
1,5,1789523841.015133619,3.048317,6.56111,57.077817,2.245381,2.320474,0.302763
1,5,1789523841.016535759,3.032772,6.515079,56.955553,2.249513,2.317927,0.307862
1,5,1789523841.018969059,2.931689,6.490811,56.938999,2.254973,2.318006,0.315261
1,5,1789523841.019940138,3.048317,6.56111,57.077817,2.245381,2.320474,0.302763
1,5,1789523841.021341085,3.077158,6.544111,56.977349,2.24975,2.314118,0.303317
1,5,1789523841.024092197,2.931689,6.490811,56.938999,2.254973,2.318006,0.315261
1,5,1789523841.025972128,3.048317,6.56111,57.077817,2.245381,2.320474,0.302763
1,5,1789523841.026908398,3.071889,6.590179,57.171877,2.249554,2.321179,0.29724
1,5,1789523841.029009819,2.931689,6.490811,56.938999,2.254973,2.318006,0.315261
1,5,1789523841.030408621,3.048317,6.56111,57.077817,2.245381,2.320474,0.302763
1,5,1789523841.031831264,2.969067,6.648438,56.917132,2.244641,2.316454,0.300134
1,5,1789523841.033973217,2.931689,6.490811,56.938999,2.254973,2.318006,0.315261
1,5,1789523841.035365820,3.048317,6.56111,57.077817,2.245381,2.320474,0.302763
1,5,1789523841.036347628,2.876371,6.603006,56.761509,2.247347,2.312941,0.301515
1,5,1789523841.039242029,2.931689,6.490811,56.938999,2.254973,2.318006,0.315261
1,5,1789523841.040060997,3.048317,6.56111,57.077817,2.245381,2.320474,0.302763
1,5,1789523841.041151762,2.866507,6.547016,56.686974,2.250908,2.309353,0.307358
1,5,1789523841.044031382,2.931689,6.490811,56.938999,2.254973,2.318006,0.315261
1,5,1789523841.044992208,3.048317,6.56111,57.077817,2.245381,2.320474,0.302763
1,5,1789523841.046334267,2.937397,6.496789,56.984954,2.24993,2.313503,0.308354
1,5,1789523841.048931599,2.931689,6.490811,56.938999,2.254973,2.318006,0.315261
1,5,1789523841.050098658,3.048317,6.56111,57.077817,2.245381,2.320474,0.302763
1,5,1789523841.050781250,2.995752,6.482723,56.83022,2.248521,2.315329,0.310933
1,5,1789523841.053857088,2.931689,6.490811,56.938999,2.254973,2.318006,0.315261
1,5,1789523841.055984735,3.048317,6.56111,57.077817,2.245381,2.320474,0.302763
1,5,1789523841.056694746,3.054382,6.511987,56.948425,2.249422,2.31898,0.297275
1,5,1789523841.059006214,2.931689,6.490811,56.938999,2.254973,2.318006,0.315261
1,5,1789523841.060779333,3.048317,6.56111,57.077817,2.245381,2.320474,0.302763
1,5,1789523841.061380625,2.996688,6.63828,57.042414,2.243373,2.313827,0.296693
1,5,1789523841.064057589,2.931689,6.490811,56.938999,2.254973,2.318006,0.315261
1,5,1789523841.065042496,3.048317,6.56111,57.077817,2.245381,2.320474,0.302763
1,5,1789523841.066332340,2.956137,6.616892,56.881,2.250079,2.315861,0.300851
1,5,1789523841.068968296,2.931689,6.490811,56.938999,2.254973,2.318006,0.315261
1,5,1789523841.069938660,3.048317,6.56111,57.077817,2.245381,2.320474,0.302763
1,5,1789523841.072227240,2.894426,6.612343,56.927047,2.247843,2.314159,0.300361
1,5,1789523841.074359894,2.931689,6.490811,56.938999,2.254973,2.318006,0.315261
1,5,1789523841.075350761,3.048317,6.56111,57.077817,2.245381,2.320474,0.302763
1,5,1789523841.076298475,2.898878,6.509396,57.126058,2.251586,2.310323,0.302814
1,5,1789523841.079236031,2.931689,6.490811,56.938999,2.254973,2.318006,0.315261
1,5,1789523841.080893517,3.048317,6.56111,57.077817,2.245381,2.320474,0.302763
1,5,1789523841.081508160,2.962111,6.491024,56.947898,2.253962,2.319747,0.309149
1,5,1789523841.083963394,2.931689,6.490811,56.938999,2.254973,2.318006,0.315261
1,5,1789523841.085824013,3.048317,6.56111,57.077817,2.245381,2.320474,0.302763
1,5,1789523841.086806774,2.957894,6.479853,56.956585,2.247868,2.312118,0.314116
1,5,1789523841.089511871,2.931689,6.490811,56.938999,2.254973,2.318006,0.315261
1,5,1789523841.090525866,3.048317,6.56111,57.077817,2.245381,2.320474,0.302763
1,5,1789523841.091499329,3.023241,6.525472,56.89441,2.250423,2.317045,0.304205
1,5,1789523841.093969345,2.931689,6.490811,56.938999,2.254973,2.318006,0.315261
1,5,1789523841.095528364,3.048317,6.56111,57.077817,2.245381,2.320474,0.302763
1,5,1789523841.096901894,2.952159,6.596301,56.990695,2.244112,2.311039,0.299234
1,5,1789523841.098988295,2.931689,6.490811,56.938999,2.254973,2.318006,0.315261
1,5,1789523841.099951267,3.048317,6.56111,57.077817,2.245381,2.320474,0.302763
1,5,1789523841.101289272,2.967521,6.591635,56.85116,2.246257,2.316777,0.29989
1,5,1789523841.103988647,2.931689,6.490811,56.938999,2.254973,2.318006,0.315261
1,5,1789523841.105821609,3.048317,6.56111,57.077817,2.245381,2.320474,0.302763
1,5,1789523841.106777668,2.959845,6.560789,56.89055,2.246528,2.315705,0.301348
1,5,1789523841.108968496,2.931689,6.490811,56.938999,2.254973,2.318006,0.315261
1,5,1789523841.110672474,3.048317,6.56111,57.077817,2.245381,2.320474,0.302763
1,5,1789523841.111627340,2.941352,6.505245,57.023847,2.25045,2.314712,0.303458
1,5,1789523841.113837242,2.931689,6.490811,56.938999,2.254973,2.318006,0.315261
1,5,1789523841.115881920,3.048317,6.56111,57.077817,2.245381,2.320474,0.302763
1,5,1789523841.116491318,2.938979,6.522385,56.963516,2.250204,2.316565,0.306708
1,5,1789523841.118965149,2.931689,6.490811,56.938999,2.254973,2.318006,0.315261
1,5,1789523841.120287418,3.048317,6.56111,57.077817,2.245381,2.320474,0.302763
1,5,1789523841.121284246,2.90411,6.561086,56.940169,2.247579,2.307896,0.308519
1,5,1789523841.123993874,2.931689,6.490811,56.938999,2.254973,2.318006,0.315261
1,5,1789523841.124944448,3.048317,6.56111,57.077817,2.245381,2.320474,0.302763
1,5,1789523841.126945496,2.909675,6.544609,57.086909,2.253683,2.316277,0.302007
1,5,1789523841.129048824,2.931689,6.490811,56.938999,2.254973,2.318006,0.315261
1,5,1789523841.130219698,3.048317,6.56111,57.077817,2.245381,2.320474,0.302763
1,5,1789523841.131184340,2.978188,6.615318,56.987933,2.243552,2.318711,0.29822
1,5,1789523841.134046316,2.931689,6.490811,56.938999,2.254973,2.318006,0.315261
1,5,1789523841.135019541,3.048317,6.56111,57.077817,2.245381,2.320474,0.302763
1,5,1789523841.137004137,3.044989,6.578015,56.849822,2.245776,2.31614,0.299086
1,5,1789523841.139162779,2.931689,6.490811,56.938999,2.254973,2.318006,0.315261
1,5,1789523841.140269756,3.048317,6.56111,57.077817,2.245381,2.320474,0.302763
1,5,1789523841.141320944,3.071237,6.532964,56.679594,2.250188,2.320193,0.304005
1,5,1789523841.143809080,2.931689,6.490811,56.938999,2.254973,2.318006,0.315261
1,5,1789523841.144754410,3.048317,6.56111,57.077817,2.245381,2.320474,0.302763
1,5,1789523841.146084547,2.96177,6.564526,57.084663,2.245304,2.313436,0.300278
1,5,1789523841.148982048,2.931689,6.490811,56.938999,2.254973,2.318006,0.315261
1,5,1789523841.149952650,3.048317,6.56111,57.077817,2.245381,2.320474,0.302763
1,5,1789523841.151296139,2.874809,6.502497,56.816563,2.25409,2.317139,0.308005
1,5,1789523841.154017448,2.931689,6.490811,56.938999,2.254973,2.318006,0.315261
1,5,1789523841.155030966,3.048317,6.56111,57.077817,2.245381,2.320474,0.302763
1,5,1789523841.156018972,2.82734,6.589012,56.954143,2.245484,2.307606,0.305278
1,5,1789523841.158855915,2.931689,6.490811,56.938999,2.254973,2.318006,0.315261
1,5,1789523841.159597635,3.048317,6.56111,57.077817,2.245381,2.320474,0.302763
1,5,1789523841.160917997,2.878326,6.535884,57.016806,2.253221,2.314607,0.30467
1,5,1789523841.163935661,2.813029,6.545025,56.977737,2.249669,2.304695,0.302291
1,5,1789523841.164740324,3.048317,6.56111,57.077817,2.245381,2.320474,0.302763
1,5,1789523841.166140079,2.987012,6.582092,56.974606,2.248248,2.317238,0.30162
1,5,1789523841.168977737,2.925704,6.509963,56.899527,2.251223,2.315008,0.313393
1,5,1789523841.169943571,3.048317,6.56111,57.077817,2.245381,2.320474,0.302763
1,5,1789523841.171283960,3.034393,6.533883,56.951389,2.250257,2.315108,0.304714
1,5,1789523841.174027681,3.016417,6.539976,57.080773,2.250786,2.320509,0.298625
1,5,1789523841.175013781,3.048317,6.56111,57.077817,2.245381,2.320474,0.302763
1,5,1789523841.176141024,3.074989,6.529517,57.15641,2.250091,2.320466,0.299528
1,5,1789523841.179032326,3.054483,6.585483,56.907359,2.246906,2.320864,0.300694
1,5,1789523841.180399895,3.048317,6.56111,57.077817,2.245381,2.320474,0.302763
1,5,1789523841.181409836,2.947319,6.578414,56.956072,2.247256,2.313148,0.307291
1,5,1789523841.183999300,2.870389,6.575599,57.004009,2.251575,2.31257,0.295882
1,5,1789523841.186135769,3.048317,6.56111,57.077817,2.245381,2.320474,0.302763
1,5,1789523841.186955452,2.878211,6.556873,56.777829,2.252088,2.313299,0.306321
1,5,1789523841.189477444,2.894315,6.531205,56.943826,2.249205,2.317544,0.312121
1,5,1789523841.191125154,3.048317,6.56111,57.077817,2.245381,2.320474,0.302763
1,5,1789523841.192334175,2.832501,6.544473,56.641146,2.249956,2.312866,0.314283
1,5,1789523841.194626808,3.01814,6.553421,57.037,2.247838,2.314189,0.29968
1,5,1789523841.195991039,3.048317,6.56111,57.077817,2.245381,2.320474,0.302763
1,5,1789523841.196681261,2.896102,6.509653,56.992749,2.251272,2.313835,0.313365
1,5,1789523841.199007034,3.015548,6.559909,56.939528,2.247662,2.312938,0.302681
1,5,1789523841.199950933,3.048317,6.56111,57.077817,2.245381,2.320474,0.302763
1,5,1789523841.201095104,2.985923,6.517484,56.829531,2.247406,2.316605,0.31045
1,5,1789523841.204044819,2.874959,6.583128,57.063048,2.246227,2.311496,0.303991
1,5,1789523841.205021143,3.048317,6.56111,57.077817,2.245381,2.320474,0.302763
1,5,1789523841.206089258,3.026079,6.517221,56.96724,2.248599,2.312767,0.302756
1,5,1789523841.209008455,2.868529,6.575309,56.922919,2.247339,2.309051,0.309434
1,5,1789523841.209801197,3.048317,6.56111,57.077817,2.245381,2.320474,0.302763
1,5,1789523841.211026907,3.070933,6.573827,57.061813,2.249491,2.316262,0.2978
1,5,1789523841.213964224,2.928463,6.513501,57.017953,2.249998,2.313101,0.311539
1,5,1789523841.214924574,3.048317,6.56111,57.077817,2.245381,2.320474,0.302763
1,5,1789523841.216046333,2.955485,6.618501,56.931034,2.243639,2.311093,0.302701
1,5,1789523841.219034672,2.972412,6.519953,56.95338,2.251994,2.311012,0.305553
1,5,1789523841.220032692,3.048317,6.56111,57.077817,2.245381,2.320474,0.302763
1,5,1789523841.220998049,2.920655,6.595874,56.872417,2.24483,2.314705,0.301351
1,5,1789523841.224057436,2.966182,6.662789,57.060729,2.24496,2.315357,0.302579
1,5,1789523841.225062609,3.048317,6.56111,57.077817,2.245381,2.320474,0.302763
1,5,1789523841.226053715,2.858732,6.592148,57.096149,2.247109,2.308915,0.30094
1,5,1789523841.228971958,2.898003,6.580334,56.948746,2.248064,2.313197,0.302444
1,5,1789523841.229736567,3.048317,6.56111,57.077817,2.245381,2.320474,0.302763
1,5,1789523841.231222630,2.899491,6.478711,56.941593,2.255421,2.314041,0.304379
1,5,1789523841.234157324,2.902138,6.478639,57.051169,2.254124,2.315089,0.303173
1,5,1789523841.236178875,3.048317,6.56111,57.077817,2.245381,2.320474,0.302763
1,5,1789523841.236910582,2.970233,6.508185,56.871842,2.247881,2.317729,0.307858
1,5,1789523841.239278316,2.956596,6.54568,56.891889,2.248737,2.309859,0.307693
1,5,1789523841.240259886,3.048317,6.56111,57.077817,2.245381,2.320474,0.302763
1,5,1789523841.241197824,3.01171,6.544922,56.659376,2.247019,2.316546,0.308556
1,5,1789523841.244142294,3.015422,6.627573,57.0112,2.244062,2.313983,0.294612
1,5,1789523841.245106697,3.048317,6.56111,57.077817,2.245381,2.320474,0.302763
1,5,1789523841.247071266,3.021512,6.596776,57.019809,2.24947,2.315497,0.3005
1,5,1789523841.249085188,2.999367,6.549395,56.958273,2.246203,2.319999,0.297549
1,5,1789523841.250855207,3.048317,6.56111,57.077817,2.245381,2.320474,0.302763
1,5,1789523841.251815796,3.025807,6.66251,56.80675,2.245819,2.318997,0.301193
1,5,1789523841.254250050,2.925231,6.544909,57.043463,2.248807,2.314643,0.303911
1,5,1789523841.255661488,3.048317,6.56111,57.077817,2.245381,2.320474,0.302763
1,5,1789523841.256630182,2.970561,6.593521,56.951785,2.249525,2.31853,0.298917
1,5,1789523841.258946419,2.892478,6.537859,56.934626,2.250631,2.311675,0.311471
1,5,1789523841.260311365,3.048317,6.56111,57.077817,2.245381,2.320474,0.302763
1,5,1789523841.262010098,2.886305,6.53204,57.000538,2.249897,2.314108,0.300136
1,5,1789523841.264016151,2.98864,6.527951,57.060302,2.255724,2.320012,0.303402
1,5,1789523841.264965057,3.048317,6.56111,57.077817,2.245381,2.320474,0.302763
1,5,1789523841.266267538,2.88065,6.516939,56.917627,2.249545,2.311653,0.306555
1,5,1789523841.268952131,3.033617,6.572654,56.936462,2.254074,2.319669,0.301288
1,5,1789523841.269905567,3.048317,6.56111,57.077817,2.245381,2.320474,0.302763
1,5,1789523841.271404028,2.888333,6.480994,56.960874,2.254831,2.31241,0.310706
1,5,1789523841.274028063,2.935227,6.549777,56.816396,2.252777,2.316229,0.307612
1,5,1789523841.274986029,3.048317,6.56111,57.077817,2.245381,2.320474,0.302763
1,5,1789523841.275924206,2.950983,6.554839,56.913105,2.247364,2.316779,0.310144
1,5,1789523841.278927803,2.842412,6.451364,56.878211,2.25845,2.311846,0.311404
1,5,1789523841.279879093,3.048317,6.56111,57.077817,2.245381,2.320474,0.302763
1,5,1789523841.281205654,3.016419,6.573167,56.961698,2.250225,2.31526,0.305166
1,5,1789523841.284090281,2.997717,6.481733,57.000046,2.255273,2.315085,0.306287
1,5,1789523841.284762859,3.048317,6.56111,57.077817,2.245381,2.320474,0.302763
1,5,1789523841.286360741,3.036653,6.58273,56.945855,2.251384,2.317198,0.301057
1,5,1789523841.288851261,3.054719,6.558939,56.970641,2.252725,2.316424,0.305132
1,5,1789523841.290393829,3.048317,6.56111,57.077817,2.245381,2.320474,0.302763
1,5,1789523841.291149139,2.938444,6.561627,56.79812,2.249799,2.312096,0.307345
1,5,1789523841.293836594,2.975042,6.632864,57.012778,2.247828,2.316534,0.295814
1,5,1789523841.295077801,3.048317,6.56111,57.077817,2.245381,2.320474,0.302763
1,5,1789523841.296068430,2.962342,6.573265,57.028337,2.250371,2.320576,0.300628
1,5,1789523841.298989773,2.963086,6.653117,56.976514,2.247675,2.317508,0.296428
1,5,1789523841.300423384,2.878962,6.533569,56.906359,2.251897,2.31612,0.299566
1,5,1789523841.301383018,2.855566,6.553406,56.842451,2.251694,2.305495,0.311206
1,5,1789523841.304038286,2.963086,6.653117,56.976514,2.247675,2.317508,0.296428
1,5,1789523841.305047035,2.951226,6.494906,57.047766,2.254391,2.317963,0.307303
1,5,1789523841.306676149,2.940187,6.508954,56.977896,2.256674,2.319642,0.310351
1,5,1789523841.309031725,2.963086,6.653117,56.976514,2.247675,2.317508,0.296428
1,5,1789523841.310925722,3.016852,6.576121,56.963549,2.248699,2.318413,0.300655
1,5,1789523841.311903477,2.928217,6.505472,57.041013,2.247871,2.312741,0.314484
1,5,1789523841.314601898,2.963086,6.653117,56.976514,2.247675,2.317508,0.296428
1,5,1789523841.315191507,2.949274,6.586607,56.936955,2.250687,2.314959,0.300987
1,5,1789523841.316084385,3.012333,6.516696,56.916237,2.253159,2.320783,0.306729
1,5,1789523841.319313526,2.963086,6.653117,56.976514,2.247675,2.317508,0.296428
1,5,1789523841.320176363,2.895194,6.563233,56.923152,2.249297,2.314937,0.304224
1,5,1789523841.320951700,2.971819,6.575847,56.908777,2.246519,2.314483,0.300893
1,5,1789523841.323979378,2.963086,6.653117,56.976514,2.247675,2.317508,0.296428
1,5,1789523841.325675011,2.962437,6.51478,57.046705,2.25547,2.318775,0.306589
1,5,1789523841.326384783,2.997314,6.605808,57.133375,2.248764,2.314769,0.295543
1,5,1789523841.328885078,2.963086,6.653117,56.976514,2.247675,2.317508,0.296428
1,5,1789523841.329642773,2.966772,6.495902,56.957841,2.24953,2.315595,0.309144
1,5,1789523841.330962896,3.019618,6.5829,56.963082,2.246591,2.318901,0.300402
1,5,1789523841.334156990,2.963086,6.653117,56.976514,2.247675,2.317508,0.296428
1,5,1789523841.336117744,2.967191,6.560202,57.130792,2.24584,2.314051,0.300115
1,5,1789523841.336982250,2.948673,6.55689,57.09526,2.245804,2.31411,0.301222
1,5,1789523841.337603807,2.889102,6.562569,56.88239,2.246349,2.304941,0.306901
1,5,1789523841.338642120,2.963424,6.565019,56.93563,2.249197,2.315237,0.300299
1,5,1789523841.339603424,2.963086,6.653117,56.976514,2.247675,2.317508,0.296428
1,5,1789523841.340590000,2.967191,6.560202,57.130792,2.24584,2.314051,0.300115
1,5,1789523841.341419935,2.97133,6.60298,56.825647,2.246822,2.315002,0.301191
1,5,1789523841.342048407,2.947527,6.501462,56.652729,2.250368,2.319359,0.310738
1,5,1789523841.344097376,2.963086,6.653117,56.976514,2.247675,2.317508,0.296428
1,5,1789523841.345732212,2.967191,6.560202,57.130792,2.24584,2.314051,0.300115
1,5,1789523841.346543789,2.929145,6.558436,56.692062,2.25008,2.316168,0.311453
1,5,1789523841.347178936,2.869345,6.565785,57.020318,2.243878,2.304287,0.305776
1,5,1789523841.349735737,2.963086,6.653117,56.976514,2.247675,2.317508,0.296428
1,5,1789523841.350732088,2.967191,6.560202,57.130792,2.24584,2.314051,0.300115
1,5,1789523841.351669312,2.941278,6.546588,57.063384,2.249454,2.314999,0.304806
1,5,1789523841.352367401,2.998096,6.530784,56.74354,2.248028,2.317276,0.302893
1,5,1789523841.354264975,2.963086,6.653117,56.976514,2.247675,2.317508,0.296428
1,5,1789523841.355323553,2.967191,6.560202,57.130792,2.24584,2.314051,0.300115
1,5,1789523841.356286764,2.873115,6.482919,56.790929,2.254283,2.314994,0.309351
1,5,1789523841.357266665,2.986136,6.569164,56.909096,2.244073,2.313623,0.301087
1,5,1789523841.358970165,2.963086,6.653117,56.976514,2.247675,2.317508,0.296428
1,5,1789523841.359929800,2.967191,6.560202,57.130792,2.24584,2.314051,0.300115
1,5,1789523841.360946178,2.868302,6.505349,56.939714,2.248036,2.3153,0.303232
1,5,1789523841.361981869,3.026104,6.622675,57.031251,2.244258,2.317238,0.295955
1,5,1789523841.364105940,2.963086,6.653117,56.976514,2.247675,2.317508,0.296428
1,5,1789523841.365065575,2.967191,6.560202,57.130792,2.24584,2.314051,0.300115
1,5,1789523841.366044521,2.987425,6.557162,57.089992,2.245409,2.313798,0.297779
1,5,1789523841.367022753,3.021196,6.588271,56.961839,2.250901,2.317185,0.299307
1,5,1789523841.372188568,2.963086,6.653117,56.976514,2.247675,2.317508,0.296428
1,5,1789523841.372866869,2.967191,6.560202,57.130792,2.24584,2.314051,0.300115
1,5,1789523841.373527527,3.008271,6.56228,56.92324,2.247732,2.31346,0.304235
1,5,1789523841.374295473,2.937621,6.553113,56.958437,2.248968,2.313253,0.302868
1,5,1789523841.375253201,2.963086,6.653117,56.976514,2.247675,2.317508,0.296428
1,5,1789523841.376229525,2.967191,6.560202,57.130792,2.24584,2.314051,0.300115
1,5,1789523841.377049923,3.077368,6.607176,56.988987,2.243488,2.323632,0.299588
1,5,1789523841.377636671,2.875131,6.534752,57.15541,2.251257,2.313577,0.303973
1,5,1789523841.379275084,2.963086,6.653117,56.976514,2.247675,2.317508,0.296428
1,5,1789523841.380255938,2.963226,6.602362,57.146537,2.240669,2.309863,0.297622
1,5,1789523841.381227732,2.967191,6.560202,57.130792,2.24584,2.314051,0.300115
1,5,1789523841.382104635,2.870559,6.557129,56.927095,2.248544,2.313987,0.3128
1,5,1789523841.384195566,2.963086,6.653117,56.976514,2.247675,2.317508,0.296428
1,5,1789523841.385205984,2.967191,6.560202,57.130792,2.24584,2.314051,0.300115
1,5,1789523841.386208057,2.8959,6.492396,56.947116,2.255419,2.312825,0.301695
1,5,1789523841.387053490,2.939839,6.511633,56.795119,2.250263,2.313414,0.311873
1,5,1789523841.389724255,2.963086,6.653117,56.976514,2.247675,2.317508,0.296428
1,5,1789523841.391137600,2.967191,6.560202,57.130792,2.24584,2.314051,0.300115
1,5,1789523841.392086267,2.855828,6.533399,56.931245,2.248382,2.315716,0.30366
1,5,1789523841.393074751,2.984744,6.497454,56.630472,2.25565,2.312392,0.313624
1,5,1789523841.394491196,2.963086,6.653117,56.976514,2.247675,2.317508,0.296428
1,5,1789523841.395457029,2.967191,6.560202,57.130792,2.24584,2.314051,0.300115
1,5,1789523841.396393538,2.894159,6.504814,56.921814,2.250843,2.31079,0.309251
1,5,1789523841.397407532,3.069265,6.573045,57.069866,2.246899,2.320698,0.303604
1,5,1789523841.399001837,2.963086,6.653117,56.976514,2.247675,2.317508,0.296428
1,5,1789523841.399759293,2.976735,6.511392,56.871579,2.252446,2.314241,0.307216
1,5,1789523841.400481701,2.967191,6.560202,57.130792,2.24584,2.314051,0.300115
1,5,1789523841.401148081,3.009032,6.58025,56.755415,2.247821,2.315783,0.310237
1,5,1789523841.403652430,2.963086,6.653117,56.976514,2.247675,2.317508,0.296428
1,5,1789523841.404364586,2.967191,6.560202,57.130792,2.24584,2.314051,0.300115
1,5,1789523841.405916691,2.989203,6.598439,56.899722,2.246678,2.315333,0.301043
1,5,1789523841.406652689,3.043214,6.566711,56.952341,2.247453,2.319828,0.30574
1,5,1789523841.408834934,2.963086,6.653117,56.976514,2.247675,2.317508,0.296428
1,5,1789523841.410271645,2.967191,6.560202,57.130792,2.24584,2.314051,0.300115
1,5,1789523841.410983086,3.056345,6.56317,56.97479,2.248957,2.31789,0.301961
1,5,1789523841.413664103,2.963086,6.653117,56.976514,2.247675,2.317508,0.296428
1,5,1789523841.414942980,2.967191,6.560202,57.130792,2.24584,2.314051,0.300115
1,5,1789523841.415750027,3.023667,6.576837,57.086867,2.251281,2.316789,0.295912
1,5,1789523841.419503927,2.963086,6.653117,56.976514,2.247675,2.317508,0.296428
1,5,1789523841.420124054,2.875967,6.615446,56.904742,2.250859,2.3162,0.304178
1,5,1789523841.420573473,2.967191,6.560202,57.130792,2.24584,2.314051,0.300115
1,5,1789523841.423738956,2.963086,6.653117,56.976514,2.247675,2.317508,0.296428
1,5,1789523841.424570322,2.967191,6.560202,57.130792,2.24584,2.314051,0.300115
1,5,1789523841.425290823,2.852417,6.610232,56.901993,2.247238,2.314013,0.302196
1,5,1789523841.428627253,2.963086,6.653117,56.976514,2.247675,2.317508,0.296428
1,5,1789523841.429214716,2.890919,6.517033,57.071858,2.247582,2.309954,0.30384
1,5,1789523841.429677486,2.967191,6.560202,57.130792,2.24584,2.314051,0.300115
1,5,1789523841.433576107,2.963086,6.653117,56.976514,2.247675,2.317508,0.296428
1,5,1789523841.434254646,2.967191,6.560202,57.130792,2.24584,2.314051,0.300115
1,5,1789523841.435460091,2.96848,6.447225,56.913446,2.246795,2.314361,0.31069
1,5,1789523841.438893557,2.963086,6.653117,56.976514,2.247675,2.317508,0.296428
1,5,1789523841.440150023,2.967191,6.560202,57.130792,2.24584,2.314051,0.300115
1,5,1789523841.440615654,3.03679,6.454666,56.846899,2.249411,2.316835,0.310013
1,5,1789523841.443702221,2.963086,6.653117,56.976514,2.247675,2.317508,0.296428
1,5,1789523841.444978714,2.967191,6.560202,57.130792,2.24584,2.314051,0.300115
1,5,1789523841.445551634,3.024993,6.539495,56.72198,2.246863,2.31552,0.306838
1,5,1789523841.449894905,2.963086,6.653117,56.976514,2.247675,2.317508,0.296428
1,5,1789523841.450575352,2.967191,6.560202,57.130792,2.24584,2.314051,0.300115
1,5,1789523841.451002598,3.019494,6.62386,57.013751,2.243975,2.313188,0.290133
1,5,1789523841.453661442,2.963086,6.653117,56.976514,2.247675,2.317508,0.296428
1,5,1789523841.454354286,2.967191,6.560202,57.130792,2.24584,2.314051,0.300115
1,5,1789523841.456201792,2.92114,6.64057,56.773829,2.247783,2.313859,0.303422
1,5,1789523841.458737135,2.963086,6.653117,56.976514,2.247675,2.317508,0.296428
1,5,1789523841.459420681,2.967191,6.560202,57.130792,2.24584,2.314051,0.300115
1,5,1789523841.460088491,2.88597,6.598005,56.92345,2.242038,2.313458,0.304165
1,5,1789523841.463693380,2.963086,6.653117,56.976514,2.247675,2.317508,0.296428
1,5,1789523841.464381695,2.967191,6.560202,57.130792,2.24584,2.314051,0.300115
1,5,1789523841.465075016,2.941602,6.512738,57.055884,2.253199,2.315766,0.306197
1,5,1789523841.469586849,2.963086,6.653117,56.976514,2.247675,2.317508,0.296428
1,5,1789523841.470102787,2.934292,6.50446,56.966238,2.252692,2.312814,0.308121
1,5,1789523841.470601320,2.967191,6.560202,57.130792,2.24584,2.314051,0.300115
1,5,1789523841.474477768,2.963086,6.653117,56.976514,2.247675,2.317508,0.296428
1,5,1789523841.475162983,2.967191,6.560202,57.130792,2.24584,2.314051,0.300115
1,5,1789523841.475838661,3.01098,6.538836,56.964205,2.248487,2.3171,0.307215
1,5,1789523841.478525639,2.963086,6.653117,56.976514,2.247675,2.317508,0.296428
1,5,1789523841.479245901,2.967191,6.560202,57.130792,2.24584,2.314051,0.300115
1,5,1789523841.479672909,2.984339,6.599645,57.147414,2.247348,2.31322,0.298507
1,5,1789523841.483680487,2.963086,6.653117,56.976514,2.247675,2.317508,0.296428
1,5,1789523841.484877348,2.967191,6.560202,57.130792,2.24584,2.314051,0.300115
1,5,1789523841.485337019,2.953382,6.623596,56.912632,2.250242,2.315195,0.297088
1,5,1789523841.488836765,2.963086,6.653117,56.976514,2.247675,2.317508,0.296428
1,5,1789523841.490049839,2.967191,6.560202,57.130792,2.24584,2.314051,0.300115
1,5,1789523841.490516663,2.93238,6.611455,56.82158,2.247412,2.31383,0.304397
1,5,1789523841.493570566,2.963086,6.653117,56.976514,2.247675,2.317508,0.296428
1,5,1789523841.495473385,2.96366,6.525492,56.684104,2.249594,2.318234,0.306693
1,5,1789523841.495966911,2.967191,6.560202,57.130792,2.24584,2.314051,0.300115
1,5,1789523841.498707533,2.963086,6.653117,56.976514,2.247675,2.317508,0.296428
1,5,1789523841.499420166,2.967191,6.560202,57.130792,2.24584,2.314051,0.300115
1,5,1789523841.500130653,2.928643,6.505855,57.015624,2.24564,2.311888,0.303903
1,5,1789523841.503739834,2.963086,6.653117,56.976514,2.247675,2.317508,0.296428
1,5,1789523841.505418539,2.967191,6.560202,57.130792,2.24584,2.314051,0.300115
1,5,1789523841.505873919,2.902218,6.478309,56.805587,2.251496,2.306957,0.312037
1,5,1789523841.508865595,2.963086,6.653117,56.976514,2.247675,2.317508,0.296428
1,5,1789523841.510818243,2.967191,6.560202,57.130792,2.24584,2.314051,0.300115
1,5,1789523841.511246443,2.936087,6.50624,56.96711,2.250806,2.317194,0.309202
1,5,1789523841.513687849,2.963086,6.653117,56.976514,2.247675,2.317508,0.296428
1,5,1789523841.514389277,2.967191,6.560202,57.130792,2.24584,2.314051,0.300115
1,5,1789523841.515783072,2.925291,6.610798,57.040308,2.245773,2.310829,0.307196
1,5,1789523841.520155191,2.963086,6.653117,56.976514,2.247675,2.317508,0.296428
1,5,1789523841.520908833,2.967191,6.560202,57.130792,2.24584,2.314051,0.300115
1,5,1789523841.521476030,3.02986,6.572932,56.912553,2.25539,2.324155,0.304383
1,5,1789523841.523655415,2.963086,6.653117,56.976514,2.247675,2.317508,0.296428
1,5,1789523841.524358988,2.967191,6.560202,57.130792,2.24584,2.314051,0.300115
1,5,1789523841.524951458,3.007517,6.619758,56.980351,2.24261,2.316003,0.299054
1,5,1789523841.528635025,2.963086,6.653117,56.976514,2.247675,2.317508,0.296428
1,5,1789523841.529347181,2.967191,6.560202,57.130792,2.24584,2.314051,0.300115
1,5,1789523841.529926062,3.005025,6.5074,57.134816,2.256182,2.315835,0.297026
1,5,1789523841.533632994,2.963086,6.653117,56.976514,2.247675,2.317508,0.296428
1,5,1789523841.534374475,2.967191,6.560202,57.130792,2.24584,2.314051,0.300115
1,5,1789523841.535184145,2.895542,6.480758,56.961325,2.253219,2.31542,0.305288
1,5,1789523841.538753986,2.963086,6.653117,56.976514,2.247675,2.317508,0.296428
1,5,1789523841.539973021,2.967191,6.560202,57.130792,2.24584,2.314051,0.300115
1,5,1789523841.540693283,2.879343,6.526488,56.768547,2.246213,2.312578,0.312583
1,5,1789523841.543895245,2.963086,6.653117,56.976514,2.247675,2.317508,0.296428
1,5,1789523841.544609785,2.967191,6.560202,57.130792,2.24584,2.314051,0.300115
1,5,1789523841.545285702,2.880667,6.515395,56.689055,2.253058,2.313633,0.31543
1,5,1789523841.548685074,2.963086,6.653117,56.976514,2.247675,2.317508,0.296428
1,5,1789523841.549960375,2.967191,6.560202,57.130792,2.24584,2.314051,0.300115
1,5,1789523841.550674200,2.95843,6.521447,57.026676,2.249486,2.314284,0.305202
1,5,1789523841.553810835,2.963086,6.653117,56.976514,2.247675,2.317508,0.296428
1,5,1789523841.554540396,2.967191,6.560202,57.130792,2.24584,2.314051,0.300115
1,5,1789523841.555239916,3.077511,6.543406,56.936264,2.246532,2.319301,0.301418
1,5,1789523841.558778048,2.963086,6.653117,56.976514,2.247675,2.317508,0.296428
1,5,1789523841.559486866,2.967191,6.560202,57.130792,2.24584,2.314051,0.300115
1,5,1789523841.560162067,3.075545,6.537921,56.945894,2.247709,2.317914,0.295404
1,5,1789523841.563754082,2.963086,6.653117,56.976514,2.247675,2.317508,0.296428
1,5,1789523841.564376116,2.967191,6.560202,57.130792,2.24584,2.314051,0.300115
1,5,1789523841.564805746,2.999905,6.581658,56.89353,2.245637,2.316253,0.297211
1,5,1789523841.568615675,2.963086,6.653117,56.976514,2.247675,2.317508,0.296428
1,5,1789523841.569236755,2.967191,6.560202,57.130792,2.24584,2.314051,0.300115
1,5,1789523841.569737434,2.901739,6.586455,56.859991,2.247568,2.315342,0.299375
1,5,1789523841.573694706,2.963086,6.653117,56.976514,2.247675,2.317508,0.296428
1,5,1789523841.574314833,2.967191,6.560202,57.130792,2.24584,2.314051,0.300115
1,5,1789523841.574767828,2.847683,6.585159,56.898889,2.247941,2.309349,0.305843
1,5,1789523841.578712225,2.963086,6.653117,56.976514,2.247675,2.317508,0.296428
1,5,1789523841.579287529,2.967191,6.560202,57.130792,2.24584,2.314051,0.300115
1,5,1789523841.579731226,2.919556,6.515786,56.819263,2.249435,2.312231,0.309252
1,5,1789523841.583675861,2.963086,6.653117,56.976514,2.247675,2.317508,0.296428
1,5,1789523841.584266424,2.967191,6.560202,57.130792,2.24584,2.314051,0.300115
1,5,1789523841.584739923,2.988943,6.515421,56.989759,2.248317,2.314892,0.305536
1,5,1789523841.588685036,2.963086,6.653117,56.976514,2.247675,2.317508,0.296428
1,5,1789523841.589553118,3.026502,6.478674,56.865761,2.252901,2.317602,0.303998
1,5,1789523841.590018749,2.967191,6.560202,57.130792,2.24584,2.314051,0.300115
1,5,1789523841.593678236,2.963086,6.653117,56.976514,2.247675,2.317508,0.296428
1,5,1789523841.594920158,2.967191,6.560202,57.130792,2.24584,2.314051,0.300115
1,5,1789523841.595588684,3.031513,6.579483,56.664631,2.24229,2.318093,0.305985
1,5,1789523841.598650932,2.963086,6.653117,56.976514,2.247675,2.317508,0.296428
1,5,1789523841.599363327,2.967191,6.560202,57.130792,2.24584,2.314051,0.300115
1,5,1789523841.600096464,2.939595,6.598928,57.038832,2.249037,2.311474,0.300249
1,5,1789523841.603701591,2.963086,6.653117,56.976514,2.247675,2.317508,0.296428
1,5,1789523841.604405403,2.967191,6.560202,57.130792,2.24584,2.314051,0.300115
1,5,1789523841.605102301,2.887772,6.616063,56.786949,2.249226,2.313907,0.306005
1,5,1789523841.608712435,2.963086,6.653117,56.976514,2.247675,2.317508,0.296428
1,5,1789523841.609929323,2.839784,6.592428,56.959712,2.247153,2.311152,0.309285
1,5,1789523841.610416889,2.967191,6.560202,57.130792,2.24584,2.314051,0.300115
1,5,1789523841.613672495,2.963086,6.653117,56.976514,2.247675,2.317508,0.296428
1,5,1789523841.614404917,2.967191,6.560202,57.130792,2.24584,2.314051,0.300115
1,5,1789523841.614994526,2.87656,6.48661,57.036959,2.254017,2.313949,0.311939
1,5,1789523841.618650436,2.963086,6.653117,56.976514,2.247675,2.317508,0.296428
1,5,1789523841.619663954,2.967191,6.560202,57.130792,2.24584,2.314051,0.300115
1,5,1789523841.620354891,2.947721,6.529429,56.933575,2.249036,2.313751,0.311131
1,5,1789523841.623751640,2.963086,6.653117,56.976514,2.247675,2.317508,0.296428
1,5,1789523841.624473333,2.967191,6.560202,57.130792,2.24584,2.314051,0.300115
1,5,1789523841.625002384,2.962586,6.493303,56.920721,2.253017,2.311448,0.308696
1,5,1789523841.628587246,2.963086,6.653117,56.976514,2.247675,2.317508,0.296428
1,5,1789523841.630139112,2.967191,6.560202,57.130792,2.24584,2.314051,0.300115
1,5,1789523841.630607843,3.032866,6.553753,57.152384,2.248164,2.321413,0.296868
1,5,1789523841.633895159,2.963086,6.653117,56.976514,2.247675,2.317508,0.296428
1,5,1789523841.634734869,2.967191,6.560202,57.130792,2.24584,2.314051,0.300115
